student_id,Python,Java,C++,SQL,HTML,CSS,JavaScript,React,NodeJS,MongoDB,MySQL,Git,GitHub,AWS,Azure,Docker,Linux,Machine Learning,Deep Learning,Power BI,Excel,Statistics,Communication,Problem Solving,Leadership,Teamwork,Aptitude,CGPA,Projects Completed,Internship,Certifications,Interest,Preferred Domain,career_label
0,47.0,40.0,42.8,38.7,30.0,15.4,20.9,19.5,33.0,35.2,39.0,26.6,46.0,35.7,27.1,29.0,31.8,46.7,30.7,47.8,50.9,42.8,49.1,62.0,29.5,42.7,25.9,5.5,4,1,1,Business Analytics,Security,AI Engineer
1,48.4,68.0,63.5,55.1,70.5,76.2,62.5,73.9,65.6,60.9,69.3,51.4,47.4,48.4,52.9,53.1,56.7,34.5,30.3,55.9,57.1,52.7,67.9,51.7,75.8,70.1,44.8,5.69,3,2,7,Cloud Computing,Frontend,AI Engineer
2,26.4,10.7,21.8,16.9,12.4,18.3,21.7,14.7,17.7,17.4,17.2,28.8,11.7,22.7,35.1,28.3,30.9,12.0,50.8,18.1,27.0,35.1,24.4,18.9,5.1,45.2,24.7,5.7,2,3,1,Cloud Computing,Machine Learning,AI Engineer
3,28.1,24.7,37.0,21.4,22.0,29.0,22.6,41.4,26.8,37.2,22.6,30.0,31.3,35.5,38.3,36.8,21.4,27.3,26.7,18.3,9.1,16.9,17.1,22.1,30.1,17.4,13.1,5.84,7,0,1,Web Development,Full Stack,AI Engineer
4,40.0,41.0,43.8,29.1,53.7,56.9,53.2,62.0,42.6,22.0,35.9,37.0,37.5,36.8,41.1,43.6,49.7,48.8,33.8,18.9,38.8,40.1,41.3,48.9,61.7,54.1,37.2,5.9,6,2,3,Mobile Development,QA & Testing,AI Engineer
5,22.6,34.0,36.5,20.1,17.8,19.7,27.6,16.2,16.2,22.2,22.1,23.3,23.5,16.4,17.4,14.9,15.5,28.7,26.4,7.8,12.1,37.1,34.7,43.8,24.2,35.7,25.9,5.98,2,1,1,Cloud Computing,Full Stack,AI Engineer
6,47.3,28.5,31.0,39.9,46.5,48.7,42.8,56.5,30.8,47.6,32.0,36.8,38.8,50.5,50.1,38.8,36.1,48.1,47.7,56.9,45.4,63.5,60.8,33.3,47.0,58.6,31.2,6.01,5,1,0,Data Science,Machine Learning,AI Engineer
7,38.6,30.9,37.6,47.0,19.1,41.9,39.0,44.4,31.0,48.1,30.7,45.4,42.8,62.3,52.1,56.1,48.6,60.3,47.8,48.2,60.7,44.1,46.5,50.6,43.9,36.9,39.9,6.02,2,2,1,Business Analytics,Full Stack,AI Engineer
8,50.8,35.1,45.3,41.0,37.2,43.8,46.6,45.3,23.8,43.7,48.1,51.1,48.8,49.6,30.9,43.2,24.9,60.4,57.6,58.2,65.3,58.5,48.4,22.1,68.0,57.0,51.5,6.02,4,1,2,Web Development,Data & Analytics,AI Engineer
9,57.7,41.3,37.6,43.5,58.5,56.0,56.0,43.1,54.4,49.5,41.3,37.0,53.2,53.5,41.9,47.1,42.3,41.7,51.1,35.3,39.3,49.1,47.2,73.4,65.2,43.9,46.8,6.02,7,2,1,AI/ML,Frontend,AI Engineer
10,40.5,27.7,38.9,39.8,22.8,29.0,25.7,19.1,18.5,33.0,34.9,31.2,25.3,22.3,43.8,21.9,34.2,19.8,18.6,27.0,30.0,29.2,26.7,16.8,6.3,15.9,28.4,6.06,2,0,3,Cybersecurity,Data & Analytics,AI Engineer
11,34.5,45.3,46.5,41.4,50.9,61.9,45.1,32.8,47.3,35.2,48.3,55.6,36.4,39.0,40.9,44.2,46.0,33.3,42.0,52.7,48.3,55.1,55.1,54.0,60.0,60.9,50.6,6.11,4,2,1,Business Analytics,Backend,AI Engineer
12,37.8,35.3,30.2,30.0,13.2,18.8,30.4,0.4,23.8,37.5,44.0,37.2,41.3,50.9,43.2,40.4,34.9,38.3,31.7,45.5,43.9,41.9,41.4,20.7,20.1,41.5,32.1,6.11,0,1,1,Data Science,QA & Testing,AI Engineer
13,38.8,28.3,25.3,43.3,30.3,19.3,33.1,38.1,29.6,45.3,44.2,26.2,26.7,32.4,39.9,21.4,13.5,39.3,39.0,38.9,51.3,23.7,29.9,33.4,18.2,48.4,29.9,6.18,8,1,1,Data Science,Security,AI Engineer
14,75.1,56.0,56.9,54.0,41.9,24.3,35.3,28.5,42.4,55.9,64.9,54.4,44.3,62.7,55.7,51.2,56.5,38.9,33.3,43.0,47.6,52.1,37.0,52.0,47.7,22.6,54.7,6.24,7,1,7,Data Science,QA & Testing,AI Engineer
15,22.0,19.7,29.8,17.7,29.3,27.7,38.6,26.4,13.2,26.6,14.1,12.0,31.7,32.0,29.6,24.8,25.0,28.6,36.1,18.7,0.3,34.9,25.7,31.2,28.1,22.3,27.1,6.25,2,1,1,Cybersecurity,Cloud & DevOps,AI Engineer
16,33.9,32.7,31.0,49.4,38.3,36.7,42.0,40.9,39.8,38.8,35.1,30.7,43.9,38.6,47.4,35.9,37.4,37.4,40.4,38.6,50.1,38.1,14.3,11.6,33.4,35.3,30.8,6.28,6,0,3,Mobile Development,QA & Testing,AI Engineer
17,46.0,25.5,21.4,48.2,36.3,35.5,52.6,41.9,40.4,29.2,52.7,36.6,42.0,31.9,32.0,54.4,24.2,45.8,50.0,51.6,44.5,45.3,39.1,51.5,30.9,46.4,34.1,6.28,8,1,1,Business Analytics,Backend,AI Engineer
18,49.5,36.7,40.2,43.7,28.4,33.7,46.5,26.2,35.2,32.6,54.9,42.7,36.3,36.7,51.0,49.3,45.5,57.6,67.0,39.0,39.3,52.1,60.6,33.7,54.6,39.3,54.5,6.31,2,2,4,Business Analytics,Business,AI Engineer
19,68.9,63.3,63.1,41.5,55.2,35.2,54.4,37.9,61.6,54.2,51.1,45.5,55.4,52.5,66.4,67.3,65.4,53.4,52.6,50.2,59.7,53.9,49.3,58.6,41.7,40.1,64.5,6.32,6,2,4,Mobile Development,QA & Testing,AI Engineer
20,41.9,30.0,56.0,22.6,29.6,32.2,33.7,26.3,25.9,27.4,34.5,42.1,33.6,42.2,41.7,32.8,59.0,47.6,43.0,53.1,29.4,45.2,53.2,45.1,51.6,48.2,50.0,6.36,6,0,3,Data Science,Machine Learning,AI Engineer
21,43.7,45.0,48.7,36.5,82.5,70.0,61.3,65.0,46.3,51.2,40.9,54.4,49.1,33.8,38.3,44.6,58.9,37.1,49.0,49.2,34.7,59.7,64.9,56.2,69.0,63.2,58.5,6.36,5,3,3,Data Science,Mobile,AI Engineer
22,37.7,32.7,38.6,30.8,24.8,30.2,50.1,34.2,21.9,29.3,35.9,51.6,45.1,36.1,53.4,53.2,46.9,50.4,43.6,40.6,46.8,49.2,25.7,34.0,41.2,23.0,46.3,6.37,5,1,3,Data Science,Security,AI Engineer
23,45.3,46.9,36.3,49.0,25.6,30.3,27.5,23.8,40.4,48.3,40.3,54.6,59.6,62.1,66.6,43.0,55.9,35.7,45.0,53.1,52.1,49.4,21.0,47.2,40.2,23.1,40.7,6.37,5,2,5,Cloud Computing,Full Stack,AI Engineer
24,51.6,30.3,59.1,28.7,24.0,36.5,27.6,39.9,29.4,41.1,36.4,35.1,41.5,34.0,39.7,34.1,48.3,39.3,38.9,45.6,31.8,48.9,51.7,52.5,42.2,49.0,45.1,6.37,6,0,5,Cloud Computing,Business,AI Engineer
25,48.2,41.0,31.0,52.6,46.2,52.7,49.5,54.8,31.9,39.4,43.7,39.4,36.9,31.1,38.7,37.3,42.6,47.5,46.6,45.5,45.1,38.1,29.0,40.9,36.1,44.6,30.4,6.4,7,2,1,Cloud Computing,Data & Analytics,AI Engineer
26,46.9,39.3,44.2,39.1,39.7,33.5,27.6,42.6,31.2,33.1,29.7,31.4,38.8,29.2,35.4,33.7,26.9,53.3,57.6,41.2,29.3,36.3,23.0,43.5,24.5,12.9,52.8,6.43,7,1,1,AI/ML,Full Stack,AI Engineer
27,35.6,43.3,36.4,39.4,36.4,42.2,46.4,47.6,32.9,40.8,38.3,36.0,44.8,42.3,45.7,46.9,38.5,43.6,43.2,45.2,47.1,39.1,51.6,52.8,73.1,62.9,31.9,6.44,2,2,2,Cloud Computing,Mobile,AI Engineer
28,11.2,33.5,25.3,29.1,28.3,15.7,26.9,33.7,45.1,27.6,32.2,28.3,33.6,48.9,37.7,35.1,35.3,21.2,20.4,32.2,27.0,10.6,34.6,27.8,39.9,43.1,34.7,6.45,1,1,1,AI/ML,QA & Testing,AI Engineer
29,68.6,59.6,76.6,78.3,52.8,36.7,43.2,37.5,58.1,60.8,68.1,57.7,67.3,73.9,80.7,81.3,73.2,78.2,72.7,73.7,84.8,69.7,78.9,72.3,71.3,78.6,65.9,6.45,7,2,10,Mobile Development,Machine Learning,AI Engineer
30,18.2,23.1,23.3,53.8,36.4,26.2,32.1,11.5,28.0,29.5,31.3,31.2,11.0,29.1,28.6,34.9,33.0,18.4,32.5,37.7,40.7,32.4,41.2,39.4,46.9,36.7,28.3,6.47,5,3,1,Cloud Computing,Cloud & DevOps,AI Engineer
31,22.3,36.0,24.7,30.2,21.3,34.0,24.7,13.5,34.3,32.3,32.8,30.9,36.5,43.4,39.3,34.1,42.9,21.1,28.0,23.7,35.3,20.1,44.2,24.0,49.9,30.4,40.6,6.48,4,2,2,DevOps,Data & Analytics,AI Engineer
32,43.1,25.6,37.5,37.4,27.6,25.2,31.9,24.0,20.1,26.4,39.8,21.8,28.8,45.2,26.3,40.4,36.6,39.4,30.7,47.8,37.3,32.3,32.3,35.5,35.2,46.5,19.3,6.49,1,2,2,Mobile Development,Business,AI Engineer
33,60.3,65.8,61.6,73.3,63.2,53.4,62.2,63.7,55.2,57.3,60.4,61.1,56.3,60.6,67.9,68.5,68.0,59.9,70.3,65.2,72.5,66.3,58.7,70.9,79.0,58.8,66.0,6.52,11,3,7,Web Development,Business,AI Engineer
34,51.8,39.1,35.6,48.1,26.3,29.3,31.5,26.3,26.1,48.1,34.7,29.2,38.1,40.4,41.2,46.2,37.1,43.0,43.4,54.2,46.4,47.6,20.3,58.5,25.1,39.2,29.3,6.53,4,2,3,Mobile Development,Frontend,AI Engineer
35,49.2,45.9,33.5,49.9,31.2,30.2,35.6,43.5,37.8,46.1,43.6,43.7,50.7,56.8,46.8,49.4,37.4,39.7,32.7,58.3,62.3,41.1,49.4,32.3,65.3,72.9,27.6,6.54,3,0,2,Data Science,Data & Analytics,AI Engineer
36,47.8,18.9,29.0,30.2,21.7,1.6,19.8,18.8,27.3,15.9,26.6,36.5,36.7,41.4,49.4,46.6,31.3,43.0,54.0,39.3,22.4,32.9,20.6,17.1,28.8,23.9,34.4,6.55,3,2,4,AI/ML,Data & Analytics,AI Engineer
37,43.3,27.2,32.9,35.3,39.9,41.9,37.6,29.5,31.4,24.9,24.8,32.1,28.3,38.1,35.6,28.0,45.1,44.9,53.3,46.8,48.2,50.6,46.2,21.5,42.8,36.6,16.2,6.58,5,2,2,Business Analytics,Mobile,AI Engineer
38,46.1,57.7,55.8,37.5,37.3,62.3,53.0,45.4,42.6,30.0,34.3,42.2,41.7,43.3,30.4,35.3,31.9,40.2,40.0,49.2,55.4,30.6,37.6,52.2,50.2,53.8,59.4,6.58,2,3,2,Web Development,Machine Learning,AI Engineer
39,19.2,38.2,21.0,26.0,29.8,33.6,35.8,32.6,37.7,37.7,39.8,33.5,31.1,50.0,58.8,43.5,46.2,36.3,37.3,39.8,30.3,38.0,45.0,26.1,28.9,52.1,43.6,6.6,2,2,2,Cybersecurity,Security,AI Engineer
40,50.1,38.8,47.2,49.7,45.4,57.7,56.1,39.3,42.1,47.4,55.5,56.1,66.0,44.0,44.4,49.8,42.9,59.2,59.3,38.2,56.3,57.0,60.7,49.5,40.4,45.8,31.2,6.6,1,1,1,DevOps,Frontend,AI Engineer
41,46.7,36.3,34.0,35.4,37.9,50.2,43.9,44.6,34.6,36.5,36.1,55.8,39.1,44.2,45.5,53.6,58.2,28.5,44.3,23.1,30.7,37.1,42.1,45.0,27.7,29.2,40.6,6.61,7,0,5,DevOps,Full Stack,AI Engineer
42,33.5,41.8,29.1,51.5,39.4,45.1,31.4,42.2,59.3,34.2,41.0,32.3,36.5,31.2,36.4,28.0,35.2,39.7,44.6,46.7,51.3,47.9,55.2,44.4,41.7,36.8,35.5,6.62,8,1,2,Data Science,Machine Learning,AI Engineer
43,34.7,27.1,28.2,45.1,44.4,39.7,29.8,48.0,36.2,32.2,33.3,27.8,31.8,25.3,27.2,21.8,26.4,40.7,43.6,51.8,48.6,39.6,42.1,26.6,40.3,36.9,17.2,6.62,3,1,3,Data Science,Frontend,AI Engineer
44,64.2,55.2,66.8,63.0,56.4,59.8,68.3,63.6,58.7,66.6,75.9,58.7,43.7,67.3,54.6,60.6,42.6,72.4,85.8,62.7,65.3,75.5,56.7,61.2,68.0,44.5,58.2,6.63,7,1,5,AI/ML,Machine Learning,AI Engineer
45,66.5,59.2,45.4,59.1,50.8,57.0,51.5,66.7,44.5,37.1,49.7,47.2,56.7,61.8,44.6,43.6,40.5,51.0,66.7,56.6,54.3,51.8,35.2,43.6,44.2,40.2,59.1,6.63,7,1,1,Cybersecurity,Business,AI Engineer
46,43.5,48.5,43.4,47.4,45.4,54.2,45.0,38.8,43.3,47.2,46.0,46.4,40.6,57.2,49.4,53.1,48.2,50.9,54.7,39.5,41.8,46.6,31.2,39.8,36.7,39.4,37.7,6.64,3,0,4,Cybersecurity,Full Stack,AI Engineer
47,25.8,42.8,40.9,26.6,19.6,17.3,29.3,28.6,27.5,32.0,35.6,39.8,47.7,53.7,37.8,57.3,42.6,33.5,25.7,25.7,17.7,26.0,24.9,41.3,50.4,31.8,36.9,6.65,3,0,3,Cybersecurity,Cloud & DevOps,AI Engineer
48,45.0,48.1,30.5,35.9,68.8,63.9,68.0,50.7,54.0,57.5,58.8,46.3,52.8,40.1,40.9,45.2,48.8,32.5,26.2,38.3,37.0,39.4,52.3,44.0,35.6,50.9,40.7,6.66,2,2,4,Data Science,Frontend,AI Engineer
49,20.4,50.2,41.9,50.7,45.7,30.0,40.9,26.4,54.3,26.6,44.4,47.4,38.2,56.8,58.8,55.5,51.1,47.7,38.7,49.2,26.5,24.5,50.6,41.7,75.2,50.5,42.2,6.67,1,2,1,Data Science,Frontend,AI Engineer
50,23.6,16.4,25.4,36.3,37.3,31.4,24.5,33.1,26.7,23.7,20.7,21.6,35.8,38.2,22.8,37.3,37.0,38.4,31.9,34.5,42.3,24.4,26.3,12.1,35.3,37.3,28.4,6.67,2,1,1,Web Development,Business,AI Engineer
51,46.8,47.8,25.4,43.9,27.0,42.2,37.9,34.0,30.7,46.8,46.4,49.0,47.9,41.8,32.6,43.5,39.7,42.2,38.0,60.2,66.1,38.7,57.6,29.4,57.1,71.4,40.0,6.67,3,1,2,Mobile Development,Data & Analytics,AI Engineer
52,36.9,33.8,32.0,14.5,47.1,52.0,50.0,50.3,40.3,27.0,24.1,23.9,44.1,31.5,33.5,21.1,31.5,41.2,20.7,33.4,30.4,30.5,23.8,34.4,39.7,37.4,26.6,6.68,5,2,2,Web Development,Data & Analytics,AI Engineer
53,41.3,42.2,56.0,42.9,54.7,58.7,57.5,58.8,34.9,43.5,54.1,60.6,61.5,52.1,48.0,39.5,38.4,49.8,35.2,50.1,60.6,38.1,47.6,41.2,50.7,54.4,57.0,6.69,2,3,1,Mobile Development,Machine Learning,AI Engineer
54,41.7,59.9,52.6,45.5,55.8,60.6,58.3,60.8,70.6,56.9,56.1,35.4,48.4,61.0,44.3,49.9,62.7,37.3,20.8,50.0,34.3,41.9,33.0,43.3,49.2,39.7,49.7,6.69,3,1,6,Mobile Development,Cloud & DevOps,AI Engineer
55,50.2,56.7,51.1,69.3,75.2,63.1,59.6,58.2,58.4,67.2,63.0,52.0,52.8,49.6,53.6,49.4,44.8,49.1,40.2,74.2,67.7,60.6,61.3,50.2,58.6,51.3,40.9,6.69,2,2,4,Cybersecurity,Machine Learning,AI Engineer
56,26.1,35.3,63.2,31.9,59.8,60.8,45.1,51.4,34.2,31.8,30.8,51.8,47.6,35.4,35.0,31.0,28.0,43.7,34.0,21.1,43.4,48.2,60.7,37.0,52.9,54.5,47.8,6.71,4,2,1,Data Science,Data & Analytics,AI Engineer
57,45.9,40.1,29.4,45.1,32.9,28.7,22.6,28.7,41.7,45.2,43.2,42.6,31.4,52.7,55.3,48.6,48.4,61.7,51.0,47.0,24.1,50.6,61.1,39.6,45.6,49.9,27.4,6.71,5,2,1,Cloud Computing,Backend,AI Engineer
58,56.3,62.6,53.0,57.2,46.1,62.9,65.0,55.1,54.1,63.1,64.8,56.7,61.5,60.0,59.1,44.6,51.1,60.5,46.4,65.0,72.1,47.8,54.3,55.6,56.7,66.4,60.8,6.71,6,1,4,Cybersecurity,Data & Analytics,AI Engineer
59,32.3,33.9,48.0,46.5,55.3,69.4,60.2,55.8,58.4,45.1,41.8,42.7,43.1,42.7,43.7,27.6,48.2,45.1,58.5,46.7,41.4,28.0,13.3,33.4,7.4,33.6,45.0,6.73,5,2,3,AI/ML,Full Stack,AI Engineer
60,40.6,40.5,33.0,48.0,49.4,58.1,42.9,48.6,45.3,39.6,41.4,54.4,57.6,44.1,35.8,43.0,47.1,51.3,59.8,36.5,43.3,60.9,21.7,41.0,29.4,24.9,54.8,6.73,3,2,1,Cybersecurity,Data & Analytics,AI Engineer
61,59.0,43.3,49.1,33.8,75.8,64.7,42.1,64.1,52.1,55.1,49.2,51.1,50.0,52.4,42.0,45.0,44.1,23.8,24.0,36.6,43.3,26.5,55.6,38.6,65.7,44.8,46.5,6.73,8,2,2,DevOps,Machine Learning,AI Engineer
62,56.2,48.7,74.8,32.1,37.6,26.2,33.7,40.3,44.6,35.2,33.6,52.2,62.3,51.2,61.5,54.0,60.1,67.1,70.6,44.2,30.4,57.3,48.3,63.7,39.6,48.0,67.7,6.75,3,0,3,Data Science,Security,AI Engineer
63,38.2,48.2,30.9,64.2,54.9,64.7,58.7,55.2,46.7,48.0,59.7,56.4,51.1,62.1,52.2,53.3,44.2,55.8,45.2,61.7,67.5,41.0,68.2,38.5,57.5,61.7,53.1,6.77,6,1,3,Data Science,Full Stack,AI Engineer
64,41.1,52.3,53.2,47.7,47.5,65.8,50.2,52.8,40.2,40.6,42.3,36.0,57.0,49.5,53.0,41.8,41.6,45.2,33.8,55.8,66.2,55.4,64.0,47.7,66.4,42.2,44.4,6.77,6,2,3,Business Analytics,Data & Analytics,AI Engineer
65,46.4,51.0,57.7,44.5,51.6,52.8,45.8,46.5,47.9,51.5,43.1,38.0,58.4,42.0,31.0,32.3,28.8,42.9,43.7,40.3,37.1,38.4,48.1,33.4,47.9,35.1,51.5,6.79,5,1,3,AI/ML,Machine Learning,AI Engineer
66,36.1,26.8,36.8,29.8,38.9,29.3,34.0,32.9,38.6,17.9,43.8,44.3,38.3,43.4,43.9,32.4,41.2,53.6,37.5,50.6,49.4,51.5,39.4,29.3,39.9,34.8,44.7,6.8,4,1,2,Cloud Computing,Security,AI Engineer
67,40.3,46.8,50.2,18.7,21.3,24.9,24.5,28.1,46.1,39.5,43.7,48.8,45.3,37.3,44.0,40.1,48.9,43.0,35.6,33.4,27.0,25.5,23.3,40.5,19.4,29.7,35.3,6.81,6,2,2,Web Development,QA & Testing,AI Engineer
68,52.7,40.4,48.2,52.1,45.8,34.3,49.9,37.5,37.4,53.3,64.1,60.7,50.3,67.4,47.4,45.1,46.3,65.3,66.9,44.9,50.7,69.4,51.4,37.9,80.0,63.2,61.2,6.81,1,2,3,Data Science,Business,AI Engineer
69,25.3,11.6,27.4,23.3,22.4,22.1,14.3,20.7,19.7,22.9,15.4,32.2,25.3,28.3,24.9,17.5,28.5,25.6,25.9,30.2,28.9,25.8,24.6,18.2,38.1,26.7,28.6,6.82,2,0,2,Cloud Computing,Machine Learning,AI Engineer
70,15.6,36.1,39.6,35.2,32.7,21.1,41.1,30.0,24.1,34.2,31.4,37.2,24.9,24.7,31.0,33.2,38.5,43.6,25.6,16.2,14.1,26.1,21.7,43.9,29.2,27.5,31.8,6.83,4,1,1,DevOps,Backend,AI Engineer
71,47.2,40.0,38.6,42.2,53.1,53.4,63.6,52.1,53.0,54.6,41.6,51.8,39.7,41.7,51.4,50.6,48.2,48.4,53.6,28.8,29.2,45.2,39.8,38.1,55.1,49.8,37.8,6.84,5,0,3,DevOps,Backend,AI Engineer
72,43.3,35.9,50.2,22.9,51.7,50.9,37.3,46.3,49.5,35.3,23.6,56.3,53.8,53.3,37.9,66.5,47.0,54.9,64.9,35.7,37.3,47.5,32.4,44.2,21.1,39.5,57.1,6.86,6,1,1,Cybersecurity,Frontend,AI Engineer
73,66.5,47.5,34.1,42.3,50.1,52.2,46.2,50.4,52.0,42.8,44.0,42.4,53.3,48.2,61.1,52.1,55.3,33.4,41.2,65.6,61.9,39.7,64.9,38.3,54.9,60.7,48.3,6.86,4,0,2,AI/ML,QA & Testing,AI Engineer
74,35.0,51.2,52.7,36.7,56.3,45.5,52.7,72.5,38.4,39.8,34.9,40.9,57.4,39.4,43.1,49.3,44.5,48.3,65.0,43.2,21.1,45.1,36.8,53.6,23.5,43.5,55.6,6.87,7,1,2,Mobile Development,QA & Testing,AI Engineer
75,31.7,49.6,45.1,43.2,45.1,44.9,34.6,41.8,36.5,41.0,36.7,37.9,45.1,48.1,53.1,32.0,61.4,45.1,61.0,33.6,29.9,47.6,38.2,52.0,35.0,47.5,38.3,6.88,3,0,3,Cloud Computing,Security,AI Engineer
76,32.4,49.9,59.2,42.5,63.8,66.3,54.8,65.2,41.7,48.7,43.5,57.0,51.6,50.8,44.4,46.9,45.3,27.7,53.0,33.9,39.0,42.4,35.1,57.2,50.2,45.6,47.2,6.88,6,1,2,Mobile Development,Frontend,AI Engineer
77,49.5,59.0,54.3,50.9,29.6,32.8,30.5,39.8,22.0,49.8,66.5,48.2,41.4,51.2,64.8,46.5,50.7,45.9,50.3,42.1,29.9,56.0,34.8,44.4,41.3,29.0,59.7,6.88,10,1,5,DevOps,Machine Learning,AI Engineer
78,58.6,43.3,59.9,54.0,34.8,30.7,31.9,45.1,35.3,40.2,52.1,42.0,40.4,33.4,39.6,59.0,40.8,63.0,52.9,34.7,37.3,58.1,25.6,66.8,49.8,38.9,43.1,6.88,3,3,1,Cybersecurity,Data & Analytics,AI Engineer
79,30.4,23.2,41.8,25.7,13.6,33.4,24.6,27.0,24.1,23.6,15.3,34.3,40.9,23.5,15.5,20.3,29.8,29.6,24.2,18.9,23.3,16.3,54.3,17.5,53.2,28.6,39.2,6.89,6,1,1,Cloud Computing,QA & Testing,AI Engineer
80,40.8,27.2,43.0,28.6,22.8,22.9,37.5,26.5,15.2,24.9,28.0,41.4,33.4,38.3,41.3,37.3,26.7,38.5,27.0,4.5,17.1,24.3,21.4,25.4,21.3,17.7,33.6,6.9,3,0,1,Web Development,Frontend,AI Engineer
81,27.6,11.9,21.3,32.4,23.6,24.2,15.7,22.0,31.3,12.3,32.1,14.4,32.6,30.0,29.8,17.3,29.1,32.6,12.5,38.7,43.4,20.3,38.9,24.3,46.6,27.2,26.0,6.91,2,3,0,DevOps,Machine Learning,AI Engineer
82,46.4,39.1,52.6,47.8,45.4,33.4,50.3,35.8,49.9,50.3,48.7,58.2,59.6,63.6,58.2,61.2,61.8,39.3,45.2,16.1,33.9,28.3,38.7,49.9,34.3,38.2,54.0,6.91,8,1,1,Cloud Computing,Security,AI Engineer
83,54.2,68.1,56.0,54.7,46.6,35.2,51.5,24.1,59.1,50.8,41.8,60.3,48.3,52.7,42.6,47.2,53.1,64.3,52.5,54.0,55.2,54.4,65.6,54.7,58.6,55.2,57.6,6.91,3,0,3,Data Science,QA & Testing,AI Engineer
84,48.4,34.2,45.6,42.5,36.7,28.5,39.7,30.5,61.1,41.2,54.8,45.7,53.3,55.1,51.5,51.6,35.0,50.1,41.1,28.3,45.1,48.5,55.1,40.0,47.5,51.2,36.1,6.92,11,1,3,AI/ML,Machine Learning,AI Engineer
85,51.3,41.2,47.5,36.5,37.2,34.7,51.7,31.2,43.7,47.2,38.7,45.3,49.3,37.9,44.0,38.8,41.6,66.9,55.8,34.5,11.9,54.3,48.6,40.6,38.6,29.6,33.3,6.92,2,2,4,AI/ML,Cloud & DevOps,AI Engineer
86,53.1,44.0,53.4,36.5,37.6,50.2,34.7,38.6,26.2,29.8,34.8,37.3,42.2,33.3,21.2,27.5,51.6,54.8,70.8,39.3,41.4,56.1,23.0,50.0,41.7,45.7,54.9,6.92,8,3,1,Web Development,Data & Analytics,AI Engineer
87,37.5,47.3,44.8,57.2,52.9,59.2,62.7,50.2,46.9,35.5,48.1,50.5,52.0,60.1,44.2,35.8,50.6,43.2,45.3,54.6,58.1,51.4,50.7,29.4,54.3,41.2,55.2,6.93,2,1,0,Data Science,Security,AI Engineer
88,61.8,54.9,68.0,47.7,33.2,51.1,40.7,37.3,52.7,41.4,62.4,42.9,54.7,41.3,57.1,49.8,48.4,61.7,63.4,51.7,50.2,52.4,46.5,69.1,47.5,33.4,54.9,6.93,8,3,3,DevOps,Machine Learning,AI Engineer
89,41.9,49.2,41.5,25.3,35.2,46.3,34.9,39.1,40.3,35.6,31.0,40.2,43.0,63.1,49.2,55.2,39.7,45.7,59.5,28.0,20.6,35.9,35.3,30.8,18.3,41.6,40.1,6.95,4,1,4,Web Development,Business,AI Engineer
90,43.0,60.5,45.2,61.4,74.2,73.5,61.6,77.3,59.6,55.8,50.7,64.7,62.6,54.9,50.2,56.2,48.5,35.8,39.6,55.0,54.2,42.0,41.7,52.5,43.0,55.4,67.7,6.95,9,0,3,Mobile Development,Cloud & DevOps,AI Engineer
91,47.6,45.1,36.8,51.4,41.0,59.7,47.9,47.5,39.6,52.6,52.9,35.6,48.3,43.8,30.1,40.9,43.5,42.1,64.3,57.1,67.6,38.5,27.0,34.6,24.7,34.3,51.4,6.95,5,1,4,Cybersecurity,Data & Analytics,AI Engineer
92,49.1,52.0,55.8,50.8,21.5,40.9,27.0,39.8,44.3,57.3,56.4,42.1,53.2,48.3,44.0,35.9,43.7,35.3,53.3,46.4,56.9,47.5,50.0,43.3,57.0,47.3,51.6,6.96,8,1,1,Cybersecurity,Machine Learning,AI Engineer
93,27.1,8.5,25.0,24.1,18.0,37.6,18.4,31.5,17.6,22.3,24.7,20.4,28.0,34.4,27.0,42.3,25.3,27.1,3.7,38.6,24.8,25.7,37.2,20.0,29.7,31.7,13.7,6.97,5,1,1,Mobile Development,Frontend,AI Engineer
94,35.3,27.4,27.6,41.1,67.4,60.9,57.4,60.4,50.0,49.3,41.1,35.9,42.4,31.2,44.2,32.6,26.7,28.4,19.0,55.4,46.1,41.5,34.4,33.2,54.9,26.8,51.7,6.97,2,0,1,Mobile Development,QA & Testing,AI Engineer
95,36.8,51.9,40.6,35.9,40.0,46.9,35.6,45.7,38.3,51.7,46.4,53.7,36.3,40.8,32.8,44.2,38.2,39.4,33.6,53.1,56.9,45.1,43.1,42.8,30.4,47.9,35.1,6.97,5,2,1,Business Analytics,QA & Testing,AI Engineer
96,27.5,26.7,25.3,20.9,35.8,40.3,30.4,43.2,38.4,19.9,17.1,27.8,22.7,22.2,20.0,15.9,24.6,28.4,24.6,25.6,23.8,36.3,35.0,24.2,23.3,29.6,29.6,6.98,4,0,1,DevOps,Security,AI Engineer
97,34.0,37.8,48.0,30.5,29.8,20.0,24.6,24.2,36.9,19.3,22.7,32.7,42.1,31.9,19.1,20.4,38.3,53.2,40.3,25.0,12.5,47.3,35.8,61.5,24.9,27.6,42.2,6.98,2,0,0,AI/ML,Machine Learning,AI Engineer
98,36.2,43.5,40.1,36.1,37.0,59.1,33.1,50.2,49.4,39.9,48.5,46.8,33.8,55.4,42.1,41.7,46.2,29.6,40.1,50.0,59.6,46.1,44.7,37.2,39.8,43.6,34.6,6.98,4,2,3,Cloud Computing,QA & Testing,AI Engineer
99,46.2,49.0,35.4,29.4,18.1,20.0,29.5,19.0,35.6,34.3,24.7,36.5,36.1,38.0,49.0,51.6,37.0,42.1,35.3,48.8,39.7,55.1,42.2,41.8,45.4,41.6,44.8,6.98,1,2,0,Data Science,Security,AI Engineer
100,56.4,44.2,50.7,43.3,41.7,36.6,41.7,39.8,39.4,31.0,45.6,55.2,41.2,38.6,51.0,45.5,37.4,46.4,46.9,37.3,31.4,56.1,28.2,56.4,18.8,33.3,46.6,6.98,5,1,0,AI/ML,Backend,AI Engineer
101,49.2,54.4,37.8,52.6,34.3,44.6,48.6,45.9,47.1,64.5,60.7,55.4,56.4,55.9,67.3,60.8,56.0,53.6,39.9,60.2,65.7,44.4,58.9,41.2,64.7,74.1,32.4,7.0,2,2,1,DevOps,Full Stack,AI Engineer
102,34.1,29.1,31.7,35.4,43.9,43.9,25.7,46.2,29.9,31.8,16.0,35.2,34.2,23.5,18.9,34.3,23.7,35.7,36.8,22.5,33.1,27.7,37.3,27.0,31.0,33.5,34.2,7.01,7,2,0,AI/ML,Security,AI Engineer
103,39.0,50.1,57.3,51.4,58.8,68.7,65.0,78.1,55.9,48.9,31.4,46.2,49.4,51.7,52.6,35.0,47.9,34.5,36.0,40.5,34.6,33.6,44.7,32.0,30.1,48.0,47.8,7.01,5,0,1,Web Development,Backend,AI Engineer
104,37.7,34.6,36.8,52.7,33.8,26.7,21.6,25.0,41.8,36.9,52.6,49.3,50.7,39.3,47.9,57.6,35.2,56.8,62.9,46.4,47.5,63.9,35.1,34.6,19.2,20.3,57.0,7.03,6,1,2,Data Science,QA & Testing,AI Engineer
105,48.3,26.8,35.7,53.1,30.1,24.7,22.2,30.7,9.4,44.4,45.3,22.4,26.3,34.0,42.3,38.1,39.3,53.3,57.4,68.6,64.7,56.7,59.1,24.3,48.5,51.3,52.9,7.03,3,2,2,Data Science,Backend,AI Engineer
106,52.7,54.7,52.2,60.7,23.2,31.4,42.6,36.3,52.3,67.4,57.5,48.8,44.5,53.6,41.1,37.2,52.9,50.6,38.8,57.6,44.4,52.8,48.0,60.5,47.8,52.5,46.1,7.03,1,2,2,Business Analytics,Business,AI Engineer
107,34.5,32.6,43.4,33.5,39.5,36.5,30.4,25.1,37.4,43.6,36.4,38.8,34.0,53.5,39.3,40.6,32.5,49.2,46.9,43.4,30.0,37.7,38.2,45.3,49.5,27.3,50.3,7.04,5,1,3,Data Science,Data & Analytics,AI Engineer
108,57.2,43.0,38.0,45.3,58.0,70.6,46.7,52.1,45.6,48.2,49.8,47.1,42.3,50.3,54.2,56.0,53.6,41.0,36.3,46.3,59.4,39.2,38.5,40.4,57.4,38.2,46.1,7.06,4,1,2,Mobile Development,Backend,AI Engineer
109,26.5,29.3,35.3,43.1,22.6,9.8,10.1,8.5,33.1,30.7,33.0,24.5,30.2,43.6,27.4,23.2,36.8,30.2,20.4,46.0,46.9,21.9,37.8,39.4,49.8,37.1,51.5,7.07,6,1,0,Mobile Development,QA & Testing,AI Engineer
110,54.7,49.3,58.6,47.4,62.3,59.5,65.5,66.1,56.1,59.1,50.3,50.6,43.1,47.9,47.6,39.9,54.0,61.2,67.7,53.0,52.9,53.8,53.5,45.4,54.3,49.4,56.1,7.07,9,3,4,Web Development,Data & Analytics,AI Engineer
111,35.6,33.0,42.5,29.8,30.0,58.6,29.0,32.6,30.3,26.9,33.2,34.8,39.0,21.8,42.8,43.6,42.2,50.9,60.7,49.7,62.2,59.4,51.5,50.1,23.7,44.9,48.4,7.08,6,1,0,Data Science,Business,AI Engineer
112,54.8,52.8,69.5,50.4,46.2,51.7,61.6,41.9,48.5,54.1,41.8,39.9,58.0,46.9,36.8,67.9,43.7,44.7,33.2,53.1,38.4,40.4,34.7,70.9,45.2,55.1,51.8,7.08,6,0,2,Data Science,Business,AI Engineer
113,36.8,49.4,46.8,63.2,48.0,57.0,44.9,57.8,53.8,65.5,62.2,58.8,61.8,55.2,46.1,60.7,63.4,37.4,52.6,54.5,55.2,27.2,42.1,47.8,48.4,48.7,54.6,7.09,6,2,4,Cloud Computing,Data & Analytics,AI Engineer
114,47.7,49.1,49.6,59.8,68.8,43.3,55.7,59.8,55.6,65.2,43.7,55.4,54.1,63.7,47.4,43.0,55.0,28.7,38.3,32.0,42.1,38.3,46.7,33.4,52.1,49.8,55.6,7.09,4,1,2,Web Development,Backend,AI Engineer
115,45.2,51.4,58.7,36.7,49.2,73.9,61.1,55.6,42.5,46.1,39.6,51.3,52.1,39.0,24.2,36.8,50.1,40.5,32.8,35.0,45.4,48.9,59.6,59.4,62.3,62.9,50.6,7.1,3,3,1,Mobile Development,Mobile,AI Engineer
116,52.9,34.9,50.0,41.7,66.1,58.2,49.9,45.3,45.9,36.7,40.9,40.3,33.0,33.6,51.4,34.6,22.2,45.4,56.5,57.2,46.7,45.7,49.5,45.9,37.8,40.3,55.6,7.11,8,1,4,Cloud Computing,Machine Learning,AI Engineer
117,44.7,45.6,58.1,52.1,38.2,27.8,33.8,23.4,40.2,42.7,42.4,40.6,40.7,50.9,39.3,41.4,26.4,43.2,39.0,42.3,45.7,32.7,45.4,61.9,36.4,35.5,34.1,7.12,5,1,2,AI/ML,Backend,AI Engineer
118,46.2,32.8,53.8,25.6,50.8,50.0,33.9,37.5,45.6,38.7,24.5,43.0,49.1,36.2,38.1,44.8,31.8,43.7,50.9,34.9,34.1,48.1,34.6,60.1,33.8,26.2,30.5,7.12,2,0,2,Cybersecurity,Data & Analytics,AI Engineer
119,46.6,56.0,47.3,66.8,47.0,39.7,44.4,37.5,60.0,72.8,77.4,44.2,59.5,62.4,47.4,63.7,45.6,42.8,38.6,64.7,68.1,50.1,57.0,44.4,67.5,62.1,59.3,7.12,1,2,6,Business Analytics,Backend,AI Engineer
120,50.2,46.6,50.8,44.0,43.7,54.0,62.8,49.1,41.9,41.1,56.4,37.0,49.9,48.2,45.1,41.5,44.4,32.0,32.7,52.4,55.6,42.9,52.4,34.4,57.1,55.0,40.8,7.13,6,1,3,Data Science,QA & Testing,AI Engineer
121,42.0,42.4,48.8,37.8,32.2,50.7,37.4,31.3,18.0,29.1,25.2,32.6,39.2,40.3,22.0,30.0,31.7,36.5,40.4,43.1,31.9,42.4,37.5,43.8,40.3,58.8,43.9,7.14,7,0,2,AI/ML,Machine Learning,AI Engineer
122,44.9,41.8,44.1,37.9,45.7,53.5,50.8,65.3,46.3,40.7,53.2,38.7,52.2,56.6,50.7,53.6,49.8,51.2,38.5,49.8,35.9,55.4,42.3,46.4,14.5,28.3,51.0,7.14,3,0,2,Web Development,Data & Analytics,AI Engineer
123,55.2,59.2,60.0,56.7,62.5,78.1,65.5,80.7,61.0,56.1,57.8,61.2,57.3,60.8,66.3,59.2,56.6,52.6,50.5,48.2,34.8,34.3,70.2,69.4,83.1,64.4,44.1,7.14,6,2,5,Mobile Development,Backend,AI Engineer
124,45.3,42.0,28.8,44.0,63.6,69.1,50.6,65.8,39.5,46.9,59.3,56.1,30.5,51.2,64.4,57.4,46.1,63.5,42.3,59.2,65.8,48.6,31.7,36.2,39.6,41.6,52.5,7.15,10,1,2,AI/ML,Cloud & DevOps,AI Engineer
125,58.4,52.7,52.2,53.4,58.7,49.7,56.1,59.1,54.3,50.6,56.8,33.4,29.2,43.3,34.6,57.9,60.3,56.8,45.4,35.7,34.1,52.0,17.7,63.3,32.0,34.1,51.9,7.15,3,0,1,Business Analytics,QA & Testing,AI Engineer
126,33.4,28.0,42.0,49.1,44.9,53.4,29.6,43.5,45.8,54.7,34.6,35.6,46.0,30.3,42.0,40.1,51.2,30.5,25.9,54.2,36.9,30.5,26.3,31.3,34.9,37.0,27.1,7.16,4,2,2,Cloud Computing,Backend,AI Engineer
127,61.8,40.7,55.4,59.8,53.1,47.5,41.8,47.8,48.0,54.6,42.8,44.5,52.5,38.8,42.3,36.9,39.7,42.8,33.1,48.3,56.1,32.5,38.7,46.7,60.7,45.4,40.9,7.16,1,1,1,Business Analytics,Backend,AI Engineer
128,25.8,47.9,47.6,52.3,44.8,70.8,62.3,52.1,57.2,52.9,42.9,52.5,41.2,40.6,19.2,48.5,34.2,35.4,41.8,42.2,38.5,35.1,44.1,43.4,48.0,41.5,42.8,7.17,4,0,1,Web Development,Backend,AI Engineer
129,42.7,50.0,47.4,39.2,51.9,53.5,41.6,59.7,44.8,48.1,43.0,64.6,59.1,61.2,57.5,59.3,57.1,36.0,42.9,37.7,28.1,36.8,42.5,54.1,24.7,30.7,43.6,7.17,5,0,4,Web Development,Cloud & DevOps,AI Engineer
130,49.7,34.7,42.8,27.1,50.0,46.4,43.6,43.2,32.3,35.3,23.3,42.3,40.0,29.4,39.7,30.1,20.2,57.9,52.9,48.2,37.9,55.4,41.5,50.2,29.3,28.5,44.5,7.17,3,2,0,Mobile Development,Machine Learning,AI Engineer
131,52.3,52.8,56.7,30.3,46.2,46.4,43.1,42.3,22.8,37.0,25.0,40.0,38.9,27.5,39.7,39.2,54.1,62.7,60.4,49.5,44.6,55.9,56.9,49.6,58.7,59.3,41.6,7.17,4,1,5,AI/ML,Machine Learning,AI Engineer
132,35.9,59.8,59.8,52.7,41.7,33.6,59.9,42.1,66.7,54.0,49.3,40.5,42.6,34.8,36.4,34.0,22.7,40.3,39.4,29.0,36.6,31.8,51.6,50.1,36.1,52.2,43.4,7.18,2,3,9,Web Development,Security,AI Engineer
133,46.9,52.2,56.4,56.5,31.4,39.7,42.4,53.1,37.1,40.3,56.5,41.0,44.3,35.8,29.1,26.3,34.5,48.5,38.3,65.6,64.7,50.4,36.5,56.5,57.4,49.7,62.9,7.18,1,3,1,Web Development,Data & Analytics,AI Engineer
134,47.9,23.9,42.3,25.1,41.4,64.1,54.0,48.3,24.0,28.8,23.1,52.0,44.1,43.4,39.8,50.1,32.0,47.6,43.6,44.4,46.7,53.1,55.9,24.9,59.1,50.4,47.0,7.19,13,1,2,Mobile Development,Machine Learning,AI Engineer
135,55.9,49.3,50.7,53.5,52.4,45.2,56.1,58.5,55.9,61.5,58.7,49.3,40.2,57.3,59.3,68.1,52.3,52.9,49.9,49.7,58.3,54.3,45.5,53.3,54.3,36.6,48.8,7.19,4,2,1,DevOps,Backend,AI Engineer
136,29.6,30.3,36.3,26.4,52.7,39.2,43.6,45.9,23.5,34.3,20.2,37.0,43.5,34.3,37.4,20.9,39.7,23.0,21.6,27.7,22.6,33.9,36.3,38.8,59.8,46.2,35.9,7.21,3,2,2,Mobile Development,Security,AI Engineer
137,58.0,43.3,46.5,45.5,58.9,34.3,54.3,35.2,39.3,51.2,47.0,40.3,42.6,42.0,28.9,47.7,43.1,47.5,50.4,49.7,29.9,48.9,48.6,41.5,49.5,52.9,59.5,7.21,5,2,1,AI/ML,Business,AI Engineer
138,19.9,25.0,15.1,30.7,17.4,27.5,26.9,22.9,7.8,27.1,35.6,46.0,32.4,31.5,32.6,33.9,38.0,39.5,25.1,30.8,43.4,34.3,29.0,29.3,33.9,39.8,30.1,7.22,3,2,5,Data Science,Business,AI Engineer
139,31.8,44.8,20.1,38.1,28.2,12.1,21.5,22.0,29.9,42.8,49.8,23.5,28.4,47.2,55.6,45.3,34.4,37.7,27.4,48.2,42.1,27.8,40.4,24.5,47.6,44.9,31.8,7.22,2,0,3,Data Science,Data & Analytics,AI Engineer
140,41.9,37.5,34.8,33.0,47.8,62.6,49.1,45.4,58.2,54.1,53.8,45.9,45.1,63.3,56.1,53.1,62.4,55.6,26.4,49.0,47.1,44.5,70.8,48.0,65.6,38.0,56.5,7.22,5,2,3,DevOps,Frontend,AI Engineer
141,46.9,50.6,45.8,30.0,41.4,31.1,45.9,33.0,33.5,44.5,45.9,35.6,35.2,32.1,13.3,31.2,29.3,21.5,27.1,40.7,16.9,30.2,22.2,30.2,20.0,33.7,34.5,7.22,3,1,1,Mobile Development,Mobile,AI Engineer
142,49.3,46.7,49.4,51.9,44.3,54.1,51.7,56.8,52.9,53.6,54.9,42.9,40.2,50.4,53.1,44.4,42.9,42.5,46.3,44.9,58.2,41.6,64.1,51.4,63.5,57.5,55.1,7.22,3,1,3,Data Science,Backend,AI Engineer
143,63.4,37.7,46.0,37.1,30.7,25.1,22.2,29.6,22.7,38.9,41.4,43.7,48.1,36.0,37.6,33.6,45.8,50.4,56.7,37.1,32.0,37.1,38.6,41.7,24.8,28.1,59.8,7.23,4,1,2,Web Development,Machine Learning,AI Engineer
144,49.4,49.4,58.0,52.3,56.0,59.1,56.2,61.4,44.8,42.5,58.4,42.0,66.2,48.1,57.4,67.3,59.3,41.8,54.1,54.8,52.1,46.5,52.7,43.5,72.5,51.6,47.3,7.24,6,1,3,Data Science,Security,AI Engineer
145,28.9,20.9,18.8,20.9,15.4,13.1,34.0,5.6,43.9,11.4,21.4,11.3,21.4,25.5,18.9,26.3,14.6,14.2,37.4,12.1,7.3,22.8,18.2,14.3,18.6,25.6,37.1,7.25,2,1,1,Business Analytics,Data & Analytics,AI Engineer
146,39.1,36.9,36.6,34.8,24.0,24.9,32.7,30.5,31.5,31.3,36.2,36.0,35.6,31.6,30.2,31.1,19.6,39.4,48.5,50.8,39.8,38.8,17.1,37.2,23.8,35.1,29.9,7.25,2,1,0,Data Science,Data & Analytics,AI Engineer
147,47.9,47.5,58.7,61.8,22.6,23.3,20.4,27.0,36.6,46.1,35.9,32.7,34.8,38.1,38.8,20.7,55.4,44.3,52.6,56.8,55.5,60.9,65.8,44.2,43.9,53.4,45.3,7.25,3,2,2,AI/ML,Frontend,AI Engineer
148,31.6,24.7,36.2,21.1,24.7,37.2,40.2,44.7,18.0,3.6,20.1,21.6,24.3,18.9,22.3,23.1,31.3,40.9,36.1,15.2,14.4,32.1,16.8,12.2,38.9,26.1,14.3,7.26,1,2,1,Data Science,Machine Learning,AI Engineer
149,37.2,55.9,52.8,41.8,40.5,50.2,44.1,43.1,37.6,46.6,39.2,46.3,49.9,48.0,33.5,42.8,39.4,36.4,43.6,24.2,36.0,40.0,54.1,63.0,37.0,62.8,56.5,7.26,6,1,2,Mobile Development,Data & Analytics,AI Engineer
150,45.6,47.8,24.5,43.9,22.1,36.7,23.4,25.2,25.6,34.7,42.5,35.2,30.8,19.1,33.5,26.5,38.3,35.4,27.0,48.6,58.1,43.1,33.0,29.0,49.2,23.6,30.8,7.26,5,1,3,AI/ML,Cloud & DevOps,AI Engineer
151,58.1,61.4,57.2,52.4,40.6,57.6,50.8,55.7,45.8,54.9,43.9,48.0,64.9,53.0,47.8,36.2,55.9,50.8,57.9,49.3,68.6,52.6,55.1,60.1,81.6,66.1,60.6,7.26,3,0,4,Mobile Development,QA & Testing,AI Engineer
152,29.8,46.7,33.4,35.4,34.7,48.7,54.4,43.3,37.4,34.8,31.7,43.7,47.4,36.4,50.4,30.4,35.2,44.1,41.1,39.7,33.6,41.2,50.4,47.8,46.1,37.7,38.6,7.29,4,0,7,Mobile Development,Machine Learning,AI Engineer
153,51.6,66.4,70.2,67.3,49.0,45.1,34.8,33.4,52.1,40.6,63.9,43.4,34.2,40.5,36.6,56.2,50.2,45.6,39.8,63.8,68.3,48.7,44.0,40.5,48.7,42.6,66.9,7.29,8,3,1,Business Analytics,Backend,AI Engineer
154,25.1,26.3,50.8,31.7,69.0,40.6,44.2,50.2,32.2,44.5,34.7,48.7,49.9,43.8,39.5,44.2,28.5,53.7,35.6,42.6,45.1,45.2,38.5,41.5,22.9,40.3,57.5,7.3,8,2,3,Cybersecurity,Full Stack,AI Engineer
155,29.3,45.6,57.5,29.0,24.3,16.9,31.2,32.4,36.1,43.2,32.2,51.0,22.5,33.5,31.6,37.8,48.3,47.1,29.4,31.0,23.4,28.3,53.2,30.9,41.1,45.8,40.1,7.3,3,2,3,AI/ML,Security,AI Engineer
156,36.5,48.2,51.0,41.8,35.0,30.7,28.8,37.1,35.4,28.6,40.5,46.1,26.8,34.9,43.2,35.1,39.0,35.9,40.9,35.2,29.8,34.0,35.6,44.1,47.9,31.3,30.5,7.3,7,1,2,DevOps,Security,AI Engineer
157,24.8,23.2,36.5,33.6,29.6,12.2,36.1,12.4,28.2,36.2,34.2,37.9,31.7,39.7,47.1,45.0,37.3,39.6,41.6,15.7,28.3,27.8,43.1,20.7,45.2,29.6,24.5,7.31,6,2,3,Cloud Computing,QA & Testing,AI Engineer
158,26.8,24.9,28.5,19.2,29.9,17.8,9.2,9.5,13.9,25.9,27.9,28.1,33.9,15.2,18.4,24.4,36.0,18.1,26.1,14.3,35.9,22.1,35.1,26.9,34.8,21.5,19.9,7.31,4,0,2,AI/ML,Data & Analytics,AI Engineer
159,35.9,49.0,49.1,31.5,57.8,59.5,51.6,46.7,44.0,44.2,29.3,52.4,54.5,36.4,40.5,48.1,59.4,49.4,28.5,31.4,39.5,34.2,72.4,56.8,54.9,54.3,34.9,7.31,8,1,2,DevOps,Business,AI Engineer
160,49.3,60.2,55.8,52.5,44.0,65.8,44.6,55.1,47.7,47.6,56.4,51.2,53.9,45.6,50.1,45.5,44.4,42.2,52.6,49.8,34.8,54.1,40.6,45.3,29.3,31.7,64.2,7.31,6,2,0,Mobile Development,QA & Testing,AI Engineer
161,50.7,44.2,51.8,41.2,32.3,27.8,23.9,40.5,54.2,57.5,38.9,29.2,31.5,40.0,32.8,40.5,46.6,62.2,48.5,31.1,35.2,59.9,35.7,54.8,15.6,41.0,53.3,7.31,4,0,3,AI/ML,QA & Testing,AI Engineer
162,66.9,45.2,65.2,66.4,44.1,48.0,41.0,28.4,43.9,54.7,64.4,60.4,53.8,48.6,54.8,56.6,45.6,70.5,60.7,62.5,58.0,53.6,67.4,68.0,60.3,59.3,51.5,7.31,1,2,3,Cybersecurity,Data & Analytics,AI Engineer
163,85.7,73.0,53.9,79.6,36.6,33.7,54.5,38.6,82.7,75.4,71.9,58.3,68.5,57.0,65.1,60.5,66.9,69.3,72.4,65.9,60.3,62.4,47.5,66.5,40.9,46.3,71.6,7.31,11,2,2,Data Science,Cloud & DevOps,AI Engineer
164,30.1,9.4,24.9,33.1,41.8,51.3,41.4,40.4,28.9,34.7,19.5,34.6,25.7,25.6,29.5,32.4,32.5,33.1,50.7,42.2,37.6,36.1,31.4,18.0,24.7,32.3,27.9,7.32,2,1,0,Mobile Development,Business,AI Engineer
165,30.5,37.1,63.7,29.1,13.1,33.1,26.5,28.5,22.1,33.6,39.8,36.8,40.1,23.9,22.3,27.3,34.5,36.4,23.9,47.2,51.3,55.1,43.7,36.5,43.3,30.3,51.6,7.32,2,0,0,Cybersecurity,Full Stack,AI Engineer
166,33.9,38.3,40.0,40.2,29.0,14.3,26.5,31.8,48.8,44.7,39.4,30.0,20.0,41.0,25.9,38.2,28.7,34.0,28.7,31.4,29.3,25.8,21.5,35.9,18.2,36.5,29.7,7.32,2,0,1,AI/ML,Machine Learning,AI Engineer
167,43.3,48.9,54.8,37.4,56.9,63.7,62.3,68.9,38.7,43.0,40.9,47.3,43.2,60.2,53.9,44.5,54.2,49.0,45.0,44.1,45.6,57.1,46.9,56.8,43.4,39.8,48.4,7.32,4,0,3,DevOps,QA & Testing,AI Engineer
168,49.4,49.0,38.6,69.1,57.6,56.0,49.4,45.2,49.1,59.3,50.7,55.7,68.2,45.1,39.7,46.9,46.6,59.6,48.4,67.7,59.3,53.7,55.2,47.1,62.2,48.4,56.8,7.32,2,1,1,Business Analytics,Data & Analytics,AI Engineer
169,31.0,28.6,33.5,30.0,19.8,12.6,32.7,16.8,26.6,19.6,34.8,26.5,34.2,17.9,33.3,14.6,29.5,21.2,33.7,35.4,38.5,38.2,54.1,27.9,36.0,39.6,37.7,7.33,2,2,1,Web Development,Full Stack,AI Engineer
170,31.9,39.4,20.6,41.1,32.1,44.8,47.5,36.6,39.8,47.3,23.9,26.6,39.8,27.6,36.8,39.6,35.9,38.0,27.4,39.2,28.4,40.6,32.3,18.6,35.1,35.2,29.1,7.33,3,0,3,Mobile Development,Frontend,AI Engineer
171,43.3,50.2,50.9,45.7,24.1,37.1,39.0,40.8,53.0,57.5,51.1,46.0,39.7,57.5,59.0,47.7,60.0,40.7,43.8,39.9,41.3,22.4,47.5,52.6,51.9,29.0,41.8,7.33,2,0,2,Cloud Computing,Business,AI Engineer
172,48.4,48.1,41.1,56.9,58.3,80.4,70.2,81.3,50.2,46.9,45.8,60.3,61.1,34.9,43.6,47.9,52.1,47.6,45.8,56.0,49.1,51.6,53.6,45.8,36.6,52.4,50.7,7.33,4,2,3,Business Analytics,Full Stack,AI Engineer
173,30.3,38.5,49.6,27.0,50.8,44.4,37.1,33.5,43.2,31.1,30.9,48.3,45.7,43.6,41.9,48.9,55.0,37.9,34.9,34.4,31.0,32.5,57.4,43.1,56.7,37.7,36.7,7.34,7,1,2,Web Development,QA & Testing,AI Engineer
174,35.7,48.9,60.5,33.0,45.6,42.1,41.5,56.8,40.8,23.4,26.5,49.1,42.4,29.7,35.0,29.8,41.8,32.4,45.2,34.6,43.1,45.6,45.2,34.8,58.5,61.1,51.8,7.34,4,1,0,Web Development,Business,AI Engineer
175,43.5,48.4,44.1,62.7,28.1,34.8,36.7,40.8,44.4,52.7,49.9,41.9,54.0,46.2,48.1,56.0,51.5,46.9,27.9,60.8,49.8,45.5,45.8,37.4,38.9,26.2,29.4,7.34,4,1,3,Cybersecurity,Security,AI Engineer
176,46.4,42.9,34.5,56.4,57.4,58.7,57.1,63.1,57.9,62.9,47.9,57.9,50.6,51.7,64.4,71.7,55.1,54.2,66.0,54.7,45.9,60.8,51.2,46.8,50.9,58.9,50.6,7.34,5,2,1,Cloud Computing,Machine Learning,AI Engineer
177,75.5,58.5,54.5,49.6,77.4,59.9,58.0,66.8,42.1,51.4,52.6,56.5,59.3,40.9,53.9,37.1,30.3,65.0,73.7,78.2,68.8,57.9,60.5,56.6,61.2,60.4,61.9,7.34,10,2,2,Data Science,Full Stack,AI Engineer
178,41.8,31.7,37.0,52.0,34.5,42.0,54.9,53.7,45.2,57.1,34.8,42.7,34.8,47.1,54.7,57.8,42.4,42.4,30.1,55.0,53.5,52.6,31.5,41.8,46.2,40.9,22.0,7.35,4,0,4,DevOps,Business,AI Engineer
179,46.8,66.1,42.8,42.4,42.9,36.2,34.6,26.9,42.3,47.9,57.4,46.3,48.9,40.8,45.5,49.6,43.7,56.1,48.9,56.0,58.9,39.7,37.0,60.4,20.2,33.5,55.5,7.35,0,1,1,Cybersecurity,Cloud & DevOps,AI Engineer
180,53.3,60.3,52.5,71.3,69.6,70.7,64.6,74.7,53.3,62.4,49.8,52.5,40.8,34.1,41.0,31.4,45.5,56.5,58.6,50.1,60.7,53.3,34.7,47.0,52.9,39.0,49.1,7.35,14,2,2,Cloud Computing,Frontend,AI Engineer
181,25.6,37.6,48.5,21.4,36.3,47.3,42.3,36.2,37.2,26.7,28.8,40.9,34.1,34.2,28.5,31.1,34.2,23.4,15.2,8.3,28.5,27.7,28.5,47.1,57.6,23.3,36.5,7.36,6,0,2,Data Science,Frontend,AI Engineer
182,30.9,48.4,31.7,33.2,32.9,22.5,27.5,23.2,23.2,15.7,17.9,15.5,33.9,52.9,44.1,41.6,35.8,36.1,29.2,11.7,35.4,34.1,17.3,39.8,23.8,10.5,25.1,7.36,1,2,1,AI/ML,Security,AI Engineer
183,40.1,48.5,45.2,48.2,20.4,29.2,35.4,22.0,56.2,43.9,45.7,36.4,38.5,50.6,31.7,32.9,38.5,45.2,52.1,34.8,45.4,39.9,55.2,29.2,36.3,58.0,47.9,7.36,3,1,3,Data Science,Machine Learning,AI Engineer
184,49.8,45.3,44.9,44.0,40.5,44.6,41.2,32.6,48.7,48.4,48.0,44.4,51.0,32.9,49.2,48.3,42.3,55.7,54.5,42.1,28.4,41.1,53.1,47.9,39.0,64.3,59.7,7.36,5,1,2,Data Science,Machine Learning,AI Engineer
185,66.8,40.6,71.4,75.1,72.5,81.6,65.7,70.3,62.4,65.1,55.4,50.8,71.9,58.1,64.5,67.0,60.2,76.1,55.1,70.2,65.8,52.8,51.2,60.2,41.9,52.2,61.5,7.36,10,2,4,AI/ML,Frontend,AI Engineer
186,27.3,21.9,14.5,18.8,29.5,39.0,31.1,38.7,30.7,22.1,23.7,12.9,43.1,28.8,36.3,27.0,21.3,26.3,19.5,16.5,42.8,31.3,27.4,24.8,42.9,27.6,26.7,7.38,4,0,0,Cybersecurity,Business,AI Engineer
187,35.5,40.2,14.6,39.7,28.4,23.6,41.5,26.1,35.0,38.3,39.0,45.7,37.7,17.5,35.3,32.1,32.8,42.1,49.3,60.4,36.1,31.0,55.3,42.0,46.3,40.3,36.5,7.39,2,0,0,AI/ML,Machine Learning,AI Engineer
188,39.6,39.2,44.0,48.5,25.6,42.2,25.1,34.9,32.2,33.7,35.0,51.1,45.3,44.7,31.9,48.7,45.5,40.5,48.9,46.4,56.1,44.7,31.7,38.1,29.2,45.6,50.1,7.39,6,2,2,Business Analytics,Full Stack,AI Engineer
189,43.8,30.3,25.2,33.0,46.8,40.8,41.4,42.5,22.0,33.4,29.4,34.6,35.2,14.6,26.4,23.6,29.9,37.9,48.4,28.6,38.3,42.6,42.6,23.2,33.2,48.0,25.7,7.39,5,1,1,AI/ML,Business,AI Engineer
190,34.0,37.4,40.1,46.6,53.2,46.2,43.5,57.3,35.4,41.2,41.5,50.9,45.1,47.4,47.0,41.5,44.9,32.3,45.5,56.9,57.7,43.2,50.0,40.4,48.1,41.2,35.5,7.4,9,0,2,Data Science,Cloud & DevOps,AI Engineer
191,42.4,51.7,57.4,39.6,54.3,44.6,54.3,54.7,45.7,54.3,52.1,58.1,50.1,35.6,72.0,46.4,69.5,36.5,39.1,33.7,33.7,58.5,46.9,55.2,57.7,46.5,51.8,7.4,9,1,3,Mobile Development,Full Stack,AI Engineer
192,46.2,64.8,38.5,65.0,50.4,44.6,52.2,53.0,50.6,59.2,72.0,41.8,50.2,29.4,46.9,32.3,39.0,40.9,31.1,71.4,56.2,37.3,38.7,49.6,33.5,44.6,54.4,7.41,5,0,1,Data Science,Full Stack,AI Engineer
193,49.0,57.8,54.5,58.3,38.6,29.4,45.7,42.8,57.3,53.5,65.7,47.1,51.7,61.1,43.7,58.3,59.3,55.6,58.9,55.6,73.9,49.3,40.1,53.7,58.0,51.5,70.9,7.41,7,2,4,Data Science,Backend,AI Engineer
194,55.0,47.6,36.6,60.2,33.4,27.2,33.1,26.7,51.3,42.7,47.0,36.9,56.5,65.5,72.0,59.9,48.4,53.4,67.8,44.3,46.4,50.4,41.9,43.2,45.4,39.3,41.7,7.41,4,0,7,Data Science,Machine Learning,AI Engineer
195,55.0,43.1,46.3,64.0,63.1,66.2,50.3,52.9,57.9,41.1,53.2,57.9,46.0,33.6,38.0,33.5,52.9,41.5,25.0,53.4,55.3,45.1,63.4,28.8,58.2,50.8,53.0,7.41,6,1,6,Business Analytics,Backend,AI Engineer
196,65.3,62.7,64.1,58.4,48.7,44.8,57.7,55.2,59.5,76.7,72.9,58.4,53.9,66.4,63.1,58.2,56.9,53.9,64.7,61.0,66.0,66.4,72.5,44.8,80.1,69.6,54.7,7.43,3,2,8,Data Science,Backend,AI Engineer
197,37.0,45.8,45.4,27.9,37.7,32.8,28.8,23.3,38.1,19.9,31.5,27.6,33.6,48.8,44.0,36.6,51.5,23.1,45.0,33.2,33.8,39.2,43.8,43.8,37.5,36.7,54.5,7.44,7,1,2,Cloud Computing,Data & Analytics,AI Engineer
198,59.9,46.9,56.5,61.1,54.0,54.6,58.5,56.2,63.3,51.1,64.6,52.9,51.2,50.0,36.6,24.5,44.7,54.9,48.4,64.5,78.0,54.7,70.9,46.3,60.3,64.0,68.4,7.44,4,3,4,DevOps,Mobile,AI Engineer
199,50.2,72.8,61.7,49.2,52.0,32.9,40.1,35.6,63.8,65.8,49.0,43.7,45.5,62.6,52.3,46.9,51.2,45.1,36.0,47.0,46.0,48.2,52.7,44.3,54.2,67.8,80.0,7.45,3,1,3,DevOps,Backend,AI Engineer
200,37.3,33.4,36.9,39.9,51.7,67.9,37.6,59.9,43.3,41.0,33.7,37.2,30.9,23.6,28.4,22.0,26.9,25.4,35.0,58.8,60.9,29.1,25.1,31.6,36.1,33.7,44.2,7.46,5,1,1,Mobile Development,Data & Analytics,AI Engineer
201,36.3,42.8,31.1,39.9,32.5,38.6,40.8,38.9,34.8,40.8,58.0,34.8,56.7,21.4,14.8,41.0,32.8,27.3,35.5,52.2,62.1,41.3,70.2,41.5,62.0,54.4,49.1,7.47,3,1,3,Business Analytics,Backend,AI Engineer
202,57.9,57.5,64.8,52.2,42.9,51.0,41.7,28.5,60.5,47.9,36.4,45.0,56.7,50.9,56.0,54.5,51.4,58.2,50.9,22.2,32.0,47.3,32.5,61.7,36.4,42.4,52.9,7.47,10,2,4,Cybersecurity,Machine Learning,AI Engineer
203,35.5,63.9,44.9,31.4,45.1,26.5,35.1,29.4,43.5,33.2,56.0,41.4,32.5,50.7,45.4,38.1,49.2,40.2,21.8,29.9,25.4,29.9,52.7,19.6,42.5,48.7,37.2,7.48,2,2,3,AI/ML,QA & Testing,AI Engineer
204,38.1,31.2,48.4,41.2,57.1,75.0,67.8,52.4,48.6,63.5,44.8,58.9,70.9,61.9,65.4,63.6,46.5,40.7,28.4,53.5,35.6,43.1,48.9,43.4,31.6,40.4,39.3,7.48,7,1,5,AI/ML,QA & Testing,AI Engineer
205,49.2,48.6,47.6,47.5,39.6,50.3,48.8,44.8,39.6,48.4,46.7,43.8,39.9,47.4,44.3,56.6,46.2,38.2,40.6,26.3,32.0,28.0,31.7,55.8,42.4,30.2,46.8,7.49,4,1,6,Data Science,Data & Analytics,AI Engineer
206,50.0,42.4,39.3,53.5,44.4,35.4,49.9,38.9,56.4,60.7,47.9,56.0,41.6,67.9,61.7,61.1,63.7,50.1,37.1,44.5,63.3,64.6,73.5,54.6,65.1,56.6,39.8,7.49,2,1,3,DevOps,Security,AI Engineer
207,58.1,58.6,50.9,39.9,60.0,52.8,52.4,57.1,65.2,69.0,61.7,60.7,54.3,58.9,55.8,54.1,37.5,60.9,39.0,63.0,57.8,47.4,49.0,48.6,61.6,69.5,60.9,7.49,2,0,5,Business Analytics,Cloud & DevOps,AI Engineer
208,34.6,20.1,29.8,43.0,33.8,24.1,38.7,31.9,23.4,51.9,47.0,35.0,49.0,36.2,45.1,43.9,31.7,32.5,28.6,64.9,69.0,36.9,41.0,30.1,57.9,45.8,39.9,7.5,5,1,3,Data Science,Machine Learning,AI Engineer
209,35.1,45.4,53.7,35.1,45.4,59.1,48.0,49.3,27.1,40.4,37.5,39.8,41.1,28.8,40.7,39.5,54.9,34.3,40.8,43.4,35.1,41.1,37.9,30.8,68.5,61.0,45.3,7.5,6,1,4,Web Development,Backend,AI Engineer
210,45.3,29.0,32.2,33.3,27.0,22.6,25.8,20.9,43.8,40.9,41.6,30.8,35.7,50.3,50.0,44.0,41.6,52.2,45.9,52.3,55.9,48.6,43.8,45.3,53.3,47.2,45.0,7.5,4,2,4,AI/ML,Backend,AI Engineer
211,70.3,48.6,60.2,51.6,81.6,68.1,73.1,53.8,63.4,61.2,52.2,60.8,56.1,59.8,60.9,62.5,71.2,51.3,69.9,43.2,36.4,60.2,72.6,46.6,80.1,78.3,66.6,7.51,5,3,3,Business Analytics,Business,AI Engineer
212,21.8,39.6,40.1,23.6,48.2,36.1,36.3,33.0,42.7,36.9,46.6,24.1,21.2,24.7,33.7,27.7,41.1,21.3,29.7,23.0,40.3,34.3,38.9,37.7,49.1,46.2,43.1,7.52,2,2,3,Mobile Development,Mobile,AI Engineer
213,40.8,35.7,32.6,33.7,31.4,22.2,28.8,36.2,24.6,25.7,33.2,25.7,42.0,41.2,43.7,52.7,37.1,31.8,36.3,31.6,34.6,35.7,44.4,36.2,35.4,43.5,21.8,7.52,5,2,2,Business Analytics,Security,AI Engineer
214,27.4,39.4,40.4,31.3,26.1,27.9,36.9,32.1,26.4,26.3,50.3,34.1,32.2,41.8,30.1,33.3,47.1,46.1,35.2,42.9,51.3,41.0,34.9,34.6,35.7,45.1,48.8,7.54,5,0,5,Business Analytics,Machine Learning,AI Engineer
215,45.5,34.4,33.3,54.1,52.4,37.7,27.3,37.7,39.2,53.1,53.3,41.5,34.5,51.3,37.7,50.2,37.9,41.4,34.5,67.9,57.3,28.6,50.6,44.7,63.0,43.5,48.9,7.54,3,2,2,DevOps,Data & Analytics,AI Engineer
216,65.2,59.3,47.7,60.2,48.1,53.3,42.7,45.3,33.8,43.3,53.4,54.1,41.2,45.0,49.7,57.6,43.2,70.0,64.0,61.4,55.7,61.3,40.5,66.9,34.5,37.4,61.5,7.54,4,1,2,Cybersecurity,QA & Testing,AI Engineer
217,54.6,45.7,51.8,56.9,39.5,39.1,33.6,45.8,37.7,32.9,40.3,49.5,36.6,38.8,52.4,47.2,39.4,40.4,51.8,60.1,53.3,51.3,56.0,36.2,38.9,45.1,38.4,7.55,5,1,4,Cloud Computing,QA & Testing,AI Engineer
218,55.0,51.9,53.0,20.0,51.8,57.4,49.9,57.9,52.3,49.6,49.6,48.5,43.2,55.5,54.8,58.4,50.7,49.6,43.2,45.1,32.8,30.3,24.4,42.5,25.2,23.7,47.8,7.56,2,2,4,Web Development,QA & Testing,AI Engineer
219,55.9,76.4,54.6,39.8,69.5,68.4,71.5,60.9,68.4,54.0,45.3,59.5,54.4,47.2,58.0,55.3,55.8,34.6,37.2,36.9,36.2,55.5,42.3,72.1,49.5,41.6,64.1,7.57,7,1,4,Cybersecurity,Machine Learning,AI Engineer
220,31.2,37.7,47.0,35.9,52.8,56.2,50.9,59.8,30.8,50.6,24.6,45.4,66.0,27.8,40.9,46.8,43.0,37.7,30.1,49.0,60.7,35.6,41.5,32.5,52.6,38.2,47.7,7.58,3,1,2,Mobile Development,Frontend,AI Engineer
221,42.3,32.6,15.5,45.3,44.1,44.5,39.8,52.9,30.8,26.7,24.9,30.7,39.9,44.1,39.0,36.3,29.9,39.3,48.7,20.1,28.0,34.7,31.8,45.2,34.1,26.9,51.0,7.58,7,1,4,Data Science,Backend,AI Engineer
222,44.5,45.4,54.5,60.3,52.8,36.5,37.5,45.0,45.9,63.6,65.4,54.5,39.1,46.2,57.5,47.0,36.3,62.8,44.3,64.7,66.6,52.3,60.9,55.0,47.7,69.3,42.0,7.58,5,2,4,Cybersecurity,Data & Analytics,AI Engineer
223,57.0,56.0,64.7,40.3,60.6,63.8,42.6,55.9,56.3,53.0,39.0,57.2,65.3,55.9,56.5,47.9,59.5,49.3,33.2,36.9,39.8,52.4,59.3,50.6,45.8,43.4,62.1,7.58,8,2,1,Cybersecurity,Machine Learning,AI Engineer
224,34.4,47.2,44.2,36.1,42.6,43.1,45.8,29.7,37.6,35.9,38.1,38.0,40.0,45.6,38.7,32.1,41.3,35.5,51.3,30.8,31.8,39.0,29.9,50.3,37.5,45.1,46.9,7.59,5,1,4,AI/ML,Backend,AI Engineer
225,62.5,80.8,71.3,63.1,41.5,32.1,46.4,45.2,72.1,69.9,73.7,71.0,54.3,59.4,53.0,63.2,58.0,84.7,79.4,71.8,73.4,77.1,74.1,78.5,62.0,69.0,53.7,7.59,6,2,1,Data Science,Business,AI Engineer
226,49.2,41.8,50.5,38.0,43.2,53.1,49.0,55.7,44.6,39.5,43.6,45.4,39.3,41.5,22.9,29.4,24.8,54.0,64.3,41.5,36.1,52.0,53.0,62.4,45.8,46.2,61.8,7.6,8,1,4,Data Science,Business,AI Engineer
227,34.7,36.2,38.1,27.0,47.9,55.7,49.7,50.8,51.5,40.7,36.5,42.6,49.2,35.2,20.9,22.0,41.7,18.0,22.3,28.8,26.5,15.0,24.5,29.3,40.9,38.4,40.3,7.61,2,0,1,DevOps,Data & Analytics,AI Engineer
228,37.9,20.5,12.2,21.5,27.4,55.6,29.3,37.3,24.7,17.1,17.0,25.8,37.8,20.5,13.5,26.7,27.4,44.2,42.7,19.8,18.3,30.9,21.9,24.7,18.7,37.1,30.6,7.61,6,2,3,Cloud Computing,Mobile,AI Engineer
229,60.3,46.9,66.3,49.5,51.2,33.4,48.3,62.5,45.5,52.3,38.0,50.2,56.1,55.0,73.1,53.0,58.7,63.3,70.0,52.2,52.9,57.2,55.0,67.3,44.8,38.1,60.3,7.61,6,2,1,Cybersecurity,Data & Analytics,AI Engineer
230,48.8,64.5,67.4,48.8,60.5,65.0,68.2,54.7,44.4,51.8,40.7,53.7,43.0,69.9,46.5,76.1,50.5,57.5,48.0,56.5,57.4,45.1,78.6,49.0,61.9,80.7,64.2,7.64,10,3,1,Cybersecurity,Business,AI Engineer
231,50.9,60.4,70.0,64.5,37.2,29.4,47.3,28.2,47.3,50.9,53.6,32.7,53.1,45.7,49.6,35.1,49.6,43.5,48.3,40.7,50.4,47.9,52.8,71.7,61.2,48.6,33.7,7.64,7,0,3,Web Development,Backend,AI Engineer
232,52.8,47.8,33.1,56.9,49.8,72.5,59.1,60.9,55.1,44.3,45.1,50.1,39.6,45.7,42.6,55.9,35.9,30.6,39.6,38.1,25.4,33.8,54.0,35.8,42.3,53.6,45.8,7.64,1,2,0,Business Analytics,Backend,AI Engineer
233,54.2,58.6,39.4,29.8,65.8,61.3,59.5,54.5,54.2,47.6,47.0,36.9,27.0,35.3,34.8,23.4,39.5,28.0,38.9,44.4,37.9,39.0,54.8,45.6,57.5,38.9,48.1,7.64,7,2,1,Data Science,Cloud & DevOps,AI Engineer
234,54.2,48.4,51.8,46.1,39.2,53.1,43.2,57.5,37.3,33.2,44.8,54.7,49.1,59.7,51.4,38.6,37.3,62.4,55.9,40.9,44.5,58.7,68.8,61.0,63.3,51.6,61.1,7.64,7,1,2,AI/ML,Data & Analytics,AI Engineer
235,32.2,45.5,42.8,32.7,17.8,33.2,15.4,25.7,35.6,19.3,14.9,39.0,34.5,40.3,34.1,35.3,43.1,46.6,50.1,33.5,28.9,46.3,47.2,43.7,10.7,12.7,27.0,7.65,4,0,1,Data Science,Frontend,AI Engineer
236,43.7,43.2,48.5,50.4,52.0,54.5,63.2,42.6,58.1,70.0,67.2,47.8,51.1,49.2,44.6,38.8,61.3,46.2,41.6,44.1,49.2,44.2,33.9,44.6,43.5,31.2,33.0,7.65,5,1,3,Cybersecurity,Cloud & DevOps,AI Engineer
237,45.3,51.1,33.3,66.3,63.0,41.1,51.5,34.8,41.8,43.9,42.4,41.8,45.5,19.1,28.1,41.5,41.0,48.9,45.4,61.4,52.9,46.6,61.0,39.1,48.9,48.7,34.3,7.65,4,2,2,Mobile Development,Mobile,AI Engineer
238,46.3,61.6,53.2,43.9,30.2,19.8,54.0,29.4,69.4,58.5,64.7,43.6,61.6,61.8,60.9,69.2,60.9,44.2,54.8,45.1,25.1,38.2,48.9,37.4,44.4,53.0,49.4,7.68,5,1,1,DevOps,Frontend,AI Engineer
239,50.4,50.3,66.1,48.0,62.8,67.1,55.2,65.8,44.6,41.7,39.9,44.9,48.6,35.9,51.3,47.9,53.2,49.6,54.0,47.9,51.6,60.3,49.1,58.0,48.2,43.7,62.4,7.69,2,1,3,Business Analytics,Machine Learning,AI Engineer
240,61.4,41.5,41.2,54.4,41.0,26.0,43.6,27.9,42.9,41.9,36.3,42.3,35.6,46.6,48.7,57.1,51.9,63.3,67.7,42.7,48.6,72.7,59.5,55.5,55.2,46.7,47.4,7.69,3,2,4,Web Development,Full Stack,AI Engineer
241,64.5,34.0,66.3,64.8,28.2,23.8,15.9,28.7,40.8,46.1,53.6,35.6,44.8,36.5,52.5,44.8,52.2,66.7,61.1,58.9,77.8,62.4,48.4,58.5,47.5,46.0,73.9,7.69,4,1,1,AI/ML,Data & Analytics,AI Engineer
242,44.6,58.5,57.3,56.3,44.8,47.6,47.2,41.2,46.3,64.6,66.7,45.4,50.4,83.9,65.6,62.6,59.6,56.8,31.7,49.4,61.9,54.0,45.3,58.4,43.4,35.6,61.8,7.7,4,1,7,Business Analytics,Mobile,AI Engineer
243,45.5,45.1,62.9,33.2,39.3,45.3,46.8,45.3,42.1,35.6,27.3,39.2,54.7,38.4,38.7,38.5,47.5,37.8,44.0,23.1,23.7,55.6,48.9,63.8,48.8,48.0,39.6,7.7,2,0,4,Mobile Development,QA & Testing,AI Engineer
244,39.6,33.6,23.4,28.9,48.9,65.6,39.1,45.8,30.2,41.3,43.4,37.1,40.8,35.1,31.7,29.5,25.1,21.8,30.2,53.5,52.0,39.7,33.7,39.3,37.3,35.8,44.5,7.71,6,2,4,Business Analytics,Business,AI Engineer
245,40.8,41.2,59.4,41.7,58.4,53.8,36.1,40.1,60.7,53.8,60.8,55.9,48.8,36.8,45.1,43.2,52.0,40.8,41.3,34.7,45.2,57.0,22.5,45.2,28.4,27.2,51.7,7.71,8,0,2,Web Development,Full Stack,AI Engineer
246,59.5,51.5,62.1,34.8,71.9,71.3,47.5,77.5,66.4,53.0,49.5,61.6,60.9,50.8,65.3,55.1,46.5,55.0,54.5,44.4,39.9,47.7,44.3,48.2,48.8,38.6,70.7,7.71,10,1,4,Mobile Development,Mobile,AI Engineer
247,45.3,64.1,48.8,31.4,37.3,34.2,39.6,44.5,33.2,46.9,44.7,43.4,39.7,62.5,55.2,55.8,52.7,64.6,50.0,42.0,32.5,39.2,32.5,58.3,41.6,32.2,50.0,7.72,8,0,4,DevOps,Business,AI Engineer
248,51.5,28.3,24.3,24.5,40.0,37.9,38.4,35.2,32.7,45.0,35.3,40.7,37.8,23.8,26.2,30.1,38.0,60.4,52.0,49.6,41.3,60.2,34.9,32.2,37.7,35.3,40.9,7.72,7,0,3,Data Science,Data & Analytics,AI Engineer
249,60.2,68.8,64.8,73.1,63.0,70.8,66.9,81.7,65.1,68.5,71.0,61.8,69.7,49.3,40.9,48.8,41.4,65.3,62.2,62.8,65.0,69.6,41.9,69.4,38.1,41.1,76.3,7.72,10,0,2,Data Science,Full Stack,AI Engineer
250,67.2,62.8,73.8,43.5,70.5,66.1,74.0,76.1,60.1,69.8,46.5,78.5,73.3,62.7,58.3,60.3,65.5,58.4,62.8,57.1,54.4,72.7,57.4,67.3,28.5,49.5,78.1,7.73,5,2,1,AI/ML,Mobile,AI Engineer
251,54.3,62.0,55.8,61.0,44.9,62.7,54.6,71.0,67.0,68.4,56.2,60.8,51.8,72.9,64.2,61.3,48.3,52.4,58.6,63.5,54.9,52.2,56.1,54.8,67.9,58.9,55.0,7.74,3,1,2,Web Development,Security,AI Engineer
252,56.2,64.3,71.9,59.8,42.4,46.7,39.3,53.2,69.0,73.1,69.5,58.3,58.8,63.7,62.6,59.2,72.5,64.8,75.5,66.8,65.1,71.7,54.7,64.8,51.6,57.5,80.6,7.74,7,2,4,Mobile Development,Data & Analytics,AI Engineer
253,64.8,55.7,66.1,52.0,28.5,30.6,40.5,19.5,49.9,52.8,60.3,53.3,56.3,50.4,65.8,60.5,40.1,67.3,67.8,42.6,56.5,50.2,49.3,54.2,26.0,31.9,40.3,7.75,12,1,2,Business Analytics,Machine Learning,AI Engineer
254,51.7,48.7,60.8,54.1,32.1,47.3,43.7,42.2,46.0,46.9,40.6,62.0,55.5,49.6,48.1,60.9,56.3,60.6,52.9,36.2,32.2,43.7,38.0,41.5,30.1,49.7,30.7,7.76,4,2,2,DevOps,Full Stack,AI Engineer
255,67.6,33.8,38.8,51.6,48.4,46.8,47.3,46.5,38.5,61.1,44.8,58.2,56.6,47.1,30.1,41.9,41.0,65.5,60.4,67.6,65.5,74.1,35.0,41.4,38.2,53.3,52.7,7.78,7,2,7,Cloud Computing,Mobile,AI Engineer
256,69.3,53.0,59.0,60.5,44.8,42.7,55.9,34.3,57.8,66.8,50.8,46.2,56.9,54.3,60.0,43.6,52.6,56.0,65.6,46.7,36.3,42.5,50.4,53.0,53.5,45.8,50.6,7.78,2,1,1,Web Development,Security,AI Engineer
257,59.4,73.2,63.6,65.6,30.2,41.0,49.6,39.1,51.8,63.7,58.1,59.2,51.0,50.8,48.8,61.7,56.0,71.9,67.9,60.9,69.3,63.5,54.4,76.1,46.4,49.2,79.2,7.79,7,2,2,Data Science,Machine Learning,AI Engineer
258,30.6,27.2,33.4,40.1,28.1,22.7,37.4,39.9,32.5,26.3,29.9,33.9,21.3,44.5,37.5,37.4,41.9,34.6,26.0,16.9,33.5,32.0,59.9,33.9,43.8,32.1,27.5,7.8,1,1,2,Cloud Computing,Machine Learning,AI Engineer
259,30.9,64.0,54.7,49.6,55.0,45.8,63.3,65.3,61.4,58.9,56.3,44.2,44.9,56.8,59.9,59.9,67.1,60.1,74.8,39.5,45.0,50.5,37.2,61.0,50.8,49.6,52.9,7.8,2,3,6,Cybersecurity,Machine Learning,AI Engineer
260,51.1,43.2,22.7,42.8,47.7,46.7,35.5,49.3,58.9,51.5,57.7,27.5,44.4,48.2,52.2,57.5,47.8,32.4,30.0,29.7,30.5,32.5,40.4,22.2,42.2,43.5,38.9,7.8,4,0,2,Data Science,Cloud & DevOps,AI Engineer
261,30.5,29.4,19.2,39.4,39.3,55.5,27.4,43.7,33.5,28.6,27.9,39.9,28.7,26.3,26.0,23.8,32.9,29.6,34.0,54.5,58.7,34.5,47.3,32.8,29.1,35.4,31.2,7.82,5,0,2,Data Science,Mobile,AI Engineer
262,56.3,58.5,69.1,51.1,40.3,37.1,38.4,30.6,64.8,60.5,64.8,55.7,63.0,63.7,60.8,62.8,34.3,49.2,49.9,46.3,47.3,47.5,49.5,52.0,52.0,81.6,55.0,7.82,3,1,3,AI/ML,Backend,AI Engineer
263,62.1,50.4,74.4,51.6,63.8,75.3,71.7,70.0,63.1,50.7,42.8,65.5,56.8,62.0,65.4,57.6,56.3,56.7,63.3,35.8,32.3,47.6,42.2,73.6,59.2,48.2,67.4,7.82,7,1,0,AI/ML,Backend,AI Engineer
264,45.4,48.5,52.6,21.4,25.5,11.8,29.9,21.2,29.4,33.1,26.5,39.4,34.6,59.1,40.2,55.0,39.3,34.7,40.3,22.3,5.5,36.9,36.6,37.2,33.0,27.6,25.7,7.83,4,0,3,DevOps,Full Stack,AI Engineer
265,48.4,55.1,59.4,38.9,56.5,64.5,50.3,54.1,46.9,51.4,52.2,46.4,57.8,66.3,27.8,47.0,54.2,50.8,55.9,50.3,38.7,45.1,54.9,45.7,40.0,32.7,48.1,7.83,8,1,4,Mobile Development,Machine Learning,AI Engineer
266,36.5,29.3,25.2,49.2,25.9,23.2,20.7,40.7,46.6,45.1,37.7,47.8,43.8,48.5,56.2,40.8,32.7,38.8,21.7,45.7,60.4,39.1,33.8,33.4,35.3,36.8,32.2,7.84,4,1,4,Cybersecurity,Cloud & DevOps,AI Engineer
267,39.5,42.2,42.3,32.6,56.6,71.1,44.8,55.1,34.3,33.5,26.3,38.1,39.9,59.9,62.3,59.5,44.1,50.3,39.0,19.5,38.6,44.2,60.0,41.0,66.3,56.5,36.9,7.84,6,2,3,Data Science,Backend,AI Engineer
268,40.8,38.4,39.7,50.4,70.5,63.8,67.2,68.2,41.7,55.9,52.7,50.9,53.7,52.8,57.2,50.7,30.9,64.1,59.0,44.9,38.9,51.7,42.7,46.8,51.9,41.1,34.6,7.84,7,1,5,Business Analytics,Full Stack,AI Engineer
269,43.1,36.1,34.8,54.5,31.0,25.5,41.7,24.9,40.8,48.8,41.2,45.4,44.1,43.1,35.5,45.7,48.5,52.5,45.4,58.2,49.1,59.8,30.6,35.4,45.0,16.0,57.2,7.84,6,1,1,AI/ML,QA & Testing,AI Engineer
270,47.0,56.0,50.5,38.8,23.3,37.7,43.8,45.2,51.0,34.8,54.1,61.1,41.8,37.8,51.0,46.9,56.7,39.5,36.7,36.6,23.3,40.1,34.7,66.8,31.2,39.1,26.0,7.84,5,1,3,AI/ML,Full Stack,AI Engineer
271,53.0,46.4,54.7,48.6,56.6,67.6,62.2,64.6,63.5,61.0,68.3,75.1,40.5,66.2,59.1,56.9,35.9,68.4,47.1,62.3,51.6,55.2,35.4,39.9,63.2,52.1,68.8,7.84,6,2,3,Web Development,Data & Analytics,AI Engineer
272,55.2,50.0,50.2,31.2,63.3,65.7,40.5,64.2,62.8,37.1,39.7,53.5,65.4,60.9,46.9,54.8,65.6,57.7,69.2,40.5,27.7,71.1,32.4,42.8,31.1,45.3,46.2,7.85,5,3,4,Cloud Computing,Cloud & DevOps,AI Engineer
273,56.2,57.7,61.6,49.3,42.2,21.4,49.5,31.9,48.0,40.6,53.1,45.8,42.1,43.2,33.4,45.2,31.6,45.0,34.7,52.0,57.0,41.4,26.7,54.1,26.2,32.9,53.7,7.85,6,2,2,AI/ML,Machine Learning,AI Engineer
274,48.6,48.5,45.1,54.4,35.1,32.1,43.1,41.8,64.9,61.1,51.3,70.0,39.7,61.1,67.8,63.0,56.6,57.8,62.2,40.6,55.9,50.6,60.5,43.5,47.5,56.8,30.8,7.86,6,3,4,AI/ML,QA & Testing,AI Engineer
275,64.2,55.9,54.6,62.8,36.3,37.2,45.7,18.8,45.8,37.1,54.3,53.4,53.3,50.4,66.1,47.5,60.8,59.5,71.6,77.6,82.5,59.4,52.4,56.2,76.8,54.3,71.3,7.86,6,0,4,Business Analytics,Data & Analytics,AI Engineer
276,68.4,68.1,81.5,56.3,49.4,36.8,49.2,45.0,59.2,62.8,70.6,65.3,51.0,52.9,61.0,46.0,69.3,34.0,39.0,58.8,63.4,59.5,59.6,67.7,68.6,56.7,49.3,7.86,4,0,3,Mobile Development,Full Stack,AI Engineer
277,38.9,41.8,34.2,36.9,30.9,39.6,41.5,45.2,35.9,35.3,46.6,39.3,45.2,19.6,31.9,31.6,24.0,23.6,23.7,45.3,33.5,38.1,47.8,38.5,53.7,38.5,39.1,7.87,5,1,2,Web Development,Data & Analytics,AI Engineer
278,46.2,35.8,44.3,52.3,34.6,38.2,44.6,39.6,32.0,39.6,59.4,45.0,42.1,43.1,48.5,50.2,42.6,41.0,39.6,57.5,52.4,49.0,33.6,36.6,30.0,38.3,44.1,7.87,3,3,2,Cloud Computing,Backend,AI Engineer
279,47.8,55.5,53.7,45.9,51.4,38.9,54.9,36.2,43.9,47.5,51.9,53.4,51.9,59.9,63.8,50.4,53.2,52.6,50.7,52.8,56.8,37.4,41.8,65.4,44.1,49.0,40.0,7.87,4,2,7,Data Science,QA & Testing,AI Engineer
280,55.6,57.0,44.3,35.8,24.9,24.1,41.1,24.7,45.4,43.7,34.2,45.1,55.1,49.3,41.1,42.1,47.0,52.8,51.3,45.6,52.6,56.6,59.4,39.2,52.6,58.3,54.2,7.87,3,2,3,Business Analytics,Security,AI Engineer
281,26.7,49.1,52.1,42.1,44.3,50.9,59.5,54.8,68.6,69.5,60.5,60.4,49.9,60.3,76.4,65.2,58.6,36.4,27.5,40.4,37.3,38.9,23.3,44.4,43.3,28.4,32.3,7.88,7,0,2,Web Development,Cloud & DevOps,AI Engineer
282,51.1,65.7,58.0,55.6,69.4,73.9,84.7,72.7,85.6,62.0,79.8,63.8,81.6,54.5,68.8,55.0,51.5,70.3,46.7,57.0,47.8,54.8,80.0,67.0,58.7,61.4,61.9,7.89,5,1,0,Web Development,Security,AI Engineer
283,51.9,51.6,44.8,52.1,23.6,40.6,33.9,34.0,42.5,43.4,47.8,43.8,45.1,46.9,46.7,52.6,44.3,57.5,60.9,64.4,49.2,55.7,71.2,59.8,67.2,53.3,53.8,7.89,3,2,4,Cybersecurity,Full Stack,AI Engineer
284,61.7,61.8,58.0,50.8,51.3,26.9,38.5,37.0,52.2,50.6,48.2,53.7,58.8,52.3,40.1,48.7,43.0,62.4,59.6,41.5,43.3,59.4,40.0,51.2,43.2,42.3,45.6,7.89,8,1,3,DevOps,Data & Analytics,AI Engineer
285,77.6,59.7,75.7,82.3,66.2,70.5,72.9,77.0,70.8,75.9,65.3,61.2,71.1,58.8,81.8,71.7,69.2,73.7,79.9,72.7,70.5,69.3,55.9,67.1,56.7,54.9,72.8,7.89,7,1,3,Mobile Development,Machine Learning,AI Engineer
286,41.8,32.3,27.8,56.7,43.2,35.7,37.0,26.3,33.3,55.8,59.3,31.6,48.2,43.6,42.1,39.9,45.9,44.1,52.1,57.2,57.3,45.7,33.1,54.4,38.8,41.5,36.4,7.9,4,2,3,Data Science,Machine Learning,AI Engineer
287,38.4,37.1,39.1,32.5,58.3,54.1,39.1,43.8,53.4,47.7,38.5,43.0,47.2,38.7,39.8,41.9,42.5,29.0,44.7,22.0,24.9,31.3,35.3,41.4,43.2,48.7,30.3,7.91,7,2,5,Web Development,Business,AI Engineer
288,50.9,40.3,46.3,38.4,53.2,40.9,49.4,49.1,30.3,42.3,43.1,31.7,40.8,40.1,33.0,31.0,30.2,54.0,49.5,59.3,56.6,53.0,34.1,41.8,31.5,37.8,45.5,7.91,2,2,4,Data Science,QA & Testing,AI Engineer
289,35.6,56.4,54.0,37.3,48.9,49.3,56.2,61.1,52.0,64.0,52.8,51.9,64.5,51.6,46.0,42.6,44.6,46.3,37.1,38.5,55.2,48.2,35.5,75.3,54.4,52.1,45.8,7.93,4,3,5,Mobile Development,Data & Analytics,AI Engineer
290,54.1,47.7,63.2,45.6,52.6,55.3,43.3,65.5,38.6,42.6,39.2,44.4,31.9,40.6,36.6,34.8,38.2,41.6,57.6,50.5,36.6,56.0,57.5,42.2,64.8,62.8,37.7,7.93,5,1,1,Data Science,Mobile,AI Engineer
291,30.1,37.1,20.7,40.0,48.1,53.7,59.3,40.3,36.6,48.1,57.6,46.8,29.6,29.7,36.6,38.4,37.6,35.8,42.0,49.1,33.1,48.0,34.7,27.8,31.3,36.2,41.9,7.95,0,2,4,Web Development,Frontend,AI Engineer
292,44.6,52.5,56.3,30.9,66.9,60.4,48.9,42.2,68.0,54.7,60.3,50.0,47.1,67.7,56.6,53.8,56.7,16.4,34.6,39.5,37.5,27.7,56.0,57.9,37.4,44.8,44.9,7.95,5,3,4,Cloud Computing,Cloud & DevOps,AI Engineer
293,44.8,48.2,58.2,42.8,52.8,48.8,38.1,38.7,30.7,36.9,34.6,43.4,39.2,44.3,49.6,45.6,42.5,26.8,28.6,46.2,48.2,43.5,35.8,38.1,26.8,34.3,38.9,7.96,3,0,3,DevOps,Frontend,AI Engineer
294,27.6,58.5,32.0,42.2,37.0,30.4,37.0,48.3,33.6,41.6,21.3,51.0,35.1,68.0,49.8,48.0,50.1,39.5,31.0,34.6,27.6,26.7,39.7,32.3,57.8,43.8,48.0,7.97,3,1,2,Cloud Computing,Machine Learning,AI Engineer
295,68.8,69.0,51.5,80.2,56.6,59.7,64.2,43.0,65.6,59.4,72.6,48.3,66.8,52.9,61.3,65.2,51.8,71.2,68.7,73.5,82.8,67.8,71.2,58.3,56.8,69.1,60.6,7.97,3,2,3,Data Science,Backend,AI Engineer
296,51.6,45.3,48.8,36.0,42.0,40.0,37.0,53.5,29.2,33.0,30.8,40.2,43.5,42.8,40.8,60.8,28.5,53.8,65.8,24.7,52.2,66.2,59.0,44.9,61.1,61.0,51.7,7.98,5,2,2,Data Science,Business,AI Engineer
297,61.2,44.0,44.2,59.7,57.1,59.7,62.3,72.1,61.4,55.5,51.5,44.9,53.0,53.0,49.2,38.1,41.5,61.1,59.5,69.6,66.4,67.8,70.0,51.2,80.8,63.9,56.8,7.98,8,2,3,Data Science,Data & Analytics,AI Engineer
298,41.3,28.8,35.0,36.1,66.8,63.0,53.7,59.0,41.5,47.6,38.2,47.0,38.1,32.7,23.7,31.7,34.3,46.4,54.6,42.4,45.4,59.6,40.6,44.7,56.5,59.7,33.4,7.99,8,2,2,Data Science,Machine Learning,AI Engineer
299,48.3,42.3,51.6,33.5,34.4,31.6,25.2,6.3,38.1,30.2,33.8,31.1,37.9,31.7,33.3,35.6,39.3,30.0,24.5,21.5,32.5,28.1,53.1,36.1,32.9,43.8,41.1,7.99,2,2,2,Cybersecurity,Machine Learning,AI Engineer
300,53.0,44.2,38.9,39.8,63.4,72.8,38.5,58.0,55.5,50.4,49.7,51.4,48.8,33.9,31.6,43.2,37.9,46.8,55.7,46.3,49.9,41.5,35.9,40.8,28.5,37.4,55.6,8.0,5,0,3,Mobile Development,Frontend,AI Engineer
301,47.8,46.2,54.3,31.1,46.1,46.2,47.3,49.1,50.3,26.9,37.8,46.6,35.3,39.9,50.2,40.3,34.1,60.8,62.2,23.8,20.1,45.6,47.0,60.5,30.6,46.4,46.2,8.01,4,2,2,Cybersecurity,Machine Learning,AI Engineer
302,49.7,41.9,36.6,38.8,35.2,38.6,37.7,26.2,34.2,22.4,35.9,40.3,47.3,28.0,40.8,38.7,44.2,59.0,44.5,47.8,33.8,53.4,44.4,44.8,53.1,58.1,35.8,8.02,4,1,1,Mobile Development,QA & Testing,AI Engineer
303,52.0,49.1,25.2,61.1,60.1,42.9,56.6,67.5,51.9,49.8,49.5,57.2,49.5,46.5,33.5,54.2,33.1,52.4,56.1,46.5,58.3,52.8,44.2,44.0,61.3,64.4,40.4,8.02,6,2,1,Web Development,Mobile,AI Engineer
304,53.3,48.8,68.8,66.2,57.0,66.4,64.3,68.7,63.6,70.8,75.1,52.5,57.0,75.0,65.3,67.2,63.2,48.9,43.1,55.2,65.0,59.3,44.7,65.4,38.5,44.4,61.3,8.02,5,1,4,AI/ML,Cloud & DevOps,AI Engineer
305,53.7,56.8,61.8,51.4,31.5,30.9,47.5,32.4,45.2,55.6,56.1,49.5,52.2,38.8,49.7,52.8,53.5,43.7,62.0,37.9,47.6,44.0,53.9,60.1,57.8,49.8,55.4,8.02,4,1,4,Cloud Computing,Machine Learning,AI Engineer
306,62.4,56.7,58.7,58.4,63.0,62.2,44.6,61.4,50.4,62.7,52.7,45.7,58.1,35.2,36.8,43.6,48.9,71.5,57.6,66.7,66.6,58.6,56.8,54.9,43.1,36.2,55.9,8.02,7,1,2,AI/ML,Data & Analytics,AI Engineer
307,35.0,41.5,35.9,45.1,44.8,41.4,34.8,34.1,50.5,48.1,51.9,38.6,34.9,38.3,41.3,39.7,55.7,44.2,52.0,32.9,19.9,43.7,30.2,41.1,13.0,25.4,35.6,8.03,4,3,1,Cybersecurity,Machine Learning,AI Engineer
308,50.7,49.1,44.5,33.0,40.3,39.6,32.5,46.1,56.7,54.2,60.6,52.3,43.4,59.2,48.7,51.6,48.2,46.6,38.5,31.8,48.4,34.7,41.6,23.0,39.7,44.5,49.0,8.03,2,0,1,DevOps,Full Stack,AI Engineer
309,56.7,63.1,67.0,65.8,77.8,70.7,75.2,54.4,59.1,45.7,49.5,63.2,54.0,46.9,52.6,43.0,53.7,67.2,65.8,52.9,36.7,62.8,47.2,58.9,36.8,35.8,57.8,8.03,2,1,4,DevOps,Machine Learning,AI Engineer
310,34.1,35.3,31.3,43.1,20.7,9.8,24.0,21.2,51.6,44.1,30.9,32.7,33.1,42.4,37.5,27.0,26.0,30.7,29.6,41.0,39.5,23.6,24.1,39.7,29.4,19.1,33.7,8.04,3,0,2,Data Science,Security,AI Engineer
311,50.5,40.0,41.0,23.4,42.5,26.1,31.4,37.3,36.1,54.9,28.3,41.8,49.9,48.0,51.1,67.4,46.5,59.6,55.8,49.1,40.3,38.2,41.9,50.0,34.4,32.5,40.7,8.05,6,0,4,AI/ML,Data & Analytics,AI Engineer
312,60.3,68.6,56.1,57.8,51.3,66.2,45.9,53.7,48.6,52.6,58.2,51.7,50.0,43.7,34.0,43.4,62.9,57.8,76.4,76.6,51.2,61.1,46.5,62.3,45.5,57.6,59.8,8.06,6,2,5,Business Analytics,Backend,AI Engineer
313,36.4,74.1,39.5,34.3,37.1,27.7,48.5,29.6,52.4,37.2,50.7,53.8,42.9,63.8,60.5,54.0,54.4,26.4,27.8,46.1,39.8,37.8,51.1,54.3,71.1,48.5,58.2,8.07,5,1,4,Cybersecurity,Backend,AI Engineer
314,38.5,64.9,40.8,60.5,47.7,47.3,60.6,42.2,60.8,48.6,64.4,66.0,64.3,69.7,49.1,61.7,44.2,61.7,62.5,35.6,44.4,53.4,60.6,63.1,52.5,55.4,22.8,8.07,9,1,2,Web Development,Machine Learning,AI Engineer
315,50.7,74.8,63.5,66.5,46.7,42.8,50.1,46.4,52.0,60.5,51.5,59.2,65.6,59.4,56.6,62.9,45.8,54.3,48.4,64.9,53.7,57.5,66.7,44.4,46.6,53.0,47.2,8.07,9,1,2,Business Analytics,Security,AI Engineer
316,29.4,41.2,31.2,38.0,22.7,13.5,17.1,15.4,17.6,38.5,19.8,36.1,33.4,38.8,42.8,33.6,23.2,51.9,25.5,31.4,59.8,42.3,21.1,24.1,42.1,26.5,29.3,8.08,4,1,1,AI/ML,QA & Testing,AI Engineer
317,33.6,43.0,43.5,38.7,50.5,44.4,33.8,48.3,41.6,41.0,44.7,33.0,41.0,29.4,30.9,31.4,21.4,33.8,21.8,52.2,39.2,42.4,39.2,46.4,25.5,34.9,54.9,8.08,4,0,0,Web Development,Mobile,AI Engineer
318,66.3,49.6,80.4,59.0,52.8,55.6,50.4,49.8,40.5,36.0,53.9,46.5,61.4,50.6,48.4,47.3,45.8,67.9,71.0,44.5,55.5,56.0,40.1,77.4,38.6,37.6,57.4,8.08,5,2,7,Business Analytics,Cloud & DevOps,AI Engineer
319,39.6,37.9,31.3,38.5,40.1,37.4,24.7,41.5,30.5,28.6,45.4,39.1,33.2,41.8,36.4,44.9,47.9,50.8,43.7,55.7,60.6,55.9,39.2,31.1,43.7,43.3,53.1,8.09,3,1,6,Cloud Computing,QA & Testing,AI Engineer
320,24.1,39.9,37.3,43.9,36.0,34.6,28.9,31.0,39.0,29.1,51.6,36.5,35.4,30.0,36.4,33.1,35.7,45.5,38.2,51.8,42.8,33.4,51.5,36.3,49.0,50.2,42.2,8.1,3,2,3,DevOps,Business,AI Engineer
321,31.7,49.5,35.7,44.2,22.1,22.1,32.1,30.7,32.8,28.3,43.1,36.3,41.8,27.8,31.9,32.9,18.1,34.9,23.0,38.3,45.3,23.7,39.3,43.9,29.6,32.3,39.4,8.1,1,0,3,Cloud Computing,Cloud & DevOps,AI Engineer
322,53.6,31.3,42.7,49.8,35.9,30.1,41.7,32.2,37.7,43.8,32.9,49.1,53.8,45.1,58.9,52.8,48.0,49.2,58.5,59.8,55.1,66.1,44.0,48.8,49.9,51.0,60.3,8.1,8,2,3,Data Science,Data & Analytics,AI Engineer
323,64.5,73.0,67.2,67.5,67.3,58.1,61.6,71.3,64.1,60.4,58.4,75.8,76.3,68.4,75.2,77.2,76.2,77.7,83.1,52.3,60.5,79.2,60.6,65.6,49.2,58.4,73.0,8.1,5,2,1,DevOps,Security,AI Engineer
324,25.6,49.3,39.1,40.7,36.4,27.7,38.2,33.5,26.8,38.7,45.6,37.2,29.1,37.4,41.5,35.4,42.0,33.3,46.2,32.1,20.3,36.8,47.2,45.1,30.8,23.3,37.7,8.11,3,0,0,Data Science,Full Stack,AI Engineer
325,31.9,36.8,55.3,38.2,34.1,42.4,37.1,27.4,39.6,55.9,39.2,44.2,36.2,40.3,41.2,37.5,37.7,37.5,28.7,46.7,62.2,32.0,55.7,43.5,70.3,49.3,44.4,8.11,2,2,3,Business Analytics,Security,AI Engineer
326,64.8,54.8,53.8,61.3,51.0,52.6,44.6,59.3,49.1,49.0,66.4,63.5,64.2,46.3,45.6,49.3,42.4,68.6,67.8,74.1,80.9,61.8,64.3,62.5,59.7,68.6,66.1,8.11,5,1,0,Business Analytics,Frontend,AI Engineer
327,54.2,34.4,47.2,31.5,40.4,38.8,35.8,53.9,43.6,38.6,47.8,46.9,34.4,50.0,38.5,45.6,33.4,46.9,60.9,45.5,42.1,41.9,50.5,47.5,58.1,56.5,53.1,8.12,7,1,1,Cybersecurity,Data & Analytics,AI Engineer
328,60.5,42.9,60.7,62.6,62.8,35.8,45.6,52.0,52.7,64.7,54.2,66.8,59.8,62.1,54.2,50.7,57.9,77.7,74.5,58.6,68.4,62.7,35.6,69.2,44.7,32.0,49.0,8.12,9,1,3,AI/ML,Frontend,AI Engineer
329,30.3,47.7,34.2,40.7,39.4,32.0,37.0,39.0,61.6,51.2,34.8,32.0,45.2,62.0,55.8,59.3,50.5,44.2,40.7,31.6,42.1,24.5,43.1,33.9,39.4,43.9,39.5,8.13,0,2,4,Data Science,Mobile,AI Engineer
330,61.9,66.1,67.4,52.5,60.5,69.7,71.1,61.9,67.6,61.9,46.4,67.6,76.7,67.3,75.1,55.9,57.2,49.7,37.3,33.9,26.8,45.5,31.9,64.1,42.5,44.0,50.5,8.13,7,2,4,DevOps,Backend,AI Engineer
331,45.5,37.3,48.7,53.1,67.0,57.3,53.8,73.3,50.8,40.1,54.2,33.3,40.9,39.3,31.0,43.4,44.4,55.8,70.6,66.3,57.4,65.9,36.3,56.2,67.1,67.9,49.5,8.14,4,1,4,Data Science,Data & Analytics,AI Engineer
332,55.0,77.4,64.8,64.5,63.6,64.8,67.7,65.1,73.3,78.5,71.9,59.6,72.5,54.6,54.6,64.6,70.3,62.2,59.9,79.8,81.1,58.9,70.8,62.7,72.5,84.4,61.8,8.14,4,2,4,Mobile Development,Frontend,AI Engineer
333,40.8,35.0,29.9,32.1,27.4,45.9,24.4,39.4,47.2,34.7,18.3,22.5,36.9,50.8,49.4,46.2,46.5,33.5,27.9,36.8,31.2,31.6,49.7,45.6,44.4,49.4,51.1,8.15,6,1,1,Data Science,Mobile,AI Engineer
334,57.0,50.7,64.6,64.0,79.8,87.6,53.1,66.3,56.8,54.5,47.8,65.5,56.1,64.6,69.4,59.3,70.6,69.0,79.6,59.2,48.9,67.4,58.8,67.9,59.6,73.5,66.6,8.15,8,0,3,Business Analytics,Cloud & DevOps,AI Engineer
335,51.4,53.8,60.8,38.8,28.0,39.4,32.3,31.3,41.4,36.1,55.0,44.2,53.3,57.7,64.1,57.9,64.1,60.4,46.4,50.3,55.5,65.2,58.9,67.4,57.6,67.2,62.3,8.16,8,2,3,Cybersecurity,Mobile,AI Engineer
336,42.4,65.2,60.9,56.3,55.3,64.7,56.2,61.1,60.7,48.3,57.2,69.9,52.8,62.0,51.0,42.9,54.6,44.5,45.6,54.5,39.8,40.9,55.0,66.5,59.9,41.3,38.9,8.17,6,1,2,Web Development,Machine Learning,AI Engineer
337,53.4,56.5,62.3,50.9,70.7,71.4,68.8,83.2,58.2,55.9,62.5,62.4,52.4,60.6,50.2,51.1,60.0,64.8,59.2,77.3,79.5,47.8,71.3,65.6,77.2,77.1,67.7,8.18,8,1,4,DevOps,Mobile,AI Engineer
338,25.1,33.2,37.3,20.6,24.5,39.9,22.9,51.5,26.4,29.7,19.1,31.0,43.7,36.2,36.8,48.6,52.4,23.2,11.7,25.1,28.9,27.2,51.7,44.2,41.3,46.1,38.6,8.22,4,1,2,Cloud Computing,Business,AI Engineer
339,48.1,25.1,31.0,32.1,33.3,43.8,39.3,43.9,45.8,48.1,40.9,36.1,46.5,37.8,44.6,28.3,35.5,60.1,51.5,56.2,60.9,31.7,55.5,33.4,61.6,50.4,24.8,8.22,2,0,2,Web Development,Backend,AI Engineer
340,66.2,42.6,62.7,74.8,49.3,36.2,53.9,36.7,52.2,63.8,67.3,49.4,50.4,54.0,65.5,59.8,58.1,52.9,55.2,72.6,58.7,49.9,50.9,48.7,43.5,56.3,74.6,8.22,4,0,2,Data Science,QA & Testing,AI Engineer
341,46.9,51.9,47.8,54.5,32.3,23.2,47.9,48.7,51.1,63.8,60.5,45.8,42.2,79.4,69.2,70.8,65.1,42.2,41.4,45.1,44.9,28.9,46.6,32.3,47.1,49.5,46.3,8.23,3,0,3,Web Development,Security,AI Engineer
342,47.9,67.2,59.5,62.9,63.6,72.1,59.9,68.4,62.5,82.7,55.2,43.4,59.2,54.3,61.2,57.1,56.2,45.2,55.6,66.7,75.7,54.2,73.6,53.8,78.3,70.1,51.8,8.23,11,2,2,Cloud Computing,Mobile,AI Engineer
343,51.1,46.8,50.1,49.5,57.8,64.9,55.7,40.6,62.6,59.5,57.8,50.3,49.4,59.4,63.4,57.4,58.4,30.4,45.4,32.7,37.0,26.0,49.8,60.8,69.1,67.0,33.4,8.24,9,3,1,AI/ML,Backend,AI Engineer
344,27.5,50.9,32.6,42.8,51.5,74.0,49.8,69.9,25.6,38.1,36.7,46.9,48.9,46.1,40.2,36.9,37.0,45.8,50.6,34.6,33.9,41.6,41.0,53.8,41.8,47.5,48.4,8.25,5,0,1,AI/ML,Full Stack,AI Engineer
345,61.7,60.9,56.5,78.9,40.4,48.1,45.9,44.8,75.5,80.4,75.4,59.0,66.0,69.6,65.8,71.4,72.6,81.7,51.1,77.0,80.1,73.7,59.4,52.1,74.4,52.2,65.5,8.28,5,3,4,Business Analytics,Backend,AI Engineer
346,45.1,55.2,26.4,42.2,58.5,55.8,45.5,47.4,29.2,34.5,39.7,45.2,43.8,53.5,42.3,37.8,35.3,53.6,59.1,51.5,60.0,39.7,59.3,46.5,60.7,39.7,46.6,8.29,7,2,3,Data Science,QA & Testing,AI Engineer
347,63.7,38.0,56.0,72.4,48.3,48.4,52.0,55.7,33.1,39.7,56.7,51.1,64.5,60.5,49.2,50.5,40.0,63.3,63.8,62.0,71.0,73.7,48.4,40.8,53.1,53.3,62.6,8.3,8,2,5,Data Science,Machine Learning,AI Engineer
348,67.1,48.5,62.5,37.0,62.0,67.4,67.9,63.1,40.6,59.4,43.8,49.0,61.3,51.4,48.3,52.3,53.0,77.5,69.5,52.1,51.1,67.3,44.9,50.5,51.0,45.4,32.9,8.31,5,2,4,Business Analytics,Machine Learning,AI Engineer
349,46.3,48.4,60.1,34.1,36.9,31.5,31.3,19.4,40.7,34.3,44.1,46.0,47.6,47.9,53.6,37.1,54.4,48.8,53.1,28.5,22.1,35.0,54.2,45.4,41.8,50.0,32.3,8.32,4,1,3,AI/ML,Security,AI Engineer
350,57.6,57.3,50.2,50.1,46.9,69.5,58.9,59.2,46.6,48.6,45.6,59.8,57.0,50.9,59.0,56.9,37.7,53.4,72.2,42.5,49.8,59.2,34.9,54.5,45.5,36.9,61.9,8.32,11,1,0,Web Development,Frontend,AI Engineer
351,67.0,58.1,81.8,65.4,66.4,78.7,67.3,84.7,77.2,60.7,74.4,64.9,67.1,73.9,57.3,71.2,78.0,58.2,58.4,70.8,77.0,69.0,80.2,75.9,76.4,71.7,69.6,8.32,5,2,3,Business Analytics,Full Stack,AI Engineer
352,46.2,52.1,45.7,60.5,41.6,37.3,42.7,50.8,53.4,55.8,47.7,52.4,46.5,55.7,50.7,49.1,41.1,49.4,53.2,53.9,41.8,47.6,27.3,44.3,28.2,26.7,45.8,8.33,1,1,2,Cloud Computing,Cloud & DevOps,AI Engineer
353,51.8,56.3,60.9,57.4,23.9,14.6,34.0,30.7,44.8,60.7,57.7,46.7,54.1,51.6,38.8,36.8,50.0,43.9,37.3,57.1,55.6,37.1,46.9,45.6,46.0,59.8,54.4,8.33,4,1,2,Cybersecurity,Machine Learning,AI Engineer
354,81.0,74.1,72.3,58.6,58.6,58.5,74.2,70.9,75.0,81.3,80.9,77.9,63.7,67.1,82.8,66.3,66.0,77.2,76.7,71.2,78.6,74.0,52.8,78.1,54.3,68.2,69.7,8.38,4,2,1,Data Science,Backend,AI Engineer
355,52.6,39.9,43.0,54.7,29.2,31.9,27.0,25.3,26.8,50.7,46.5,47.9,34.7,55.0,42.0,54.7,59.9,62.3,74.2,59.5,58.4,56.1,60.6,40.9,57.9,37.0,50.8,8.39,6,2,1,Data Science,Full Stack,AI Engineer
356,64.7,55.4,52.5,76.9,48.3,47.2,48.4,38.7,48.6,60.0,74.2,54.3,51.1,51.0,44.7,46.2,53.0,64.0,68.6,66.3,68.8,51.9,33.1,52.2,37.8,48.8,61.2,8.39,6,0,1,Cybersecurity,Data & Analytics,AI Engineer
357,69.3,53.3,66.1,54.3,47.2,57.1,60.4,64.8,61.1,50.5,62.6,66.1,59.8,68.9,77.7,72.5,62.7,61.8,66.6,55.9,67.6,71.4,64.7,72.1,51.6,74.1,63.3,8.39,2,2,2,Mobile Development,QA & Testing,AI Engineer
358,37.6,40.1,49.0,14.8,43.2,45.6,42.0,48.2,33.9,36.1,23.5,47.4,53.4,37.3,55.9,47.7,49.5,31.2,33.9,34.8,27.0,28.5,49.2,33.1,55.5,57.0,36.0,8.41,2,1,3,Data Science,Security,AI Engineer
359,59.9,60.2,58.7,50.3,66.2,49.2,50.8,51.9,64.1,68.8,56.3,50.3,44.5,48.1,71.3,55.9,54.8,58.8,58.1,51.9,49.2,57.8,42.4,69.3,64.3,52.3,75.9,8.41,5,1,4,Mobile Development,Mobile,AI Engineer
360,49.3,45.3,64.2,36.3,39.0,30.4,44.2,45.2,32.2,41.2,40.5,50.1,42.1,26.5,26.2,39.7,27.8,50.9,51.5,53.9,44.4,63.6,35.9,35.2,31.0,30.1,50.0,8.45,4,3,0,AI/ML,QA & Testing,AI Engineer
361,62.0,79.3,68.4,63.0,72.9,63.9,76.2,82.0,63.7,82.1,81.5,70.5,68.0,65.0,81.3,72.3,61.6,79.2,67.6,61.7,59.9,74.4,58.0,58.2,52.2,65.1,75.0,8.47,7,2,6,Data Science,Data & Analytics,AI Engineer
362,44.9,32.3,43.1,37.0,13.5,19.7,35.5,29.3,37.1,35.6,23.9,41.8,35.2,30.5,32.5,29.4,46.6,33.2,38.6,33.9,36.2,37.7,53.8,45.2,44.3,38.3,42.1,8.48,4,3,2,Cybersecurity,Cloud & DevOps,AI Engineer
363,45.8,49.0,42.1,28.9,42.2,50.8,40.0,44.3,31.4,46.5,39.7,38.3,41.4,33.4,42.1,47.4,38.9,36.8,48.6,45.0,41.4,45.3,61.7,54.1,63.5,64.9,43.2,8.49,8,0,5,Mobile Development,Full Stack,AI Engineer
364,48.6,47.5,46.1,62.7,31.9,46.5,48.1,35.6,55.6,70.5,55.2,53.6,43.5,57.7,48.4,56.3,45.9,67.1,56.1,56.4,57.4,52.6,78.4,50.7,51.0,46.5,48.6,8.5,5,2,2,AI/ML,Frontend,AI Engineer
365,61.7,64.2,75.5,68.8,40.9,37.6,47.1,33.8,40.9,49.7,49.8,57.4,60.1,47.3,55.3,46.2,50.6,77.9,55.0,58.9,71.8,69.0,68.6,83.0,56.9,53.5,79.7,8.51,6,0,8,AI/ML,Machine Learning,AI Engineer
366,60.1,66.2,60.1,67.9,66.3,78.9,73.8,72.6,52.1,53.5,70.1,85.6,42.9,53.0,60.4,62.3,57.9,78.1,68.9,68.5,71.0,71.8,67.6,81.5,58.1,58.7,72.1,8.52,6,3,2,Web Development,Backend,AI Engineer
367,76.6,67.4,60.3,63.5,68.3,57.6,75.3,82.6,76.3,74.9,75.4,69.2,69.5,68.1,67.4,69.4,69.8,67.2,65.1,77.0,95.6,58.9,78.0,64.1,85.3,68.0,74.3,8.52,5,2,1,DevOps,Security,AI Engineer
368,58.5,29.2,43.3,48.9,65.5,79.2,53.6,78.1,61.4,60.3,67.0,58.9,57.3,52.3,51.3,56.1,47.4,44.5,37.8,57.2,64.5,47.4,54.2,41.2,62.8,48.1,49.0,8.53,7,2,6,Mobile Development,Data & Analytics,AI Engineer
369,37.1,59.5,44.9,47.4,41.8,36.5,48.2,46.3,56.0,55.4,53.0,53.1,42.7,44.7,54.6,62.2,44.8,42.2,35.5,39.9,42.4,22.6,51.1,33.5,41.7,27.9,39.9,8.54,6,1,1,Business Analytics,Mobile,AI Engineer
370,53.0,63.0,83.4,61.6,38.8,20.2,51.2,31.5,38.3,49.6,51.4,57.7,53.3,48.7,53.9,29.4,61.7,60.0,61.3,67.2,56.7,63.0,60.6,67.6,76.8,53.7,45.1,8.57,6,2,4,Business Analytics,Frontend,AI Engineer
371,63.5,61.9,78.4,49.3,56.2,50.3,60.4,51.5,56.4,65.6,49.8,56.4,53.4,47.0,43.7,30.4,54.8,48.2,76.7,32.5,32.1,60.2,63.7,63.7,44.8,27.7,80.7,8.58,9,2,3,Mobile Development,Data & Analytics,AI Engineer
372,40.5,31.3,39.5,31.1,41.6,53.3,39.5,45.8,42.1,39.7,30.1,44.3,36.8,56.4,42.0,49.4,49.6,42.0,40.8,44.4,28.7,33.8,50.6,35.5,40.1,41.6,31.3,8.59,5,2,3,Business Analytics,Business,AI Engineer
373,33.3,41.7,48.5,29.6,37.2,28.6,20.8,15.4,34.6,37.3,44.8,39.4,40.2,27.4,34.2,38.3,40.2,51.6,56.4,38.6,45.4,44.1,40.7,27.0,48.2,66.4,45.0,8.61,5,0,1,Mobile Development,Machine Learning,AI Engineer
374,41.0,42.8,39.1,38.4,49.5,52.1,54.9,57.8,42.4,35.1,24.4,46.6,47.4,45.7,33.3,43.0,31.4,46.6,53.4,41.1,50.4,55.0,23.4,53.6,36.7,22.5,50.4,8.63,6,2,2,AI/ML,Frontend,AI Engineer
375,51.1,62.5,50.1,35.3,62.3,53.5,55.1,63.2,54.7,49.9,24.2,47.6,45.7,54.8,46.4,42.2,47.1,36.4,44.5,30.5,22.7,38.5,45.1,53.5,34.2,41.1,57.1,8.63,3,2,0,AI/ML,Mobile,AI Engineer
376,49.2,65.3,48.4,63.1,78.8,75.8,84.4,73.8,74.4,72.0,74.8,77.0,51.7,67.2,64.5,65.2,53.1,46.1,36.7,64.8,68.8,47.9,46.1,51.5,36.6,50.4,61.7,8.65,1,1,3,Web Development,Data & Analytics,AI Engineer
377,56.5,37.9,53.9,59.0,46.5,51.2,41.6,58.1,44.1,63.5,51.2,66.0,50.4,57.2,62.4,57.2,43.9,44.5,40.3,64.5,67.8,49.8,48.0,46.2,37.4,52.1,61.0,8.69,4,2,4,Mobile Development,Data & Analytics,AI Engineer
378,30.2,34.9,30.9,29.5,75.0,81.4,58.6,86.5,61.4,47.8,48.4,58.3,61.0,57.5,30.8,39.3,43.9,60.8,53.5,34.6,27.8,65.1,52.1,41.5,43.8,42.2,42.0,8.71,9,1,1,Data Science,Frontend,AI Engineer
379,49.4,58.0,46.7,48.1,69.0,66.3,63.6,72.4,49.6,53.1,47.8,42.7,56.4,50.8,74.6,48.7,59.5,73.7,62.3,73.4,66.0,64.2,39.9,46.6,39.5,46.9,51.5,8.71,6,3,2,AI/ML,Full Stack,AI Engineer
380,55.8,41.8,33.9,38.2,37.1,46.4,57.6,31.9,30.9,48.1,40.6,47.5,35.1,63.4,43.0,56.2,41.6,54.0,52.8,62.2,66.5,50.8,62.9,58.3,57.7,73.7,45.9,8.71,6,3,5,AI/ML,Data & Analytics,AI Engineer
381,54.2,44.5,36.9,65.0,53.6,63.2,52.7,54.2,65.2,54.9,62.0,51.9,47.6,52.9,49.7,48.4,44.1,41.9,56.8,50.3,53.8,53.0,35.8,63.5,35.3,34.2,56.8,8.75,4,1,7,Cybersecurity,Frontend,AI Engineer
382,77.1,58.7,71.6,55.7,70.0,82.8,60.8,75.6,54.7,55.6,55.5,63.8,53.2,50.4,41.1,61.8,62.5,49.0,69.1,56.0,47.8,55.0,43.1,51.4,55.0,56.3,50.5,8.81,8,1,6,Business Analytics,QA & Testing,AI Engineer
383,46.4,60.2,51.5,20.2,55.3,68.2,50.9,48.5,46.2,40.0,39.5,37.3,47.7,26.9,28.3,44.1,37.2,53.8,39.8,25.3,19.5,47.8,48.4,63.4,39.9,32.7,52.8,8.84,4,2,0,Web Development,Machine Learning,AI Engineer
384,39.3,48.9,40.4,52.4,59.0,58.1,64.4,58.5,35.4,44.9,48.5,36.7,44.1,42.8,33.9,49.2,29.7,47.9,40.1,80.8,63.5,36.2,40.7,40.7,29.2,39.2,51.2,8.87,7,3,7,Cloud Computing,Business,AI Engineer
385,66.9,56.2,77.1,57.9,58.1,60.1,59.1,56.6,61.9,64.9,57.1,69.4,57.8,59.5,71.1,72.8,71.9,65.1,51.7,71.1,64.3,56.3,69.2,79.3,69.6,58.5,63.4,8.95,3,1,3,Cybersecurity,Cloud & DevOps,AI Engineer
386,46.3,37.8,44.8,64.6,53.2,53.7,49.1,55.6,53.2,52.4,70.5,53.2,54.0,60.4,59.6,50.2,49.0,47.0,50.0,55.3,47.8,36.9,40.1,42.7,21.4,45.2,52.2,8.97,5,1,4,Web Development,Mobile,AI Engineer
387,68.9,54.4,41.9,68.3,45.1,22.9,41.9,38.7,62.7,56.2,51.7,46.1,55.3,65.5,70.9,49.3,51.2,63.3,68.3,53.4,47.8,66.5,49.0,58.5,51.8,66.4,63.9,8.97,4,3,2,AI/ML,QA & Testing,AI Engineer
388,43.2,38.3,35.3,37.6,37.0,37.3,28.0,25.5,36.3,41.0,41.0,26.3,38.5,40.7,31.7,30.5,49.1,51.0,38.5,41.1,29.5,46.5,24.1,29.3,13.9,40.3,34.1,9.11,3,3,0,Data Science,Frontend,AI Engineer
389,74.3,51.7,63.8,69.7,65.0,69.6,71.2,76.2,59.7,68.9,64.9,74.1,63.0,71.1,51.6,63.5,71.6,71.4,68.3,76.0,80.9,63.4,72.4,68.4,64.9,62.8,66.2,9.23,9,2,4,Data Science,Security,AI Engineer
390,22.4,28.5,25.8,28.0,42.2,39.0,38.9,33.8,27.2,28.7,16.6,27.5,43.0,29.6,35.4,28.4,30.7,38.9,30.8,40.2,37.2,41.3,8.6,31.6,40.7,12.2,46.3,5.5,2,0,1,AI/ML,Machine Learning,Backend Developer
391,37.3,40.4,40.8,40.2,48.4,44.5,38.1,57.3,45.1,36.6,44.7,42.0,33.3,26.5,32.0,31.6,27.2,43.2,30.9,43.1,59.3,50.7,38.7,37.7,23.9,27.0,61.2,5.5,6,1,2,Data Science,Business,Backend Developer
392,40.3,30.2,29.6,20.4,33.6,35.5,40.6,50.1,25.1,17.9,14.1,43.8,37.8,18.7,24.4,33.6,23.1,41.2,37.3,21.4,1.7,32.6,14.8,38.8,20.0,23.7,41.7,5.5,5,1,1,Data Science,Business,Backend Developer
393,43.5,41.0,28.9,44.1,47.8,32.1,34.9,61.3,38.2,51.3,46.5,39.9,42.7,45.9,45.9,54.5,48.8,61.6,39.0,68.5,67.6,45.5,35.7,38.0,37.6,47.3,62.0,5.5,3,2,4,AI/ML,Security,Backend Developer
394,29.9,10.6,45.0,22.6,30.1,33.8,31.6,27.8,22.6,34.4,15.1,32.9,46.4,29.5,23.6,30.7,24.9,37.6,46.8,19.9,31.7,30.5,55.6,48.3,24.0,28.4,36.9,5.51,2,1,2,Cybersecurity,Cloud & DevOps,Backend Developer
395,34.8,38.5,50.1,39.6,44.5,50.5,35.6,45.7,50.0,43.3,37.0,32.8,37.8,21.9,39.9,41.4,42.4,42.6,25.3,26.2,22.1,33.1,55.1,29.1,50.1,53.9,38.6,5.6,5,1,3,Data Science,Backend,Backend Developer
396,39.7,62.3,54.2,67.4,35.3,38.4,52.9,53.1,43.7,62.5,60.0,48.9,40.8,52.1,61.9,62.5,57.6,45.0,37.0,63.2,57.6,56.7,45.1,59.7,38.0,47.4,49.3,5.71,7,1,2,Cybersecurity,Machine Learning,Backend Developer
397,52.1,39.4,40.2,49.0,40.7,39.0,56.3,43.7,39.6,37.0,43.3,36.2,36.8,29.3,44.9,32.0,43.2,56.9,41.3,31.4,25.4,50.2,33.9,40.8,34.2,22.6,42.9,5.75,7,3,1,Cloud Computing,Backend,Backend Developer
398,56.8,76.6,60.1,45.8,54.9,57.0,58.9,50.8,59.3,55.4,55.1,58.9,47.7,60.3,43.0,48.9,55.6,48.3,52.0,32.3,39.2,45.9,65.3,56.7,60.9,60.3,65.7,5.78,11,1,1,Data Science,Full Stack,Backend Developer
399,34.9,29.9,37.6,26.7,40.0,56.4,40.2,63.8,28.3,37.7,32.0,26.5,41.3,35.2,56.6,32.7,31.6,17.3,27.0,43.2,29.4,36.8,36.4,22.8,31.8,27.1,40.5,5.82,4,2,0,Data Science,Full Stack,Backend Developer
400,39.4,44.2,34.3,35.1,50.2,38.4,43.4,49.6,37.7,29.1,36.0,44.0,49.5,50.7,48.1,50.7,39.9,31.5,48.9,31.1,11.3,48.7,25.0,15.1,29.0,48.7,38.6,5.99,3,2,4,DevOps,Frontend,Backend Developer
401,29.1,41.8,46.4,33.0,31.1,26.2,48.7,38.3,45.4,34.3,41.0,51.4,42.6,43.7,43.5,39.0,40.8,45.4,34.5,39.1,35.7,43.0,55.5,46.8,50.3,27.3,42.0,6.01,7,1,4,Business Analytics,Full Stack,Backend Developer
402,58.8,51.0,47.8,57.4,33.2,39.8,38.4,43.0,51.2,45.4,45.4,47.3,49.4,38.7,34.1,44.1,62.7,54.3,48.3,50.0,53.9,48.0,46.0,54.2,43.6,38.2,60.6,6.04,6,1,3,Data Science,QA & Testing,Backend Developer
403,40.6,59.9,39.2,56.8,40.7,39.5,50.5,36.0,48.3,55.4,48.7,37.5,42.2,32.3,28.2,42.7,49.3,20.7,35.9,32.7,19.9,25.2,41.8,34.7,40.7,30.4,30.6,6.05,3,2,1,AI/ML,Mobile,Backend Developer
404,34.0,35.5,47.3,43.9,42.7,49.8,43.3,36.7,49.6,49.1,45.3,49.4,44.7,51.6,43.3,50.9,30.2,54.5,49.0,42.9,53.9,57.5,15.4,52.4,34.9,28.0,39.3,6.08,1,1,3,Web Development,Full Stack,Backend Developer
405,34.4,53.0,52.8,38.1,37.1,31.1,40.6,35.3,55.1,53.5,61.9,46.2,48.4,32.5,42.8,39.9,48.6,36.3,41.5,28.0,28.8,37.0,27.2,41.1,30.4,26.6,49.4,6.08,7,1,2,Data Science,QA & Testing,Backend Developer
406,51.3,40.5,34.7,37.5,39.4,44.9,32.3,50.0,33.6,37.3,37.9,42.0,39.9,52.7,50.5,39.6,34.6,31.8,57.4,34.5,29.1,43.3,38.4,57.5,57.3,41.4,39.7,6.14,8,1,0,Web Development,QA & Testing,Backend Developer
407,52.3,43.0,39.6,45.2,45.5,45.3,37.3,54.9,56.5,51.8,53.4,63.6,42.5,65.8,63.4,52.5,40.4,61.1,76.2,66.3,54.2,60.9,56.0,51.1,51.1,60.3,43.2,6.18,2,3,3,Cloud Computing,Mobile,Backend Developer
408,53.8,36.1,26.1,64.3,71.4,66.4,55.7,60.1,37.2,54.3,46.0,36.8,56.7,43.9,55.4,65.8,35.1,53.5,50.9,72.7,54.4,58.7,52.5,57.3,52.0,54.6,52.9,6.19,7,2,0,Cybersecurity,Cloud & DevOps,Backend Developer
409,34.1,27.5,33.6,35.3,33.5,13.1,12.1,23.1,26.6,17.1,29.1,42.3,24.5,31.7,36.3,42.7,31.8,35.7,21.1,34.6,35.4,15.2,31.6,28.6,51.8,31.8,39.6,6.21,0,3,0,Mobile Development,Business,Backend Developer
410,32.4,48.1,49.0,17.1,39.0,35.5,41.0,31.9,39.2,36.0,39.2,19.1,48.9,41.3,36.1,37.2,30.2,38.5,23.8,22.2,25.8,29.8,13.7,40.0,27.0,44.7,37.1,6.23,2,1,6,Cybersecurity,Machine Learning,Backend Developer
411,59.3,52.5,36.9,56.6,53.0,52.7,56.1,63.2,52.2,58.3,35.1,64.6,56.3,55.0,47.5,47.1,54.8,64.4,51.8,46.4,45.0,49.4,44.9,47.8,46.6,70.5,48.9,6.23,3,0,4,Cybersecurity,Full Stack,Backend Developer
412,39.2,43.1,24.8,45.6,16.4,22.7,32.9,19.2,48.2,35.5,34.3,36.3,30.4,37.3,39.3,49.0,29.3,30.4,33.7,45.4,42.5,40.4,59.0,29.5,63.1,32.8,31.0,6.25,3,1,2,Cloud Computing,Backend,Backend Developer
413,45.1,50.3,47.2,49.1,38.4,45.0,37.5,39.9,39.8,61.4,51.2,32.8,52.5,59.9,62.1,42.7,44.7,34.1,26.2,52.7,56.2,41.8,44.0,45.9,61.1,40.6,24.8,6.25,3,1,0,Business Analytics,Cloud & DevOps,Backend Developer
414,32.4,30.8,48.6,36.2,28.1,15.3,38.0,24.2,44.1,33.0,41.0,31.8,42.2,27.9,38.4,27.8,34.2,38.6,25.2,34.2,37.4,20.4,39.3,51.6,29.9,27.1,26.0,6.26,2,1,2,Web Development,QA & Testing,Backend Developer
415,43.5,61.1,66.6,58.0,27.2,24.3,37.9,28.8,52.7,54.5,67.7,38.5,60.6,53.3,54.7,47.0,52.3,27.6,35.8,47.4,44.8,44.3,38.4,65.2,52.1,36.9,58.9,6.27,7,2,2,Data Science,Business,Backend Developer
416,53.8,36.1,53.2,40.4,43.8,39.3,39.1,28.4,41.0,35.3,34.5,55.0,46.3,41.5,47.9,59.0,44.3,51.3,41.1,50.2,48.7,47.5,44.0,43.8,31.4,33.8,34.6,6.28,4,3,4,AI/ML,Full Stack,Backend Developer
417,57.0,45.8,48.3,51.0,29.2,45.4,39.9,43.2,44.3,63.7,54.9,42.0,47.2,55.3,54.8,57.3,46.2,45.4,52.7,73.8,69.2,53.8,72.0,44.5,58.7,54.2,60.1,6.31,5,2,5,AI/ML,Data & Analytics,Backend Developer
418,20.4,41.3,34.2,13.9,40.5,52.3,34.2,40.8,28.2,26.6,25.1,36.9,29.8,38.9,21.1,32.5,17.7,19.5,24.9,23.9,14.5,34.4,44.6,27.3,37.1,38.7,17.0,6.34,6,2,1,AI/ML,Full Stack,Backend Developer
419,40.2,53.9,45.9,30.9,25.2,13.3,21.6,8.9,33.6,41.7,49.4,26.1,29.2,34.6,34.1,26.0,30.0,30.5,33.1,36.0,30.4,31.1,18.8,45.0,41.8,28.8,42.8,6.35,3,0,2,Business Analytics,Business,Backend Developer
420,46.3,56.9,44.4,48.5,38.0,36.9,35.7,39.1,52.0,37.2,65.3,36.7,40.7,52.8,39.2,39.2,34.8,48.5,38.3,39.4,60.9,47.1,41.3,55.3,65.7,38.5,58.9,6.35,5,1,3,Web Development,Full Stack,Backend Developer
421,50.9,49.6,44.2,42.2,34.6,39.7,48.8,48.6,37.4,30.7,43.8,64.8,54.7,68.8,43.7,56.5,43.1,57.7,62.4,41.6,29.5,52.1,54.5,35.2,51.8,49.6,37.1,6.35,4,0,3,Cybersecurity,Mobile,Backend Developer
422,43.5,37.9,35.0,34.6,59.2,49.0,54.8,53.3,56.5,49.3,37.2,54.9,48.9,30.4,52.2,51.4,41.2,65.8,59.9,31.0,26.6,44.8,52.3,48.0,52.1,50.7,40.5,6.39,2,2,3,AI/ML,Mobile,Backend Developer
423,60.3,50.3,50.5,59.3,59.6,47.9,44.1,34.3,66.7,56.6,52.1,57.3,52.6,63.3,69.5,59.2,42.0,49.0,48.5,47.1,55.8,49.7,47.4,60.2,49.8,50.0,59.8,6.41,5,2,1,Cloud Computing,Backend,Backend Developer
424,78.9,78.6,68.7,78.8,41.3,49.4,76.5,54.3,69.2,72.1,78.2,63.7,58.7,67.3,56.8,72.8,76.8,63.7,52.3,64.6,65.4,55.9,64.5,74.6,63.0,57.4,51.9,6.43,5,2,4,DevOps,Data & Analytics,Backend Developer
425,53.7,36.3,40.5,61.4,33.2,27.5,39.2,21.5,50.0,57.6,62.7,33.7,41.1,52.3,51.1,44.8,56.2,50.5,48.0,61.6,48.1,41.7,72.2,52.5,68.2,60.5,34.2,6.44,4,3,6,Cybersecurity,Cloud & DevOps,Backend Developer
426,44.3,47.1,33.9,60.1,51.2,56.7,45.1,55.4,52.3,43.0,58.1,41.8,53.1,51.3,40.4,48.6,46.0,43.0,50.4,58.6,55.3,50.3,41.9,40.1,40.4,38.4,69.1,6.45,8,1,1,Business Analytics,Data & Analytics,Backend Developer
427,18.9,34.1,53.4,34.9,51.3,56.6,43.0,46.6,43.9,38.4,21.8,40.5,43.4,31.4,24.9,28.2,29.5,30.2,26.0,35.0,24.4,19.9,31.8,21.9,31.5,31.2,58.6,6.46,2,0,2,Cybersecurity,Mobile,Backend Developer
428,24.6,32.8,30.1,29.7,44.5,49.5,53.1,60.4,39.5,34.0,42.0,31.5,49.7,51.4,44.5,43.5,40.8,22.1,27.7,9.0,21.9,29.0,31.5,46.2,47.7,37.5,48.5,6.49,2,1,2,DevOps,Cloud & DevOps,Backend Developer
429,37.6,64.6,68.1,37.5,64.4,67.4,77.3,78.2,66.2,51.9,47.9,64.5,51.7,57.9,46.6,56.9,52.7,38.3,29.1,45.5,50.4,46.9,47.2,49.4,49.1,63.7,49.6,6.5,6,1,2,Web Development,Frontend,Backend Developer
430,49.7,57.9,48.4,33.2,23.2,35.8,39.5,25.0,38.0,45.2,49.7,46.5,45.9,42.3,33.1,32.9,26.5,39.3,32.6,26.7,35.9,28.0,50.7,47.5,65.2,49.7,34.4,6.51,0,3,1,Data Science,QA & Testing,Backend Developer
431,52.7,47.0,67.1,53.7,49.1,66.3,48.3,53.0,52.1,48.9,56.8,51.8,63.8,51.6,64.7,52.6,71.3,40.5,47.7,65.3,56.1,60.5,53.3,42.7,68.0,49.8,62.7,6.51,6,3,2,Data Science,Security,Backend Developer
432,50.0,56.7,53.2,48.1,49.5,55.1,51.8,59.8,45.1,44.8,44.8,43.2,53.3,38.6,42.0,37.3,28.1,31.0,33.1,42.9,48.8,49.5,33.7,51.6,38.7,29.0,37.7,6.53,3,1,4,Data Science,Full Stack,Backend Developer
433,52.4,35.1,38.6,31.6,38.6,44.9,42.2,63.3,53.9,52.4,39.7,31.8,53.8,33.3,40.8,49.0,60.2,59.2,55.2,53.0,34.6,45.8,60.5,24.4,54.1,51.3,39.1,6.54,8,0,1,AI/ML,Frontend,Backend Developer
434,59.4,51.6,45.7,62.3,47.6,51.4,44.8,46.9,61.3,62.6,58.4,47.0,35.3,43.1,42.8,45.6,46.8,57.8,52.8,55.9,56.2,66.6,70.6,67.9,87.1,54.3,48.5,6.55,2,0,0,Business Analytics,Mobile,Backend Developer
435,25.1,38.0,48.9,30.3,47.4,54.2,50.9,33.3,46.0,44.0,37.2,42.7,43.6,35.0,32.1,36.3,24.7,35.7,33.2,38.4,32.7,31.0,47.5,42.8,60.7,30.9,41.8,6.56,8,1,2,Web Development,Frontend,Backend Developer
436,28.0,30.9,31.6,22.7,27.6,39.0,29.0,33.9,47.8,30.8,37.4,31.0,41.6,38.8,41.4,29.4,34.2,29.5,18.1,30.0,34.2,25.0,28.1,30.3,30.0,10.5,23.3,6.56,3,2,1,Cloud Computing,Cloud & DevOps,Backend Developer
437,29.7,33.2,28.8,41.3,53.3,52.4,45.2,45.6,36.1,44.3,30.5,35.3,31.5,23.6,8.4,26.5,24.7,13.2,11.5,35.4,39.4,29.3,32.5,17.1,52.2,43.0,24.6,6.56,4,1,0,DevOps,Business,Backend Developer
438,43.3,43.7,40.5,41.0,48.9,60.3,42.5,61.8,41.9,47.0,32.1,48.9,49.2,41.6,54.3,43.9,45.4,50.3,63.8,55.1,47.0,49.1,53.6,45.5,63.6,49.2,44.4,6.56,4,1,3,Data Science,QA & Testing,Backend Developer
439,33.6,43.0,23.0,30.1,39.5,61.1,50.2,37.2,30.7,29.5,20.3,27.1,44.4,34.0,36.0,31.2,18.0,32.4,40.2,32.2,35.0,44.2,32.6,20.2,21.9,44.8,29.1,6.57,5,2,4,AI/ML,Security,Backend Developer
440,36.9,33.9,32.4,51.2,64.5,45.3,61.0,51.0,47.0,56.0,57.9,43.6,37.5,36.5,32.1,43.3,42.2,43.7,32.5,55.9,40.0,49.2,31.0,22.1,50.1,36.4,40.4,6.57,5,2,3,Data Science,Mobile,Backend Developer
441,38.3,49.9,43.5,39.8,61.7,54.2,59.9,60.4,63.1,46.8,49.3,52.5,45.3,60.4,57.9,61.1,52.0,35.8,22.5,48.1,41.3,41.0,44.2,37.5,41.6,40.6,42.5,6.57,5,1,1,Web Development,Security,Backend Developer
442,47.5,44.1,35.3,48.2,51.8,52.8,45.8,36.7,67.8,41.6,53.6,47.4,55.0,59.0,58.7,53.8,44.6,40.6,57.4,30.5,41.7,45.7,28.3,59.7,34.3,30.5,32.3,6.57,9,0,4,DevOps,Full Stack,Backend Developer
443,31.4,39.9,40.4,42.6,34.5,25.1,39.0,21.4,40.8,41.2,40.6,39.3,44.2,42.4,43.0,43.2,55.5,25.9,23.4,36.9,27.7,14.8,47.9,41.1,54.6,41.2,20.1,6.58,3,3,2,Cloud Computing,Frontend,Backend Developer
444,38.6,46.0,45.1,33.5,37.8,65.3,49.6,46.4,34.3,40.3,33.7,39.2,43.6,38.8,38.9,49.8,38.0,47.7,36.8,50.0,24.0,38.3,22.0,26.2,37.6,47.0,57.0,6.58,4,2,3,Cybersecurity,Security,Backend Developer
445,48.1,35.0,28.5,33.6,29.8,28.4,28.2,36.7,39.5,44.9,31.7,45.3,24.5,41.1,47.5,32.3,26.4,52.6,67.4,57.7,52.0,44.4,32.8,58.3,39.1,19.0,46.8,6.58,5,1,2,DevOps,Machine Learning,Backend Developer
446,57.3,44.2,40.1,50.3,36.6,53.2,34.7,37.1,66.3,51.5,45.9,41.0,43.8,60.2,60.8,53.3,57.0,60.3,50.7,27.1,42.1,47.5,35.9,60.4,51.4,40.7,49.3,6.58,4,0,5,Mobile Development,QA & Testing,Backend Developer
447,22.2,25.5,38.0,25.3,19.0,28.1,19.5,37.6,19.2,29.8,29.4,28.0,37.2,34.0,31.8,31.8,26.2,27.9,43.3,34.4,40.3,29.5,48.1,9.8,55.1,51.8,24.2,6.59,6,1,1,DevOps,Security,Backend Developer
448,83.7,61.6,69.0,45.0,71.1,67.0,53.5,73.3,51.4,43.0,45.0,65.6,71.3,47.9,30.5,50.8,58.3,69.0,70.4,61.1,50.2,77.0,49.4,52.5,54.6,48.3,49.7,6.59,9,1,6,Web Development,QA & Testing,Backend Developer
449,36.6,36.3,33.6,44.5,35.1,38.9,46.3,44.7,50.4,45.9,45.3,34.0,47.1,54.2,56.2,48.3,41.1,29.9,24.2,31.3,50.7,40.4,49.8,40.8,27.8,34.6,46.8,6.6,3,0,5,Mobile Development,Cloud & DevOps,Backend Developer
450,28.6,43.2,30.8,37.5,53.7,35.3,42.9,26.0,49.5,65.3,42.2,46.6,37.1,43.9,35.3,44.2,33.6,33.5,27.8,30.0,21.8,28.6,46.1,30.0,39.6,36.9,48.4,6.61,4,0,8,AI/ML,Full Stack,Backend Developer
451,54.5,56.3,53.2,59.0,41.0,36.3,37.8,41.2,59.0,64.3,53.7,36.3,57.1,59.9,36.3,60.3,53.7,53.5,65.9,51.6,56.7,70.4,46.4,55.3,35.5,51.9,55.6,6.62,5,1,2,Cloud Computing,Backend,Backend Developer
452,63.4,53.0,59.5,44.7,53.5,52.9,51.9,56.2,48.5,43.5,43.5,49.1,53.5,32.8,33.9,42.0,41.4,60.0,61.6,53.1,46.9,68.0,34.1,48.0,27.4,41.2,51.3,6.62,6,1,3,Mobile Development,Machine Learning,Backend Developer
453,37.7,34.6,28.0,34.3,41.9,43.1,23.6,46.4,32.2,23.5,31.2,32.9,33.9,49.6,19.1,41.4,17.5,29.6,31.6,42.9,44.5,21.5,41.8,28.2,39.2,42.9,30.7,6.63,3,2,3,Mobile Development,Frontend,Backend Developer
454,41.8,43.1,27.1,26.4,26.4,30.5,26.8,33.4,20.8,44.8,44.0,30.1,28.5,26.8,35.9,25.8,24.1,36.8,25.7,52.7,48.2,46.4,38.6,28.6,22.9,27.5,51.0,6.63,3,1,2,Cloud Computing,QA & Testing,Backend Developer
455,40.6,59.0,49.2,21.0,56.9,50.2,48.5,54.9,47.4,36.9,36.3,43.9,41.6,41.5,29.3,22.4,53.8,39.5,38.2,44.6,41.9,38.7,49.9,32.1,48.2,39.3,58.6,6.64,2,1,2,AI/ML,QA & Testing,Backend Developer
456,51.7,58.8,56.2,40.7,46.2,38.0,46.7,48.3,41.0,51.1,55.1,61.9,49.5,45.8,49.7,50.5,52.3,46.0,69.3,18.1,37.9,55.9,46.2,34.9,40.8,51.9,45.4,6.64,7,0,4,Data Science,Backend,Backend Developer
457,28.0,36.9,17.1,15.7,47.6,32.8,37.4,43.7,35.0,30.6,34.9,27.3,40.6,22.8,38.7,33.9,31.4,31.5,40.2,23.7,15.7,32.4,36.7,24.5,33.8,34.4,30.8,6.65,3,0,2,Cloud Computing,Mobile,Backend Developer
458,44.6,31.8,23.7,46.9,25.8,22.3,36.2,26.0,31.9,55.0,53.0,40.9,27.8,39.8,40.1,34.0,42.0,43.7,56.1,45.6,53.2,46.7,39.8,34.8,34.1,15.4,32.7,6.66,4,0,3,Web Development,Frontend,Backend Developer
459,49.3,41.7,43.2,41.9,29.0,30.8,41.2,50.2,30.4,43.0,40.3,41.8,46.5,38.9,35.2,34.7,46.0,66.8,52.7,55.1,46.9,59.3,54.5,53.4,57.1,48.5,48.0,6.66,3,1,3,AI/ML,Machine Learning,Backend Developer
460,19.7,31.5,31.9,33.3,38.2,52.5,42.6,35.5,36.9,41.4,41.8,40.9,23.9,38.0,50.7,33.5,40.3,22.0,23.4,25.1,36.4,20.3,56.0,23.0,63.4,44.0,25.4,6.67,5,1,5,Cloud Computing,Full Stack,Backend Developer
461,24.8,43.2,39.7,33.9,59.7,49.6,54.7,51.7,46.1,46.0,48.0,34.5,44.0,47.1,44.7,36.5,47.1,31.9,40.6,48.6,31.3,28.8,30.8,41.8,27.8,30.2,42.8,6.67,7,1,3,Cloud Computing,Frontend,Backend Developer
462,33.2,30.3,44.6,38.0,44.8,68.8,50.3,39.5,36.1,46.8,37.9,34.1,38.5,33.9,32.3,30.5,28.2,30.4,32.2,41.2,41.3,34.3,48.3,43.5,28.5,47.7,35.1,6.67,6,1,3,DevOps,Data & Analytics,Backend Developer
463,35.9,34.3,36.1,24.7,77.2,65.2,54.2,50.5,47.9,31.4,27.4,27.1,43.1,25.9,32.7,33.9,33.3,23.0,27.3,15.2,15.3,21.2,51.6,47.6,40.7,47.9,32.0,6.67,7,2,0,DevOps,Frontend,Backend Developer
464,43.0,19.5,18.0,41.1,49.4,54.6,51.7,53.6,34.0,36.1,38.6,33.1,29.4,26.1,17.3,13.2,28.4,35.3,37.7,47.8,44.2,30.9,48.0,26.5,38.1,33.1,33.4,6.67,4,3,2,Data Science,Full Stack,Backend Developer
465,67.0,59.2,69.3,60.2,54.2,58.2,52.6,47.9,48.6,41.8,60.5,58.0,59.9,43.7,47.5,32.2,50.6,62.2,69.0,65.5,74.6,70.5,78.3,46.5,75.9,72.4,77.9,6.67,13,3,5,Cybersecurity,QA & Testing,Backend Developer
466,9.7,25.3,11.7,7.6,38.3,42.5,30.5,34.8,36.6,17.7,24.0,22.3,30.4,5.9,11.2,7.9,7.5,25.7,16.3,4.2,8.1,1.7,13.9,24.5,29.3,0.0,12.1,6.68,4,1,1,Data Science,Backend,Backend Developer
467,54.8,41.4,28.9,49.2,70.2,60.4,59.9,71.6,53.9,60.4,49.4,48.2,48.5,48.9,43.2,36.1,39.8,33.0,33.3,43.0,45.9,49.2,40.8,38.9,20.2,40.2,41.6,6.69,10,0,2,Mobile Development,Backend,Backend Developer
468,65.6,71.7,69.2,38.5,63.5,57.1,56.5,55.1,53.6,52.6,50.2,47.8,45.9,66.9,65.6,56.6,50.8,53.7,48.8,40.7,31.9,53.2,57.7,54.0,43.3,58.9,55.7,6.72,6,2,3,Cybersecurity,Business,Backend Developer
469,45.1,49.9,44.6,45.2,55.5,54.1,47.0,56.8,51.2,59.6,55.2,40.5,39.8,37.8,38.1,45.0,50.0,56.5,55.6,42.7,43.3,54.4,18.3,31.7,30.2,31.5,35.5,6.74,5,1,1,Web Development,Frontend,Backend Developer
470,43.7,40.0,38.2,14.6,39.3,37.4,35.5,54.2,48.8,24.1,34.1,35.8,42.3,35.0,36.8,46.8,42.6,46.9,36.8,12.5,27.1,41.0,32.7,36.2,18.7,34.2,32.0,6.75,5,1,1,Cybersecurity,Cloud & DevOps,Backend Developer
471,32.2,46.4,38.5,54.0,54.6,52.1,63.8,60.4,62.5,48.7,65.0,66.0,53.5,50.8,43.4,48.1,50.8,33.3,21.8,35.1,37.7,28.2,32.8,69.0,50.8,35.7,44.6,6.76,4,2,3,Cybersecurity,Full Stack,Backend Developer
472,40.8,50.2,50.9,30.8,47.1,35.2,40.2,45.0,37.7,44.1,32.7,35.8,34.2,24.8,37.1,43.0,47.9,40.6,47.4,18.5,19.3,39.6,41.7,36.3,8.5,19.3,49.2,6.77,2,1,1,Web Development,Full Stack,Backend Developer
473,47.4,33.8,43.2,37.1,26.3,12.8,17.7,17.2,27.3,40.2,22.8,33.2,25.6,42.9,29.2,45.2,44.5,57.2,47.8,38.2,43.4,47.2,26.7,52.5,16.5,30.5,51.1,6.77,2,0,4,DevOps,Backend,Backend Developer
474,55.4,62.8,45.8,60.1,77.3,62.6,52.2,64.3,66.8,54.5,54.5,51.6,57.6,48.7,38.1,32.6,60.0,36.9,50.4,52.0,50.6,54.2,53.8,53.5,50.0,42.1,50.6,6.77,10,2,2,Business Analytics,Business,Backend Developer
475,34.0,50.2,30.2,46.6,46.7,55.8,44.9,43.7,50.8,53.3,55.0,40.5,39.4,47.1,25.4,38.8,54.7,38.4,36.9,35.5,40.9,31.8,40.5,37.4,36.8,29.9,41.7,6.78,5,1,3,Web Development,Full Stack,Backend Developer
476,16.9,11.7,16.9,14.6,13.9,11.4,23.9,12.8,26.8,25.2,22.8,18.8,21.6,10.5,17.8,18.3,15.1,15.8,25.4,11.8,6.9,19.1,6.0,18.0,19.7,8.2,29.6,6.79,3,0,0,AI/ML,Cloud & DevOps,Backend Developer
477,34.9,40.0,25.7,25.6,24.4,33.9,40.8,41.3,24.3,25.8,28.2,34.9,24.1,26.3,30.0,20.6,29.2,25.8,22.0,35.1,23.3,32.0,26.7,19.6,20.3,9.2,30.4,6.79,2,0,4,Data Science,QA & Testing,Backend Developer
478,49.5,47.7,41.4,58.8,29.2,31.2,30.5,40.1,44.5,58.2,59.1,60.6,47.6,68.4,58.7,62.2,46.0,47.4,47.7,61.0,59.8,42.5,41.1,61.8,53.7,35.7,43.8,6.8,3,0,2,Data Science,Mobile,Backend Developer
479,57.5,52.7,45.2,44.6,72.0,76.2,66.8,77.5,50.0,66.2,56.2,55.1,41.6,24.9,27.0,51.0,37.5,45.5,41.4,38.6,41.2,56.1,51.3,37.2,41.7,61.3,45.1,6.8,5,3,0,Web Development,Frontend,Backend Developer
480,60.2,65.7,59.3,51.5,43.4,39.3,29.4,29.6,54.1,47.1,55.4,56.6,46.0,44.1,49.0,50.0,27.9,68.5,52.9,61.3,63.7,47.1,30.3,64.8,55.7,37.4,67.0,6.8,6,2,1,AI/ML,Security,Backend Developer
481,28.2,30.1,31.2,43.1,39.2,37.7,43.8,32.0,43.1,38.2,42.1,33.9,34.8,45.5,42.8,44.0,34.7,64.9,57.8,64.6,35.4,40.7,51.4,41.3,56.1,50.9,24.1,6.81,3,2,2,Mobile Development,Machine Learning,Backend Developer
482,37.9,28.2,30.5,42.1,30.5,33.1,42.0,31.4,27.6,28.6,37.6,34.2,17.5,41.5,29.7,28.8,39.7,24.8,28.1,34.1,48.0,30.7,26.1,28.4,24.5,28.5,25.7,6.81,2,1,1,DevOps,Machine Learning,Backend Developer
483,60.0,48.5,27.3,54.9,51.7,58.0,54.4,67.2,56.1,80.1,53.3,58.9,52.7,56.9,58.7,51.5,50.7,55.6,62.5,61.0,55.9,52.9,51.6,34.5,42.5,56.0,57.7,6.81,10,1,5,Mobile Development,Data & Analytics,Backend Developer
484,30.6,35.1,43.1,42.4,23.2,20.8,32.4,27.1,38.1,39.8,44.2,24.2,52.9,50.1,43.5,45.5,48.6,38.9,38.2,39.5,52.1,40.7,46.3,55.9,42.6,39.6,23.6,6.82,6,0,3,DevOps,Cloud & DevOps,Backend Developer
485,41.2,40.7,42.3,39.9,53.4,27.1,41.9,43.1,46.4,40.1,34.0,45.5,40.0,67.0,55.3,51.2,44.8,37.8,46.5,32.0,38.7,33.2,38.1,51.6,31.8,52.0,51.9,6.82,2,2,5,DevOps,Cloud & DevOps,Backend Developer
486,48.8,46.3,43.8,42.8,34.0,25.6,32.4,25.2,40.0,41.5,31.8,29.9,39.3,52.0,53.4,48.9,41.0,49.0,29.4,44.7,37.4,39.9,26.1,61.0,41.6,33.9,52.6,6.82,4,0,4,Business Analytics,Full Stack,Backend Developer
487,42.6,43.2,51.8,41.6,21.7,23.6,37.2,20.0,38.2,46.7,36.7,40.6,30.3,41.2,32.5,35.6,41.3,32.5,29.0,45.1,23.3,38.9,11.3,46.5,22.9,20.4,31.9,6.83,1,1,2,Data Science,Machine Learning,Backend Developer
488,41.1,46.7,42.7,54.2,59.5,60.0,48.0,45.2,46.6,56.4,44.2,22.0,41.0,47.4,59.2,49.5,53.0,63.4,43.8,54.0,59.1,52.7,35.3,45.7,20.3,30.1,51.9,6.85,5,1,1,Cloud Computing,Backend,Backend Developer
489,53.1,50.5,41.1,55.8,44.6,53.4,48.3,58.1,50.2,52.4,35.2,43.3,60.7,48.7,49.7,60.3,40.4,51.2,54.1,35.8,35.5,47.4,21.3,40.8,32.8,30.8,15.5,6.85,7,1,1,Web Development,Backend,Backend Developer
490,32.7,17.2,29.6,28.3,37.1,35.9,26.5,25.4,17.3,18.5,31.1,23.3,29.4,32.8,22.4,24.0,23.4,28.1,31.8,28.7,30.8,25.6,32.3,21.7,31.0,29.4,35.5,6.86,0,2,1,Mobile Development,Business,Backend Developer
491,34.1,15.1,29.2,35.1,48.9,54.7,46.6,51.6,46.9,38.7,38.7,34.2,38.2,48.5,45.8,52.9,49.5,30.5,28.6,44.8,35.4,41.3,49.0,26.8,44.6,45.9,35.7,6.86,5,1,3,Data Science,Business,Backend Developer
492,34.4,46.9,48.1,41.7,43.8,53.5,39.4,39.2,47.4,48.0,43.6,34.6,47.6,47.1,38.8,45.2,48.0,40.9,31.9,52.4,65.7,34.2,55.8,45.9,48.2,67.6,45.2,6.86,4,1,1,Cloud Computing,QA & Testing,Backend Developer
493,43.3,41.7,33.2,36.9,20.4,27.5,25.8,15.1,30.2,32.0,45.1,39.3,19.5,25.8,33.3,32.0,26.8,47.0,52.1,33.0,29.6,39.3,35.1,41.1,38.3,57.9,24.3,6.86,5,2,3,DevOps,Mobile,Backend Developer
494,57.1,50.0,52.5,43.8,39.6,48.5,39.4,54.6,57.6,51.8,41.8,44.7,58.3,51.1,52.8,48.2,47.6,47.3,55.9,32.7,36.5,61.7,22.1,45.4,44.1,50.9,54.6,6.86,4,2,5,Web Development,Mobile,Backend Developer
495,68.0,55.3,51.5,52.2,47.3,49.6,52.8,51.2,37.3,42.5,50.2,40.9,42.0,41.0,50.5,36.0,50.4,45.5,41.2,49.8,66.2,48.8,42.7,53.6,28.1,32.4,68.1,6.86,7,1,4,AI/ML,Machine Learning,Backend Developer
496,21.8,19.7,42.3,48.9,25.8,13.6,16.2,18.3,33.5,31.0,29.7,24.9,32.9,39.3,35.3,24.4,32.7,38.8,26.5,38.7,48.6,13.3,46.4,46.7,55.9,39.9,30.1,6.87,2,0,2,Web Development,Cloud & DevOps,Backend Developer
497,49.6,62.1,50.7,38.0,39.4,49.4,43.8,59.3,37.8,41.3,35.3,57.2,60.3,62.6,61.7,46.7,36.7,49.2,62.8,35.8,37.0,64.4,54.6,51.1,53.4,49.3,70.3,6.87,8,3,4,DevOps,Business,Backend Developer
498,38.1,46.4,25.5,42.7,42.5,38.1,25.8,40.4,34.1,40.3,36.5,35.6,48.9,37.2,44.0,37.4,34.8,30.9,32.1,39.3,44.7,33.9,38.3,38.4,46.5,24.2,43.8,6.88,5,0,2,DevOps,QA & Testing,Backend Developer
499,42.8,54.9,44.7,56.8,50.0,48.7,44.2,50.4,42.9,51.7,50.8,50.6,40.4,33.9,50.3,39.2,43.0,52.7,47.3,55.7,36.3,50.2,48.8,46.6,43.7,42.5,41.7,6.88,1,2,3,AI/ML,Machine Learning,Backend Developer
500,43.1,50.6,41.9,36.2,59.3,54.7,40.3,45.1,50.3,36.1,37.3,36.6,52.5,34.8,31.5,30.3,46.6,39.3,48.2,25.2,24.0,48.2,27.3,41.3,22.6,36.2,43.3,6.88,8,2,3,Web Development,Frontend,Backend Developer
501,67.2,59.1,48.5,74.1,75.4,75.2,69.0,68.9,65.0,61.0,65.7,67.2,59.2,52.7,43.0,43.0,50.8,65.4,73.3,70.9,70.2,81.0,66.6,56.3,60.6,64.3,63.5,6.88,10,1,3,Mobile Development,Frontend,Backend Developer
502,49.9,36.2,56.8,33.4,39.7,35.4,54.6,33.7,55.4,31.4,48.0,40.4,37.9,37.8,42.1,41.2,34.4,32.2,45.1,21.8,17.6,34.4,35.4,46.4,35.2,43.8,37.8,6.89,4,3,5,Web Development,Full Stack,Backend Developer
503,56.1,56.8,37.7,63.0,69.0,72.3,61.4,58.1,58.9,56.5,59.0,66.9,61.4,69.0,59.8,60.5,64.7,37.6,54.0,41.9,40.5,30.4,62.1,37.5,71.9,62.8,60.6,6.89,10,1,6,Data Science,Mobile,Backend Developer
504,38.9,40.3,50.6,52.7,45.5,53.4,37.9,38.0,39.8,34.7,32.2,44.6,43.7,43.6,47.9,51.9,46.8,43.1,38.8,65.7,63.1,44.4,40.3,36.1,34.8,39.9,49.2,6.92,9,2,2,Business Analytics,Cloud & DevOps,Backend Developer
505,46.2,46.9,44.7,60.1,32.7,33.1,47.8,40.8,66.9,59.8,49.4,43.4,50.7,69.0,63.1,68.0,53.4,57.5,51.0,45.9,56.5,45.1,57.4,53.1,52.1,66.4,33.2,6.92,10,3,4,Cybersecurity,Cloud & DevOps,Backend Developer
506,35.4,50.0,42.2,42.2,64.6,49.5,66.4,63.1,45.7,40.0,25.2,48.4,52.2,31.7,30.1,40.0,44.9,43.2,40.9,51.8,45.2,45.3,52.6,41.6,62.6,45.0,48.0,6.93,6,1,2,Web Development,Mobile,Backend Developer
507,34.0,33.2,25.6,30.3,34.1,30.8,31.2,39.0,38.5,32.0,31.7,37.5,35.3,41.4,41.2,35.8,46.4,13.4,35.9,20.9,12.7,27.5,23.4,26.4,21.4,23.0,35.7,6.94,1,2,3,Web Development,Security,Backend Developer
508,43.9,77.7,61.4,60.1,26.4,36.3,45.6,35.3,48.7,63.4,67.7,53.1,61.1,71.3,58.9,74.6,64.7,51.6,51.7,40.3,21.0,46.5,29.2,71.1,54.6,49.3,51.3,6.95,4,2,5,Cloud Computing,Data & Analytics,Backend Developer
509,57.9,58.1,58.9,52.3,64.9,66.8,57.3,34.0,67.2,52.6,59.4,55.9,63.4,54.9,73.0,49.6,60.8,54.8,54.1,41.7,38.4,49.5,62.5,56.7,54.7,59.9,50.6,6.95,4,0,3,Business Analytics,Frontend,Backend Developer
510,68.7,75.9,78.4,76.7,81.3,69.2,73.2,65.1,83.3,92.3,80.0,77.0,71.4,72.4,82.9,75.0,75.2,70.6,63.9,75.1,78.1,60.5,83.4,70.4,82.7,87.6,59.2,6.95,6,3,3,Data Science,Backend,Backend Developer
511,13.3,21.4,5.4,15.2,25.3,25.3,29.6,27.3,27.2,23.6,9.6,29.8,22.5,27.1,28.8,20.8,22.9,26.4,25.3,36.5,28.3,17.7,64.9,27.1,51.1,56.7,27.2,6.96,4,1,4,Cloud Computing,Backend,Backend Developer
512,23.1,45.1,41.3,42.4,51.7,44.6,41.7,35.8,32.4,51.8,19.3,39.7,40.2,51.3,32.2,40.8,37.7,38.6,32.0,41.4,53.1,32.2,58.5,35.3,69.6,47.1,35.4,6.96,7,1,3,Cybersecurity,Frontend,Backend Developer
513,24.4,27.5,15.3,24.0,3.7,15.9,12.0,19.9,12.0,28.4,11.8,20.2,31.7,28.8,27.9,17.5,16.5,30.2,39.1,47.4,40.9,33.3,27.0,12.9,17.9,31.9,21.6,6.96,4,0,0,AI/ML,Business,Backend Developer
514,26.9,58.8,46.1,37.0,49.3,54.1,62.9,39.3,64.9,69.9,64.2,23.7,64.6,57.3,34.4,49.0,65.1,31.4,22.2,32.0,36.0,24.0,42.5,49.5,37.3,35.9,35.4,6.96,6,2,2,Cybersecurity,Cloud & DevOps,Backend Developer
515,30.9,23.9,9.4,17.9,49.1,43.0,36.6,37.3,20.0,25.7,13.9,31.0,33.6,13.9,25.1,22.7,24.3,46.0,40.3,31.4,28.6,35.8,28.3,21.5,20.2,32.2,26.1,6.96,5,0,0,Web Development,Machine Learning,Backend Developer
516,44.0,36.4,38.6,39.1,34.5,12.0,17.9,20.8,30.4,25.3,49.8,29.6,21.0,33.9,29.9,15.8,41.4,47.4,41.3,58.6,50.3,44.1,32.1,43.7,42.5,34.0,31.6,6.97,5,1,1,Data Science,Security,Backend Developer
517,57.9,37.5,39.7,53.9,30.4,24.6,41.2,36.2,44.6,44.9,42.5,45.1,29.1,28.0,37.0,40.9,49.1,50.4,49.1,57.8,50.0,56.8,45.1,35.5,38.5,31.7,34.8,6.97,5,2,2,DevOps,Mobile,Backend Developer
518,23.4,31.6,13.9,29.2,19.5,11.4,10.2,23.0,16.3,24.8,9.9,23.9,37.0,22.4,34.5,40.2,24.3,10.8,9.1,40.0,44.4,18.7,40.7,29.8,37.2,42.0,17.3,6.98,1,1,1,Cybersecurity,Mobile,Backend Developer
519,45.1,58.5,43.0,49.0,58.5,70.8,77.3,76.6,69.1,64.7,48.5,70.3,74.8,62.6,79.5,59.0,48.7,39.9,44.2,56.8,38.5,35.4,50.0,58.3,67.7,56.7,31.6,6.98,2,2,1,Web Development,Machine Learning,Backend Developer
520,71.4,63.9,71.1,71.8,67.3,76.0,70.4,76.5,66.1,78.0,81.2,59.0,59.5,72.8,59.0,68.2,69.1,64.6,53.3,77.9,80.6,62.2,76.4,70.2,71.0,85.0,64.5,6.98,2,3,6,Web Development,Data & Analytics,Backend Developer
521,32.8,48.4,48.3,43.2,86.5,56.0,70.4,76.2,51.4,62.7,51.1,49.0,43.9,69.1,61.3,41.2,59.4,35.2,36.2,48.0,37.9,29.5,53.4,59.0,47.7,71.9,48.7,6.99,4,1,3,Cybersecurity,Business,Backend Developer
522,59.1,50.1,60.8,66.0,38.4,49.5,48.5,40.7,55.4,63.9,73.9,60.6,62.5,47.2,52.1,52.8,70.7,77.1,75.9,69.4,65.0,76.7,66.9,62.4,45.2,57.8,64.9,6.99,6,3,7,AI/ML,Machine Learning,Backend Developer
523,39.5,50.0,44.4,53.2,50.2,40.1,51.9,39.2,47.0,56.2,39.6,29.9,35.8,49.4,56.7,48.3,43.0,37.2,30.2,29.3,32.7,42.1,42.8,47.0,32.3,36.9,45.1,7.0,6,1,2,Cloud Computing,Full Stack,Backend Developer
524,64.4,52.4,52.3,48.5,23.2,36.5,33.0,29.2,55.1,46.3,38.9,59.0,42.4,52.8,43.0,43.5,53.6,46.6,48.9,41.6,45.5,61.5,46.7,55.8,45.2,55.8,50.2,7.0,2,0,3,Mobile Development,QA & Testing,Backend Developer
525,34.1,14.6,25.1,31.9,23.8,12.2,21.1,20.1,27.9,18.5,44.1,28.6,26.3,28.9,40.0,24.3,17.8,24.0,17.6,22.8,39.0,21.0,19.0,24.2,28.0,26.7,24.9,7.02,0,2,0,Web Development,Mobile,Backend Developer
526,36.2,44.0,31.3,33.1,48.4,61.6,48.1,57.1,46.5,44.8,37.5,35.3,34.4,26.0,27.4,31.6,43.0,7.6,20.7,24.0,14.3,24.4,28.3,28.9,34.2,36.6,23.8,7.02,6,1,1,DevOps,Mobile,Backend Developer
527,41.2,46.0,60.8,52.3,30.8,23.0,40.9,16.3,58.9,47.4,45.6,51.2,48.9,48.1,57.9,54.1,51.9,26.2,34.2,45.0,46.7,35.3,55.0,37.5,61.1,44.7,38.6,7.03,6,2,1,Cybersecurity,Business,Backend Developer
528,34.9,36.3,30.5,17.7,35.2,16.3,21.8,37.3,21.7,5.2,28.8,39.3,33.9,30.4,45.9,47.4,35.3,27.0,46.5,13.4,24.8,47.1,33.3,33.8,21.8,31.8,28.9,7.04,1,1,2,AI/ML,Frontend,Backend Developer
529,65.6,60.4,67.0,56.7,55.3,54.6,60.5,56.0,50.9,52.1,42.6,54.1,62.8,52.4,60.7,59.6,79.6,62.5,66.6,47.9,48.8,53.8,73.8,66.1,62.5,55.5,60.8,7.05,8,2,0,Cybersecurity,Backend,Backend Developer
530,32.4,37.7,52.5,40.2,54.1,56.3,42.4,51.4,47.7,37.3,31.8,36.4,54.8,36.7,37.9,52.5,53.7,39.4,53.8,37.7,33.6,52.1,45.0,38.2,45.3,42.8,53.0,7.06,4,2,3,Business Analytics,QA & Testing,Backend Developer
531,67.0,64.9,67.9,48.8,57.2,53.4,50.8,53.7,41.9,49.1,31.3,59.7,58.9,54.5,50.9,54.7,60.4,36.4,64.3,40.1,40.2,58.6,56.1,54.0,68.2,55.6,60.4,7.06,4,2,2,DevOps,Mobile,Backend Developer
532,48.3,51.9,30.1,52.0,61.5,61.7,59.7,76.9,50.0,33.8,53.1,52.1,40.0,45.2,37.1,52.9,47.0,45.4,49.8,52.7,46.0,52.9,36.4,30.8,45.9,43.1,23.8,7.07,6,1,4,Web Development,Business,Backend Developer
533,38.6,24.6,13.7,35.7,25.0,15.9,25.0,22.6,26.8,33.6,47.5,34.8,26.4,41.6,35.6,29.3,24.5,32.0,20.5,54.8,42.3,33.7,54.6,23.1,48.9,40.3,33.0,7.08,4,2,0,Mobile Development,Data & Analytics,Backend Developer
534,59.5,50.2,39.8,35.5,57.2,42.0,43.4,38.5,51.6,39.2,45.1,46.5,60.6,46.1,37.7,64.2,38.4,53.5,47.7,43.8,50.2,58.3,45.3,51.4,40.9,49.6,42.8,7.08,4,2,3,Web Development,QA & Testing,Backend Developer
535,40.1,36.4,47.1,31.2,32.0,37.1,47.8,32.0,43.7,40.7,30.7,35.1,34.2,57.4,49.2,44.6,55.0,44.5,44.6,22.9,34.5,42.7,37.2,31.2,39.5,42.5,46.7,7.09,4,2,1,Cloud Computing,Backend,Backend Developer
536,30.8,34.7,23.7,36.4,32.0,24.9,25.3,36.3,43.0,41.0,54.3,23.8,45.6,49.6,43.1,39.6,44.5,16.0,18.9,19.5,23.0,22.1,13.9,35.2,41.7,30.0,42.6,7.1,4,2,3,Cloud Computing,Backend,Backend Developer
537,50.5,81.3,52.8,62.2,36.0,33.9,44.8,42.0,65.3,67.9,59.9,65.2,58.0,57.9,60.3,61.7,69.4,54.3,68.5,43.1,39.7,59.2,27.0,71.7,32.9,51.7,63.7,7.1,10,2,5,DevOps,QA & Testing,Backend Developer
538,34.4,44.6,42.8,28.4,20.9,34.3,44.9,34.2,36.4,35.5,46.2,58.0,44.8,38.9,38.3,45.8,48.3,46.5,53.7,35.4,20.9,32.6,40.5,36.5,65.2,43.9,39.1,7.12,0,1,2,Web Development,Frontend,Backend Developer
539,42.6,42.2,56.9,42.9,44.0,44.2,40.6,54.3,46.8,42.8,45.9,39.1,43.8,31.5,45.9,32.4,64.4,29.5,27.8,47.1,47.6,27.4,28.2,48.5,53.7,60.3,43.0,7.12,4,1,2,Cloud Computing,Mobile,Backend Developer
540,44.5,44.1,57.5,53.8,52.3,46.8,57.2,65.2,50.3,58.2,49.5,53.2,62.1,55.6,63.0,47.1,67.6,41.6,46.3,68.8,52.3,60.2,64.5,38.4,80.8,58.1,39.8,7.12,3,2,5,Data Science,Backend,Backend Developer
541,34.0,46.9,48.5,27.6,37.7,45.8,54.6,40.6,29.7,35.5,26.1,55.3,45.4,30.2,30.4,31.6,35.5,64.5,59.2,32.4,33.4,42.9,47.9,15.9,33.3,32.7,51.9,7.13,9,2,1,Web Development,Machine Learning,Backend Developer
542,53.3,47.9,59.8,41.4,33.9,33.8,29.3,30.2,32.2,21.4,34.4,46.5,39.8,36.2,53.8,38.5,52.0,52.9,55.8,23.5,22.1,37.0,31.9,31.9,39.5,41.2,52.3,7.14,2,1,3,Web Development,Cloud & DevOps,Backend Developer
543,43.5,58.9,65.7,40.8,27.6,26.6,43.9,45.4,61.0,51.2,46.5,57.1,46.0,59.7,55.0,51.9,62.1,38.1,40.5,36.0,37.6,40.9,54.5,57.7,51.1,56.6,57.6,7.17,0,3,1,Cybersecurity,Cloud & DevOps,Backend Developer
544,38.9,50.2,60.9,43.5,64.0,67.7,62.5,60.0,46.8,57.4,35.4,49.6,58.5,48.1,51.9,58.9,44.0,54.1,47.2,41.0,54.3,39.8,54.4,61.3,42.3,47.2,49.5,7.18,10,0,2,AI/ML,Backend,Backend Developer
545,43.5,64.2,54.6,46.2,40.5,35.9,53.1,44.5,47.4,55.7,54.4,55.3,54.4,42.4,51.7,47.4,45.4,49.7,55.7,53.1,49.6,44.7,58.2,67.8,47.2,60.6,53.8,7.18,7,3,2,Business Analytics,Business,Backend Developer
546,46.2,54.9,18.7,69.9,39.0,51.0,50.0,37.9,58.1,55.7,57.8,41.8,46.9,52.3,51.0,61.5,34.6,49.3,24.8,65.4,56.5,27.3,49.8,24.4,46.0,52.3,47.2,7.19,5,1,5,Cloud Computing,Cloud & DevOps,Backend Developer
547,49.1,41.4,62.5,25.2,50.7,74.8,55.6,55.8,40.2,29.1,35.2,46.8,45.6,28.5,38.5,34.2,39.3,50.9,59.6,50.2,39.6,42.5,42.7,51.0,39.3,56.3,30.5,7.19,7,1,5,Cybersecurity,Frontend,Backend Developer
548,31.4,43.0,30.6,50.7,41.7,38.4,43.3,46.3,53.0,58.6,52.1,45.5,46.6,54.4,46.4,43.9,36.5,37.2,37.5,39.5,43.4,38.5,23.1,49.3,30.6,20.3,46.7,7.2,4,0,1,Business Analytics,Business,Backend Developer
549,36.9,35.6,45.6,45.5,34.8,23.0,35.3,27.1,45.0,37.6,42.7,32.0,37.4,34.8,52.6,52.8,41.0,35.6,44.3,47.0,40.2,41.1,43.8,24.7,30.9,49.7,44.9,7.2,6,1,1,DevOps,QA & Testing,Backend Developer
550,63.5,54.4,48.2,52.5,45.1,17.3,40.8,42.0,48.8,60.2,57.7,39.9,50.3,53.6,60.9,63.3,62.8,55.7,60.4,34.3,43.2,45.1,61.6,55.2,61.2,66.4,44.3,7.2,6,3,6,Business Analytics,Full Stack,Backend Developer
551,39.4,37.1,42.1,31.5,32.1,16.4,22.7,23.5,47.6,45.3,47.7,22.7,25.3,38.5,52.2,46.2,25.4,27.7,23.2,31.0,48.8,27.0,27.6,20.6,37.8,29.8,23.2,7.21,4,0,1,Cybersecurity,Cloud & DevOps,Backend Developer
552,48.8,25.8,23.6,44.0,37.5,24.5,28.6,15.4,36.5,26.8,26.4,26.6,43.1,42.8,50.5,44.7,51.1,45.0,44.2,26.4,21.5,23.2,31.8,33.5,53.4,50.2,30.1,7.21,4,1,5,AI/ML,Backend,Backend Developer
553,27.5,39.4,33.4,16.1,26.3,43.4,33.3,29.2,34.2,16.6,14.0,26.8,25.9,12.1,20.8,29.6,28.5,28.4,25.0,21.5,22.7,38.2,28.2,26.1,37.6,30.1,33.3,7.22,7,0,5,Web Development,QA & Testing,Backend Developer
554,32.1,36.7,42.4,53.4,44.6,56.5,47.1,36.1,40.5,38.6,48.8,53.8,46.9,56.4,46.9,55.3,47.5,44.7,44.6,50.0,43.0,34.9,65.6,47.1,62.9,54.1,42.6,7.22,8,2,3,Web Development,Frontend,Backend Developer
555,32.5,50.7,51.5,38.8,20.1,42.5,38.3,31.2,56.8,51.2,60.0,37.6,37.4,55.9,54.5,60.0,43.5,53.7,55.5,58.3,52.8,53.5,55.5,46.8,55.4,51.4,47.9,7.22,7,2,0,Web Development,Machine Learning,Backend Developer
556,44.3,39.7,48.0,34.8,51.1,55.5,42.2,49.5,43.1,44.1,52.4,38.7,33.5,34.8,39.9,50.6,41.1,47.5,21.0,55.1,69.1,45.4,47.7,51.0,61.3,49.3,42.1,7.22,7,1,2,Cloud Computing,Business,Backend Developer
557,44.8,45.4,41.1,50.9,50.8,51.3,48.3,50.2,49.1,53.9,59.1,35.3,37.4,45.2,34.6,31.3,36.9,48.6,46.0,61.0,53.0,51.4,35.3,46.1,24.5,51.9,46.1,7.22,3,1,5,Cloud Computing,Frontend,Backend Developer
558,46.2,42.9,39.3,36.3,60.5,42.4,39.8,51.6,34.4,46.6,56.2,46.8,55.4,66.1,57.5,43.5,40.2,49.4,51.1,35.2,38.6,50.0,33.6,57.3,39.8,45.9,51.5,7.22,8,2,2,Business Analytics,Backend,Backend Developer
559,54.0,51.7,33.1,49.5,52.3,75.0,53.0,46.6,44.2,41.6,30.9,50.3,54.3,66.6,57.4,50.3,46.5,43.2,40.5,35.7,52.5,54.6,73.5,52.4,57.9,55.7,64.5,7.22,5,2,5,Business Analytics,Machine Learning,Backend Developer
560,35.3,53.5,47.3,14.3,40.4,45.4,40.9,31.0,39.0,30.9,36.4,36.9,35.0,49.7,40.0,42.9,43.2,31.6,29.5,28.0,40.2,42.4,42.9,50.5,43.2,41.0,43.6,7.23,8,1,3,Cybersecurity,Security,Backend Developer
561,36.6,41.7,38.1,57.7,46.3,56.1,51.6,41.0,40.6,56.9,39.1,34.2,34.2,40.0,35.4,24.4,44.3,44.6,37.8,54.7,46.2,32.7,36.9,40.8,34.4,19.5,53.8,7.24,6,0,2,AI/ML,Backend,Backend Developer
562,37.8,58.1,49.7,29.5,68.0,42.4,54.4,57.1,50.4,34.6,33.7,52.5,53.3,35.2,31.6,26.3,50.1,38.3,9.8,13.0,31.0,33.7,36.7,47.9,40.7,42.1,37.0,7.24,8,1,2,Mobile Development,QA & Testing,Backend Developer
563,63.9,36.1,60.6,57.4,52.2,57.0,65.7,70.8,65.6,58.7,72.5,66.1,54.2,37.7,44.7,34.2,51.0,65.9,54.3,67.0,59.6,51.6,49.2,45.2,64.8,36.3,50.6,7.25,10,3,3,Cybersecurity,Full Stack,Backend Developer
564,69.2,55.8,44.4,40.8,55.3,57.7,48.3,61.5,61.3,47.1,45.7,57.7,64.3,63.6,40.2,50.2,50.1,40.9,50.4,44.3,40.0,46.5,53.0,59.7,57.3,53.1,42.0,7.25,5,2,1,Cloud Computing,Machine Learning,Backend Developer
565,47.5,39.5,33.7,37.1,48.9,52.5,40.8,51.6,42.6,29.5,32.8,36.9,34.3,50.4,55.3,51.4,46.3,61.4,47.1,52.9,42.6,59.5,41.6,39.2,46.8,53.0,38.3,7.26,7,1,2,Cybersecurity,Security,Backend Developer
566,37.5,45.1,57.6,55.3,62.2,54.7,56.7,57.7,63.2,45.3,69.5,42.6,41.3,35.2,39.9,37.1,40.4,42.8,40.3,56.3,52.0,38.9,69.8,52.2,75.9,52.2,43.5,7.27,7,2,1,Mobile Development,Cloud & DevOps,Backend Developer
567,50.0,23.9,34.3,32.6,30.4,13.0,38.1,30.7,32.9,14.9,27.2,41.4,28.6,12.0,25.6,28.4,30.4,45.3,57.0,32.9,39.1,47.0,22.7,33.9,19.7,24.1,33.9,7.27,2,2,1,DevOps,Frontend,Backend Developer
568,34.9,36.5,27.3,47.4,37.2,12.5,30.6,27.9,31.8,33.6,27.0,37.2,37.2,42.1,23.3,24.3,37.7,41.8,54.6,10.4,15.0,33.4,30.1,24.3,16.2,10.6,21.4,7.28,3,0,2,AI/ML,Full Stack,Backend Developer
569,47.7,71.8,52.7,69.9,70.4,76.9,76.1,71.6,67.4,68.9,61.8,46.2,65.3,47.0,50.2,56.3,56.5,66.3,49.8,75.7,79.0,57.3,56.8,58.7,61.4,51.8,57.8,7.28,8,2,2,AI/ML,Full Stack,Backend Developer
570,34.0,41.9,19.9,28.5,46.0,39.4,42.0,23.2,58.1,52.8,38.9,40.9,45.3,48.7,63.4,49.1,40.9,26.2,18.6,20.1,41.6,31.1,53.1,16.0,34.6,26.7,28.1,7.29,0,2,1,DevOps,Cloud & DevOps,Backend Developer
571,44.4,50.3,51.0,61.8,48.5,68.3,64.7,54.6,54.7,66.8,54.2,44.1,60.6,62.3,57.8,47.3,68.8,60.1,56.6,56.1,75.8,43.4,44.3,42.8,74.7,57.6,54.8,7.29,5,1,3,DevOps,Full Stack,Backend Developer
572,53.4,47.6,30.1,51.4,57.4,70.4,57.7,49.7,49.5,47.1,42.1,61.3,53.5,50.1,50.6,51.5,46.5,51.1,62.7,37.1,29.1,53.2,26.9,46.2,28.5,37.2,36.4,7.29,8,2,0,Cybersecurity,QA & Testing,Backend Developer
573,32.6,37.4,46.5,35.6,59.1,54.9,55.0,46.7,39.8,36.7,49.3,38.0,32.6,37.6,38.6,43.1,31.1,38.5,35.5,45.7,44.8,42.6,52.2,53.1,37.8,33.3,42.3,7.3,1,2,0,Cloud Computing,Mobile,Backend Developer
574,53.4,52.0,38.3,61.0,57.0,51.1,53.6,59.7,51.5,46.3,62.5,42.9,51.3,45.5,43.7,57.0,53.3,43.1,46.7,63.1,54.5,64.4,50.7,37.7,57.2,49.1,61.9,7.3,9,1,3,DevOps,Full Stack,Backend Developer
575,54.9,60.6,59.9,44.8,36.7,22.6,43.0,28.5,70.7,44.8,72.6,49.9,49.2,45.9,47.1,48.6,66.0,42.4,43.2,42.3,39.7,52.2,55.3,57.5,50.6,54.9,38.2,7.3,3,0,1,DevOps,Full Stack,Backend Developer
576,56.2,50.9,46.8,44.2,40.6,23.5,41.2,33.3,60.1,35.2,59.6,30.8,29.8,67.7,35.5,46.7,45.2,44.7,51.4,54.8,66.1,42.0,57.2,45.7,37.4,54.3,39.4,7.3,3,3,1,Mobile Development,Mobile,Backend Developer
577,58.2,52.2,49.2,47.9,60.3,70.4,57.6,52.3,54.5,55.8,53.2,50.1,55.3,62.4,34.8,44.0,41.5,44.4,33.1,61.4,79.8,45.3,59.7,52.8,45.0,50.1,60.4,7.3,5,2,4,DevOps,QA & Testing,Backend Developer
578,22.4,31.9,36.7,33.4,40.1,32.3,37.7,29.2,39.3,38.0,51.0,31.2,25.8,33.4,30.6,26.8,21.8,10.0,30.2,39.4,37.5,26.7,36.7,35.3,33.6,44.6,43.7,7.31,6,1,0,Web Development,Backend,Backend Developer
579,28.9,42.4,36.5,35.2,30.3,18.2,22.5,33.2,31.3,28.6,38.1,31.2,38.2,27.3,27.8,32.4,32.8,44.6,29.6,26.5,23.2,34.9,18.0,24.3,22.8,33.5,52.0,7.31,5,2,1,Business Analytics,Backend,Backend Developer
580,66.6,53.9,51.9,58.7,65.4,50.1,58.6,66.1,51.7,48.4,56.7,61.8,56.7,52.8,55.5,48.1,47.8,51.8,59.0,52.4,54.3,70.9,43.4,62.9,40.9,57.5,76.0,7.31,9,0,6,Mobile Development,Cloud & DevOps,Backend Developer
581,39.2,39.9,32.2,41.2,35.1,47.8,38.7,47.5,52.5,40.5,34.2,41.1,41.6,46.4,49.0,39.1,52.3,38.9,28.7,33.2,29.2,24.0,33.6,19.0,22.1,30.2,38.6,7.32,4,2,1,Cybersecurity,Frontend,Backend Developer
582,44.8,44.6,45.6,38.2,31.4,26.3,38.1,26.6,41.8,44.1,43.3,43.7,53.9,40.1,60.5,52.5,47.9,35.5,44.4,37.4,40.2,44.6,52.9,49.8,42.8,53.1,44.0,7.32,6,1,3,DevOps,QA & Testing,Backend Developer
583,34.6,61.0,49.3,62.6,40.3,38.4,36.3,44.2,52.2,44.4,54.8,55.5,52.0,57.2,49.6,61.5,62.9,33.5,46.1,66.5,62.8,47.6,48.3,50.5,55.7,65.1,61.8,7.33,7,2,2,Cloud Computing,Data & Analytics,Backend Developer
584,24.9,35.0,29.5,43.2,44.9,34.4,46.4,30.2,38.7,24.1,28.9,33.5,38.2,38.3,32.2,36.5,24.9,44.6,35.4,44.5,50.8,55.9,33.2,41.0,44.7,34.6,42.1,7.34,8,2,2,DevOps,Cloud & DevOps,Backend Developer
585,62.4,65.9,75.4,48.3,70.5,66.3,55.7,62.0,53.1,67.8,54.1,68.0,55.2,41.2,72.6,56.1,51.1,57.4,65.2,30.9,29.5,49.1,31.4,56.2,56.8,42.9,50.1,7.34,10,1,1,Business Analytics,QA & Testing,Backend Developer
586,52.3,40.4,50.1,52.7,62.7,57.4,55.0,45.6,50.7,51.4,43.1,45.8,47.9,38.7,43.2,52.0,58.6,64.2,53.3,70.9,70.7,61.5,75.2,68.7,63.5,58.1,46.6,7.35,5,1,5,DevOps,Business,Backend Developer
587,61.6,55.0,69.6,63.5,55.2,40.9,60.9,43.7,68.4,52.2,73.3,56.1,61.6,65.0,51.3,65.6,59.0,61.4,60.5,61.2,39.5,64.2,39.2,73.9,64.0,40.4,62.5,7.35,3,1,3,DevOps,Business,Backend Developer
588,66.7,57.3,50.2,58.9,38.3,51.1,68.0,50.2,48.8,54.5,63.8,66.3,59.3,50.6,53.1,61.4,66.8,47.8,53.9,54.4,45.3,56.5,35.9,45.3,39.5,32.1,35.7,7.35,5,3,8,Data Science,Security,Backend Developer
589,19.9,35.9,26.6,24.2,36.8,35.5,29.6,28.3,17.4,13.5,32.0,25.6,40.0,22.2,31.2,19.7,30.1,36.4,37.5,27.9,29.1,34.7,58.8,48.6,54.1,47.8,27.2,7.36,5,2,3,Web Development,Mobile,Backend Developer
590,40.5,37.1,30.6,50.7,39.2,26.4,30.1,37.3,32.2,44.6,53.2,42.4,30.8,51.5,48.0,50.5,61.2,48.5,50.5,57.8,61.6,68.5,41.1,38.4,38.1,38.0,44.1,7.38,6,0,6,Data Science,QA & Testing,Backend Developer
591,40.9,47.3,35.2,33.5,48.7,37.6,46.7,50.6,50.0,30.3,34.5,56.3,37.2,50.8,40.2,49.4,44.6,47.4,46.7,24.5,42.6,45.2,51.1,34.0,38.2,54.2,37.9,7.38,2,3,3,Web Development,Cloud & DevOps,Backend Developer
592,17.2,29.6,28.5,26.8,20.5,13.5,22.7,3.7,33.9,28.5,32.8,15.2,18.2,29.9,8.9,19.1,22.6,39.3,31.1,22.1,27.1,19.7,17.6,43.2,16.6,34.0,27.8,7.39,1,0,0,Web Development,Data & Analytics,Backend Developer
593,27.9,31.0,39.8,51.8,24.4,0.8,8.0,27.0,34.6,36.1,36.8,36.5,31.6,37.7,16.8,29.1,37.5,40.7,39.9,51.0,52.2,48.2,24.3,24.1,24.7,26.9,18.3,7.39,2,0,0,Data Science,Security,Backend Developer
594,32.0,37.5,34.3,52.8,47.1,61.0,62.0,73.0,52.4,35.0,59.6,43.9,48.4,46.9,44.5,46.0,39.4,38.0,25.0,59.8,61.2,44.1,59.3,43.0,62.5,64.0,48.4,7.39,9,1,5,DevOps,Security,Backend Developer
595,36.4,49.7,55.3,61.2,43.8,45.9,51.7,45.3,74.6,41.6,51.3,48.5,46.2,41.8,38.0,54.7,57.6,32.8,37.4,37.4,40.1,35.2,21.7,50.3,20.4,37.5,47.5,7.39,10,1,0,DevOps,Security,Backend Developer
596,39.4,25.7,35.8,41.7,44.5,54.4,43.8,55.4,40.2,37.3,46.6,35.7,40.6,35.5,35.1,42.7,41.5,45.6,50.7,60.2,52.3,54.6,38.2,41.1,48.2,33.3,46.0,7.39,5,1,4,Cloud Computing,Business,Backend Developer
597,30.3,31.2,43.7,28.7,52.0,60.3,51.0,48.7,49.4,34.8,34.9,33.4,32.9,31.6,20.3,27.8,36.1,26.0,38.1,22.2,35.6,36.3,29.7,46.5,49.4,33.7,43.5,7.4,4,1,0,Mobile Development,Frontend,Backend Developer
598,36.5,49.2,58.4,47.3,48.7,44.0,38.1,34.1,57.2,55.2,48.1,56.6,52.6,39.9,37.6,26.5,35.0,38.1,49.2,44.2,31.6,47.0,38.3,28.7,63.4,27.8,24.2,7.41,5,2,1,Mobile Development,Mobile,Backend Developer
599,37.2,42.2,50.9,34.7,49.6,47.4,48.7,65.0,37.5,36.1,46.7,49.2,74.7,57.3,51.6,48.1,56.6,49.6,54.9,52.3,34.9,52.6,31.4,40.7,42.9,39.5,66.3,7.42,5,1,4,Cloud Computing,Machine Learning,Backend Developer
600,54.0,41.9,62.6,66.0,48.8,47.0,48.2,46.6,40.9,65.7,49.1,41.7,53.3,54.6,66.3,51.7,56.9,70.1,78.8,71.9,55.9,79.1,42.1,58.0,19.4,34.2,49.2,7.42,9,3,3,Business Analytics,Security,Backend Developer
601,56.9,72.9,69.1,47.0,44.8,44.2,58.1,40.7,66.8,53.3,56.3,56.1,62.2,53.7,61.4,53.0,61.2,74.4,71.0,40.5,51.9,57.0,68.1,67.7,68.1,71.4,62.5,7.42,5,1,1,AI/ML,Cloud & DevOps,Backend Developer
602,61.0,38.2,40.4,54.5,45.4,36.2,38.6,35.5,45.6,33.3,65.5,60.6,48.6,57.2,48.0,53.7,55.1,59.3,54.4,54.0,55.7,55.7,31.7,47.0,43.0,37.6,57.7,7.42,6,2,6,Business Analytics,Mobile,Backend Developer
603,43.0,60.4,60.0,53.0,65.3,83.0,56.2,70.5,70.8,51.8,46.4,53.8,48.8,65.0,51.5,50.7,53.7,50.7,48.3,34.4,39.0,38.0,36.6,55.7,46.3,59.5,49.0,7.43,6,2,4,Web Development,Frontend,Backend Developer
604,47.8,40.0,30.5,51.6,44.8,50.1,64.6,47.2,49.1,38.0,41.8,41.0,47.0,50.7,54.8,51.4,47.2,31.1,29.9,58.0,49.4,42.7,55.3,39.6,41.0,33.6,37.1,7.43,4,0,1,Cybersecurity,Backend,Backend Developer
605,61.5,65.3,72.3,54.4,30.5,34.5,46.7,40.6,70.4,65.0,56.8,65.8,44.5,69.2,60.4,69.8,61.9,54.1,75.1,39.7,27.2,62.4,40.1,64.4,46.9,52.5,45.2,7.43,14,1,2,DevOps,Cloud & DevOps,Backend Developer
606,70.3,79.7,85.9,80.0,44.5,52.9,56.0,39.7,60.6,77.1,80.1,68.3,76.0,75.2,69.5,66.5,74.2,74.0,73.0,64.3,79.7,83.4,64.7,90.6,61.9,73.8,79.0,7.43,5,3,3,Business Analytics,Business,Backend Developer
607,56.0,53.6,49.3,42.8,40.0,33.2,33.0,41.4,49.3,42.5,52.0,57.5,44.9,46.0,50.3,57.8,49.2,48.6,55.5,49.1,63.9,58.1,41.8,50.4,33.9,52.6,62.6,7.44,3,1,1,Web Development,Business,Backend Developer
608,31.7,48.9,35.3,25.8,49.2,39.3,29.8,37.4,40.4,44.6,29.8,38.2,58.7,69.7,61.7,58.1,56.9,26.9,35.8,40.3,43.7,37.1,59.9,34.3,55.2,65.3,32.8,7.45,6,2,3,Cybersecurity,Cloud & DevOps,Backend Developer
609,40.5,49.1,54.1,46.8,52.7,68.1,49.9,64.0,51.1,33.2,24.3,57.1,45.6,37.2,36.9,21.9,42.7,35.1,38.6,38.9,13.0,43.4,37.4,49.1,34.3,37.2,46.4,7.45,2,3,3,Cybersecurity,Data & Analytics,Backend Developer
610,47.4,39.1,52.0,45.2,56.0,53.9,49.9,41.0,48.0,59.7,49.9,35.2,50.9,48.0,55.5,41.2,60.1,46.6,41.3,36.9,48.8,47.2,48.9,46.6,64.0,58.6,35.9,7.47,6,2,4,DevOps,Mobile,Backend Developer
611,70.5,49.2,55.5,45.3,41.2,61.2,53.4,52.4,51.2,34.0,49.2,67.0,48.2,63.8,71.5,58.2,70.5,58.7,63.7,48.7,39.7,59.3,57.7,55.0,68.0,53.8,44.8,7.47,5,1,2,Cybersecurity,QA & Testing,Backend Developer
612,52.3,39.2,42.1,39.6,17.1,24.8,22.1,21.5,32.4,36.6,32.5,45.1,41.3,21.7,33.2,31.5,43.9,40.5,28.9,38.6,48.4,41.1,27.7,31.4,29.0,40.3,28.4,7.48,1,0,2,Data Science,Business,Backend Developer
613,38.4,48.0,32.7,28.1,61.3,77.1,50.8,54.5,46.4,33.8,35.0,48.9,45.9,55.8,47.1,41.4,39.2,37.1,33.9,35.2,31.0,29.2,28.2,50.7,33.6,50.9,41.1,7.49,5,2,2,Cloud Computing,Data & Analytics,Backend Developer
614,59.1,55.3,51.3,52.8,23.0,25.7,47.0,37.6,53.3,55.7,61.5,50.1,48.4,57.6,58.3,61.6,61.3,55.4,70.7,29.3,27.3,61.6,44.1,47.7,44.9,51.9,41.3,7.5,3,1,3,DevOps,QA & Testing,Backend Developer
615,60.4,55.4,52.5,57.3,61.1,68.2,63.7,69.2,67.5,59.3,61.8,63.4,74.6,51.7,69.2,71.5,75.3,41.2,43.6,45.1,62.4,37.9,56.9,40.5,39.3,61.2,51.1,7.5,8,3,5,DevOps,Machine Learning,Backend Developer
616,41.4,36.4,49.6,36.5,49.6,61.6,48.6,49.0,40.7,52.6,39.3,44.6,55.0,49.9,55.1,56.0,42.2,40.3,43.1,36.2,37.7,53.0,62.9,69.5,64.1,40.3,56.8,7.51,9,2,1,Cloud Computing,Business,Backend Developer
617,26.3,34.3,39.5,23.2,22.7,9.8,21.0,19.3,30.0,11.4,26.0,26.6,24.5,18.6,12.2,25.1,50.2,20.2,22.5,14.0,25.4,35.1,29.0,33.0,24.8,22.0,24.7,7.52,0,1,1,Web Development,Cloud & DevOps,Backend Developer
618,54.3,65.0,45.1,67.7,77.9,75.8,64.5,73.8,68.2,59.1,60.5,65.8,57.8,60.2,51.9,52.5,72.6,54.9,56.6,67.4,48.3,54.6,51.2,54.6,29.4,41.9,61.8,7.52,13,3,2,Cloud Computing,Backend,Backend Developer
619,67.8,48.2,60.3,48.7,34.2,27.7,37.8,38.0,41.2,51.9,41.2,39.2,60.0,52.2,44.8,54.0,44.2,63.0,51.4,43.0,44.3,51.6,33.1,62.7,34.6,29.4,45.9,7.52,6,1,1,Cybersecurity,Cloud & DevOps,Backend Developer
620,32.6,63.7,39.9,26.9,39.4,38.4,43.9,34.9,28.8,46.9,45.2,57.4,33.4,31.5,35.5,26.1,41.0,36.0,16.9,31.6,19.9,36.6,39.5,37.5,36.8,44.6,21.9,7.54,3,1,1,AI/ML,QA & Testing,Backend Developer
621,18.4,37.0,47.3,43.3,57.2,56.3,57.3,67.8,27.7,40.9,31.2,42.7,42.9,54.1,47.1,47.1,22.5,46.9,31.9,37.5,42.9,40.4,56.5,43.6,56.3,44.5,29.1,7.55,8,2,0,Mobile Development,Frontend,Backend Developer
622,43.9,46.1,59.5,35.4,61.9,74.3,65.3,63.7,61.1,50.2,55.1,42.6,38.7,31.4,48.8,44.0,42.0,41.3,39.0,42.9,25.3,50.0,49.4,55.8,63.3,53.8,45.2,7.55,10,1,3,Data Science,Backend,Backend Developer
623,48.7,59.3,49.5,59.4,71.1,71.6,89.8,65.4,78.3,62.0,53.9,57.5,57.0,76.6,81.2,75.1,64.5,45.7,46.2,63.0,60.6,56.3,69.3,49.8,76.6,65.0,58.9,7.55,6,3,2,Cloud Computing,QA & Testing,Backend Developer
624,49.8,49.6,53.0,59.8,72.8,53.3,52.9,59.7,51.4,51.6,51.0,40.6,47.9,38.7,52.6,35.5,53.0,67.3,62.6,72.3,68.7,64.8,69.5,44.0,42.4,44.2,49.7,7.56,7,1,5,Web Development,Business,Backend Developer
625,55.4,50.8,48.8,50.6,35.2,35.6,54.1,31.7,53.2,50.9,42.6,51.3,31.6,54.8,58.9,56.1,57.8,40.9,22.7,42.2,40.9,34.7,73.4,33.2,51.1,55.5,41.6,7.56,9,3,1,DevOps,Full Stack,Backend Developer
626,64.5,44.7,43.1,61.3,22.8,40.9,31.2,39.7,43.6,48.2,52.8,37.3,45.4,56.4,45.7,53.6,51.3,68.6,63.2,60.1,68.6,56.8,53.3,46.7,57.4,49.1,48.9,7.57,8,2,4,Business Analytics,Security,Backend Developer
627,44.8,46.2,55.9,34.7,52.5,50.4,61.3,61.3,35.1,38.5,43.3,58.8,49.5,53.5,54.6,47.2,36.4,42.0,38.6,34.6,42.6,38.0,58.0,50.7,48.0,61.6,37.0,7.58,6,1,4,Mobile Development,Backend,Backend Developer
628,55.0,59.7,63.4,56.5,36.7,46.1,51.0,61.5,71.3,54.6,59.8,43.7,70.4,57.1,66.0,47.5,61.0,47.7,55.8,49.9,47.4,69.8,49.3,45.0,57.5,60.5,45.3,7.58,8,3,2,Web Development,Security,Backend Developer
629,68.5,79.7,73.7,67.1,67.7,72.0,70.6,81.7,81.9,88.2,91.9,66.2,79.6,82.1,91.1,65.4,72.8,57.8,49.9,71.3,74.0,61.1,72.3,63.5,87.2,95.1,80.5,7.59,8,3,7,Data Science,Data & Analytics,Backend Developer
630,36.9,28.3,43.7,29.1,61.5,51.9,58.1,61.6,33.0,40.3,17.4,39.7,39.5,48.5,56.5,48.3,48.5,47.1,57.8,46.1,36.2,49.3,39.9,42.9,56.6,62.0,54.4,7.6,7,1,1,Cybersecurity,Data & Analytics,Backend Developer
631,76.1,68.2,74.2,59.9,55.5,28.2,48.1,30.3,59.1,70.5,70.3,63.9,56.5,61.2,47.8,64.5,63.3,80.5,69.7,65.1,67.6,61.7,65.5,81.3,80.1,61.4,73.2,7.6,8,1,4,Business Analytics,QA & Testing,Backend Developer
632,62.5,68.1,67.3,55.0,82.6,87.2,79.1,81.7,77.2,57.3,61.4,62.0,74.2,62.5,61.5,65.0,76.8,68.3,49.2,73.0,66.1,65.3,65.4,77.4,69.1,59.2,70.4,7.62,4,1,9,Cloud Computing,Business,Backend Developer
633,31.1,37.3,35.1,38.2,47.6,59.4,58.0,51.3,58.7,44.8,52.8,53.4,41.1,32.3,42.0,42.8,37.6,31.2,28.6,49.8,46.7,25.6,37.7,46.3,33.7,43.6,48.0,7.65,5,1,0,Business Analytics,Full Stack,Backend Developer
634,50.5,58.6,67.3,53.1,54.1,61.8,61.7,50.7,74.9,74.4,79.6,56.8,55.3,56.9,73.6,76.4,49.1,55.2,45.1,51.9,65.8,51.1,61.5,51.2,46.1,57.8,57.7,7.65,4,1,2,Cloud Computing,Backend,Backend Developer
635,62.3,54.8,50.6,58.0,66.9,76.9,59.2,61.3,56.1,53.6,62.4,69.5,55.2,59.6,49.1,60.8,77.2,53.1,57.0,66.7,53.1,67.3,60.7,52.2,33.7,59.6,49.7,7.66,11,2,2,Mobile Development,Data & Analytics,Backend Developer
636,66.1,71.2,94.3,56.2,50.1,41.8,44.1,36.2,53.7,54.2,58.1,59.5,43.2,56.0,62.4,63.3,64.5,51.4,39.9,51.5,66.5,56.7,42.0,59.5,54.3,51.2,57.8,7.66,3,3,6,Cloud Computing,QA & Testing,Backend Developer
637,42.2,53.3,58.6,52.8,36.8,26.3,37.8,42.6,52.0,45.2,46.9,40.3,45.4,34.1,48.1,38.2,38.6,44.5,32.5,22.3,29.0,37.6,31.4,43.3,11.3,28.1,35.6,7.67,6,3,0,Data Science,Full Stack,Backend Developer
638,46.2,32.7,58.1,26.1,30.1,28.5,32.2,48.8,25.5,30.7,41.9,48.2,31.2,32.8,48.1,28.2,49.2,27.6,34.3,29.6,62.4,39.1,44.0,65.2,57.6,47.3,53.0,7.67,4,1,2,Web Development,QA & Testing,Backend Developer
639,53.3,48.8,43.6,38.6,34.5,39.7,42.5,31.0,49.5,42.9,29.5,49.4,40.9,52.2,47.6,51.6,42.5,50.2,46.0,20.4,27.9,56.4,61.5,50.3,37.8,56.0,47.7,7.68,3,1,2,DevOps,Security,Backend Developer
640,54.0,57.9,39.3,56.4,38.8,14.8,40.2,27.7,43.2,55.7,42.5,41.7,52.2,48.5,44.4,46.4,49.3,41.9,33.3,32.3,36.7,40.5,19.8,53.3,40.3,24.7,46.0,7.68,4,0,3,Web Development,Security,Backend Developer
641,57.3,53.8,55.6,48.4,59.7,70.0,62.1,73.8,56.6,64.1,60.2,60.3,56.5,52.5,49.3,51.5,49.0,57.6,41.8,62.4,76.0,64.7,44.2,59.3,67.1,61.2,68.7,7.68,3,3,7,Cloud Computing,Frontend,Backend Developer
642,59.8,56.3,74.6,69.3,43.2,23.6,53.1,44.8,62.4,67.9,74.2,47.1,51.9,63.9,75.6,66.2,70.7,53.0,55.8,59.2,72.5,54.1,59.8,53.3,83.1,71.6,63.8,7.69,6,0,3,Cloud Computing,Security,Backend Developer
643,50.0,43.4,48.5,52.1,54.7,43.9,45.6,39.2,28.3,49.6,49.8,53.0,61.9,42.7,39.9,44.3,40.5,52.5,62.0,57.0,61.3,59.6,47.2,49.5,54.3,36.3,27.3,7.7,2,2,5,DevOps,Machine Learning,Backend Developer
644,61.2,65.9,52.2,59.7,95.2,92.5,75.7,73.1,81.5,71.3,68.2,64.6,76.8,66.9,69.5,58.0,57.6,49.1,59.3,55.9,43.2,58.0,52.8,47.0,44.3,57.5,52.5,7.7,5,1,4,Cloud Computing,Frontend,Backend Developer
645,51.5,56.9,29.5,33.2,53.1,64.7,60.2,57.3,53.3,46.3,47.2,44.6,36.4,41.9,43.8,39.8,38.2,36.7,18.5,59.0,59.6,34.9,40.6,46.3,43.3,39.1,49.9,7.71,1,2,2,Web Development,Full Stack,Backend Developer
646,52.6,58.0,54.3,70.1,55.1,55.8,44.4,48.1,56.6,67.1,60.6,56.2,61.5,52.0,58.2,64.0,55.4,68.1,67.1,63.7,54.6,71.3,37.9,54.4,45.9,52.7,48.1,7.71,3,3,1,Data Science,Full Stack,Backend Developer
647,52.8,31.7,49.2,39.9,59.8,57.9,54.9,71.6,53.9,47.3,43.0,33.7,37.6,27.7,27.0,37.0,34.4,55.2,50.8,46.6,50.9,44.4,33.5,46.1,56.7,29.0,35.6,7.71,6,3,0,Web Development,Frontend,Backend Developer
648,64.9,50.0,49.1,54.6,55.1,23.9,55.3,39.3,58.6,60.7,45.7,48.6,57.9,56.3,56.4,54.7,65.0,58.6,63.5,58.8,52.5,61.6,59.7,51.2,65.6,66.9,54.4,7.72,7,2,2,Cybersecurity,Business,Backend Developer
649,37.5,17.6,28.0,45.0,28.9,42.4,35.5,32.7,22.1,46.7,50.4,35.4,26.1,39.2,49.3,38.8,28.7,64.8,52.9,44.4,49.7,50.2,30.8,44.8,38.7,40.7,34.1,7.73,9,1,1,Business Analytics,Business,Backend Developer
650,44.0,47.5,18.0,11.4,46.3,44.3,40.4,41.4,34.3,25.4,23.1,33.8,40.5,44.0,42.9,35.9,41.0,39.9,28.7,39.8,41.8,35.7,52.9,23.6,59.6,68.2,32.3,7.73,7,2,4,AI/ML,Full Stack,Backend Developer
651,44.0,72.3,42.4,61.1,32.2,37.2,58.7,38.2,64.4,66.6,80.3,56.5,58.9,57.4,70.5,56.1,64.6,40.5,24.6,59.8,60.1,41.0,54.5,55.4,56.3,68.5,59.2,7.73,6,2,2,Web Development,Cloud & DevOps,Backend Developer
652,48.0,52.4,56.4,37.9,34.4,28.0,29.7,23.1,41.5,39.4,44.5,36.3,25.4,42.8,47.2,29.6,39.5,31.0,27.5,44.4,48.4,39.1,50.4,48.4,41.3,53.0,52.4,7.73,4,2,0,Cybersecurity,Security,Backend Developer
653,32.1,35.9,40.9,31.5,31.6,51.8,44.5,42.4,40.0,33.8,25.1,39.0,39.7,30.7,21.3,16.3,9.7,32.4,39.3,46.3,47.4,30.3,42.1,47.0,39.0,33.2,34.0,7.74,5,1,2,Mobile Development,Mobile,Backend Developer
654,40.4,36.8,31.3,39.6,11.8,26.4,27.5,39.4,32.9,31.5,28.7,30.5,27.5,45.2,39.6,41.5,40.7,31.6,34.1,32.1,22.9,30.8,37.3,31.2,42.9,35.2,27.5,7.74,4,1,5,Mobile Development,Frontend,Backend Developer
655,53.7,43.9,42.2,54.6,42.1,40.7,47.9,38.5,35.9,39.3,35.4,56.1,35.4,48.5,52.7,50.9,51.8,38.1,39.8,50.3,56.7,58.1,46.0,42.4,31.9,25.4,48.4,7.75,6,0,2,Mobile Development,Full Stack,Backend Developer
656,38.3,40.3,38.8,69.7,52.1,58.4,66.1,62.0,54.1,55.7,46.3,41.5,60.3,36.9,49.3,37.7,51.7,45.0,28.9,52.9,62.5,43.2,56.7,38.7,40.2,48.3,30.0,7.76,10,1,2,AI/ML,Security,Backend Developer
657,49.7,54.1,38.4,49.2,70.4,69.3,61.5,56.1,49.9,49.3,40.8,54.4,58.5,52.1,49.1,66.9,46.7,46.0,63.0,47.2,56.1,42.2,49.0,42.1,59.5,80.1,45.3,7.76,5,3,3,Business Analytics,Business,Backend Developer
658,51.5,32.8,38.3,57.5,37.0,31.8,19.4,26.5,21.6,30.0,46.0,44.3,43.0,31.4,34.4,39.0,43.9,59.6,53.6,53.1,40.5,55.3,45.1,49.4,44.9,38.4,40.7,7.76,3,3,3,AI/ML,Data & Analytics,Backend Developer
659,61.7,75.0,71.7,65.7,72.5,68.9,82.5,86.4,86.7,72.2,74.3,82.9,75.2,91.4,78.2,71.2,75.6,57.7,45.0,59.2,45.6,61.2,60.8,69.8,55.4,59.8,67.7,7.76,12,2,4,AI/ML,Mobile,Backend Developer
660,63.3,59.9,52.7,55.6,80.5,78.3,76.3,78.7,70.9,72.2,60.7,56.2,60.9,62.4,65.9,53.7,36.8,80.1,74.6,76.4,68.4,65.0,56.0,58.6,56.3,53.3,42.3,7.76,7,3,3,Web Development,Data & Analytics,Backend Developer
661,59.6,47.8,69.1,43.7,37.0,30.5,41.5,36.8,51.5,61.7,51.0,54.2,45.7,53.1,43.3,59.3,41.0,48.2,45.2,43.9,41.5,58.4,53.2,64.6,70.3,60.3,57.3,7.77,7,1,1,Web Development,Machine Learning,Backend Developer
662,59.6,62.5,36.3,66.9,55.7,61.1,65.5,66.2,69.3,72.3,84.3,64.5,53.6,47.7,61.9,67.1,55.1,64.1,74.5,79.5,81.1,65.0,61.5,61.3,61.3,67.4,56.6,7.78,5,1,2,Mobile Development,Cloud & DevOps,Backend Developer
663,41.5,50.0,53.9,47.5,41.4,51.9,48.7,55.8,46.5,34.4,53.1,49.0,60.9,43.9,50.8,43.2,53.1,49.9,48.7,52.3,53.5,56.8,58.3,50.9,68.1,66.4,48.3,7.79,5,1,1,Web Development,Mobile,Backend Developer
664,47.2,32.6,43.5,34.0,60.1,55.8,64.7,60.6,35.5,26.3,19.3,40.3,46.2,44.5,46.1,35.2,37.3,49.7,47.5,32.1,36.4,49.2,46.5,41.9,44.3,61.5,43.5,7.79,8,1,3,DevOps,Mobile,Backend Developer
665,39.7,40.3,29.2,48.9,63.4,50.3,44.5,53.1,67.7,69.7,34.6,39.8,38.6,38.7,37.5,35.1,39.3,29.3,22.5,35.1,27.1,34.0,53.8,24.7,57.7,60.7,43.9,7.8,1,2,2,Web Development,Full Stack,Backend Developer
666,44.1,57.3,37.7,47.5,52.9,42.5,46.6,43.9,66.3,67.2,50.0,43.9,41.5,44.9,41.1,46.1,50.0,40.6,43.6,35.6,35.3,36.9,55.9,27.5,65.7,51.0,45.5,7.8,9,2,2,Data Science,Backend,Backend Developer
667,47.1,39.1,36.9,47.7,40.9,46.8,36.3,45.0,40.2,49.4,54.3,49.8,45.6,47.2,33.5,46.2,45.0,44.4,38.5,57.6,51.1,38.4,49.8,47.2,29.4,42.1,61.2,7.82,8,1,2,DevOps,Frontend,Backend Developer
668,57.5,66.8,56.4,70.2,28.0,24.8,41.2,34.5,59.0,68.0,83.5,56.1,60.3,70.5,63.7,55.2,61.4,68.0,70.5,51.8,58.5,68.6,41.5,72.2,33.2,50.7,62.5,7.82,4,2,4,AI/ML,Machine Learning,Backend Developer
669,49.5,51.1,51.8,35.4,34.8,45.7,37.9,47.3,43.6,31.4,35.0,49.8,51.4,64.6,51.0,49.4,43.1,50.7,57.2,36.2,40.9,50.5,67.7,36.5,72.0,74.8,50.1,7.83,9,3,4,Cloud Computing,Business,Backend Developer
670,53.7,63.8,51.0,59.8,60.2,68.3,73.6,61.6,69.6,68.2,80.4,57.9,50.8,56.0,56.2,49.0,45.9,58.4,52.6,50.9,59.3,49.4,27.6,48.4,48.2,54.8,59.5,7.83,5,1,2,Web Development,Mobile,Backend Developer
671,59.6,53.1,52.8,59.0,48.9,28.9,33.8,46.1,64.1,39.9,64.6,40.1,26.8,52.3,58.6,41.2,45.0,65.5,70.7,60.1,60.3,72.6,34.7,38.0,28.0,29.6,52.7,7.83,6,0,3,DevOps,Machine Learning,Backend Developer
672,69.2,71.2,73.4,80.3,65.1,60.6,91.6,66.9,59.9,61.5,75.4,61.5,70.1,59.0,49.2,54.2,44.6,72.1,50.2,70.4,70.4,71.7,66.3,61.7,61.9,62.9,72.6,7.85,8,2,3,Business Analytics,Security,Backend Developer
673,35.1,44.4,24.0,46.0,39.0,27.6,38.0,53.3,42.3,32.8,32.9,46.9,48.1,76.4,56.2,62.5,42.3,49.8,41.4,49.3,41.2,47.0,46.5,36.5,35.0,36.4,39.0,7.86,2,1,1,DevOps,Cloud & DevOps,Backend Developer
674,43.6,55.1,40.7,29.1,37.0,27.1,38.7,45.5,47.6,48.2,55.8,44.4,42.8,38.2,34.2,47.1,41.2,37.8,46.0,25.0,31.6,40.7,33.4,37.2,22.2,25.3,52.6,7.86,3,1,0,Web Development,Cloud & DevOps,Backend Developer
675,23.9,44.6,40.2,26.4,34.2,36.1,37.7,25.1,38.2,39.3,22.0,39.1,30.5,37.8,49.0,40.0,53.7,23.0,24.7,19.2,35.6,38.0,72.0,41.0,53.5,51.2,39.6,7.87,5,2,1,Mobile Development,Cloud & DevOps,Backend Developer
676,39.5,51.3,48.9,31.5,57.0,48.9,54.5,51.8,37.8,26.1,39.7,42.4,44.1,44.6,38.8,37.5,39.7,30.7,29.7,36.3,24.8,27.1,51.2,41.8,27.5,36.9,42.0,7.87,2,1,2,Cloud Computing,Cloud & DevOps,Backend Developer
677,57.6,65.8,62.0,67.3,63.7,49.5,56.9,63.6,66.4,54.7,73.0,66.3,51.8,58.0,64.4,65.3,49.3,56.6,67.3,52.1,60.8,61.0,41.1,42.4,49.3,38.8,56.1,7.87,9,1,5,Mobile Development,Cloud & DevOps,Backend Developer
678,53.0,41.1,40.2,47.2,49.0,41.3,42.5,49.6,36.9,31.7,38.8,37.2,39.5,56.0,53.8,51.2,41.6,46.6,40.4,45.1,36.8,43.3,34.3,33.0,29.1,32.2,36.8,7.89,6,2,3,Web Development,Frontend,Backend Developer
679,65.0,80.0,76.9,71.8,81.0,77.8,82.7,78.4,93.9,82.8,76.2,56.5,71.3,82.1,77.4,73.6,70.8,69.3,47.4,54.6,55.9,55.8,65.5,76.9,57.6,72.1,74.9,7.89,2,2,3,DevOps,Full Stack,Backend Developer
680,16.9,22.8,26.1,24.3,43.6,46.6,33.7,52.2,28.1,30.5,18.0,30.9,24.1,31.0,15.1,26.9,11.1,29.0,22.1,35.2,27.3,18.4,24.6,26.1,33.3,31.3,17.1,7.9,5,1,1,Cybersecurity,Frontend,Backend Developer
681,42.4,40.1,33.2,65.9,33.3,47.3,31.5,34.9,46.6,48.7,50.0,42.4,51.4,57.9,49.9,38.3,30.9,60.1,45.9,66.8,66.6,48.9,72.3,54.0,57.2,59.2,40.6,7.9,7,1,2,AI/ML,Security,Backend Developer
682,57.0,62.4,79.3,48.1,49.0,62.0,68.4,53.9,61.5,51.3,48.9,74.5,57.2,63.3,62.6,72.4,74.5,73.3,73.7,28.4,35.5,60.7,66.5,56.3,58.1,65.5,66.3,7.9,2,2,4,Web Development,Cloud & DevOps,Backend Developer
683,44.2,53.6,49.3,50.4,55.4,74.9,58.7,71.4,53.3,40.8,43.5,57.1,47.2,42.5,28.0,39.1,51.0,53.2,55.6,70.3,72.7,52.5,64.5,69.6,55.0,44.8,48.3,7.91,5,1,3,Mobile Development,Data & Analytics,Backend Developer
684,47.9,36.9,28.7,51.5,36.3,52.0,44.4,36.3,54.6,59.9,54.2,45.2,48.2,52.3,40.6,45.8,53.4,52.0,52.0,47.7,48.3,44.6,56.9,49.8,48.3,51.8,65.2,7.91,5,1,3,Data Science,Machine Learning,Backend Developer
685,55.9,75.0,58.8,70.0,54.6,46.9,55.2,59.8,73.2,66.4,74.6,63.9,56.4,71.4,83.1,74.1,66.3,57.5,43.4,60.6,78.5,54.6,64.1,68.9,82.2,62.5,45.3,7.91,8,3,7,Cloud Computing,Backend,Backend Developer
686,58.6,67.7,60.3,49.3,35.8,33.1,39.4,55.5,56.1,67.4,48.9,59.5,52.7,66.1,67.7,62.4,73.7,63.9,53.4,22.5,44.4,42.9,43.6,48.6,47.9,57.4,39.5,7.91,4,1,7,Mobile Development,Frontend,Backend Developer
687,26.9,44.2,32.1,32.0,48.4,61.5,48.7,60.4,39.5,51.3,37.6,40.7,41.0,42.6,39.7,33.3,45.7,42.6,23.5,24.5,38.7,28.4,27.4,40.2,22.5,29.3,34.7,7.92,2,1,2,Business Analytics,Data & Analytics,Backend Developer
688,35.4,57.4,38.4,46.9,41.9,47.6,33.0,52.1,49.7,49.6,38.9,48.5,44.2,39.8,51.4,36.3,44.5,32.5,42.0,60.8,52.0,53.1,30.7,45.3,32.8,34.1,58.5,7.96,3,2,2,Mobile Development,Backend,Backend Developer
689,61.2,58.5,68.1,55.5,42.4,51.4,43.4,36.3,56.6,63.2,69.6,45.4,65.7,42.1,43.9,39.2,28.2,65.8,60.6,59.1,69.9,51.7,55.2,58.7,53.2,54.2,64.2,7.96,5,2,2,Mobile Development,Cloud & DevOps,Backend Developer
690,64.2,52.1,49.3,59.2,54.2,59.5,56.8,59.7,48.5,56.5,54.1,50.4,48.2,49.5,46.1,44.8,52.6,59.0,58.9,76.6,62.0,42.2,59.5,55.1,54.8,51.4,40.2,7.96,7,1,2,DevOps,Backend,Backend Developer
691,52.7,62.7,52.3,54.7,55.0,44.1,50.3,47.0,54.6,48.3,59.5,50.0,52.7,42.2,53.3,52.3,58.5,52.5,47.8,39.7,31.7,53.8,37.3,48.3,36.3,40.2,44.5,7.97,7,2,4,Web Development,Full Stack,Backend Developer
692,56.9,68.3,79.0,72.0,77.2,58.2,63.8,79.7,76.8,65.8,65.0,76.4,78.2,72.0,67.2,70.0,79.5,63.0,52.7,48.1,57.5,63.9,38.3,64.3,59.3,54.9,59.7,7.97,6,0,2,Cybersecurity,Frontend,Backend Developer
693,15.9,26.0,21.4,36.3,50.8,70.3,48.6,47.9,31.1,28.8,31.9,32.8,31.4,29.3,30.8,37.2,39.7,26.5,28.5,13.9,22.4,28.4,54.3,21.1,44.1,34.8,34.0,7.98,5,2,1,DevOps,Business,Backend Developer
694,24.8,30.5,45.0,36.4,50.7,51.0,52.0,53.3,30.2,39.4,30.7,40.4,43.4,39.6,26.9,25.0,40.0,40.4,39.8,53.3,52.4,44.8,69.0,40.3,79.5,52.3,56.5,7.99,2,1,4,Cloud Computing,Machine Learning,Backend Developer
695,51.8,62.1,50.8,51.7,62.6,47.8,46.5,64.8,45.1,48.1,60.6,59.7,58.7,48.4,45.9,33.4,48.4,37.0,42.6,50.9,46.9,39.2,44.3,54.9,26.6,47.7,36.4,7.99,7,1,4,Cybersecurity,Security,Backend Developer
696,48.1,31.6,36.2,53.2,39.3,51.6,41.5,41.9,50.2,42.6,42.4,47.4,40.4,30.2,46.4,36.4,28.5,24.1,45.7,46.0,45.6,45.1,60.2,31.7,64.0,67.5,49.6,8.0,2,2,5,Mobile Development,Business,Backend Developer
697,51.1,66.0,56.2,55.9,64.8,45.4,52.0,54.1,57.2,67.6,49.2,47.2,56.8,52.3,56.3,61.7,48.4,37.1,45.0,58.1,70.4,47.8,72.9,48.8,66.4,50.6,53.5,8.0,4,0,2,Mobile Development,Data & Analytics,Backend Developer
698,70.4,69.3,76.2,78.1,46.5,43.8,54.4,38.3,87.3,76.2,76.1,65.3,69.4,75.9,68.2,75.8,67.3,65.6,67.8,71.3,64.9,71.8,70.1,83.6,65.1,62.0,61.7,8.0,8,2,2,AI/ML,Backend,Backend Developer
699,35.4,31.9,33.9,42.2,56.2,58.9,28.0,51.0,33.7,33.8,26.9,46.0,46.4,48.2,67.2,45.6,51.3,32.8,34.1,48.7,56.7,32.9,42.5,39.4,48.7,43.6,31.0,8.01,5,1,3,Cloud Computing,Security,Backend Developer
700,44.3,46.5,42.3,49.3,48.9,51.7,53.2,39.9,55.6,51.0,45.4,38.6,48.3,50.9,49.7,51.3,51.9,50.1,57.7,58.3,56.2,47.6,54.5,36.0,49.3,57.6,40.1,8.03,3,1,2,Data Science,Security,Backend Developer
701,57.3,55.0,46.0,52.4,43.4,63.8,52.4,64.6,61.1,66.4,70.5,60.5,52.3,54.7,54.1,58.9,52.4,46.8,50.6,52.4,65.0,51.9,57.6,45.7,62.6,61.2,55.7,8.03,3,2,3,Cloud Computing,QA & Testing,Backend Developer
702,73.3,73.8,59.1,80.0,55.4,55.1,48.8,60.6,64.6,69.9,80.0,54.8,66.7,61.2,64.3,56.5,66.9,86.2,78.8,66.4,57.5,83.4,55.0,72.2,44.5,56.7,72.5,8.04,6,3,6,Business Analytics,Business,Backend Developer
703,88.4,76.9,75.6,86.0,94.1,87.5,72.9,84.5,87.2,88.8,87.4,81.2,74.9,63.9,72.2,61.6,67.7,91.3,89.9,93.6,87.6,84.6,86.8,87.7,77.8,72.6,89.3,8.04,13,3,3,Business Analytics,Mobile,Backend Developer
704,55.2,54.4,50.4,66.7,38.7,22.1,49.9,42.4,30.1,56.0,64.5,52.0,46.0,70.5,58.2,52.7,63.0,36.0,33.2,55.1,71.3,40.6,48.8,57.5,48.6,71.3,52.3,8.07,2,0,3,Data Science,Mobile,Backend Developer
705,58.2,56.0,59.7,49.1,59.0,55.7,65.5,61.2,57.1,54.0,57.0,52.1,48.7,36.5,48.4,61.4,55.3,61.4,46.5,62.3,54.4,53.3,62.4,63.6,58.6,60.7,50.7,8.08,8,1,2,Data Science,Cloud & DevOps,Backend Developer
706,67.4,60.7,56.8,53.1,55.2,48.3,52.4,50.6,59.1,55.2,63.9,58.9,50.4,45.4,46.8,33.3,55.9,58.3,57.9,49.6,42.3,58.5,36.5,70.2,46.0,26.9,51.8,8.08,4,1,2,Mobile Development,Security,Backend Developer
707,24.0,17.2,34.8,30.4,28.6,27.6,25.6,21.8,9.5,5.9,25.2,24.6,28.9,21.7,22.1,23.7,27.3,32.1,51.9,19.9,27.8,29.1,36.8,21.6,40.5,42.4,28.8,8.09,2,0,2,Mobile Development,Cloud & DevOps,Backend Developer
708,53.3,37.0,32.3,34.1,46.1,45.6,34.9,48.6,31.3,41.9,49.0,52.5,36.0,45.4,39.0,53.5,46.2,57.3,50.2,42.2,30.5,48.1,51.2,52.7,31.1,40.2,51.5,8.09,10,2,4,Business Analytics,Mobile,Backend Developer
709,40.5,55.5,34.1,67.5,57.4,49.8,38.6,44.8,70.8,69.1,64.4,47.8,45.7,38.0,54.9,43.2,39.0,32.4,38.1,66.1,62.0,36.6,56.9,50.6,47.9,53.3,38.1,8.1,9,1,5,Data Science,Cloud & DevOps,Backend Developer
710,44.0,37.9,44.1,58.0,34.9,27.6,48.9,31.2,42.5,53.2,51.4,55.4,50.1,44.0,45.1,41.9,39.0,41.9,63.0,31.6,46.0,35.8,60.2,49.8,50.8,50.9,58.4,8.1,11,1,3,DevOps,Security,Backend Developer
711,55.4,52.2,52.1,65.8,65.8,71.0,72.3,54.7,64.8,62.3,57.0,48.1,61.3,49.6,56.4,44.7,51.2,50.2,54.2,41.9,47.5,60.2,55.5,61.8,61.5,44.8,34.1,8.1,7,1,2,Cybersecurity,Full Stack,Backend Developer
712,52.2,44.7,47.1,28.5,46.9,49.7,37.5,46.2,38.2,25.9,29.5,45.9,37.9,47.5,53.2,54.0,46.1,51.8,66.7,52.5,23.0,35.8,30.4,43.3,29.6,44.2,41.7,8.11,2,2,2,DevOps,Full Stack,Backend Developer
713,54.1,49.4,58.4,43.4,45.7,52.4,52.3,57.4,35.1,36.8,55.6,39.6,48.8,29.8,30.5,38.1,37.9,69.9,76.4,64.0,60.7,64.9,50.3,67.3,77.2,70.7,55.6,8.11,5,1,1,AI/ML,Data & Analytics,Backend Developer
714,36.0,47.9,42.4,64.3,45.0,35.7,48.9,32.1,61.5,49.1,63.8,44.0,44.8,47.4,41.3,41.7,45.6,36.4,24.3,39.7,56.0,37.0,32.6,54.6,19.3,37.4,56.3,8.13,6,2,0,Mobile Development,Full Stack,Backend Developer
715,37.0,39.6,41.0,47.1,50.5,57.1,30.5,55.2,51.6,45.7,38.6,29.8,25.5,42.7,45.1,33.5,55.9,58.0,47.0,62.7,64.0,53.1,41.4,39.0,50.9,51.4,65.2,8.13,4,2,3,Mobile Development,Machine Learning,Backend Developer
716,58.9,66.3,56.1,72.2,80.7,76.3,63.1,86.1,72.3,76.2,73.9,63.9,63.9,57.9,54.9,56.8,64.5,66.9,58.8,73.1,66.0,59.4,70.3,61.9,68.7,62.0,63.4,8.13,6,3,4,DevOps,Frontend,Backend Developer
717,61.2,64.6,58.5,69.0,35.7,47.5,63.2,51.6,74.7,59.5,74.7,56.9,55.0,77.9,69.0,74.6,82.2,51.4,62.6,65.9,74.2,53.1,78.1,32.9,74.1,62.8,72.6,8.13,4,2,0,Business Analytics,Business,Backend Developer
718,43.2,43.9,38.7,24.7,49.5,69.1,53.1,60.6,51.1,50.0,24.8,49.2,30.6,32.2,26.1,40.6,48.4,30.8,27.1,21.4,17.1,17.9,38.0,37.8,27.2,42.0,41.2,8.14,4,0,3,Cloud Computing,Data & Analytics,Backend Developer
719,47.2,35.4,73.1,28.3,48.5,62.0,58.2,64.2,54.6,48.5,35.0,48.5,53.6,41.8,45.8,54.9,55.0,55.4,47.2,36.4,46.6,30.8,72.3,54.9,62.0,53.4,57.5,8.15,6,2,1,Web Development,Business,Backend Developer
720,62.4,53.0,54.4,58.0,47.3,37.7,44.9,43.8,44.9,40.8,42.7,51.9,46.9,39.2,38.6,50.4,51.7,59.3,69.4,49.5,37.0,57.3,60.1,59.6,51.4,43.2,47.4,8.15,8,0,4,AI/ML,Mobile,Backend Developer
721,32.7,27.3,25.6,20.4,54.3,54.4,43.0,65.2,29.2,29.6,33.1,34.3,42.0,44.2,35.5,24.2,39.8,30.2,20.2,32.5,40.5,38.2,49.6,32.2,51.0,67.5,26.3,8.16,4,3,1,Data Science,Frontend,Backend Developer
722,65.1,50.3,58.5,38.6,41.6,42.9,51.1,46.0,53.5,29.0,52.7,56.9,53.0,30.8,45.9,47.8,50.3,52.4,61.1,43.8,23.1,60.5,34.3,56.4,54.7,47.4,46.3,8.16,6,3,1,AI/ML,Backend,Backend Developer
723,67.7,74.3,64.2,72.8,68.1,63.5,65.8,79.6,69.4,83.1,68.3,74.8,82.0,72.1,69.8,71.2,67.7,62.5,56.3,62.0,76.1,58.7,44.1,72.9,52.4,65.4,82.3,8.17,8,1,5,Cybersecurity,QA & Testing,Backend Developer
724,83.0,82.0,88.6,73.1,73.1,59.3,78.8,82.9,79.2,84.4,83.9,63.3,62.5,81.0,72.0,86.1,88.5,73.9,53.9,80.6,94.9,58.7,79.3,71.0,76.3,73.5,69.6,8.18,6,3,6,Cybersecurity,Backend,Backend Developer
725,48.6,59.6,55.0,46.7,39.8,30.2,32.2,37.8,45.8,39.8,43.6,45.2,45.4,50.1,49.1,49.0,59.8,48.9,62.8,43.4,58.7,49.6,52.2,51.3,50.4,35.7,41.3,8.2,7,2,3,Cybersecurity,QA & Testing,Backend Developer
726,71.5,60.2,50.7,56.1,83.0,83.8,61.0,73.2,44.1,50.9,49.8,63.6,65.5,70.1,67.4,68.9,53.6,70.5,74.2,48.5,46.3,63.5,66.9,52.7,67.4,52.8,55.5,8.21,7,2,1,AI/ML,Mobile,Backend Developer
727,40.2,49.9,42.5,30.4,42.5,34.4,55.0,42.4,56.7,41.9,52.2,42.7,60.8,55.8,55.3,59.8,42.1,32.4,26.6,43.7,20.7,32.1,30.6,39.0,14.2,29.0,25.8,8.22,6,1,1,AI/ML,Frontend,Backend Developer
728,63.7,70.2,71.3,74.3,58.9,42.7,69.1,51.2,57.8,50.5,60.8,72.7,71.3,75.4,83.7,71.4,71.8,67.6,73.9,51.9,52.0,83.1,53.2,78.8,66.3,50.0,79.8,8.22,6,2,4,Business Analytics,Cloud & DevOps,Backend Developer
729,42.8,52.5,53.4,47.8,44.8,55.5,61.6,51.1,36.0,49.9,39.3,50.6,58.3,48.9,40.9,41.9,47.9,48.0,41.8,66.5,56.5,54.6,42.8,56.0,45.8,41.9,45.9,8.23,5,1,4,Business Analytics,Frontend,Backend Developer
730,45.5,52.5,39.3,77.4,74.6,69.3,75.6,57.8,62.6,37.0,56.7,51.1,57.1,50.3,49.8,56.1,54.7,40.4,34.4,65.7,69.2,55.8,63.7,37.2,32.5,52.4,49.1,8.24,1,1,1,Web Development,Full Stack,Backend Developer
731,53.2,60.7,67.5,53.6,50.8,56.4,57.6,56.5,53.6,71.3,56.0,65.4,46.3,53.3,49.0,50.9,56.0,54.6,45.7,31.0,34.3,39.9,55.4,39.7,61.1,53.9,50.6,8.24,2,3,4,Cybersecurity,QA & Testing,Backend Developer
732,46.9,39.0,55.2,57.7,62.7,72.5,58.6,55.5,64.8,56.3,40.9,51.6,46.4,46.4,35.4,33.5,30.0,51.1,57.7,33.2,39.2,62.8,57.2,38.6,72.8,58.6,47.0,8.26,10,2,2,Data Science,Security,Backend Developer
733,51.4,55.0,39.8,64.4,45.3,41.3,33.8,49.5,48.9,55.0,53.8,40.2,43.3,57.1,58.5,63.2,64.2,71.2,56.6,74.7,78.6,62.6,75.5,48.3,68.4,64.7,36.0,8.28,2,1,3,Data Science,Data & Analytics,Backend Developer
734,54.8,48.1,56.7,32.2,39.0,49.4,35.8,48.0,43.3,35.5,36.2,46.2,47.5,43.4,49.2,55.0,47.4,62.2,67.0,47.8,41.1,54.4,74.9,53.8,74.4,71.7,45.4,8.3,6,1,4,Web Development,Data & Analytics,Backend Developer
735,39.5,35.9,41.8,49.0,73.7,56.3,61.6,56.6,48.7,60.7,45.4,36.7,40.9,38.4,25.2,38.9,33.4,39.1,36.8,45.3,48.2,31.3,53.1,36.6,48.8,25.7,40.0,8.32,2,2,1,Business Analytics,Business,Backend Developer
736,40.6,32.3,38.3,38.5,33.2,37.4,26.1,37.5,29.7,18.3,37.6,39.4,23.1,27.3,44.9,42.7,35.4,56.2,47.7,51.5,48.6,52.1,58.9,40.8,64.7,41.3,34.3,8.32,3,1,0,Web Development,Data & Analytics,Backend Developer
737,45.0,47.0,48.0,34.2,23.5,10.0,36.1,30.6,36.8,27.1,46.5,48.1,42.9,46.2,61.8,51.6,37.2,50.0,53.0,27.2,31.9,63.2,27.5,37.3,39.9,40.4,46.0,8.32,5,1,3,AI/ML,Backend,Backend Developer
738,56.0,75.4,79.4,66.9,83.1,79.0,84.7,74.3,63.5,66.3,67.4,65.1,74.5,76.0,70.9,74.0,77.1,69.9,68.4,79.3,69.3,70.1,64.7,65.8,63.2,56.9,73.4,8.32,8,3,5,AI/ML,Frontend,Backend Developer
739,61.7,50.8,46.7,51.2,49.1,63.2,62.7,50.6,55.1,40.1,61.8,56.2,53.7,52.8,57.5,66.3,54.1,76.5,66.0,48.4,52.6,49.5,65.9,56.4,75.5,53.9,50.5,8.33,7,2,1,DevOps,Security,Backend Developer
740,70.0,63.7,79.5,48.3,57.6,56.8,61.6,63.7,69.3,62.7,42.9,72.8,83.4,72.0,80.0,71.5,81.8,66.1,63.4,39.1,43.8,60.8,38.1,55.9,51.1,47.4,67.5,8.33,6,2,8,Web Development,Machine Learning,Backend Developer
741,54.1,63.5,68.5,68.3,55.1,77.0,59.2,63.8,73.0,69.1,59.3,55.8,61.1,53.4,58.0,52.0,54.3,56.9,41.0,57.0,63.7,57.2,71.7,75.3,83.7,55.9,60.4,8.35,8,2,2,Mobile Development,Business,Backend Developer
742,74.7,62.5,72.3,60.6,66.6,61.5,76.7,78.6,85.7,75.7,74.4,69.3,70.6,67.9,71.8,83.2,71.4,74.4,79.2,64.9,67.0,69.1,80.5,71.7,91.3,70.3,64.6,8.35,8,1,6,Cybersecurity,Cloud & DevOps,Backend Developer
743,55.5,69.8,72.8,53.7,70.0,72.4,72.1,71.4,69.6,51.7,52.2,73.2,70.9,40.1,45.7,53.1,50.4,57.9,54.6,43.5,41.6,68.0,60.9,82.0,36.0,59.8,58.2,8.37,5,2,2,Mobile Development,Cloud & DevOps,Backend Developer
744,45.0,59.0,47.0,60.5,74.1,81.8,58.1,63.3,50.2,49.3,39.6,42.9,62.4,38.3,29.3,23.0,48.5,41.5,34.3,68.1,67.7,59.4,67.8,69.5,70.4,60.2,46.5,8.39,5,1,1,DevOps,Frontend,Backend Developer
745,52.9,90.2,69.8,69.6,46.8,47.3,65.1,52.5,66.0,75.2,69.4,65.6,60.4,64.9,54.3,77.5,57.3,62.9,50.1,56.6,68.9,60.8,53.2,72.1,77.6,57.6,62.5,8.39,4,3,6,Data Science,Data & Analytics,Backend Developer
746,67.6,54.3,71.7,63.2,70.9,61.3,68.8,59.2,78.8,62.8,69.2,54.1,58.6,52.4,42.9,45.1,51.1,44.8,45.1,78.5,68.8,52.1,60.5,53.0,51.4,54.5,53.0,8.39,8,3,4,AI/ML,Full Stack,Backend Developer
747,35.0,45.6,43.9,59.8,72.5,72.2,57.3,70.7,64.8,56.3,28.9,46.6,52.9,36.7,49.2,47.4,57.5,39.2,29.1,44.0,28.5,38.8,58.4,34.8,53.5,59.7,38.5,8.42,8,0,5,Cloud Computing,QA & Testing,Backend Developer
748,46.0,51.1,31.5,56.8,28.1,21.0,35.8,32.2,44.5,53.2,47.0,51.5,35.5,46.4,43.5,46.4,39.4,35.9,42.9,33.0,50.4,33.4,55.9,48.6,43.7,44.9,51.7,8.42,3,1,2,AI/ML,Mobile,Backend Developer
749,72.7,52.9,52.5,45.1,44.8,53.3,37.6,46.6,43.7,47.6,62.0,56.8,55.8,70.1,54.2,55.5,56.5,67.4,72.4,59.6,66.8,71.7,65.8,54.4,56.6,55.7,62.2,8.47,10,1,7,Cloud Computing,Business,Backend Developer
750,49.1,42.8,33.5,58.7,49.8,40.7,49.7,37.8,34.6,64.0,59.1,57.0,61.0,62.5,63.1,59.7,59.5,57.5,53.8,56.2,73.4,58.2,55.1,54.0,77.1,40.2,53.0,8.51,5,1,7,Data Science,Data & Analytics,Backend Developer
751,56.3,45.4,48.9,49.1,23.9,25.7,49.2,34.7,34.4,36.2,24.8,48.3,45.7,30.9,24.7,26.9,39.4,57.6,66.1,52.1,60.2,61.3,60.0,31.1,44.4,46.1,57.8,8.53,1,2,3,Data Science,Full Stack,Backend Developer
752,60.1,63.3,61.3,57.7,33.9,30.0,31.0,41.3,50.9,54.9,56.6,55.4,51.5,58.2,57.1,49.2,46.2,57.9,66.6,54.4,57.2,55.8,67.0,58.8,55.5,54.6,61.0,8.54,6,3,2,Web Development,Backend,Backend Developer
753,60.5,67.2,61.5,59.9,36.4,37.9,44.4,35.9,75.3,57.4,56.2,66.7,55.4,58.2,54.9,57.7,48.6,53.0,46.6,57.8,62.8,51.4,37.1,58.3,33.3,40.5,53.7,8.54,5,2,2,DevOps,Full Stack,Backend Developer
754,72.4,59.8,68.4,85.4,76.7,75.5,72.4,80.5,72.6,68.0,80.7,66.9,78.0,65.4,67.3,58.4,68.9,64.9,62.6,57.1,58.9,64.5,58.0,47.3,41.4,45.8,72.7,8.57,8,2,2,DevOps,Mobile,Backend Developer
755,51.1,44.2,31.3,51.4,21.8,23.9,31.0,29.8,47.4,39.5,43.9,34.4,43.7,35.4,40.5,45.6,44.6,56.1,40.5,44.5,42.1,43.8,10.8,36.2,12.2,25.7,37.4,8.6,6,0,1,Mobile Development,Backend,Backend Developer
756,71.6,69.4,76.3,48.6,72.6,58.8,60.6,59.2,75.8,76.1,66.9,62.6,63.0,59.5,61.9,51.6,45.2,62.3,66.0,59.3,62.4,64.6,76.3,78.2,73.5,72.0,70.6,8.6,9,1,4,Web Development,Full Stack,Backend Developer
757,38.9,52.8,71.3,57.6,41.9,49.2,38.2,50.6,56.1,54.8,53.2,66.3,51.1,41.8,53.9,62.8,67.2,27.3,35.7,55.7,61.3,39.2,60.3,63.9,47.5,54.2,63.2,8.62,6,2,5,Cybersecurity,Backend,Backend Developer
758,59.7,32.6,39.2,46.7,64.1,62.5,53.4,59.2,41.6,42.2,32.7,33.7,52.9,39.2,35.9,33.8,30.1,55.5,45.7,48.2,49.7,47.2,60.2,51.6,48.0,58.1,45.8,8.66,2,2,3,AI/ML,Backend,Backend Developer
759,61.3,65.7,54.1,76.2,56.2,33.6,50.4,51.6,57.1,49.0,56.3,51.9,60.2,54.4,59.7,55.3,55.0,58.7,65.3,67.7,72.1,72.3,59.9,53.4,51.4,72.8,63.9,8.66,5,2,2,Mobile Development,QA & Testing,Backend Developer
760,56.0,51.1,60.7,67.4,66.9,77.5,64.2,68.6,50.4,45.8,47.8,55.3,63.6,60.0,56.2,48.8,53.1,58.6,62.1,67.2,66.3,57.4,63.0,58.4,71.2,56.1,69.6,8.68,6,0,4,Data Science,Business,Backend Developer
761,70.3,63.6,49.3,72.6,35.0,44.1,45.1,32.1,60.0,60.1,53.6,51.3,61.7,68.5,71.8,50.8,71.7,69.8,78.3,63.7,71.7,61.6,55.5,66.7,77.4,68.0,55.2,8.69,9,1,5,Data Science,Cloud & DevOps,Backend Developer
762,58.6,79.1,88.8,71.8,87.8,84.6,81.2,79.1,82.0,73.4,59.9,85.7,78.4,71.2,75.9,72.3,78.7,74.5,69.6,50.4,47.2,68.0,83.1,72.8,73.2,76.8,73.1,8.73,5,3,8,Cloud Computing,Mobile,Backend Developer
763,61.7,43.0,34.4,57.9,35.3,33.1,50.1,37.5,58.7,60.2,56.0,45.9,43.1,49.4,55.7,58.1,55.4,63.0,53.6,65.8,55.4,51.8,75.1,52.6,57.4,58.4,46.2,8.73,5,2,4,Mobile Development,Data & Analytics,Backend Developer
764,50.8,63.1,56.8,59.8,59.5,44.7,52.4,50.3,60.9,63.3,62.0,54.9,49.0,48.3,38.1,46.0,57.1,70.8,69.4,61.0,64.3,59.9,64.4,58.4,32.5,61.5,57.9,8.74,5,0,4,Mobile Development,Full Stack,Backend Developer
765,55.3,39.8,63.2,50.3,60.1,68.4,51.0,69.0,39.2,54.5,62.3,48.3,53.1,50.3,47.5,36.6,59.1,58.0,48.1,73.5,60.0,51.0,68.2,60.7,57.9,45.6,60.0,8.74,7,2,1,Cybersecurity,Full Stack,Backend Developer
766,52.7,31.9,41.2,44.1,31.4,42.0,39.1,32.4,57.3,43.6,41.7,44.4,46.4,35.4,36.3,43.5,41.4,51.3,66.0,56.4,46.7,53.6,62.5,39.9,53.3,51.0,49.6,8.78,5,2,2,Business Analytics,Mobile,Backend Developer
767,63.9,47.5,53.7,41.1,33.2,35.2,41.7,37.8,43.2,32.6,48.4,44.0,49.8,41.0,57.9,39.9,48.6,71.6,76.6,27.2,43.8,51.7,31.3,58.1,38.9,50.0,55.2,8.78,1,1,5,Cybersecurity,Security,Backend Developer
768,57.7,30.6,53.4,36.1,42.4,59.9,38.8,49.9,44.3,48.1,38.6,59.7,48.4,53.2,42.6,54.5,58.2,56.5,73.1,21.1,25.1,45.2,32.5,51.5,27.7,55.3,51.7,8.8,7,1,5,Mobile Development,Frontend,Backend Developer
769,50.6,61.9,61.7,54.7,54.8,56.3,60.8,56.6,59.6,55.5,50.7,55.2,59.2,55.9,62.1,55.6,51.8,64.4,57.2,42.8,40.0,60.2,63.4,56.6,49.5,62.5,43.2,8.83,6,2,7,Web Development,Data & Analytics,Backend Developer
770,53.5,64.1,63.3,54.5,85.8,89.0,68.0,85.5,61.9,69.7,52.2,65.7,68.5,62.5,75.2,69.7,68.4,58.8,64.5,57.4,73.4,57.9,64.3,63.7,70.6,82.3,62.5,8.88,3,3,3,Mobile Development,Security,Backend Developer
771,31.1,39.7,34.1,39.1,29.8,54.4,29.4,44.7,39.2,38.4,28.4,45.0,29.2,28.9,37.2,30.0,32.3,31.4,22.3,31.1,25.4,21.4,45.0,29.3,55.1,40.2,51.3,8.97,5,1,5,Business Analytics,Data & Analytics,Backend Developer
772,51.8,46.3,44.9,37.8,28.3,19.2,42.3,33.0,44.2,29.8,39.5,39.4,35.8,55.1,55.2,40.3,59.9,35.6,36.0,39.7,33.0,43.5,47.9,60.1,44.8,57.8,36.9,8.97,6,1,6,Cybersecurity,Business,Backend Developer
773,93.9,71.5,75.6,69.8,48.0,43.9,55.5,53.3,65.2,64.5,89.9,76.0,83.4,77.3,83.5,81.2,86.6,80.5,88.0,73.5,68.8,64.6,65.2,77.6,65.1,62.3,80.7,8.97,9,1,7,DevOps,Backend,Backend Developer
774,47.4,33.0,27.3,47.4,41.4,56.8,47.7,59.8,32.8,47.0,52.1,32.1,46.2,48.7,46.0,36.2,47.0,29.1,40.3,69.9,61.4,54.5,34.7,32.5,34.1,60.4,40.4,9.0,6,1,4,AI/ML,Data & Analytics,Backend Developer
775,84.0,72.6,79.5,71.2,83.0,77.7,90.5,75.4,87.8,82.3,71.8,71.5,82.7,83.7,77.1,82.3,69.7,84.2,92.2,61.1,62.8,82.0,75.8,90.4,64.1,52.9,81.4,9.05,11,2,3,Web Development,Machine Learning,Backend Developer
776,56.6,47.9,67.5,38.5,58.2,45.6,57.7,47.3,59.2,42.5,45.8,50.2,57.5,38.5,43.2,56.6,45.9,54.2,61.8,38.3,30.9,68.8,29.8,56.1,38.7,36.0,51.4,9.12,8,2,2,AI/ML,Backend,Backend Developer
777,70.8,68.0,63.3,60.4,54.5,51.3,57.1,51.2,58.6,64.9,58.5,61.1,67.7,65.5,59.8,62.9,50.7,68.4,80.7,78.5,77.8,76.5,70.1,70.0,73.7,80.4,85.5,9.13,6,1,2,Cybersecurity,Data & Analytics,Backend Developer
778,42.5,62.0,64.2,59.6,80.6,74.5,77.2,76.0,82.7,78.3,63.8,74.0,68.8,81.7,73.6,74.1,69.6,61.0,59.2,56.1,67.3,51.9,57.5,52.2,56.5,59.3,65.7,9.16,9,3,3,DevOps,Full Stack,Backend Developer
779,52.6,45.8,48.6,59.9,37.0,26.4,46.2,31.1,53.4,63.0,61.4,50.6,55.4,63.7,62.0,55.2,59.7,43.1,38.5,66.7,63.8,55.5,54.8,45.2,49.8,46.0,45.0,9.25,5,0,5,Web Development,Frontend,Backend Developer
780,75.3,71.9,68.8,58.3,57.0,60.2,58.4,61.2,48.9,48.4,54.3,62.6,53.2,46.1,56.0,63.5,65.8,64.5,79.2,64.7,78.9,78.2,61.8,71.6,57.4,68.8,68.8,9.36,4,3,2,Web Development,Mobile,Backend Developer
781,40.1,49.3,63.5,41.0,54.9,50.0,58.9,49.1,49.3,48.4,27.4,52.9,52.2,59.3,50.7,48.6,57.4,50.0,56.7,49.9,32.5,54.4,52.3,57.5,52.9,47.1,61.2,9.42,5,1,4,Cloud Computing,Frontend,Backend Developer
782,60.3,84.3,76.0,64.7,76.1,48.8,64.9,49.8,61.5,64.7,66.1,71.1,59.9,61.0,57.4,58.9,67.4,60.3,65.1,55.6,67.0,57.9,51.2,65.2,57.3,57.8,62.6,9.47,9,2,5,Mobile Development,Backend,Backend Developer
783,66.7,66.9,61.6,61.7,43.5,38.0,43.9,46.0,37.0,41.0,55.9,38.9,47.0,46.4,34.8,61.6,39.9,71.6,71.9,69.4,53.3,85.5,67.8,33.6,58.4,73.9,58.2,9.57,8,3,2,AI/ML,Machine Learning,Backend Developer
784,51.4,77.3,72.5,45.9,52.9,43.0,54.2,50.6,73.9,51.9,63.2,44.0,61.0,71.2,74.8,73.5,50.5,53.5,36.6,34.2,32.8,49.2,68.8,61.2,57.9,66.7,47.5,9.79,7,1,6,Data Science,Frontend,Backend Developer
785,41.2,50.5,27.5,45.4,52.1,46.9,55.1,44.6,61.2,76.2,41.9,51.5,58.9,53.2,58.0,53.4,41.2,35.6,49.4,55.9,54.2,40.7,58.3,40.0,74.0,52.1,46.8,9.93,6,0,5,DevOps,Cloud & DevOps,Backend Developer
786,21.5,15.7,20.0,23.9,17.8,34.4,28.5,25.3,0.0,9.1,22.7,18.3,18.4,19.5,24.2,33.9,12.1,46.0,39.5,24.0,31.8,42.0,18.2,20.9,19.4,15.1,23.3,5.5,2,1,0,Data Science,Machine Learning,Business Analyst
787,68.2,59.3,52.0,62.6,37.1,56.7,51.5,28.9,50.3,57.7,52.8,60.8,49.0,45.7,54.3,54.6,50.4,71.3,58.8,54.4,50.4,51.3,32.1,59.6,58.2,49.7,44.1,5.5,9,0,3,AI/ML,Mobile,Business Analyst
788,52.2,69.5,57.8,63.0,82.5,78.5,79.4,68.1,72.2,70.7,81.6,73.4,79.6,51.9,65.4,55.2,70.4,49.1,52.9,56.8,57.6,40.4,80.2,55.8,33.1,71.7,68.0,5.58,5,1,4,Business Analytics,Business,Business Analyst
789,39.8,24.5,42.2,30.4,42.5,37.8,34.7,25.6,21.9,27.3,26.9,28.8,35.4,32.8,32.2,42.4,35.6,26.8,47.0,25.0,20.8,27.8,39.8,48.4,24.8,31.3,36.1,5.61,3,0,2,Cloud Computing,Business,Business Analyst
790,48.6,51.5,50.1,38.8,25.0,23.5,30.6,24.1,28.6,33.4,38.2,46.2,34.4,36.3,36.8,51.3,40.8,45.6,53.2,37.4,38.3,37.3,45.8,41.8,32.1,40.1,44.2,5.64,3,1,4,AI/ML,Cloud & DevOps,Business Analyst
791,8.5,11.0,19.5,22.2,21.2,20.9,19.5,5.7,1.0,0.8,10.8,17.7,16.6,13.8,17.8,19.8,18.9,9.3,17.0,12.5,11.8,8.2,36.2,26.5,36.5,13.4,29.7,5.67,1,2,0,Cloud Computing,Data & Analytics,Business Analyst
792,39.5,24.1,41.9,20.9,22.5,13.8,18.1,21.4,15.4,26.2,12.5,18.9,18.0,20.5,17.3,14.5,17.8,35.5,37.6,33.5,22.4,46.2,34.8,43.2,34.5,22.5,32.1,5.81,1,0,0,Business Analytics,Data & Analytics,Business Analyst
793,29.1,34.7,42.5,15.6,24.8,17.9,23.6,25.4,23.1,31.5,30.2,20.4,31.6,27.8,28.1,38.3,25.3,33.7,33.9,25.9,30.6,42.5,32.1,42.0,14.0,22.8,33.4,5.84,6,0,2,DevOps,Full Stack,Business Analyst
794,42.3,47.3,38.7,54.0,42.2,54.2,60.7,47.5,41.1,54.8,56.0,51.1,50.8,65.5,50.8,52.2,35.0,49.4,30.8,64.0,60.5,37.2,33.2,31.7,25.2,26.6,43.9,5.84,5,1,6,Web Development,Mobile,Business Analyst
795,38.9,38.3,45.7,36.2,52.3,56.0,38.1,60.0,44.8,38.9,34.6,33.4,35.0,29.5,27.9,35.1,38.7,37.7,42.2,39.3,20.5,49.3,32.7,44.4,32.2,34.9,44.6,5.87,7,1,4,AI/ML,Frontend,Business Analyst
796,54.9,51.7,50.7,60.5,28.1,36.1,43.4,41.2,51.9,55.2,61.1,65.5,52.8,51.2,45.4,51.1,54.7,59.3,45.8,66.7,60.4,49.9,57.2,51.2,64.5,52.1,36.2,5.9,4,2,5,Business Analytics,Business,Business Analyst
797,44.1,29.5,35.5,38.5,52.6,39.6,43.6,47.0,28.0,36.6,44.5,30.9,50.0,49.1,48.2,43.2,38.8,29.9,33.6,37.8,41.6,29.1,33.3,45.5,13.6,31.1,28.1,5.93,5,1,1,DevOps,Frontend,Business Analyst
798,43.5,57.7,33.3,36.3,53.4,48.2,48.2,39.2,54.1,54.4,54.8,42.8,32.9,47.8,35.9,58.5,47.9,40.8,35.1,34.0,22.3,26.2,27.7,38.3,34.2,30.5,29.1,5.95,5,1,2,Mobile Development,Mobile,Business Analyst
799,28.0,38.8,42.7,34.3,56.2,65.0,50.2,66.2,30.2,22.2,35.7,37.9,37.0,42.8,35.0,33.9,23.2,24.0,23.6,31.1,36.5,36.2,33.6,40.2,36.4,34.7,24.5,5.99,2,1,1,Web Development,Security,Business Analyst
800,39.8,44.3,39.0,39.7,38.9,50.6,49.9,55.7,45.3,30.2,34.7,29.1,29.6,34.5,21.5,22.6,26.1,40.5,46.9,48.7,56.5,52.8,42.2,26.4,58.0,49.1,30.4,5.99,4,0,2,Business Analytics,Machine Learning,Business Analyst
801,41.3,22.6,43.9,42.5,27.4,28.1,30.7,23.4,32.2,32.8,24.3,32.0,14.0,12.4,17.0,11.7,28.9,37.7,33.6,34.0,42.1,47.1,19.7,37.5,15.9,12.8,26.5,6.03,3,2,1,Web Development,Data & Analytics,Business Analyst
802,41.4,43.4,40.0,28.0,26.5,18.1,37.3,17.8,29.5,38.9,44.6,30.5,19.4,18.5,23.8,17.1,31.9,34.3,27.1,38.0,36.6,42.4,23.8,43.5,27.9,26.3,48.4,6.05,1,1,3,Mobile Development,QA & Testing,Business Analyst
803,52.2,60.0,49.0,37.9,24.4,20.1,31.9,15.9,42.9,47.2,50.6,37.0,41.5,46.0,45.5,46.5,41.6,47.4,52.1,39.9,44.2,39.6,25.7,41.5,45.0,34.3,46.3,6.07,8,2,2,Business Analytics,QA & Testing,Business Analyst
804,25.9,31.9,58.7,45.9,36.5,21.2,33.1,34.0,34.6,38.2,18.1,22.1,27.7,45.9,39.6,42.3,49.8,46.5,42.7,29.0,32.4,27.7,8.0,27.5,22.1,29.7,47.3,6.1,4,1,3,Cybersecurity,Frontend,Business Analyst
805,39.0,38.4,31.5,31.5,43.0,24.1,28.3,14.6,46.1,42.0,32.0,30.1,32.5,22.9,26.2,40.3,34.6,50.7,52.9,40.8,35.6,51.9,19.2,39.2,34.4,32.5,28.9,6.14,4,1,1,Cloud Computing,Mobile,Business Analyst
806,42.7,47.7,35.4,51.6,51.8,47.1,40.3,51.1,37.6,33.7,48.2,40.3,41.7,50.3,51.3,42.3,48.4,51.7,50.4,59.9,52.5,48.8,23.5,28.2,34.4,30.8,44.8,6.18,7,0,2,Data Science,Security,Business Analyst
807,58.5,60.8,52.4,55.7,71.4,78.1,73.6,82.2,64.6,75.1,62.2,61.5,68.0,72.8,57.0,68.9,59.4,44.5,50.0,62.7,59.4,63.6,35.4,51.7,44.6,56.2,67.8,6.18,6,1,8,DevOps,Frontend,Business Analyst
808,40.3,27.7,39.0,46.1,63.2,52.0,56.3,59.3,35.7,44.3,49.2,28.2,23.3,22.4,29.2,29.5,27.8,28.7,41.3,62.3,63.3,37.3,66.3,36.2,45.3,57.3,28.1,6.19,4,1,0,DevOps,Frontend,Business Analyst
809,21.3,24.8,18.5,35.3,24.6,12.9,7.1,7.2,22.7,12.9,23.8,10.6,22.4,34.4,10.4,24.4,16.5,17.6,34.4,53.3,43.4,31.7,31.5,26.1,34.1,33.6,42.0,6.23,2,1,1,Web Development,Business,Business Analyst
810,32.1,35.3,31.4,26.1,26.6,18.0,12.3,25.4,23.9,22.2,41.7,34.6,47.3,39.8,40.4,39.6,39.8,34.7,33.6,28.6,22.5,40.3,31.6,56.1,31.0,36.5,44.4,6.23,6,1,1,AI/ML,Backend,Business Analyst
811,36.6,14.1,32.9,27.4,45.4,49.4,36.8,34.7,38.1,28.0,24.5,12.2,33.0,26.8,48.9,21.4,47.5,14.0,24.3,22.9,36.6,24.1,50.9,40.4,32.0,45.1,38.5,6.23,1,1,1,Data Science,Mobile,Business Analyst
812,25.0,26.4,15.6,34.1,16.3,33.0,22.1,17.3,11.9,27.3,28.4,24.6,23.7,17.6,21.3,20.7,17.2,14.2,18.7,41.4,46.5,15.4,25.5,24.5,28.4,29.8,21.7,6.24,1,1,1,AI/ML,QA & Testing,Business Analyst
813,42.4,40.1,52.1,44.2,39.4,20.0,18.4,26.3,37.9,39.2,46.5,15.5,41.7,27.9,14.8,31.4,28.6,45.7,50.8,43.7,29.9,43.3,18.4,44.4,43.1,21.3,33.1,6.24,4,0,0,DevOps,Business,Business Analyst
814,23.6,43.2,33.5,30.4,39.1,40.7,33.9,42.6,38.2,25.7,14.7,38.9,40.8,38.8,39.4,32.5,24.3,28.2,26.8,31.2,31.5,30.4,26.2,18.5,64.4,43.3,33.5,6.26,2,3,3,AI/ML,Backend,Business Analyst
815,31.3,50.1,44.6,57.0,42.1,23.5,43.1,42.7,52.2,56.0,52.6,38.8,36.4,53.0,43.7,58.6,27.9,45.7,42.1,44.7,39.1,26.5,32.3,35.0,44.3,31.1,44.1,6.29,2,1,1,Web Development,Full Stack,Business Analyst
816,71.5,65.8,63.9,58.5,53.1,53.0,60.8,73.9,72.8,72.0,60.2,66.8,57.3,68.3,71.1,73.1,57.1,62.5,68.9,70.9,47.7,72.7,50.9,71.7,50.3,48.7,63.7,6.29,2,2,2,Data Science,Backend,Business Analyst
817,63.0,53.7,52.9,59.0,77.4,67.0,61.0,57.0,65.8,63.9,46.4,56.9,55.1,49.5,53.7,65.2,62.2,62.7,76.3,40.6,49.6,57.9,51.0,57.7,50.3,56.9,64.6,6.32,3,0,4,Data Science,Business,Business Analyst
818,33.5,52.4,41.8,30.5,49.8,45.5,37.8,45.4,41.1,30.8,37.3,35.4,29.5,33.9,36.6,29.0,32.8,29.4,44.1,45.9,39.3,36.9,58.9,38.3,67.5,43.1,55.2,6.34,5,1,2,AI/ML,Frontend,Business Analyst
819,33.2,31.2,35.2,30.9,22.6,5.2,10.3,19.9,18.3,15.3,30.5,22.3,32.0,40.5,21.9,34.7,21.6,46.1,48.3,25.3,33.7,44.8,44.5,35.5,21.5,30.1,36.9,6.35,4,1,0,Business Analytics,Frontend,Business Analyst
820,55.8,37.6,44.2,35.6,48.1,49.3,41.1,53.5,54.0,37.3,37.8,33.8,25.9,30.5,25.9,24.0,20.1,33.6,48.8,46.3,27.5,46.3,28.5,35.0,25.5,34.3,19.6,6.36,2,2,0,AI/ML,Security,Business Analyst
821,45.8,60.1,41.5,40.9,16.0,23.6,26.8,19.5,35.3,42.6,62.9,34.3,38.2,38.2,24.6,26.4,43.2,38.6,38.9,22.4,31.5,44.0,12.0,45.2,25.2,30.5,45.7,6.37,5,0,1,Cybersecurity,QA & Testing,Business Analyst
822,44.8,38.5,47.8,34.4,40.9,36.3,40.7,28.4,43.5,45.1,46.7,49.5,51.9,55.4,56.6,58.4,41.2,53.4,45.9,28.3,38.2,49.2,62.6,27.9,52.5,42.5,62.1,6.38,1,1,5,Web Development,Cloud & DevOps,Business Analyst
823,26.6,56.5,38.7,28.2,52.7,52.4,48.2,53.7,43.1,43.2,60.6,39.3,41.4,35.7,35.1,32.2,56.9,31.8,19.7,40.1,20.9,38.4,31.1,44.5,35.4,34.8,35.2,6.39,6,2,0,Data Science,QA & Testing,Business Analyst
824,21.4,36.2,34.0,48.5,28.3,34.1,35.9,38.7,29.5,49.1,50.1,22.7,24.8,22.8,24.9,25.4,30.6,19.0,13.7,32.2,32.0,25.0,15.7,7.5,15.2,31.9,28.3,6.4,4,0,1,Business Analytics,Mobile,Business Analyst
825,32.4,32.2,31.1,34.0,27.1,34.5,39.6,38.8,55.4,48.7,37.8,37.6,28.3,29.4,31.3,36.4,31.7,15.3,23.2,21.1,20.3,19.9,21.8,34.4,28.5,21.9,15.3,6.4,5,2,4,Web Development,Frontend,Business Analyst
826,31.3,29.3,21.8,41.5,26.9,26.4,33.1,31.2,26.9,44.7,47.3,26.8,18.7,27.6,38.3,31.6,33.2,46.3,24.5,43.9,57.7,29.3,33.9,28.4,62.7,49.5,19.3,6.45,5,1,0,Business Analytics,Machine Learning,Business Analyst
827,46.5,39.5,40.9,52.9,28.0,17.6,33.2,17.0,28.3,60.7,47.1,40.9,39.0,54.3,50.6,48.8,47.2,50.7,46.5,41.3,52.5,39.0,2.5,58.1,17.8,26.8,40.4,6.46,9,1,2,Mobile Development,Data & Analytics,Business Analyst
828,65.3,54.4,50.0,34.8,24.2,28.3,25.1,28.8,37.9,36.8,49.5,42.4,40.6,50.8,38.7,39.7,49.1,67.0,60.0,66.5,58.7,71.0,50.5,54.2,64.2,59.8,50.3,6.46,7,1,4,Business Analytics,Business,Business Analyst
829,39.6,69.5,58.2,68.8,39.6,39.5,39.6,19.9,54.0,45.6,44.7,47.1,58.3,56.3,56.5,52.0,53.1,24.5,39.8,28.2,36.1,25.0,44.3,38.3,39.9,36.6,55.2,6.47,3,2,6,Cloud Computing,Mobile,Business Analyst
830,17.8,31.5,27.6,27.3,60.0,43.3,42.0,51.3,24.4,36.9,39.7,16.8,20.0,37.8,35.1,26.2,25.1,24.9,24.8,51.5,50.9,43.4,63.7,37.4,37.1,30.5,37.7,6.48,6,1,1,Cybersecurity,QA & Testing,Business Analyst
831,21.4,32.4,24.6,20.7,32.3,23.6,41.5,21.4,34.9,15.3,36.4,29.5,22.0,28.4,39.1,13.9,35.0,29.5,18.4,23.2,22.5,38.0,15.1,41.8,4.0,18.6,30.9,6.48,4,1,2,AI/ML,Data & Analytics,Business Analyst
832,29.6,47.8,31.3,53.7,50.0,41.5,43.9,45.6,46.3,52.1,53.2,39.6,33.3,38.7,51.4,40.8,42.8,26.8,25.4,42.4,37.9,38.2,40.2,53.6,55.2,37.1,31.2,6.48,5,2,2,Web Development,Business,Business Analyst
833,42.6,30.7,39.6,54.5,32.8,33.7,27.9,22.5,38.1,35.0,40.9,42.5,61.8,49.1,48.7,41.0,39.9,29.4,38.4,38.9,25.6,45.6,35.4,47.8,28.5,24.4,17.8,6.5,6,3,1,Web Development,Machine Learning,Business Analyst
834,44.3,24.8,32.7,43.1,46.4,24.1,27.3,18.7,43.4,35.9,60.4,35.9,22.3,27.5,27.6,19.7,40.5,39.0,50.1,35.9,49.4,46.7,19.3,36.2,26.8,22.2,29.2,6.51,4,0,1,Data Science,Security,Business Analyst
835,60.7,62.1,50.1,48.8,62.8,55.7,52.7,45.1,56.0,51.6,53.3,60.7,60.0,59.5,58.7,47.9,57.2,38.8,56.5,36.6,39.8,52.8,30.5,35.9,36.3,31.6,47.5,6.51,8,1,2,Data Science,Mobile,Business Analyst
836,48.6,44.2,36.4,25.7,12.4,18.8,22.1,23.5,25.8,26.4,28.3,20.8,31.3,6.9,24.3,24.7,21.9,48.8,52.6,40.3,54.8,38.1,27.2,26.9,40.7,32.3,14.9,6.52,6,0,0,Data Science,Full Stack,Business Analyst
837,30.4,11.2,29.4,9.4,21.2,28.5,17.2,27.7,6.4,18.9,19.7,6.9,30.3,4.6,26.7,29.2,22.9,32.9,51.3,19.1,14.4,46.7,28.6,37.0,12.1,6.1,20.9,6.53,1,0,0,Business Analytics,Security,Business Analyst
838,38.2,31.4,38.8,45.2,34.5,18.6,18.8,36.9,22.1,38.5,40.8,27.1,25.7,35.0,37.7,40.7,33.7,42.4,49.3,67.3,60.5,42.9,42.4,38.4,29.0,38.3,39.1,6.54,4,3,2,Business Analytics,Cloud & DevOps,Business Analyst
839,41.2,40.2,38.5,30.5,60.4,46.7,60.1,52.9,39.4,40.2,39.3,49.7,50.3,48.9,58.2,40.2,52.2,49.4,51.8,38.1,57.7,54.5,74.7,65.0,62.5,49.7,40.7,6.54,10,2,4,Data Science,Security,Business Analyst
840,52.3,45.6,43.9,35.4,33.8,29.8,48.4,32.8,29.8,23.3,32.0,49.8,40.3,37.0,45.8,47.4,47.7,52.4,40.2,27.9,26.9,36.3,48.6,54.5,38.1,36.3,40.7,6.55,6,1,4,DevOps,Security,Business Analyst
841,13.9,23.5,30.7,42.2,17.8,16.7,31.9,24.5,35.6,31.9,16.2,26.7,12.8,27.4,22.1,30.5,35.8,17.3,18.1,25.4,12.1,6.5,38.0,17.8,35.6,38.7,24.3,6.56,3,0,4,Business Analytics,Security,Business Analyst
842,38.0,34.2,25.5,25.8,31.9,31.1,33.0,23.3,32.3,35.2,31.4,40.4,34.4,26.8,32.9,24.0,25.0,23.7,23.3,44.6,35.6,34.5,38.0,37.7,44.5,53.3,44.1,6.56,4,2,1,Web Development,Data & Analytics,Business Analyst
843,18.6,20.0,23.2,37.6,28.3,14.0,26.3,29.8,28.9,31.6,54.3,37.2,25.0,31.6,24.9,25.7,33.6,23.9,19.6,23.0,39.3,9.5,31.2,11.4,32.1,27.7,32.9,6.57,5,1,1,Data Science,Cloud & DevOps,Business Analyst
844,36.0,29.9,38.9,51.9,52.8,67.4,56.1,45.4,43.0,36.2,63.4,48.1,46.8,49.4,48.4,39.2,50.7,47.2,38.2,61.3,57.7,37.1,61.8,61.4,52.0,46.4,60.8,6.57,5,2,3,Business Analytics,Cloud & DevOps,Business Analyst
845,24.9,35.8,48.7,16.8,23.9,27.5,31.5,25.4,31.8,37.9,31.4,40.9,21.4,26.3,38.4,26.0,32.3,37.0,35.1,15.9,13.4,29.1,45.8,57.5,32.5,27.1,51.9,6.58,3,2,4,AI/ML,Mobile,Business Analyst
846,57.2,55.5,68.1,53.2,57.7,75.8,63.1,65.6,51.8,57.0,49.4,66.5,62.9,66.4,66.8,58.8,68.7,67.8,75.4,56.6,74.8,70.4,56.7,71.4,77.1,65.3,62.5,6.58,5,2,10,AI/ML,Machine Learning,Business Analyst
847,31.6,38.4,44.9,36.9,47.8,53.7,55.9,51.9,50.8,43.3,39.2,44.3,30.7,39.6,41.1,47.5,26.2,30.6,37.8,39.0,43.5,40.1,45.4,34.5,33.7,50.1,42.8,6.6,7,1,0,DevOps,Security,Business Analyst
848,20.4,16.9,21.9,4.9,25.1,10.2,16.1,2.7,6.2,10.3,10.6,21.9,35.1,4.3,25.3,23.5,16.6,16.5,29.4,14.3,14.2,13.9,20.2,12.0,35.2,20.1,13.0,6.61,4,0,1,Web Development,Cloud & DevOps,Business Analyst
849,30.6,13.6,13.2,29.2,12.9,33.9,36.8,41.4,23.2,11.2,7.5,27.5,19.9,31.5,11.6,43.7,37.7,35.7,26.8,14.7,31.5,23.8,32.1,16.9,29.3,32.0,22.5,6.61,3,2,4,Business Analytics,Security,Business Analyst
850,45.5,63.0,62.0,30.5,40.7,33.5,21.9,25.8,45.3,43.6,36.1,44.9,25.8,36.1,45.6,39.1,42.2,44.3,41.9,54.1,51.9,49.8,44.7,49.2,36.7,36.8,37.4,6.61,4,0,6,Business Analytics,Data & Analytics,Business Analyst
851,46.2,40.8,47.6,54.6,41.3,29.1,27.8,39.3,39.4,58.5,54.5,56.8,38.0,32.8,37.4,42.9,40.6,36.0,58.6,57.6,55.3,46.0,53.7,34.0,48.1,57.5,44.9,6.61,3,2,0,Data Science,QA & Testing,Business Analyst
852,44.2,52.0,45.0,30.7,70.4,52.7,50.8,62.5,54.7,44.2,36.5,34.7,38.5,21.5,34.5,34.7,41.6,41.7,45.8,44.4,26.4,41.4,32.5,48.5,24.2,39.2,52.4,6.62,6,1,0,DevOps,Full Stack,Business Analyst
853,45.5,35.0,38.1,50.0,31.6,13.9,35.2,22.5,29.1,44.5,34.5,32.1,38.6,45.7,58.5,51.0,43.4,49.4,45.2,39.0,57.5,46.3,33.9,51.7,55.6,42.3,23.2,6.62,4,0,3,Cybersecurity,Machine Learning,Business Analyst
854,46.5,49.1,25.3,36.1,36.2,32.8,52.7,38.6,44.8,47.4,49.2,48.7,49.1,38.7,47.5,64.4,38.7,21.9,16.4,37.8,37.5,8.9,58.7,35.0,56.1,41.7,37.1,6.62,2,1,3,Web Development,Mobile,Business Analyst
855,33.3,46.2,51.0,46.8,38.0,30.8,43.4,37.1,47.0,42.3,44.4,41.3,50.5,44.2,33.9,38.9,37.7,40.0,37.3,53.9,54.3,46.2,41.2,33.0,55.5,51.0,33.8,6.63,3,1,0,Business Analytics,Data & Analytics,Business Analyst
856,52.1,58.3,56.6,55.1,43.2,41.0,37.8,35.8,44.7,58.0,78.6,60.5,55.0,52.3,55.5,55.8,69.5,54.7,40.5,61.4,53.2,47.9,64.6,68.9,47.2,65.5,74.0,6.63,5,2,6,DevOps,Machine Learning,Business Analyst
857,40.1,24.3,26.8,32.2,19.2,26.6,23.8,13.9,26.0,19.5,36.6,38.2,22.6,36.1,27.3,35.2,26.4,24.4,33.0,28.5,38.2,35.7,23.0,15.9,29.5,28.6,32.2,6.64,4,0,0,Cybersecurity,QA & Testing,Business Analyst
858,24.7,15.5,25.4,24.3,33.8,46.6,46.6,31.4,22.6,21.8,25.8,20.6,39.4,23.7,41.5,20.0,27.9,18.9,28.2,44.8,47.5,29.6,43.0,31.7,43.5,28.8,32.7,6.65,3,0,0,Cybersecurity,Mobile,Business Analyst
859,27.6,25.8,33.0,34.0,29.2,14.5,12.6,27.8,28.2,24.2,25.0,20.1,29.5,39.9,29.4,30.8,36.8,33.5,15.1,27.1,36.2,40.4,33.4,24.6,39.0,29.2,15.4,6.65,5,2,2,AI/ML,Backend,Business Analyst
860,33.3,31.6,41.9,48.1,28.0,33.0,35.3,28.6,23.1,32.3,24.6,40.3,27.6,27.1,27.0,40.4,21.6,56.1,35.6,31.4,34.3,44.6,37.5,49.9,46.5,36.9,43.0,6.65,2,1,2,AI/ML,Data & Analytics,Business Analyst
861,38.4,21.8,25.4,41.5,28.2,21.6,33.7,23.9,23.9,38.0,41.6,35.9,38.6,33.4,45.3,32.3,37.4,62.5,59.4,54.3,42.4,50.7,23.6,27.7,30.2,16.0,27.8,6.65,3,2,3,Data Science,Frontend,Business Analyst
862,31.4,23.1,24.6,17.5,42.6,28.1,32.2,29.0,31.2,32.4,22.5,38.4,38.4,41.3,45.8,55.2,45.7,17.3,20.2,28.7,18.6,27.3,37.7,30.5,56.9,46.8,27.6,6.66,0,2,5,Cybersecurity,Data & Analytics,Business Analyst
863,39.7,31.2,42.6,45.7,52.3,53.2,53.0,40.9,33.3,45.6,51.4,39.3,35.6,39.1,40.6,21.4,33.7,35.8,24.8,65.2,63.3,53.7,50.3,40.4,42.5,48.5,38.7,6.66,3,1,2,Business Analytics,QA & Testing,Business Analyst
864,46.8,61.0,44.6,46.9,53.3,56.5,47.9,64.3,32.9,31.8,41.7,46.6,49.2,30.2,34.6,44.7,38.2,42.9,50.1,57.2,59.4,49.7,47.2,37.7,58.8,58.8,65.6,6.66,5,2,3,Cloud Computing,Frontend,Business Analyst
865,26.7,39.6,45.9,36.0,39.0,36.4,43.8,48.9,41.4,44.2,35.1,41.3,28.7,31.4,44.9,30.4,44.2,30.2,27.6,29.0,16.4,36.9,33.2,25.7,34.3,30.8,25.8,6.67,2,1,1,Business Analytics,Full Stack,Business Analyst
866,43.9,38.7,45.0,42.3,29.6,29.0,24.9,29.7,51.0,47.2,51.2,36.0,35.8,31.7,36.7,55.5,45.6,38.3,37.6,19.8,23.1,44.9,24.6,29.8,19.9,36.7,35.8,6.67,3,1,5,Business Analytics,Cloud & DevOps,Business Analyst
867,25.2,29.5,33.0,44.7,27.7,13.6,22.8,24.3,31.0,31.2,35.3,28.2,35.9,28.0,28.8,24.3,14.5,54.6,56.6,44.7,32.7,48.3,22.6,39.9,34.8,23.5,31.1,6.7,4,0,2,Cybersecurity,Business,Business Analyst
868,38.5,45.9,46.0,35.1,58.3,72.4,68.5,63.3,64.9,64.3,48.4,51.9,50.1,66.5,53.5,61.9,43.1,47.7,51.8,49.7,42.3,44.4,47.7,40.4,61.9,69.5,55.4,6.7,2,2,5,Web Development,Cloud & DevOps,Business Analyst
869,42.2,37.8,42.1,43.2,51.1,69.5,50.8,58.1,58.4,50.2,41.2,50.2,54.4,38.3,44.8,45.1,41.6,56.0,54.4,47.3,33.8,44.9,41.7,34.8,53.8,60.0,38.4,6.7,5,2,2,Web Development,Security,Business Analyst
870,22.0,42.8,43.6,32.7,54.6,56.8,52.1,58.8,48.0,31.1,25.5,38.1,38.5,46.3,41.6,41.5,41.4,27.7,16.8,17.9,18.7,21.5,39.4,27.4,47.0,51.4,37.8,6.71,6,2,3,Cloud Computing,QA & Testing,Business Analyst
871,32.4,38.9,36.5,50.3,30.9,31.5,35.0,24.4,51.5,35.3,23.2,37.5,32.6,55.8,56.4,46.7,55.1,49.8,42.5,35.1,34.4,35.3,36.8,21.0,41.2,40.7,45.5,6.72,5,2,3,Data Science,Machine Learning,Business Analyst
872,57.1,48.3,56.3,45.3,49.6,45.7,47.8,48.4,39.5,48.5,36.9,49.4,39.5,28.8,29.4,38.3,24.1,52.7,51.5,46.7,54.8,46.4,48.6,43.9,66.2,55.3,56.5,6.72,3,2,3,AI/ML,Backend,Business Analyst
873,66.9,68.2,47.7,51.0,70.2,82.4,62.4,78.7,61.6,54.8,56.7,64.7,61.8,74.4,59.8,61.9,50.6,67.2,52.8,64.8,58.6,48.2,67.6,54.4,80.1,64.8,42.9,6.72,3,2,4,Mobile Development,QA & Testing,Business Analyst
874,36.1,46.3,56.9,40.1,33.8,24.9,41.9,22.8,54.1,57.6,57.4,47.3,37.8,46.1,39.0,27.2,47.6,31.5,37.4,39.4,28.0,47.1,43.5,26.9,32.5,20.7,42.0,6.73,9,0,0,Cloud Computing,Backend,Business Analyst
875,54.9,44.9,53.8,61.2,44.8,56.9,56.5,47.6,56.0,58.8,66.0,67.2,52.2,72.6,61.6,58.5,47.4,46.9,26.5,68.6,80.2,57.4,58.0,64.9,46.2,55.2,54.6,6.73,4,1,2,Cybersecurity,Business,Business Analyst
876,66.6,54.0,47.6,55.9,63.8,64.2,69.7,49.5,80.9,72.2,66.3,73.8,65.6,62.1,67.0,53.4,66.8,72.4,43.2,50.7,65.7,69.6,55.6,71.2,65.6,59.2,61.8,6.73,6,1,2,DevOps,Cloud & DevOps,Business Analyst
877,30.6,31.5,31.3,34.0,32.9,23.6,30.5,28.8,42.4,30.7,28.9,23.9,19.8,32.0,16.4,38.6,16.0,22.0,36.1,32.6,37.7,25.4,44.0,36.8,41.6,38.4,30.9,6.74,2,1,1,Mobile Development,Backend,Business Analyst
878,53.6,54.2,65.5,49.2,30.1,42.5,35.9,26.5,52.1,47.7,41.9,48.9,49.3,45.8,46.0,51.2,57.5,53.4,41.7,56.1,60.2,45.2,45.8,54.1,33.0,41.2,62.4,6.74,5,1,5,Cloud Computing,Mobile,Business Analyst
879,19.1,21.5,32.1,24.1,41.5,54.4,29.3,44.6,31.5,34.1,44.0,27.3,35.5,31.5,24.4,15.9,19.5,22.6,2.9,37.2,45.1,16.1,22.1,27.8,42.9,35.3,8.3,6.75,1,1,2,Cloud Computing,Full Stack,Business Analyst
880,25.7,19.6,14.9,25.4,26.2,31.9,33.8,40.3,16.8,28.8,17.7,25.8,38.6,38.5,33.9,42.9,30.1,35.5,25.1,25.3,33.0,28.5,44.9,23.0,29.1,34.2,35.0,6.75,4,0,2,Cloud Computing,Security,Business Analyst
881,50.3,24.4,26.3,58.6,56.6,53.9,54.6,53.1,31.4,40.2,48.9,56.9,49.4,35.9,31.1,46.8,49.0,51.6,62.1,61.3,55.5,64.2,35.6,41.7,28.0,50.8,55.7,6.76,7,2,3,Cloud Computing,Business,Business Analyst
882,27.7,24.7,12.1,32.4,41.3,48.3,38.2,49.9,28.0,26.3,33.0,31.2,24.4,31.9,20.4,34.0,28.0,21.3,46.5,46.0,54.2,30.9,57.0,33.5,44.0,52.5,40.2,6.77,4,1,4,Cloud Computing,Cloud & DevOps,Business Analyst
883,21.3,52.4,45.7,43.2,31.8,27.1,24.1,32.6,34.4,40.2,47.3,36.4,30.9,49.4,25.9,28.6,36.4,35.0,29.9,47.0,45.5,52.9,45.1,44.8,58.9,51.9,43.0,6.78,3,1,4,Cybersecurity,Business,Business Analyst
884,50.5,31.1,38.5,60.7,37.0,41.5,38.0,51.5,47.8,40.6,47.0,37.1,50.2,48.4,54.4,48.3,46.2,47.0,60.0,71.6,55.3,69.6,59.8,54.1,49.9,56.2,64.4,6.78,6,3,2,Web Development,Data & Analytics,Business Analyst
885,70.6,79.8,65.0,70.2,80.1,66.6,75.7,74.0,63.3,60.1,60.0,60.1,65.5,49.1,48.2,45.3,65.9,49.1,56.2,31.6,39.3,62.4,75.3,50.2,70.9,66.8,59.9,6.78,8,0,3,DevOps,Full Stack,Business Analyst
886,38.7,39.1,54.2,54.2,37.6,45.1,49.0,46.3,42.0,43.5,45.9,36.2,46.6,40.1,50.1,43.0,46.0,42.5,33.3,54.6,56.4,53.5,40.9,44.7,55.8,39.9,59.6,6.79,8,2,4,AI/ML,QA & Testing,Business Analyst
887,37.9,48.6,25.7,47.6,46.3,27.7,40.0,39.1,51.0,47.7,49.8,43.3,36.6,43.8,37.5,43.3,46.2,34.6,24.1,34.2,41.5,35.9,53.5,54.7,35.4,43.0,43.2,6.81,9,3,4,Web Development,Security,Business Analyst
888,47.8,40.9,46.1,40.7,58.7,48.9,42.4,46.9,48.4,50.7,45.0,35.4,56.2,44.9,35.3,39.1,28.1,38.5,50.0,51.8,59.3,48.3,73.3,39.8,57.2,61.7,39.5,6.81,3,1,4,Business Analytics,Cloud & DevOps,Business Analyst
889,34.6,22.3,12.4,21.1,25.6,12.4,31.8,21.6,11.2,9.0,12.8,26.6,28.5,30.3,24.9,35.4,38.1,26.9,25.8,34.6,27.9,21.5,38.4,20.9,27.8,33.3,31.8,6.82,5,1,3,Cybersecurity,Mobile,Business Analyst
890,37.4,21.8,28.7,29.3,63.6,46.3,48.1,56.3,41.4,29.9,48.9,30.6,33.0,38.1,29.2,26.6,26.6,25.1,25.3,46.2,41.5,32.6,51.5,23.6,49.6,40.0,41.4,6.83,3,0,3,Web Development,Business,Business Analyst
891,56.5,57.7,51.1,35.3,45.2,58.9,45.7,55.1,52.4,42.0,43.5,50.2,61.7,61.1,53.6,55.0,38.1,53.8,41.4,28.1,43.8,52.5,59.8,50.9,54.0,47.1,53.1,6.83,4,1,6,Data Science,Machine Learning,Business Analyst
892,32.4,39.7,30.8,48.8,16.2,22.7,23.7,35.5,25.7,53.8,36.2,30.8,39.7,30.0,24.3,26.0,28.7,40.8,54.3,39.2,45.0,41.4,57.3,33.0,48.1,43.7,49.8,6.84,4,0,1,Cybersecurity,Full Stack,Business Analyst
893,33.0,29.1,28.6,39.8,22.8,25.8,41.5,30.3,33.0,31.2,37.3,31.7,26.3,33.4,40.2,32.7,33.3,31.1,16.2,22.4,40.1,30.8,30.7,34.1,31.8,27.3,41.6,6.84,1,0,0,Cloud Computing,Mobile,Business Analyst
894,36.2,43.6,30.4,41.4,29.0,25.8,12.4,27.0,30.3,41.1,34.0,26.3,27.4,16.8,46.4,27.9,32.1,22.8,35.1,31.6,29.0,22.8,52.4,33.7,28.0,29.2,22.9,6.85,3,2,1,AI/ML,Mobile,Business Analyst
895,34.6,32.9,37.3,31.7,29.5,38.8,45.5,45.0,63.2,59.6,48.6,45.4,46.6,39.3,48.3,45.9,40.3,14.2,7.6,22.0,18.2,20.7,19.4,36.3,18.2,35.0,45.4,6.86,5,2,3,Cybersecurity,Mobile,Business Analyst
896,45.2,14.6,27.0,45.5,15.7,36.9,13.8,31.9,29.3,27.7,32.5,39.5,26.5,48.9,39.9,38.6,40.5,30.7,24.5,36.0,42.0,24.2,23.8,6.9,30.9,33.2,31.2,6.86,5,0,3,Web Development,Data & Analytics,Business Analyst
897,55.0,38.4,51.5,41.5,58.4,59.7,52.3,49.1,46.2,30.6,46.8,52.6,47.2,31.6,26.0,39.4,37.8,52.8,54.0,32.8,33.1,50.4,35.6,38.6,32.7,48.6,44.4,6.87,5,1,2,Web Development,Mobile,Business Analyst
898,47.0,59.9,44.5,30.4,46.8,45.8,39.4,31.2,28.3,31.0,22.8,54.4,39.3,26.8,45.0,56.2,55.5,41.0,48.9,19.3,38.4,52.2,49.0,43.4,70.7,70.7,50.4,6.88,2,3,3,Business Analytics,Business,Business Analyst
899,57.1,58.5,54.6,36.5,36.9,46.9,37.3,43.4,49.9,29.4,34.0,52.8,62.3,73.3,60.2,63.3,58.5,66.9,76.0,51.5,50.9,48.5,71.5,50.1,54.2,66.1,54.3,6.88,5,1,1,DevOps,Frontend,Business Analyst
900,35.2,27.4,46.3,34.5,41.6,26.8,29.7,45.2,35.8,23.0,37.6,42.7,25.7,47.5,36.0,41.4,38.5,27.0,40.4,24.0,16.4,39.5,29.0,57.8,34.0,21.1,39.7,6.89,4,0,1,Data Science,Full Stack,Business Analyst
901,27.4,32.4,14.5,41.3,25.8,29.1,23.5,36.9,25.5,34.2,50.7,16.0,28.3,23.4,17.9,28.0,25.3,26.1,30.2,48.0,38.5,34.1,27.5,32.8,33.2,28.8,20.0,6.92,1,1,2,DevOps,Security,Business Analyst
902,19.1,21.5,37.6,27.5,23.4,21.9,37.4,11.6,18.0,20.7,19.8,33.8,12.4,19.1,21.8,15.0,9.1,28.3,20.4,52.0,54.2,45.9,48.0,35.4,46.9,55.6,31.4,6.94,3,2,1,Business Analytics,Business,Business Analyst
903,26.4,28.6,43.7,29.1,68.1,42.2,56.7,55.2,32.8,26.6,29.7,39.1,46.8,47.9,43.1,51.3,36.5,34.6,46.7,26.8,25.2,44.0,48.8,37.2,32.9,43.5,45.0,6.94,6,1,2,DevOps,Backend,Business Analyst
904,59.1,36.0,46.5,40.7,35.2,36.5,41.9,38.1,46.4,45.4,43.7,40.9,34.4,38.7,39.4,39.5,33.9,46.2,66.4,36.0,43.9,63.4,32.1,52.4,41.1,41.1,40.1,6.95,5,1,3,AI/ML,Frontend,Business Analyst
905,47.5,45.5,42.2,29.3,29.9,34.2,44.0,42.7,51.5,42.4,25.2,55.4,52.7,50.4,34.4,42.9,42.1,30.4,38.5,41.6,50.9,38.7,57.6,42.8,74.6,52.9,50.0,6.96,6,1,1,Data Science,Business,Business Analyst
906,54.5,41.4,34.3,41.2,56.3,67.4,58.5,60.0,48.0,31.5,44.9,45.3,50.5,42.1,29.5,37.0,49.7,56.8,56.5,48.9,62.1,46.0,61.2,40.7,67.8,55.6,44.2,6.96,2,1,2,DevOps,Data & Analytics,Business Analyst
907,52.2,53.8,59.5,43.2,66.6,84.0,73.6,74.0,55.0,51.3,44.8,58.9,68.4,58.1,53.6,68.0,59.3,53.4,63.8,53.0,56.0,62.0,70.8,59.5,71.7,50.9,56.4,6.97,11,2,3,Cloud Computing,Cloud & DevOps,Business Analyst
908,19.9,33.1,44.4,19.6,49.6,45.1,43.1,49.8,26.4,31.3,14.5,35.0,26.7,23.5,24.1,14.7,37.0,10.2,13.1,40.3,40.2,27.5,40.5,37.9,19.1,45.0,34.9,6.98,5,1,0,Mobile Development,Data & Analytics,Business Analyst
909,31.2,13.6,26.7,24.0,20.9,22.5,31.6,17.9,19.7,10.7,25.3,18.9,23.2,25.5,34.6,23.3,26.2,33.3,29.5,34.9,43.2,43.6,28.0,24.3,38.8,30.7,10.8,6.98,3,1,2,Business Analytics,Full Stack,Business Analyst
910,36.2,39.3,31.0,38.5,24.0,21.0,39.7,21.5,30.0,22.5,33.0,28.7,28.2,35.1,44.9,27.9,46.0,19.3,29.8,30.5,35.4,31.2,23.1,37.5,27.2,19.2,36.6,6.98,3,0,2,AI/ML,Mobile,Business Analyst
911,33.2,34.6,32.3,20.6,39.0,36.4,26.5,40.7,40.2,31.6,31.7,33.0,28.5,29.8,30.1,26.1,33.2,28.3,15.2,18.8,9.2,30.9,36.6,37.7,32.0,43.1,23.6,7.01,4,1,3,Web Development,QA & Testing,Business Analyst
912,46.9,41.8,54.0,34.8,40.0,48.6,50.3,44.0,49.8,50.9,34.5,48.8,49.4,36.1,43.5,48.8,44.3,43.1,40.5,48.5,36.6,41.7,37.0,42.1,47.6,45.7,40.6,7.01,3,1,1,Data Science,Full Stack,Business Analyst
913,31.6,44.4,49.4,39.7,46.5,41.3,52.4,37.8,51.3,50.3,40.2,46.1,46.8,32.0,32.6,46.9,40.8,37.6,47.9,18.2,5.1,50.2,38.0,55.7,17.4,31.4,31.7,7.04,2,0,0,Cloud Computing,Data & Analytics,Business Analyst
914,51.4,56.3,59.9,45.0,38.6,48.2,37.7,43.7,51.3,38.4,46.7,42.0,49.1,41.8,34.0,54.5,55.1,49.2,39.5,29.4,34.4,34.3,36.9,48.4,22.8,39.6,43.3,7.04,4,1,1,Cybersecurity,Mobile,Business Analyst
915,52.5,38.6,50.2,39.6,49.1,58.9,56.7,55.4,52.4,36.1,39.5,40.6,37.8,20.2,29.5,34.7,34.2,24.0,25.2,23.7,42.7,25.8,40.2,40.3,38.9,53.8,51.7,7.04,5,0,1,Business Analytics,Data & Analytics,Business Analyst
916,54.3,45.9,45.7,57.8,72.4,58.0,60.1,51.7,49.4,33.6,35.7,53.3,47.6,35.5,38.2,38.5,49.0,62.3,57.5,54.0,43.1,52.7,76.8,44.0,72.7,55.4,46.8,7.04,8,1,4,AI/ML,Data & Analytics,Business Analyst
917,28.8,41.6,40.8,39.8,36.8,26.6,27.7,26.7,34.7,25.2,29.6,43.5,35.9,36.6,50.5,47.7,44.4,21.2,24.5,32.9,30.2,28.6,34.6,51.7,21.8,39.0,49.9,7.05,5,1,2,Cloud Computing,QA & Testing,Business Analyst
918,50.7,44.4,55.9,57.4,32.3,30.1,33.2,42.9,34.9,34.8,39.7,37.8,45.5,37.2,25.1,27.0,35.0,45.9,49.2,62.9,64.5,47.6,52.0,50.3,32.9,36.8,44.4,7.05,3,2,4,Mobile Development,Data & Analytics,Business Analyst
919,37.3,56.7,54.0,49.4,36.7,38.4,40.4,45.3,42.0,28.6,37.0,57.8,43.5,47.3,44.9,45.9,54.4,53.0,53.7,61.2,58.2,51.6,61.9,49.8,71.4,62.4,53.3,7.06,5,1,4,Cloud Computing,Mobile,Business Analyst
920,45.1,44.8,41.1,56.0,25.2,19.1,43.3,30.7,32.2,41.4,46.3,52.9,42.5,34.5,36.8,38.7,45.2,46.5,35.0,38.8,39.8,32.7,44.6,44.7,50.8,45.7,45.4,7.06,2,1,1,DevOps,Security,Business Analyst
921,46.2,36.0,39.6,52.2,48.5,41.1,37.6,55.8,38.7,39.5,53.6,45.1,49.1,33.3,47.0,48.6,42.3,38.9,43.2,60.0,53.3,44.5,51.0,64.4,44.2,47.8,48.2,7.06,6,2,1,DevOps,Full Stack,Business Analyst
922,50.2,34.5,35.1,36.1,56.8,59.4,61.3,47.8,44.8,34.4,40.5,43.9,51.4,56.7,56.6,42.7,55.0,51.7,51.6,48.7,51.6,63.8,65.7,46.7,63.3,80.8,57.8,7.06,3,2,3,AI/ML,Data & Analytics,Business Analyst
923,58.1,67.6,55.8,47.5,60.1,51.2,51.6,53.3,55.0,53.6,54.7,54.1,49.0,55.3,56.2,58.2,51.4,41.1,53.1,33.9,47.9,27.3,64.9,60.3,52.1,55.7,68.5,7.06,12,2,5,Business Analytics,Cloud & DevOps,Business Analyst
924,22.5,40.9,21.1,35.5,42.8,61.7,41.3,48.6,24.8,45.2,23.0,41.4,33.5,34.2,37.4,33.7,42.0,24.6,32.9,34.3,30.0,34.7,35.2,39.9,21.6,36.9,22.9,7.08,6,1,1,Web Development,Frontend,Business Analyst
925,26.1,32.3,24.6,35.7,38.6,37.2,50.5,30.0,19.5,32.8,37.9,28.6,35.1,14.6,25.0,14.9,30.5,10.5,10.7,34.6,39.3,20.1,39.1,26.0,33.5,24.5,27.4,7.09,1,1,2,Cybersecurity,Backend,Business Analyst
926,26.5,34.0,26.7,54.8,16.5,19.7,32.3,10.2,37.8,45.5,46.4,18.0,13.0,29.4,33.3,33.8,26.6,42.5,35.8,47.4,48.6,33.8,25.3,34.8,35.3,14.8,28.3,7.09,2,0,3,Cybersecurity,Backend,Business Analyst
927,43.9,47.4,40.2,38.4,34.5,21.8,33.4,25.3,57.0,37.1,35.3,30.3,40.9,35.6,30.7,33.5,34.4,36.7,47.2,36.4,33.5,51.4,27.2,42.1,36.1,37.4,46.0,7.09,2,1,4,Data Science,QA & Testing,Business Analyst
928,34.8,51.6,47.0,43.9,79.2,80.3,64.1,77.9,55.7,71.5,40.3,57.0,58.9,57.2,59.4,55.2,53.7,41.5,45.6,55.4,54.0,35.6,63.8,55.8,48.2,49.1,51.8,7.1,5,2,3,Business Analytics,Mobile,Business Analyst
929,40.7,49.0,28.3,28.1,42.1,42.8,45.6,34.6,42.3,39.8,27.2,40.1,39.6,33.8,39.6,31.3,36.3,38.4,35.7,33.4,34.8,33.1,42.6,43.1,37.9,45.0,39.3,7.1,6,1,2,Business Analytics,Security,Business Analyst
930,51.7,64.8,51.9,60.3,48.6,47.4,47.4,45.7,68.1,52.8,58.0,42.3,54.3,27.6,37.2,49.2,39.7,35.4,42.3,41.3,59.1,52.9,61.4,38.6,55.7,66.6,55.0,7.1,8,1,2,Cloud Computing,Frontend,Business Analyst
931,37.2,41.9,49.1,50.6,7.1,25.1,26.8,42.2,48.3,43.4,36.3,38.3,29.2,39.1,37.7,32.8,42.5,68.8,39.8,43.5,55.8,44.3,56.0,32.1,56.0,48.3,47.8,7.11,4,1,2,Data Science,Data & Analytics,Business Analyst
932,45.1,36.7,33.2,40.5,40.3,47.4,37.9,34.0,33.5,40.3,41.9,42.2,37.7,56.9,47.5,49.8,36.9,43.4,51.9,42.2,41.4,60.7,44.4,46.1,24.2,40.4,45.3,7.11,7,3,1,Mobile Development,Machine Learning,Business Analyst
933,51.4,42.6,37.1,47.7,37.8,32.5,40.5,28.3,54.8,36.9,47.9,50.4,50.9,39.3,43.3,50.2,31.3,44.7,55.2,63.7,74.5,48.9,74.5,42.8,56.4,67.7,53.0,7.11,4,0,1,AI/ML,Security,Business Analyst
934,32.1,28.4,47.3,20.8,30.9,34.0,33.0,11.3,25.3,27.8,24.4,31.6,31.1,50.8,46.5,45.8,54.9,25.5,34.5,24.0,27.3,34.4,49.5,36.6,66.7,36.5,39.1,7.12,7,2,3,AI/ML,Cloud & DevOps,Business Analyst
935,34.2,55.1,47.0,38.6,61.6,37.7,53.4,62.5,36.6,55.5,38.8,41.0,59.6,47.2,32.1,40.4,33.1,34.9,35.0,33.6,24.3,39.4,41.2,44.4,51.6,55.9,60.1,7.12,5,1,2,Business Analytics,Data & Analytics,Business Analyst
936,42.1,48.7,49.2,56.3,53.2,37.2,40.8,32.3,51.7,49.0,55.9,44.2,48.5,25.7,41.8,25.9,39.3,54.8,57.0,70.1,60.8,62.7,56.1,55.9,53.7,55.4,50.8,7.12,6,2,2,Data Science,Data & Analytics,Business Analyst
937,42.4,36.0,36.7,63.3,38.3,26.4,41.9,31.0,35.6,47.0,39.8,39.6,37.0,43.5,44.1,26.3,40.4,40.1,39.5,36.2,35.4,38.6,37.6,26.0,27.2,25.7,35.7,7.12,5,0,6,Data Science,Business,Business Analyst
938,42.5,40.6,32.2,61.9,35.0,28.0,30.2,31.2,37.2,46.1,59.6,60.8,46.7,44.8,35.5,39.3,32.9,49.7,46.5,71.2,82.3,69.2,62.0,47.6,72.7,52.7,47.9,7.12,6,2,1,Cybersecurity,Business,Business Analyst
939,51.7,53.5,59.4,56.2,47.3,39.9,54.4,33.6,47.9,45.3,56.4,53.7,61.8,49.5,51.5,70.7,45.2,62.6,87.0,47.6,55.1,53.9,50.9,51.8,69.4,46.7,52.5,7.12,6,1,3,Cloud Computing,QA & Testing,Business Analyst
940,57.7,55.1,46.9,75.1,60.1,69.7,77.6,66.8,59.8,73.2,55.3,54.8,48.2,43.2,29.8,53.5,34.0,50.7,47.1,71.0,56.0,50.7,40.4,53.1,37.8,53.5,48.1,7.12,9,2,4,Business Analytics,Security,Business Analyst
941,59.7,62.7,59.5,40.1,56.3,63.0,67.6,56.4,56.1,50.4,57.7,55.0,42.3,51.3,48.9,55.8,47.1,54.4,57.5,57.0,54.8,44.6,70.5,56.7,67.5,60.2,53.8,7.12,4,2,1,Web Development,Mobile,Business Analyst
942,36.8,45.8,43.9,44.4,48.4,47.2,54.3,57.5,70.4,62.8,51.2,57.6,61.8,48.9,49.3,45.5,45.6,54.9,61.6,57.7,53.4,49.8,49.5,54.5,57.6,46.3,51.3,7.13,3,2,4,Cloud Computing,Mobile,Business Analyst
943,38.3,36.4,22.5,41.8,35.1,45.7,42.6,43.0,47.1,32.2,45.2,28.7,44.4,35.2,38.5,48.7,25.4,18.6,32.0,34.6,49.8,25.2,56.9,36.7,45.8,58.4,26.4,7.14,3,1,1,AI/ML,Machine Learning,Business Analyst
944,39.6,39.1,36.3,37.0,45.4,43.5,39.9,35.1,38.0,31.1,37.0,31.7,38.2,25.0,29.0,29.3,39.7,33.5,43.7,37.3,38.1,25.9,43.0,19.8,52.5,50.9,18.0,7.14,6,0,3,DevOps,Mobile,Business Analyst
945,57.6,59.8,52.7,54.5,20.8,40.7,45.5,39.3,47.5,61.3,65.1,52.6,47.4,51.5,45.1,45.2,57.7,64.4,63.2,60.0,68.9,72.8,55.6,54.2,50.3,61.4,56.1,7.14,9,3,3,Cybersecurity,Cloud & DevOps,Business Analyst
946,14.7,25.5,31.7,33.4,45.1,44.4,56.5,43.9,26.4,23.4,19.7,40.5,20.8,29.3,25.1,23.0,24.4,18.9,21.1,22.4,27.4,17.0,63.4,36.9,51.4,40.7,36.0,7.15,4,1,1,Data Science,Cloud & DevOps,Business Analyst
947,27.0,29.9,30.2,36.1,48.2,51.6,45.1,56.0,36.8,33.7,22.1,42.1,22.6,23.0,28.7,24.2,33.4,26.8,35.3,33.4,26.1,27.0,39.1,41.2,55.0,38.5,36.0,7.15,3,1,4,Mobile Development,Security,Business Analyst
948,41.9,36.2,48.8,36.1,41.7,49.4,46.0,47.3,22.2,39.3,31.8,36.6,43.8,25.7,18.5,29.3,36.1,44.2,47.3,43.1,45.5,49.4,62.0,49.6,75.0,67.1,37.0,7.15,3,0,1,Data Science,Backend,Business Analyst
949,55.6,48.6,64.6,65.3,65.7,70.3,66.8,71.2,54.1,72.8,70.3,64.2,57.0,64.5,72.2,68.8,60.8,62.0,60.8,53.2,57.5,62.0,63.0,48.3,58.3,55.3,45.9,7.15,10,2,5,Business Analytics,Full Stack,Business Analyst
950,25.1,34.9,44.0,35.8,21.9,29.1,26.4,35.3,28.8,7.4,35.1,33.1,35.4,41.4,29.1,40.4,43.7,42.9,39.6,40.0,28.4,36.4,47.3,40.0,47.2,57.0,41.1,7.16,8,1,3,AI/ML,QA & Testing,Business Analyst
951,21.3,14.8,14.9,14.5,40.4,43.5,29.0,38.7,18.0,34.6,29.6,30.1,27.2,19.5,28.2,16.4,40.5,23.6,26.3,8.9,30.8,18.8,55.3,38.4,55.3,52.6,19.6,7.17,3,1,0,Business Analytics,Frontend,Business Analyst
952,46.1,48.1,62.1,39.0,38.5,43.6,42.4,35.1,30.5,50.9,45.1,26.9,41.9,36.4,35.1,40.4,40.4,41.3,44.1,44.0,35.6,31.8,32.2,52.2,24.3,42.0,34.3,7.17,2,0,3,Cloud Computing,Machine Learning,Business Analyst
953,49.1,32.3,31.6,48.2,49.1,58.6,38.6,64.8,39.8,34.6,47.3,49.2,38.9,47.8,48.7,37.5,29.9,48.4,49.8,27.5,35.5,44.2,52.6,32.2,46.8,56.0,35.0,7.17,5,0,1,Web Development,Data & Analytics,Business Analyst
954,47.6,69.6,72.5,48.5,59.1,43.4,50.2,56.4,53.8,51.5,58.1,53.7,66.2,75.4,68.4,72.3,73.9,43.9,50.2,44.7,52.6,56.6,70.1,53.4,56.9,69.6,53.3,7.19,6,1,3,Cybersecurity,Backend,Business Analyst
955,54.8,53.5,52.4,56.6,64.0,62.6,54.9,60.4,44.9,35.3,44.3,53.8,62.8,46.6,52.0,31.8,43.7,76.7,59.1,54.8,57.6,79.3,51.3,64.1,60.0,39.6,60.1,7.19,4,1,2,Cybersecurity,Full Stack,Business Analyst
956,44.8,42.0,27.0,47.2,38.1,23.3,38.0,50.2,41.6,40.0,47.1,39.0,43.2,57.7,53.5,46.0,47.5,48.8,38.3,66.6,44.7,54.1,47.5,33.4,57.9,47.7,54.6,7.2,2,2,2,Web Development,Business,Business Analyst
957,48.0,58.1,41.5,51.9,41.6,23.9,44.6,35.0,49.7,42.6,55.6,37.0,55.5,49.1,49.0,61.0,42.1,49.9,55.8,70.2,65.6,67.6,55.8,34.6,55.8,40.5,55.0,7.23,5,1,0,Business Analytics,Data & Analytics,Business Analyst
958,51.0,48.8,67.2,47.5,35.9,35.4,42.0,33.4,55.8,54.7,49.3,63.3,40.5,48.7,46.5,62.3,48.9,32.5,32.9,29.2,39.3,31.7,63.7,52.7,59.1,49.3,42.1,7.23,4,2,2,AI/ML,Business,Business Analyst
959,30.0,19.7,22.8,17.7,26.7,29.3,32.6,29.1,39.8,39.3,26.2,29.9,40.4,54.9,42.5,41.2,39.1,37.2,32.3,41.2,27.0,36.6,31.2,28.1,38.7,35.7,38.3,7.24,6,1,3,DevOps,Cloud & DevOps,Business Analyst
960,32.0,31.2,40.5,43.3,12.2,15.8,25.2,12.1,30.3,15.4,36.5,16.1,26.2,19.0,18.2,21.2,26.2,29.4,28.5,29.0,55.4,24.8,52.8,54.6,57.9,37.5,42.1,7.24,1,2,1,Data Science,Full Stack,Business Analyst
961,34.1,25.6,29.3,47.7,50.2,64.9,51.3,52.6,40.0,37.3,32.9,43.4,54.6,44.0,40.0,61.0,39.7,47.2,70.4,26.4,37.3,38.2,27.3,33.8,34.7,64.1,35.4,7.24,2,3,4,Business Analytics,Data & Analytics,Business Analyst
962,58.7,58.9,70.4,53.7,61.4,66.4,52.8,48.5,67.7,53.7,51.2,62.1,65.2,45.7,55.5,48.2,48.8,59.3,52.0,53.2,30.2,52.5,63.8,52.2,63.5,79.1,65.7,7.24,9,3,6,Business Analytics,Business,Business Analyst
963,33.1,44.5,45.8,57.3,49.5,65.8,45.9,58.7,56.6,55.7,63.6,54.3,39.7,49.5,57.0,48.0,57.3,40.2,48.6,37.6,67.1,30.7,39.9,43.7,28.2,51.3,48.5,7.25,2,3,1,Business Analytics,Data & Analytics,Business Analyst
964,50.5,53.0,46.5,46.8,55.0,60.5,68.0,65.8,44.1,56.6,58.7,42.6,48.0,51.3,44.4,49.0,50.3,55.3,45.3,52.6,52.8,59.1,54.5,37.5,48.1,41.9,37.0,7.25,6,2,3,Business Analytics,Business,Business Analyst
965,52.7,39.6,53.7,53.5,56.3,73.2,56.2,54.0,50.1,42.4,36.7,59.3,38.7,33.1,33.3,24.9,42.8,56.9,46.1,52.1,63.4,57.1,48.9,64.4,49.0,30.8,66.6,7.25,4,0,3,Mobile Development,Machine Learning,Business Analyst
966,38.7,32.7,44.9,24.9,39.4,52.5,37.3,48.6,36.9,48.3,42.7,39.5,51.8,43.2,54.2,51.0,54.0,31.6,36.8,35.5,43.6,35.9,36.8,24.2,42.6,47.3,21.8,7.27,1,2,2,Cybersecurity,Mobile,Business Analyst
967,44.9,72.4,65.7,41.8,69.6,59.2,54.6,63.4,64.7,41.3,55.2,52.4,52.2,49.3,38.7,54.0,62.5,33.0,35.0,42.5,49.5,45.2,64.6,54.7,59.7,64.6,67.0,7.27,11,3,5,Mobile Development,Business,Business Analyst
968,53.9,69.9,37.5,61.1,33.6,41.8,47.5,49.4,72.4,70.9,68.1,49.1,45.7,43.6,58.7,61.1,35.5,32.8,35.3,50.5,71.4,38.9,59.9,53.1,64.8,63.4,63.6,7.27,5,0,2,Business Analytics,QA & Testing,Business Analyst
969,58.2,54.0,65.4,65.8,70.5,74.0,64.9,61.9,60.7,66.6,66.1,71.3,64.0,60.0,64.4,68.5,58.9,71.2,53.9,85.0,75.0,64.5,54.0,45.5,42.9,54.9,63.6,7.28,7,2,3,Business Analytics,Frontend,Business Analyst
970,59.4,81.8,58.0,60.3,63.3,58.2,65.0,65.6,67.6,73.4,64.8,72.1,65.3,68.6,65.3,81.0,63.1,60.3,44.1,52.9,69.5,56.8,52.9,52.9,80.6,65.9,57.3,7.28,4,0,2,Cloud Computing,Frontend,Business Analyst
971,64.0,41.3,44.4,49.3,56.4,53.9,48.1,50.4,57.2,69.1,49.1,60.0,56.6,69.1,64.0,62.8,65.6,53.2,55.0,46.2,41.9,48.2,29.6,38.6,34.0,19.2,43.3,7.28,5,2,6,Web Development,Security,Business Analyst
972,64.5,51.5,42.5,53.0,50.3,51.1,49.2,51.0,48.0,69.9,54.0,45.6,56.5,49.6,50.9,56.5,57.1,52.1,67.7,59.6,58.0,70.1,71.2,41.0,63.4,60.8,59.1,7.28,5,1,6,Cybersecurity,Mobile,Business Analyst
973,37.0,34.9,34.6,41.1,29.9,35.9,37.3,40.7,21.5,28.8,29.1,19.8,25.8,39.4,49.7,26.2,29.7,31.4,21.7,40.4,32.9,35.0,37.7,32.1,17.3,40.7,28.4,7.29,4,2,4,DevOps,Mobile,Business Analyst
974,10.0,15.1,18.0,40.4,21.5,32.0,21.1,42.2,28.2,32.1,18.7,26.6,31.4,36.7,45.1,38.1,30.2,27.6,25.9,36.0,35.0,28.6,43.7,0.0,29.0,36.4,21.5,7.3,1,0,3,Data Science,Mobile,Business Analyst
975,31.1,39.4,42.2,19.0,30.9,28.4,29.7,26.4,33.7,25.3,16.3,22.5,40.1,24.0,22.5,33.7,28.5,17.9,16.1,38.6,50.3,37.0,34.7,35.2,37.9,19.6,38.3,7.3,6,0,2,Business Analytics,Mobile,Business Analyst
976,34.6,19.7,39.2,28.7,46.5,42.0,38.5,39.6,35.1,26.5,34.5,37.3,32.1,46.5,43.6,37.0,45.9,48.2,45.0,36.6,29.7,32.7,38.1,35.6,31.2,13.0,29.1,7.3,3,0,5,Web Development,Data & Analytics,Business Analyst
977,50.3,51.1,43.2,60.0,41.1,55.6,53.6,41.4,33.4,46.5,51.8,55.4,45.5,39.6,43.2,46.0,41.2,40.1,54.8,51.4,56.3,46.3,38.8,45.9,42.7,50.8,56.8,7.3,6,2,3,DevOps,Mobile,Business Analyst
978,18.1,29.0,12.2,1.2,20.0,7.9,19.2,6.9,25.2,30.2,13.1,32.5,13.6,51.2,42.0,35.2,37.4,6.6,3.1,23.0,32.2,16.2,21.2,19.7,55.5,36.0,17.2,7.31,4,0,3,Cybersecurity,Business,Business Analyst
979,37.6,39.3,44.6,51.8,58.8,44.9,41.0,61.5,28.0,39.4,45.3,41.0,53.4,48.0,46.3,27.9,51.9,36.8,49.0,53.4,56.4,51.6,42.8,49.8,49.6,47.3,35.7,7.31,3,2,5,Data Science,Business,Business Analyst
980,39.2,42.4,47.1,44.6,36.4,48.8,52.3,41.7,37.7,40.2,38.2,52.7,39.0,46.1,37.2,38.2,41.9,38.9,49.2,30.0,44.9,50.1,51.3,53.0,69.8,61.0,35.6,7.31,8,2,4,Data Science,Backend,Business Analyst
981,39.5,46.5,60.6,48.1,56.6,78.8,63.9,81.7,43.3,47.0,28.3,53.9,59.1,31.5,34.9,50.0,34.8,47.2,46.7,47.7,49.7,57.0,42.6,64.3,45.2,44.7,60.5,7.31,9,1,4,Cybersecurity,Machine Learning,Business Analyst
982,21.2,39.6,32.1,42.7,40.2,36.8,30.0,30.9,26.0,27.6,43.4,30.8,34.1,27.8,27.2,20.5,22.7,17.4,31.8,15.7,26.2,28.8,35.5,21.0,31.5,12.1,40.6,7.32,2,0,0,Data Science,Mobile,Business Analyst
983,32.1,39.8,51.2,50.9,33.3,30.2,28.8,28.2,31.8,35.8,46.3,48.0,31.2,27.2,37.6,15.6,50.6,44.6,41.7,60.4,33.0,40.9,59.9,46.9,66.5,62.7,55.8,7.32,1,1,2,Web Development,Frontend,Business Analyst
984,54.1,47.8,35.4,63.6,33.7,34.1,54.7,47.2,66.0,69.4,69.2,52.7,50.4,53.7,72.7,60.9,59.3,53.9,26.3,69.4,57.1,44.7,49.4,61.3,47.0,35.3,37.3,7.35,2,0,8,Cloud Computing,Security,Business Analyst
985,36.7,56.9,30.6,52.2,60.8,47.9,50.5,47.8,58.2,55.5,57.7,49.3,41.4,40.6,38.9,44.3,40.0,39.0,39.0,36.6,56.0,45.1,48.0,41.0,45.7,50.0,50.6,7.36,1,1,1,Web Development,Data & Analytics,Business Analyst
986,55.9,62.5,64.5,42.0,70.9,72.2,66.8,73.7,56.7,64.7,52.1,41.3,63.9,67.8,61.0,53.6,61.2,72.7,60.1,57.7,48.0,70.2,42.1,78.7,32.5,69.0,84.0,7.36,10,2,3,Cybersecurity,Data & Analytics,Business Analyst
987,57.1,57.6,59.0,54.5,35.8,39.6,51.8,38.5,49.0,44.3,67.8,54.7,49.8,69.4,64.0,63.4,52.9,46.0,57.8,53.6,58.9,55.1,85.9,62.2,62.9,53.8,68.8,7.37,6,2,2,Cybersecurity,Frontend,Business Analyst
988,48.5,57.8,64.4,55.9,75.2,71.7,56.8,70.2,69.7,69.9,55.5,67.6,64.0,67.4,67.5,74.7,61.0,48.0,55.3,49.0,29.0,51.3,59.0,41.6,70.7,66.9,43.7,7.39,6,2,3,Mobile Development,Frontend,Business Analyst
989,58.6,51.0,48.1,47.3,49.8,38.6,44.6,41.8,65.7,51.8,45.0,45.1,65.2,46.5,51.9,40.9,64.9,48.1,59.2,34.6,30.8,53.0,45.4,58.8,75.0,58.9,40.6,7.39,6,0,4,Cybersecurity,QA & Testing,Business Analyst
990,30.1,31.2,26.8,47.6,40.7,49.7,46.8,39.5,31.2,47.4,46.6,29.1,30.7,43.6,40.9,42.0,48.7,29.8,28.6,63.0,58.6,30.9,44.8,27.6,32.9,49.0,29.1,7.4,8,1,6,AI/ML,Data & Analytics,Business Analyst
991,54.6,47.4,54.0,47.7,44.1,41.4,38.4,52.7,56.3,55.7,49.2,51.4,50.9,47.8,45.9,51.0,52.3,40.0,55.9,36.2,50.5,57.9,38.6,66.4,59.2,66.0,66.9,7.4,6,0,4,Data Science,Backend,Business Analyst
992,46.7,41.2,43.0,72.0,29.1,6.6,29.4,25.8,52.1,57.3,52.9,35.2,43.3,43.4,51.7,53.9,42.4,47.5,47.9,57.6,44.2,46.4,19.2,50.4,51.4,44.9,50.1,7.41,4,1,1,AI/ML,Security,Business Analyst
993,64.0,51.4,53.0,71.6,70.3,68.4,63.1,76.8,52.6,64.6,57.6,54.9,60.4,54.5,53.8,43.7,46.0,64.8,68.2,66.0,81.1,51.8,52.0,43.5,47.5,45.1,62.5,7.42,4,3,3,Data Science,Full Stack,Business Analyst
994,30.0,33.2,25.9,44.1,37.8,35.2,30.3,31.7,42.9,29.3,42.9,32.0,32.8,45.0,32.4,52.8,40.3,56.6,27.9,47.8,45.2,39.6,33.5,38.1,55.8,54.1,32.0,7.43,2,2,2,Mobile Development,Business,Business Analyst
995,49.8,45.7,54.9,48.5,70.2,66.0,65.4,66.9,47.8,56.1,48.6,45.1,46.2,35.3,36.4,52.2,57.9,34.1,60.2,46.6,34.6,57.3,53.3,38.3,40.8,59.2,37.0,7.44,4,2,1,Data Science,Machine Learning,Business Analyst
996,56.9,30.1,58.3,45.1,39.7,53.2,51.8,53.9,57.0,50.0,52.5,50.1,53.5,44.3,55.3,45.7,55.8,55.5,60.7,54.3,65.8,43.1,54.8,44.4,40.4,44.6,61.9,7.44,9,1,1,Cybersecurity,Business,Business Analyst
997,28.9,22.9,35.2,31.3,28.5,31.9,30.2,45.9,31.0,29.9,33.5,29.4,17.6,33.3,37.5,39.4,42.3,22.9,24.8,44.8,34.9,18.2,66.8,24.5,38.4,46.6,36.0,7.45,2,1,3,Business Analytics,Frontend,Business Analyst
998,42.0,28.0,23.1,33.0,36.9,32.2,39.6,37.6,37.4,29.1,23.9,36.0,22.6,42.4,35.5,32.2,31.9,53.0,46.1,35.8,27.9,51.3,35.3,43.6,14.0,24.4,33.5,7.45,4,2,2,Mobile Development,Machine Learning,Business Analyst
999,43.8,40.7,38.8,29.4,40.6,57.0,52.1,49.1,46.9,40.7,35.4,54.5,49.8,35.7,41.3,33.5,39.8,37.2,49.3,28.1,31.2,49.0,31.9,48.8,30.5,25.6,54.9,7.45,3,1,1,Cybersecurity,Security,Business Analyst
1000,44.0,28.1,29.8,32.4,32.8,24.3,25.9,28.2,18.9,36.9,34.9,41.4,37.7,35.1,27.7,37.3,24.0,44.7,39.8,52.8,46.3,56.0,25.6,35.4,21.8,39.1,38.0,7.46,6,1,2,Cybersecurity,Data & Analytics,Business Analyst
1001,45.1,56.6,46.5,51.0,26.2,21.6,30.6,27.3,43.9,47.2,50.9,36.1,38.9,41.4,40.2,49.6,54.7,33.9,43.8,67.9,67.3,56.7,50.7,49.5,51.7,50.0,52.2,7.47,4,2,5,Business Analytics,Security,Business Analyst
1002,45.4,61.3,56.2,50.3,46.2,44.9,47.9,56.1,48.8,60.3,58.7,48.4,46.7,64.5,53.0,56.4,48.5,45.9,46.2,61.2,59.0,48.5,67.0,64.4,57.8,45.6,48.6,7.47,6,0,4,Cloud Computing,Backend,Business Analyst
1003,53.0,53.4,55.1,37.6,53.5,56.1,45.2,44.1,51.9,47.3,40.9,46.9,60.4,49.2,43.4,42.1,41.2,50.0,41.0,43.1,38.1,43.1,44.5,55.3,50.1,48.7,45.0,7.47,6,1,7,DevOps,Frontend,Business Analyst
1004,63.5,51.2,58.1,62.0,41.4,42.5,38.6,54.0,30.9,45.0,55.3,51.5,65.8,47.7,50.1,51.6,52.9,69.4,69.6,80.3,69.6,56.0,41.9,71.8,64.5,45.2,51.0,7.47,7,2,3,AI/ML,Machine Learning,Business Analyst
1005,65.3,52.1,55.2,62.4,73.6,75.2,49.2,59.2,62.0,72.2,68.6,54.3,46.0,59.0,45.0,51.5,51.0,66.5,71.0,64.3,62.7,65.2,62.0,55.9,54.2,51.1,63.0,7.47,5,2,5,Cybersecurity,Security,Business Analyst
1006,45.9,59.5,51.4,65.1,54.0,42.7,50.8,43.8,54.7,52.2,55.6,61.6,57.1,52.2,50.0,55.7,56.2,48.4,39.8,51.5,65.0,44.4,46.8,73.4,24.1,27.3,40.3,7.48,5,0,5,Cybersecurity,Frontend,Business Analyst
1007,27.9,39.0,41.4,33.2,42.8,37.4,51.0,39.6,42.4,30.2,40.0,36.7,38.6,47.5,54.0,57.1,53.3,36.3,24.6,36.3,48.0,37.2,59.0,43.8,57.7,52.8,31.6,7.49,2,2,3,Business Analytics,Business,Business Analyst
1008,37.2,20.3,22.3,32.1,33.8,37.6,47.8,51.5,35.2,31.0,14.5,35.2,40.5,34.3,41.8,43.1,45.8,39.8,46.3,24.5,27.1,25.1,39.3,25.4,49.3,60.2,44.2,7.49,5,2,3,Cloud Computing,QA & Testing,Business Analyst
1009,49.0,53.9,41.3,61.1,60.3,56.2,69.6,63.0,51.6,61.7,46.5,53.5,64.5,78.9,72.6,77.0,59.5,55.1,67.4,47.8,57.4,59.7,73.3,54.4,55.3,72.5,51.3,7.49,5,2,1,Cloud Computing,Backend,Business Analyst
1010,29.5,19.0,40.7,25.3,15.8,20.6,16.7,20.5,31.1,17.7,24.8,23.5,20.2,41.6,34.1,42.9,36.5,22.4,23.9,23.1,36.0,31.0,30.5,44.5,29.1,41.8,37.8,7.51,1,0,1,DevOps,Security,Business Analyst
1011,28.0,26.1,31.1,27.3,41.6,49.2,25.9,29.8,32.1,28.1,30.7,32.0,33.5,51.8,31.8,34.7,22.9,27.6,50.1,38.6,45.2,44.1,36.5,26.6,34.8,42.9,33.2,7.54,2,2,2,Cybersecurity,Full Stack,Business Analyst
1012,54.5,45.2,51.9,51.2,51.6,40.6,47.2,57.9,48.4,43.3,30.3,67.1,54.4,66.5,56.2,52.2,49.3,62.7,71.2,45.9,52.9,54.7,40.0,55.4,53.4,42.8,51.2,7.54,5,2,4,Data Science,Cloud & DevOps,Business Analyst
1013,38.5,37.3,53.4,40.5,37.5,43.6,31.8,40.1,52.1,52.4,63.0,53.7,49.8,60.7,59.1,66.1,54.0,47.7,47.9,38.8,46.3,47.1,35.0,42.0,49.3,31.6,41.3,7.55,3,1,6,AI/ML,Cloud & DevOps,Business Analyst
1014,48.1,39.7,61.5,48.5,38.3,50.3,55.8,31.1,20.7,43.3,47.3,45.9,53.3,41.9,38.3,45.2,49.5,28.6,46.4,47.3,60.5,36.8,47.5,55.0,67.2,64.1,34.6,7.55,4,0,0,AI/ML,Mobile,Business Analyst
1015,40.7,34.2,37.9,43.2,31.4,31.9,16.6,29.6,25.2,26.9,35.8,35.4,35.9,18.1,31.4,29.2,36.1,55.9,75.9,50.3,41.1,57.0,41.5,39.9,40.6,48.1,41.1,7.56,6,1,3,Cloud Computing,QA & Testing,Business Analyst
1016,44.5,44.6,46.2,64.3,27.0,29.9,38.9,27.8,40.2,57.4,49.0,40.0,43.4,47.0,51.6,42.8,51.4,41.6,35.7,46.7,54.6,48.9,43.4,25.0,27.9,44.4,42.6,7.56,5,2,2,Mobile Development,Backend,Business Analyst
1017,22.8,58.0,57.3,35.0,41.3,53.6,52.1,68.2,39.4,43.7,39.5,47.5,60.1,68.1,53.8,37.2,55.4,45.5,46.0,45.3,41.3,50.3,37.0,49.6,41.7,44.1,38.7,7.58,5,1,3,AI/ML,Cloud & DevOps,Business Analyst
1018,50.5,46.6,49.1,51.8,37.5,33.3,35.0,46.9,49.4,54.0,42.9,51.9,53.4,62.7,64.6,62.6,51.5,48.8,56.2,48.2,53.3,54.3,56.8,54.8,56.8,36.7,55.1,7.58,4,2,2,Cybersecurity,Machine Learning,Business Analyst
1019,40.1,26.3,33.4,40.5,36.9,60.2,49.9,48.0,25.8,34.2,37.4,47.0,42.7,36.7,40.9,33.7,42.8,30.1,28.1,32.6,39.3,44.5,56.1,33.3,57.8,53.8,41.5,7.59,2,2,4,DevOps,Mobile,Business Analyst
1020,40.4,47.4,28.9,53.2,25.4,13.7,42.9,26.7,35.5,50.5,57.1,30.8,41.0,41.9,50.4,35.7,47.3,51.2,38.3,68.0,52.3,47.3,53.5,49.9,30.6,38.6,44.0,7.59,4,0,3,Data Science,Data & Analytics,Business Analyst
1021,54.7,39.9,29.1,56.8,51.6,51.5,53.0,40.3,35.0,43.7,58.0,42.4,38.5,48.9,20.5,35.5,35.9,47.8,42.0,60.3,57.3,51.3,43.4,30.4,49.6,50.6,46.0,7.61,4,1,6,Business Analytics,Security,Business Analyst
1022,61.3,41.0,57.2,65.7,63.7,63.5,63.6,65.3,58.0,58.1,46.6,69.2,54.6,67.0,54.2,61.4,65.3,62.8,64.1,52.3,51.2,54.4,62.6,66.2,63.3,66.0,61.0,7.61,12,1,6,Mobile Development,Machine Learning,Business Analyst
1023,34.6,24.9,44.7,52.5,12.0,33.9,19.8,34.3,28.2,43.5,42.6,43.0,31.7,35.6,52.7,49.2,39.8,40.6,30.4,40.6,57.9,43.3,51.3,50.1,50.9,58.0,30.1,7.62,2,1,4,Cloud Computing,Business,Business Analyst
1024,45.3,46.8,41.2,40.7,60.4,73.8,61.9,68.3,40.7,32.1,40.3,64.1,61.5,46.6,52.7,52.7,41.3,40.7,38.3,58.3,49.0,57.1,60.2,63.9,46.2,69.2,52.4,7.62,8,1,3,Cybersecurity,QA & Testing,Business Analyst
1025,51.8,56.6,60.5,51.4,29.3,41.0,50.7,50.4,56.2,48.8,57.1,62.0,50.9,49.2,52.6,51.5,64.7,27.6,49.8,46.3,55.4,44.6,36.9,64.6,39.7,33.2,66.0,7.62,3,1,5,Data Science,QA & Testing,Business Analyst
1026,26.8,26.5,27.3,21.3,23.1,43.3,22.3,30.0,18.9,20.1,13.8,24.5,31.8,34.1,38.3,50.4,32.4,35.8,26.4,23.4,45.1,44.0,41.0,36.9,28.7,40.4,31.7,7.63,5,1,3,Cybersecurity,Machine Learning,Business Analyst
1027,47.9,59.6,53.6,39.6,46.7,45.1,47.8,45.3,61.3,50.3,58.8,53.8,55.1,64.2,60.3,47.7,56.1,30.4,26.5,35.9,41.0,45.3,47.0,57.7,49.0,45.3,50.4,7.63,3,2,4,Data Science,Frontend,Business Analyst
1028,71.0,70.9,60.5,70.2,69.1,67.2,63.8,66.4,49.7,63.4,78.6,60.2,74.8,52.1,54.1,32.8,44.5,82.2,92.4,78.5,78.7,82.5,95.2,84.4,76.9,73.0,57.7,7.63,8,2,1,Data Science,QA & Testing,Business Analyst
1029,47.4,52.1,46.8,51.4,31.4,48.0,45.5,38.4,42.4,29.9,33.7,40.0,59.4,59.3,51.9,41.4,56.2,59.8,56.9,56.9,59.0,68.0,53.8,61.3,57.1,62.2,61.5,7.64,5,3,5,Cloud Computing,Data & Analytics,Business Analyst
1030,37.9,41.5,47.6,35.2,49.1,55.7,49.1,44.8,55.7,52.8,23.6,34.6,51.5,48.0,43.4,42.6,46.2,35.1,31.4,22.6,35.7,38.3,24.7,33.1,63.0,31.3,26.3,7.66,5,0,2,Business Analytics,Full Stack,Business Analyst
1031,41.7,34.4,43.3,56.5,34.2,50.0,52.0,45.1,41.9,45.9,52.2,41.8,45.3,42.4,47.4,32.7,35.0,41.0,35.9,49.3,62.5,55.7,37.7,48.4,25.0,37.8,38.0,7.66,2,1,2,Data Science,Cloud & DevOps,Business Analyst
1032,54.7,46.7,49.9,51.2,48.1,58.8,48.8,51.6,43.1,42.1,38.6,59.3,53.7,63.6,51.1,55.1,44.1,40.4,56.8,50.7,43.4,39.7,40.8,50.6,38.3,44.2,69.5,7.66,6,3,7,Data Science,Business,Business Analyst
1033,32.9,48.7,65.2,33.5,63.3,53.1,51.5,59.8,43.3,38.1,22.6,56.0,48.6,31.0,50.5,34.2,42.2,34.6,49.4,47.9,46.9,53.9,42.2,69.0,45.5,36.0,50.1,7.67,5,1,2,Cybersecurity,Business,Business Analyst
1034,29.3,27.4,24.9,30.3,16.8,15.2,13.7,13.5,15.6,16.3,31.5,30.7,36.3,38.8,36.2,39.3,36.4,22.6,36.4,46.1,50.9,24.5,21.6,37.1,35.3,41.1,44.3,7.69,4,2,0,Cloud Computing,Full Stack,Business Analyst
1035,46.9,51.6,42.5,45.6,81.5,68.2,74.5,69.3,73.9,64.7,60.7,58.5,46.3,68.2,57.7,57.6,58.8,50.5,41.3,42.6,55.1,32.0,54.5,40.3,66.5,64.9,57.0,7.69,7,0,3,Business Analytics,Full Stack,Business Analyst
1036,49.6,43.7,56.3,58.3,33.0,29.7,38.8,32.5,32.5,44.3,56.1,45.3,36.3,51.0,24.9,39.8,41.4,61.2,63.4,72.4,59.3,66.6,48.8,38.7,61.3,33.0,58.3,7.69,6,3,2,Data Science,Data & Analytics,Business Analyst
1037,61.1,56.3,57.3,56.4,58.5,53.3,48.1,66.7,59.1,49.4,59.1,51.5,56.4,40.2,41.8,31.4,42.3,57.6,52.0,43.3,45.7,52.4,53.2,54.7,58.3,62.4,53.4,7.69,7,2,1,DevOps,Business,Business Analyst
1038,61.9,49.9,37.9,54.5,79.4,68.5,76.4,77.5,65.9,66.5,66.3,57.8,54.3,61.2,54.7,86.3,69.1,59.8,53.4,46.0,41.7,57.9,57.2,43.5,42.3,57.1,43.8,7.69,4,2,3,Mobile Development,Data & Analytics,Business Analyst
1039,67.0,50.3,66.0,60.9,48.1,25.1,39.6,37.0,50.8,55.3,46.8,49.8,51.2,56.2,54.7,54.6,59.4,68.7,73.0,40.3,48.8,65.0,33.0,54.1,24.8,24.9,62.2,7.69,4,0,4,Cybersecurity,Frontend,Business Analyst
1040,28.3,40.0,33.3,36.9,28.4,31.6,38.8,18.0,35.4,23.6,34.3,32.3,36.3,23.2,32.9,51.8,40.0,42.6,48.4,30.1,20.1,35.0,46.4,39.2,45.5,47.3,39.9,7.71,4,0,2,Data Science,Frontend,Business Analyst
1041,30.1,22.9,21.6,44.6,53.8,58.2,39.0,64.9,43.0,38.2,30.4,36.4,38.1,31.8,28.2,26.5,29.5,48.8,28.9,54.6,61.6,42.7,51.0,29.4,55.9,58.7,51.1,7.71,1,3,2,Cloud Computing,Data & Analytics,Business Analyst
1042,58.8,54.2,38.0,56.9,50.1,49.0,37.4,52.2,56.5,49.6,63.8,47.7,42.8,58.1,57.5,57.6,63.0,72.5,71.2,69.7,66.9,65.8,68.9,58.4,53.0,42.5,59.1,7.71,11,2,7,AI/ML,QA & Testing,Business Analyst
1043,42.1,53.2,66.0,52.1,60.5,63.3,63.5,46.3,57.6,47.0,58.8,68.7,61.6,50.3,46.7,47.6,50.2,40.1,46.0,53.0,60.0,62.0,52.1,63.1,63.2,56.1,40.4,7.72,2,1,2,Cybersecurity,Business,Business Analyst
1044,43.0,70.7,42.1,52.0,39.0,51.0,48.8,36.8,46.7,60.5,61.5,31.8,38.2,49.1,35.2,38.9,49.4,27.8,26.5,43.3,52.2,45.8,36.1,42.2,36.7,31.4,47.8,7.72,5,1,2,Cybersecurity,Cloud & DevOps,Business Analyst
1045,60.4,58.9,42.0,55.4,42.7,53.7,41.2,53.5,42.2,55.0,59.7,34.7,35.3,38.1,37.4,34.6,33.0,52.9,63.1,44.7,50.0,54.1,27.8,59.5,37.1,25.1,41.0,7.74,3,1,4,Data Science,Mobile,Business Analyst
1046,47.3,30.3,45.7,54.2,38.1,42.8,37.7,41.9,29.4,51.1,58.0,50.1,51.7,54.5,58.1,57.8,63.3,62.2,61.2,67.6,70.5,64.5,53.8,30.5,52.7,51.1,45.8,7.76,5,3,4,Cybersecurity,Business,Business Analyst
1047,53.1,55.3,49.4,32.6,26.2,31.4,42.6,40.9,50.9,44.1,43.1,51.2,33.5,55.0,61.4,47.9,44.1,56.6,47.5,29.1,31.7,35.9,38.4,42.2,42.7,26.7,43.7,7.77,6,2,1,Data Science,Security,Business Analyst
1048,50.4,55.6,49.1,45.1,48.2,56.4,48.8,54.3,50.1,31.6,43.5,52.3,50.9,46.3,41.6,45.1,46.1,38.0,55.6,30.4,43.9,35.4,57.5,73.0,56.6,54.8,55.9,7.8,10,2,4,Mobile Development,Mobile,Business Analyst
1049,60.5,58.6,68.8,49.4,50.1,47.5,48.2,40.4,54.6,70.5,51.7,58.3,41.5,65.4,67.3,60.8,47.9,46.0,46.9,28.0,39.7,46.0,47.4,57.6,63.2,67.5,39.6,7.8,6,2,1,Data Science,Data & Analytics,Business Analyst
1050,38.8,43.2,60.2,28.9,53.6,54.8,58.4,58.1,55.8,39.0,35.0,39.7,45.0,40.1,10.5,23.9,43.0,30.5,41.1,34.7,33.8,32.9,34.0,59.1,43.8,33.1,70.0,7.81,6,3,2,Business Analytics,Machine Learning,Business Analyst
1051,55.5,47.3,40.0,56.0,52.9,48.4,71.8,56.1,63.9,59.1,79.2,51.4,48.8,57.1,59.1,57.4,49.5,54.7,37.6,61.5,44.9,46.9,35.2,41.4,47.3,55.4,62.0,7.81,0,1,2,Business Analytics,Frontend,Business Analyst
1052,30.1,32.2,31.3,31.7,53.0,59.5,47.3,64.3,35.9,38.2,23.4,35.1,43.1,37.2,50.4,29.3,52.2,48.3,51.5,37.3,45.5,50.7,61.5,41.9,68.1,47.2,33.2,7.82,10,2,4,Web Development,Data & Analytics,Business Analyst
1053,44.8,20.9,22.5,42.1,43.8,44.6,30.8,41.6,38.0,29.1,33.2,50.4,31.0,47.0,33.7,20.3,32.0,58.0,58.6,41.9,55.9,49.4,32.4,52.4,48.5,47.5,50.2,7.82,7,3,3,Cybersecurity,Full Stack,Business Analyst
1054,40.2,43.5,51.2,55.7,54.7,67.6,54.3,61.4,46.7,50.7,47.4,52.3,48.8,47.3,54.7,53.4,44.1,51.3,49.7,77.7,60.0,64.0,72.0,49.1,66.7,66.2,40.4,7.83,8,2,2,Business Analytics,Cloud & DevOps,Business Analyst
1055,46.6,47.1,52.6,44.4,35.7,52.0,36.4,44.3,41.4,40.0,37.6,37.9,48.5,26.2,39.5,27.4,36.5,35.7,38.3,36.9,43.7,46.5,26.6,43.4,44.3,42.9,51.3,7.83,4,0,3,Mobile Development,Backend,Business Analyst
1056,52.5,35.4,32.0,59.9,44.1,34.4,35.2,31.3,38.0,43.2,55.7,43.8,42.7,50.5,32.5,38.1,48.5,59.4,41.1,61.0,81.1,67.5,59.4,45.7,61.2,50.1,48.7,7.83,7,1,4,Data Science,Frontend,Business Analyst
1057,69.3,67.9,61.5,65.9,70.0,64.8,80.1,88.9,79.0,75.5,63.4,67.8,58.6,72.1,75.5,68.9,75.6,70.6,55.0,61.4,51.1,69.2,75.8,65.5,56.3,67.1,54.7,7.84,6,3,5,Web Development,Business,Business Analyst
1058,18.5,25.0,17.9,18.2,28.6,17.3,40.6,21.9,21.9,20.8,30.8,28.7,16.8,26.1,26.1,15.0,26.7,17.4,20.2,37.8,35.4,21.9,60.8,9.8,48.9,39.5,42.0,7.85,6,0,2,AI/ML,Machine Learning,Business Analyst
1059,36.4,48.7,45.2,32.7,27.3,22.5,30.7,28.7,38.6,28.3,28.9,35.8,41.0,61.9,46.2,43.2,52.0,32.5,32.5,26.1,32.1,25.5,48.8,25.8,37.3,31.4,51.6,7.86,0,1,2,DevOps,Backend,Business Analyst
1060,26.5,29.9,28.8,42.5,21.1,19.6,30.1,31.8,24.4,45.8,46.5,30.6,26.6,41.6,36.9,33.0,28.2,38.6,26.6,53.4,62.6,33.3,47.0,25.5,29.0,32.8,25.8,7.87,4,1,2,DevOps,Data & Analytics,Business Analyst
1061,27.2,47.0,30.7,42.9,29.8,20.5,22.3,35.6,41.1,34.5,29.7,39.6,28.9,34.9,30.5,42.4,43.0,52.3,51.1,25.1,19.8,31.9,11.2,33.5,23.6,15.7,42.5,7.87,4,0,2,DevOps,Business,Business Analyst
1062,30.5,33.9,22.2,40.7,43.7,10.8,21.7,25.0,16.7,17.0,40.2,21.9,25.2,21.1,22.2,29.2,19.9,25.9,40.7,57.4,45.5,31.3,46.3,27.4,45.4,40.1,10.1,7.87,7,1,2,Cybersecurity,Data & Analytics,Business Analyst
1063,58.6,59.1,55.8,81.3,60.3,59.4,48.1,56.3,65.0,65.8,80.1,59.5,68.9,69.0,68.8,65.9,67.1,67.8,35.4,49.3,56.6,54.4,48.6,61.8,36.6,53.7,65.8,7.87,9,1,6,Cloud Computing,Data & Analytics,Business Analyst
1064,75.7,79.5,64.3,51.7,48.1,30.7,46.8,42.7,47.1,55.9,48.6,61.1,45.7,43.0,40.9,40.0,55.1,83.0,85.0,74.4,62.2,82.8,67.3,87.8,64.4,57.1,66.9,7.88,9,2,3,Data Science,Machine Learning,Business Analyst
1065,30.5,44.3,64.7,46.4,72.9,62.8,46.6,70.1,46.7,40.7,34.1,57.5,54.7,40.4,40.0,45.2,54.4,47.0,37.9,48.8,55.2,39.0,41.0,41.8,38.9,51.0,37.3,7.89,2,3,4,Data Science,Mobile,Business Analyst
1066,37.0,51.3,57.4,40.6,45.8,34.3,52.0,33.5,31.9,27.7,32.0,46.7,60.6,56.4,55.1,62.0,44.3,43.1,50.1,40.5,33.4,45.0,51.5,38.6,70.0,58.4,42.2,7.91,5,1,2,Data Science,Mobile,Business Analyst
1067,64.7,77.7,72.6,59.8,80.5,72.7,63.1,61.8,52.2,46.5,51.1,62.2,68.2,54.5,68.9,56.5,77.1,82.3,78.4,68.5,62.1,69.7,45.1,84.1,62.7,65.5,68.6,7.91,6,2,1,AI/ML,Frontend,Business Analyst
1068,55.7,49.5,41.4,56.9,52.8,56.8,45.7,52.0,36.4,57.6,49.8,47.9,55.0,44.2,63.5,45.6,43.9,58.9,56.6,51.7,52.8,64.8,59.8,59.5,54.0,57.0,63.2,7.92,1,3,4,AI/ML,Data & Analytics,Business Analyst
1069,57.7,35.8,26.2,69.7,49.2,20.9,25.9,43.4,34.4,40.5,48.8,50.9,37.0,46.5,40.6,43.7,39.7,68.5,61.5,74.1,69.7,57.4,61.2,43.2,65.0,57.0,66.4,7.94,5,1,4,Business Analytics,Data & Analytics,Business Analyst
1070,58.2,66.2,63.9,48.8,33.0,21.9,38.7,35.1,45.5,33.5,44.6,35.2,38.7,28.1,43.8,32.8,55.5,57.0,47.7,28.3,32.8,47.5,48.2,57.5,48.9,54.1,53.6,7.94,5,3,3,AI/ML,Mobile,Business Analyst
1071,36.4,48.3,62.0,33.0,58.3,46.6,58.9,58.5,43.6,44.6,41.8,44.8,54.6,59.3,57.7,62.7,58.6,46.0,36.8,33.7,52.5,55.0,60.8,63.7,45.5,52.3,66.0,7.95,4,1,9,Cloud Computing,Backend,Business Analyst
1072,46.3,59.5,63.1,41.7,35.5,20.8,43.1,29.0,40.8,29.3,35.0,30.5,39.5,36.9,38.1,32.6,54.5,51.3,63.6,37.2,25.4,53.4,35.4,46.9,31.1,39.9,82.3,7.97,3,1,1,Cloud Computing,Backend,Business Analyst
1073,43.5,17.8,14.8,43.6,35.5,30.5,31.2,41.8,47.4,40.0,42.3,37.7,31.5,26.7,29.0,23.8,18.9,39.9,31.2,62.8,54.4,31.8,40.5,28.5,46.9,46.8,28.7,7.99,8,1,1,Mobile Development,Business,Business Analyst
1074,73.5,53.8,54.9,76.8,48.2,43.5,45.3,48.5,47.0,60.0,68.2,47.5,59.5,53.7,60.5,48.7,68.1,56.3,63.0,64.1,62.5,59.9,56.9,52.0,53.8,53.0,37.6,8.0,4,2,2,Data Science,Data & Analytics,Business Analyst
1075,62.2,58.1,62.1,75.3,56.2,62.8,61.8,55.0,40.0,63.3,59.5,51.4,41.8,32.1,46.4,50.0,33.3,68.7,89.8,72.8,61.7,77.5,36.3,61.5,40.4,51.3,66.0,8.01,8,1,3,DevOps,Business,Business Analyst
1076,55.0,42.2,36.6,60.8,29.6,18.1,35.6,39.8,37.7,46.0,56.0,48.4,39.9,39.2,50.7,49.0,44.1,51.8,55.2,68.9,70.8,53.2,62.1,44.2,57.7,56.1,47.4,8.02,12,3,3,Data Science,Business,Business Analyst
1077,46.7,49.5,43.6,38.5,30.9,30.0,36.9,42.7,28.4,41.0,41.1,48.2,37.8,29.2,31.2,34.9,25.7,44.4,45.9,51.4,65.1,55.4,55.7,52.4,48.4,52.6,55.3,8.04,4,1,0,Mobile Development,Business,Business Analyst
1078,55.8,43.7,52.5,36.1,54.0,60.5,48.2,68.2,34.0,38.8,42.5,43.2,41.4,42.8,34.1,20.2,39.9,49.3,44.0,53.8,53.3,58.4,40.5,55.5,37.7,32.6,41.7,8.04,5,1,2,Mobile Development,QA & Testing,Business Analyst
1079,60.6,67.0,65.1,60.4,42.6,31.1,35.6,29.4,64.1,58.2,61.1,62.2,72.8,57.4,52.0,54.8,53.0,64.3,72.6,37.2,34.7,56.3,44.1,57.1,58.1,55.8,54.1,8.04,9,2,2,AI/ML,Backend,Business Analyst
1080,38.4,55.7,60.3,52.9,46.5,68.4,48.9,57.8,66.7,48.3,58.7,47.3,37.2,45.3,45.8,42.7,53.4,38.8,30.9,44.8,50.2,30.3,48.2,43.9,31.4,34.3,39.4,8.05,3,1,1,AI/ML,Frontend,Business Analyst
1081,44.5,41.9,43.1,29.7,54.9,47.2,60.2,45.1,44.7,35.1,51.1,36.4,50.1,34.4,32.8,34.0,25.9,32.1,62.1,40.6,51.7,53.1,57.8,45.8,26.6,53.4,37.9,8.05,3,1,1,Mobile Development,QA & Testing,Business Analyst
1082,43.8,45.5,28.3,59.8,60.0,76.6,57.4,65.5,39.6,29.0,35.0,44.0,49.3,54.9,50.6,55.0,38.2,57.9,37.5,53.5,59.0,41.0,38.6,40.2,13.6,51.6,48.3,8.07,4,1,3,Mobile Development,Mobile,Business Analyst
1083,52.4,37.2,52.3,49.5,35.3,39.3,58.5,29.2,53.0,63.8,38.5,59.0,46.5,58.9,62.5,61.1,50.1,43.8,61.9,22.8,33.4,61.0,54.0,54.2,41.7,49.3,42.7,8.07,8,1,0,Cloud Computing,Data & Analytics,Business Analyst
1084,37.7,44.0,51.8,60.2,47.4,54.1,49.9,61.3,65.0,57.6,63.1,39.9,54.6,38.0,52.7,48.9,53.8,48.5,36.4,65.3,57.3,47.3,55.0,48.6,62.6,58.8,43.6,8.08,3,3,3,Cloud Computing,Machine Learning,Business Analyst
1085,38.1,29.5,34.5,39.4,42.6,33.3,41.9,37.7,45.1,49.4,50.8,31.8,34.6,40.9,44.1,38.7,35.7,49.1,52.9,75.8,77.9,35.6,32.2,43.3,66.7,62.1,49.9,8.09,4,2,0,Mobile Development,Business,Business Analyst
1086,43.0,56.4,47.3,46.1,47.4,48.3,40.6,55.8,42.6,38.4,45.0,46.0,51.1,33.2,32.7,34.4,42.0,29.0,31.9,39.7,60.8,47.2,64.9,65.7,59.6,37.6,64.3,8.09,5,0,1,Business Analytics,Data & Analytics,Business Analyst
1087,54.9,53.2,52.1,55.6,53.4,44.4,54.6,44.7,70.3,54.7,43.2,50.2,48.2,72.1,52.2,60.6,34.5,43.5,55.4,55.4,60.1,41.7,61.8,53.2,65.2,51.7,56.8,8.09,5,2,2,Data Science,Data & Analytics,Business Analyst
1088,62.4,47.6,52.7,69.1,51.5,64.0,46.1,47.8,50.5,51.1,58.8,43.4,53.0,63.5,70.7,64.4,50.9,74.2,73.6,67.7,65.4,72.6,60.4,68.4,41.6,56.1,72.0,8.1,6,2,2,DevOps,Machine Learning,Business Analyst
1089,77.3,66.3,68.8,58.7,66.6,60.0,60.3,52.6,64.7,66.4,55.1,70.1,48.8,55.1,55.9,56.6,54.7,60.7,59.8,54.7,73.4,57.2,53.4,63.8,40.2,53.6,64.4,8.1,10,1,1,Web Development,Frontend,Business Analyst
1090,41.8,29.9,18.2,41.2,40.4,38.0,38.3,35.3,20.4,29.7,50.0,38.8,30.7,42.4,55.6,37.4,36.9,45.1,34.3,70.4,53.0,48.7,54.2,40.1,53.7,31.7,23.8,8.11,4,0,3,Business Analytics,Frontend,Business Analyst
1091,31.9,40.8,27.4,32.7,33.8,34.4,38.3,27.3,38.5,34.7,29.6,43.5,40.5,55.6,43.0,48.4,52.8,42.7,28.9,13.2,20.8,19.9,37.0,24.9,46.5,52.2,22.3,8.12,1,2,4,DevOps,Frontend,Business Analyst
1092,49.0,45.0,59.0,57.2,63.0,64.5,53.9,66.2,46.9,38.2,48.8,39.0,55.1,49.2,41.9,55.2,34.9,63.2,61.4,67.0,64.0,66.3,54.4,67.6,43.4,55.0,52.9,8.13,7,1,1,DevOps,Business,Business Analyst
1093,48.4,67.3,69.4,45.0,51.6,53.7,56.7,39.6,57.7,67.1,53.0,51.8,52.1,49.8,46.0,45.5,49.7,31.0,38.1,39.0,64.1,42.4,61.7,55.4,56.6,46.4,30.5,8.15,5,2,1,Cloud Computing,Backend,Business Analyst
1094,30.4,50.6,50.1,40.6,59.8,67.3,69.4,68.6,59.4,49.2,42.3,53.5,54.9,44.7,44.3,42.0,46.3,39.3,29.0,36.0,18.3,26.5,30.8,46.3,29.0,40.4,44.2,8.19,3,1,1,Mobile Development,Backend,Business Analyst
1095,31.9,41.3,38.2,50.9,33.2,38.2,19.7,25.6,35.8,38.0,55.3,37.7,36.0,46.9,43.0,42.6,31.1,47.4,46.2,62.6,70.3,56.5,47.9,56.3,42.3,47.7,51.2,8.19,3,1,3,Data Science,Cloud & DevOps,Business Analyst
1096,37.8,42.7,36.4,25.2,25.3,23.5,26.5,28.9,35.8,34.4,33.7,29.8,61.4,21.8,37.3,35.8,41.9,25.5,53.7,20.6,20.5,43.5,20.2,38.7,30.9,37.2,34.5,8.2,3,2,3,Mobile Development,QA & Testing,Business Analyst
1097,65.6,55.7,61.2,74.4,46.0,36.7,55.6,37.8,61.2,57.8,60.6,57.3,70.2,55.7,71.0,51.4,51.8,66.8,67.5,63.8,70.6,71.1,46.2,63.4,81.8,61.6,55.1,8.2,7,2,4,Web Development,Business,Business Analyst
1098,36.4,41.7,59.2,47.3,31.4,44.2,34.1,47.4,47.4,41.9,36.5,59.5,44.4,40.0,48.9,44.9,52.0,40.4,44.0,43.6,56.2,47.7,39.2,49.3,32.9,28.3,57.0,8.21,3,1,4,Cloud Computing,Business,Business Analyst
1099,38.4,32.6,33.0,35.7,61.0,68.2,57.8,56.7,24.8,29.1,36.0,43.7,43.3,23.8,31.7,17.2,36.5,25.6,35.2,40.8,34.7,40.4,41.0,41.8,14.7,42.2,36.6,8.21,2,1,3,Web Development,Full Stack,Business Analyst
1100,64.6,64.2,80.7,76.6,67.2,65.7,75.5,74.3,64.4,72.5,67.7,53.2,65.1,51.0,50.4,69.1,62.6,54.4,66.2,69.8,62.3,79.8,49.4,44.9,53.6,49.8,74.0,8.21,9,0,4,Web Development,Frontend,Business Analyst
1101,29.2,23.3,29.5,27.8,52.6,56.3,42.0,59.1,46.7,40.0,43.2,30.2,43.4,30.1,22.1,31.6,33.3,19.9,28.0,44.9,22.4,27.3,20.7,26.7,25.3,20.3,34.2,8.24,1,1,3,AI/ML,Backend,Business Analyst
1102,38.9,21.3,28.0,49.6,23.7,25.0,33.0,18.5,24.9,46.4,46.3,28.6,34.9,50.4,52.4,47.7,57.2,45.6,40.2,55.0,53.9,35.9,32.4,38.5,41.1,39.0,37.7,8.24,4,2,9,Cloud Computing,QA & Testing,Business Analyst
1103,49.1,54.4,46.4,44.7,56.6,58.2,52.6,58.3,54.4,40.4,64.8,56.1,50.2,49.8,53.9,52.6,56.7,46.9,52.3,70.8,56.3,64.0,84.3,58.6,51.6,60.2,63.3,8.25,11,0,4,Business Analytics,Mobile,Business Analyst
1104,35.5,38.8,46.7,40.6,48.2,42.7,41.1,30.3,47.3,42.0,29.5,31.9,46.6,45.0,50.9,60.3,46.5,49.6,59.7,47.2,50.0,50.5,31.2,27.2,32.1,39.3,44.0,8.26,6,1,5,Data Science,Frontend,Business Analyst
1105,42.0,38.9,53.0,42.2,62.9,63.0,52.4,67.9,60.1,58.9,36.1,48.3,43.6,36.5,43.6,53.8,42.4,42.7,38.5,37.4,30.7,45.4,18.0,51.1,34.5,32.5,48.2,8.28,10,2,1,Cybersecurity,Business,Business Analyst
1106,47.4,38.4,40.8,60.7,52.7,51.6,46.1,44.3,62.4,55.6,56.1,36.6,55.5,43.3,44.6,36.9,35.6,54.6,51.0,61.8,61.4,47.2,34.0,33.7,44.6,40.5,35.6,8.28,5,1,0,Data Science,Data & Analytics,Business Analyst
1107,49.0,37.5,41.7,45.8,34.8,31.9,35.1,40.1,38.5,41.7,39.4,37.7,46.3,39.3,50.0,41.7,38.4,45.3,57.3,51.8,25.7,49.6,20.4,31.8,27.3,25.4,49.3,8.29,3,1,0,DevOps,Cloud & DevOps,Business Analyst
1108,49.7,51.6,63.5,36.6,52.6,53.7,67.3,50.8,46.4,51.0,35.4,46.2,47.8,35.2,31.3,46.1,49.7,43.4,57.7,43.3,31.1,50.1,50.5,51.9,54.7,57.2,46.2,8.3,3,1,0,Data Science,Cloud & DevOps,Business Analyst
1109,59.9,47.2,38.3,56.0,79.9,72.2,58.2,65.1,49.9,57.4,47.8,62.4,47.9,64.2,43.5,62.8,43.6,59.3,61.3,59.2,46.8,49.9,67.0,40.1,56.0,69.1,49.4,8.31,6,2,4,Cybersecurity,Machine Learning,Business Analyst
1110,60.1,55.7,60.9,69.8,55.4,43.3,57.4,59.3,64.2,72.0,67.8,55.5,56.6,63.1,65.2,56.4,67.2,58.5,67.3,53.1,54.3,61.9,65.9,66.2,65.8,69.8,81.2,8.31,8,0,7,Web Development,Data & Analytics,Business Analyst
1111,60.4,56.9,68.8,64.4,76.3,76.6,74.6,65.7,61.0,48.5,75.5,64.9,64.6,49.3,53.5,56.1,60.1,60.8,68.5,62.8,61.4,68.4,90.6,60.9,76.2,74.0,73.7,8.31,11,3,4,Business Analytics,QA & Testing,Business Analyst
1112,53.7,43.5,24.8,37.6,41.3,19.9,31.2,32.9,23.4,36.7,24.1,41.5,44.0,25.3,40.2,32.2,24.8,58.3,51.0,61.1,53.7,61.3,53.4,48.6,45.8,59.2,49.4,8.34,4,1,5,Cybersecurity,Frontend,Business Analyst
1113,59.1,44.0,70.6,42.2,38.6,50.3,43.0,61.9,46.4,57.8,48.6,53.5,45.4,58.6,33.9,21.2,54.9,47.7,57.9,46.6,41.9,52.8,49.4,55.1,45.1,42.0,69.9,8.37,9,0,4,Cybersecurity,Mobile,Business Analyst
1114,46.9,25.9,33.2,49.7,31.9,25.6,31.1,37.5,32.4,38.5,41.1,36.6,21.3,35.9,39.3,33.3,27.3,64.6,44.1,65.9,68.0,59.0,58.5,42.5,65.4,49.0,34.6,8.38,2,1,4,AI/ML,Data & Analytics,Business Analyst
1115,43.9,39.6,45.5,63.2,57.9,56.5,59.3,55.2,55.8,51.5,55.9,57.6,47.9,59.1,59.2,63.6,67.7,47.7,53.1,57.3,71.0,54.2,46.8,65.7,71.8,52.1,67.9,8.41,9,2,4,Business Analytics,Cloud & DevOps,Business Analyst
1116,64.4,56.8,62.4,61.2,64.0,66.5,44.6,73.1,67.2,65.0,67.8,54.6,59.1,54.1,53.0,57.1,66.8,85.2,74.1,76.8,72.2,73.8,45.4,64.6,53.3,49.8,79.6,8.42,9,1,4,Business Analytics,Business,Business Analyst
1117,57.0,77.8,76.4,59.3,49.6,41.2,55.7,60.4,69.3,62.5,66.7,66.0,55.0,61.8,45.0,46.9,54.7,50.1,38.9,39.3,44.5,56.2,54.8,69.7,55.9,59.7,54.2,8.44,7,3,1,Business Analytics,Cloud & DevOps,Business Analyst
1118,52.3,62.4,65.7,66.8,52.2,58.0,55.6,51.5,59.4,59.6,59.5,52.9,55.4,43.5,36.5,58.5,51.2,54.9,62.3,52.0,51.9,59.5,27.9,60.1,39.0,46.4,56.3,8.45,3,2,1,Data Science,Business,Business Analyst
1119,68.5,57.8,69.7,52.1,53.2,67.7,62.0,52.7,58.6,65.8,55.5,51.3,68.6,67.6,66.8,64.1,63.4,47.2,52.4,38.8,38.1,51.2,58.7,46.2,41.0,25.1,50.8,8.45,6,2,4,AI/ML,Mobile,Business Analyst
1120,36.3,31.2,31.1,50.6,63.0,72.1,62.5,66.7,47.1,54.5,45.6,41.0,33.4,30.5,29.2,32.1,30.8,28.5,38.4,71.1,54.8,28.5,50.6,47.9,61.5,57.2,34.8,8.47,6,2,1,Cloud Computing,Machine Learning,Business Analyst
1121,49.6,55.5,39.1,40.2,72.2,61.5,60.8,62.4,49.7,49.3,52.7,41.9,54.1,48.7,59.6,36.8,47.2,50.1,37.1,64.4,52.1,40.0,66.4,47.7,71.8,56.9,41.1,8.5,8,3,4,Web Development,Backend,Business Analyst
1122,54.6,55.7,44.7,52.0,39.3,45.3,52.2,56.2,51.5,53.8,42.9,51.8,40.8,45.6,29.7,32.5,43.7,65.7,62.0,47.2,40.0,53.0,36.0,51.8,22.2,49.2,64.0,8.53,12,1,1,AI/ML,Machine Learning,Business Analyst
1123,38.2,60.8,33.8,62.9,51.5,60.6,73.2,66.6,67.4,62.1,59.6,56.5,57.5,55.9,58.0,72.2,62.9,29.6,30.1,42.1,29.3,39.5,72.1,38.1,71.3,63.4,41.0,8.55,8,3,4,Data Science,Frontend,Business Analyst
1124,60.1,57.8,58.9,63.1,50.4,44.8,58.1,49.5,61.0,64.4,72.3,62.9,67.9,66.7,64.2,75.2,75.5,63.5,40.9,55.7,47.2,51.3,54.0,75.7,68.3,50.9,47.0,8.56,9,3,5,DevOps,Machine Learning,Business Analyst
1125,49.5,52.5,36.8,72.1,59.8,65.2,65.3,71.8,66.9,69.2,52.1,50.9,41.9,63.6,52.3,60.6,54.4,49.4,49.5,64.4,65.1,36.6,55.6,53.6,52.9,63.6,62.4,8.6,6,2,2,Cloud Computing,Full Stack,Business Analyst
1126,30.1,51.3,45.5,39.5,57.7,57.6,42.6,62.5,35.7,25.4,29.1,43.1,50.3,22.3,52.2,40.2,38.6,35.8,21.8,36.0,40.6,34.7,51.5,51.1,40.6,58.8,45.0,8.61,1,3,0,Data Science,Cloud & DevOps,Business Analyst
1127,50.4,71.0,72.3,67.1,79.9,53.4,72.0,68.3,72.2,73.8,70.8,74.6,64.1,48.4,59.4,68.6,49.3,59.1,46.6,73.8,63.6,52.0,77.1,59.0,67.0,71.5,74.9,8.65,9,3,2,Web Development,Data & Analytics,Business Analyst
1128,55.4,54.6,41.8,56.6,29.1,26.6,42.4,32.5,32.7,42.6,42.3,50.9,43.7,33.8,35.0,36.0,49.9,51.8,51.4,65.7,57.0,58.2,42.8,39.6,45.8,31.3,69.6,8.65,7,0,1,Data Science,Machine Learning,Business Analyst
1129,61.0,48.7,65.0,61.0,63.1,69.4,71.3,61.1,65.1,69.4,70.6,49.1,61.2,58.0,62.1,54.9,58.6,50.9,56.8,66.8,63.2,52.2,49.6,63.8,32.7,48.5,60.8,8.67,5,2,4,Web Development,Cloud & DevOps,Business Analyst
1130,31.4,36.5,35.8,49.5,63.3,68.9,55.5,56.1,56.7,53.0,54.2,46.9,40.0,53.4,55.9,47.0,56.7,33.2,31.3,38.3,42.5,36.5,45.4,45.4,52.1,57.2,37.5,8.75,4,1,3,Business Analytics,Business,Business Analyst
1131,52.1,28.8,37.9,43.7,30.2,47.8,41.1,56.8,33.1,44.6,39.2,32.1,39.5,56.7,44.8,51.0,46.1,43.9,39.1,40.7,57.5,47.3,26.6,44.8,24.9,34.6,40.4,8.78,4,3,0,Web Development,Full Stack,Business Analyst
1132,65.3,83.4,74.3,50.4,81.5,77.8,66.5,74.1,69.0,81.8,78.7,68.3,74.4,74.9,64.7,64.0,80.2,50.5,51.4,52.3,58.7,60.8,66.3,74.6,55.8,62.7,52.3,8.86,5,2,1,DevOps,Business,Business Analyst
1133,55.1,62.7,58.3,55.5,67.3,54.7,48.7,69.6,63.9,54.5,69.7,47.5,38.2,29.9,44.5,42.9,46.3,66.2,68.7,61.8,50.9,63.3,60.4,62.1,74.2,58.7,53.1,8.92,4,2,1,AI/ML,QA & Testing,Business Analyst
1134,52.7,57.5,54.0,54.3,50.0,48.7,62.3,51.4,40.0,39.5,49.0,55.8,64.8,58.9,61.4,62.6,49.3,46.0,48.6,48.0,42.0,48.1,36.3,53.8,33.4,40.1,54.2,8.93,6,2,5,Cybersecurity,Business,Business Analyst
1135,56.8,55.6,50.5,49.2,29.0,34.3,38.5,31.5,39.0,66.4,61.1,51.2,50.6,44.3,33.7,28.4,56.5,55.1,69.3,74.9,70.3,76.1,66.6,59.7,52.3,49.2,43.5,8.99,6,2,5,AI/ML,Machine Learning,Business Analyst
1136,32.4,47.9,32.2,44.9,60.1,61.2,57.3,67.7,54.6,58.7,54.0,50.9,41.4,34.1,33.4,49.4,35.6,33.2,29.1,50.2,37.3,32.1,29.8,47.4,41.6,47.8,49.0,9.02,11,2,1,Mobile Development,Backend,Business Analyst
1137,52.5,64.1,48.6,54.1,39.5,30.2,40.6,38.8,60.0,29.8,36.7,55.1,65.7,43.9,54.7,44.9,53.4,66.6,72.3,36.9,46.1,61.1,32.3,37.8,36.5,53.2,67.6,9.02,2,1,5,AI/ML,Backend,Business Analyst
1138,51.2,45.7,71.5,53.1,42.8,34.2,38.4,28.7,52.6,43.4,60.9,55.7,65.5,67.0,56.3,58.2,64.3,51.9,50.4,39.4,55.9,53.0,36.1,47.7,56.5,42.6,53.1,9.17,5,3,4,Cybersecurity,Mobile,Business Analyst
1139,62.5,52.3,37.4,53.6,65.5,52.3,50.0,52.0,55.7,51.2,51.1,53.5,46.1,58.2,55.1,61.2,54.4,50.3,67.9,59.9,83.0,67.2,84.2,69.8,68.0,63.4,50.5,9.35,7,1,6,Business Analytics,Machine Learning,Business Analyst
1140,50.2,40.7,27.4,64.0,36.3,46.5,30.8,29.9,43.3,49.5,51.5,46.8,46.9,58.2,62.3,49.6,54.8,67.6,56.4,77.0,78.2,68.5,62.3,47.0,71.8,50.8,45.8,9.73,1,1,2,Business Analytics,Machine Learning,Business Analyst
1141,24.5,18.8,21.2,51.4,48.0,49.2,38.9,49.1,39.6,36.0,41.7,41.8,33.7,40.5,25.3,37.5,37.9,24.4,26.9,46.4,45.7,36.4,28.6,37.4,35.8,40.7,36.4,5.5,5,2,2,Mobile Development,Backend,Cloud Engineer
1142,24.8,17.0,29.3,44.4,12.5,9.1,12.3,4.5,20.5,8.1,28.2,27.8,15.2,24.2,22.8,14.8,12.1,31.5,21.6,24.0,40.4,33.9,15.2,25.6,27.2,17.6,17.5,5.5,2,1,1,Cloud Computing,Data & Analytics,Cloud Engineer
1143,43.3,32.8,36.7,38.6,36.5,11.7,34.5,28.6,30.3,33.3,38.1,35.2,25.5,18.4,29.7,25.0,32.9,34.0,18.4,40.7,45.8,19.4,33.3,49.3,58.5,31.9,51.8,5.5,4,2,2,Web Development,Full Stack,Cloud Engineer
1144,24.1,39.1,48.1,24.8,41.0,35.6,45.8,37.3,53.7,44.5,24.0,46.6,43.7,39.1,35.6,42.7,39.0,35.1,25.3,20.8,18.0,32.7,24.7,34.3,23.1,23.4,48.2,5.54,6,2,2,Data Science,Mobile,Cloud Engineer
1145,30.1,26.9,11.9,37.4,8.3,14.8,20.3,0.0,8.6,17.3,25.6,17.1,0.0,14.1,5.9,11.6,13.0,27.9,22.7,31.7,27.9,29.1,9.8,17.8,10.6,15.7,21.3,5.74,1,0,1,DevOps,Mobile,Cloud Engineer
1146,33.0,36.5,32.5,56.7,21.7,34.9,26.2,42.0,34.1,30.8,44.2,40.0,33.1,31.1,36.6,29.6,32.5,28.5,42.5,47.4,59.1,41.4,41.7,19.7,31.4,44.3,27.1,5.8,4,0,0,Cybersecurity,Cloud & DevOps,Cloud Engineer
1147,29.1,18.5,40.1,36.6,12.3,20.6,23.0,20.6,23.0,37.6,42.5,22.9,20.8,24.9,29.9,21.6,24.9,38.9,40.0,47.8,53.1,24.4,42.8,23.0,49.2,49.3,44.6,5.85,1,2,0,Data Science,QA & Testing,Cloud Engineer
1148,20.4,3.6,26.2,19.7,16.6,10.0,15.3,18.2,23.2,15.9,2.6,20.1,16.8,24.4,23.9,27.5,21.6,27.9,45.6,11.6,18.8,31.2,12.4,23.2,32.4,28.7,14.9,5.88,4,1,3,DevOps,Cloud & DevOps,Cloud Engineer
1149,25.0,40.3,37.9,31.4,30.5,25.2,42.9,26.7,34.6,37.8,31.8,41.0,33.3,46.4,47.7,41.3,43.5,38.3,30.4,25.1,30.4,19.3,34.0,30.2,10.0,26.4,47.6,5.9,2,1,1,Web Development,Security,Cloud Engineer
1150,39.4,37.0,31.4,47.3,47.4,60.1,65.9,45.4,47.5,42.9,47.6,56.6,50.0,42.2,21.4,41.9,37.1,28.9,38.6,44.0,30.1,23.8,38.2,32.2,33.6,30.4,36.6,5.9,4,1,3,Cloud Computing,Full Stack,Cloud Engineer
1151,29.6,38.5,23.2,25.7,62.7,65.7,55.4,50.4,45.9,45.7,33.6,45.3,49.9,29.2,27.6,31.8,24.7,43.8,38.5,43.5,26.1,38.7,46.9,30.4,30.1,47.9,24.6,5.93,5,3,1,Web Development,Data & Analytics,Cloud Engineer
1152,33.2,11.3,28.4,38.8,52.8,39.4,42.4,26.5,30.5,28.4,9.6,34.0,26.6,30.9,34.6,16.6,21.7,37.8,57.8,50.7,54.8,58.4,37.5,28.8,39.4,39.4,40.7,5.93,3,2,1,Business Analytics,Business,Cloud Engineer
1153,26.8,25.2,32.2,38.2,27.9,30.7,35.9,37.4,28.2,36.4,34.5,14.3,18.2,38.1,37.4,32.2,42.6,30.3,29.9,23.7,19.3,39.7,28.7,28.5,34.6,2.9,35.0,5.96,4,0,3,DevOps,Security,Cloud Engineer
1154,48.7,62.2,72.9,35.4,53.7,46.4,61.3,53.3,65.0,56.8,53.4,46.9,32.6,39.4,49.8,47.7,35.0,36.5,17.6,52.2,57.2,40.4,59.8,33.6,67.5,47.3,49.8,5.99,6,1,2,Data Science,Backend,Cloud Engineer
1155,41.8,38.4,32.1,40.3,31.5,38.2,35.3,43.8,47.5,32.6,45.4,47.5,29.2,49.2,48.5,50.2,46.7,27.7,37.1,39.2,38.3,24.9,48.4,28.5,37.0,38.9,44.1,6.03,6,1,1,DevOps,Cloud & DevOps,Cloud Engineer
1156,33.3,23.5,10.9,40.7,37.9,30.3,41.6,52.7,44.3,50.5,24.1,33.9,35.0,38.3,36.8,17.5,49.0,18.5,36.2,31.7,31.5,25.8,37.2,31.8,45.1,34.0,16.1,6.05,5,1,5,Web Development,Backend,Cloud Engineer
1157,48.0,58.0,64.8,56.7,32.0,28.8,37.1,38.8,46.3,54.3,73.7,47.2,47.3,42.4,51.2,39.5,57.4,30.9,42.8,64.9,48.9,29.4,43.5,37.7,44.9,38.5,59.4,6.07,4,2,8,Business Analytics,Business,Cloud Engineer
1158,31.3,34.5,44.4,25.9,37.7,52.3,32.7,40.8,41.4,38.2,24.1,41.9,42.7,37.6,53.9,44.1,32.4,45.9,32.4,27.3,20.0,36.4,22.2,32.2,24.5,24.8,43.4,6.1,1,2,3,AI/ML,Data & Analytics,Cloud Engineer
1159,25.5,40.1,3.4,26.4,46.5,54.7,47.3,61.0,25.3,38.0,17.9,27.8,47.0,32.3,32.6,34.0,45.0,26.0,37.1,27.4,19.8,44.1,42.3,15.8,28.1,47.4,22.6,6.12,1,2,3,Cloud Computing,QA & Testing,Cloud Engineer
1160,27.0,34.4,24.4,36.7,48.3,58.8,45.7,45.8,32.4,37.1,26.9,38.4,25.8,37.6,45.2,45.2,26.6,37.0,15.3,53.4,41.1,29.5,25.5,42.9,32.7,32.9,16.6,6.12,4,0,3,Business Analytics,Business,Cloud Engineer
1161,34.1,25.9,18.0,34.1,32.5,30.8,41.1,16.7,26.6,27.6,35.9,36.7,29.9,21.4,29.9,40.0,22.1,47.6,69.0,34.4,44.0,41.0,34.3,33.7,31.4,29.9,46.0,6.15,7,1,2,Cybersecurity,Cloud & DevOps,Cloud Engineer
1162,31.5,29.4,32.6,35.3,27.5,14.4,32.6,31.5,26.9,18.4,6.7,22.4,26.4,28.7,35.5,39.3,38.8,31.9,32.1,13.5,27.3,27.8,27.2,30.3,36.4,44.7,31.7,6.17,3,1,1,DevOps,Data & Analytics,Cloud Engineer
1163,30.2,29.8,42.5,20.0,23.9,30.8,22.7,29.9,31.2,33.5,23.7,33.8,24.2,37.9,27.4,31.4,36.8,18.6,39.8,22.9,24.7,24.4,45.5,44.9,44.3,47.9,39.4,6.18,1,1,2,Business Analytics,Business,Cloud Engineer
1164,42.0,23.0,33.8,30.6,10.1,20.7,33.2,16.2,26.4,39.6,24.6,34.9,29.7,35.3,34.5,23.1,29.4,34.6,43.2,22.3,30.7,32.0,47.8,24.7,31.2,40.1,30.1,6.2,0,1,0,Web Development,Machine Learning,Cloud Engineer
1165,40.2,55.9,44.4,54.0,60.8,49.0,52.5,36.7,45.6,60.4,48.0,60.3,44.6,42.4,58.9,47.0,53.0,49.5,45.3,60.1,53.1,50.9,36.4,57.5,20.5,36.9,56.8,6.21,5,1,1,Cybersecurity,Cloud & DevOps,Cloud Engineer
1166,35.2,28.3,25.2,27.9,31.8,46.6,32.9,39.5,33.5,28.5,22.7,27.4,41.0,27.4,38.9,25.9,30.8,32.5,43.3,33.2,21.7,30.2,41.7,45.1,38.0,52.0,35.4,6.25,5,0,0,Cloud Computing,Security,Cloud Engineer
1167,41.4,18.4,6.3,37.7,12.1,20.0,33.8,18.1,35.4,32.0,35.2,22.3,27.3,36.6,28.6,39.3,28.8,54.3,35.3,28.2,45.3,57.1,31.4,26.9,24.4,20.8,17.0,6.25,5,1,2,Cybersecurity,Data & Analytics,Cloud Engineer
1168,49.2,37.7,46.5,35.4,64.7,63.5,53.4,54.0,45.3,38.2,27.8,47.8,37.9,35.9,49.5,36.4,44.1,45.8,41.8,29.5,28.2,39.9,50.2,35.2,47.5,45.8,30.8,6.25,4,2,2,Cybersecurity,Security,Cloud Engineer
1169,43.7,52.3,40.7,58.9,33.1,25.6,42.3,30.6,38.9,50.1,68.5,43.3,44.7,40.6,42.9,36.1,42.3,36.3,34.4,55.1,54.1,40.3,35.7,51.5,35.8,46.3,27.7,6.26,5,1,1,Web Development,Backend,Cloud Engineer
1170,38.8,39.7,28.3,48.1,18.1,21.3,30.6,38.8,32.4,37.2,41.5,34.9,25.9,48.5,41.2,39.3,22.7,36.1,41.7,52.3,51.3,38.0,22.6,18.2,55.3,41.1,36.6,6.27,4,1,0,Cybersecurity,Business,Cloud Engineer
1171,48.5,53.2,26.0,37.2,24.5,30.2,23.3,29.3,33.9,35.4,14.0,36.4,30.6,47.5,49.2,46.2,28.6,55.3,38.6,33.2,30.4,54.2,43.6,37.6,33.9,31.8,32.6,6.29,5,1,1,Cloud Computing,Cloud & DevOps,Cloud Engineer
1172,36.4,39.1,40.2,43.0,53.7,48.6,47.4,35.4,32.8,50.0,32.3,34.8,23.4,47.3,32.0,34.4,40.9,23.7,50.2,29.2,33.0,32.0,24.3,27.7,28.2,26.7,47.7,6.3,5,1,2,AI/ML,Machine Learning,Cloud Engineer
1173,43.7,28.4,27.4,30.6,59.9,56.6,54.8,56.5,28.2,19.7,27.1,44.7,30.6,34.3,42.5,17.0,30.2,45.4,47.0,22.8,25.2,25.8,12.9,41.2,20.3,32.7,40.6,6.3,2,1,3,DevOps,Frontend,Cloud Engineer
1174,42.1,50.3,38.8,42.2,37.3,18.7,28.2,25.2,27.7,35.9,41.3,40.6,33.7,35.5,40.7,33.8,34.0,54.8,32.4,48.6,45.1,28.4,27.6,28.3,33.6,35.6,44.4,6.35,1,1,2,Data Science,Frontend,Cloud Engineer
1175,19.8,35.1,38.2,18.4,24.3,17.5,41.6,33.7,23.8,28.2,19.9,21.6,24.7,32.3,49.6,36.5,45.6,23.9,50.4,26.4,16.8,30.9,19.5,32.9,32.9,41.7,25.0,6.37,6,1,1,AI/ML,QA & Testing,Cloud Engineer
1176,49.7,33.2,47.8,37.5,31.8,30.9,30.0,28.7,43.2,36.7,30.7,43.0,30.9,34.3,36.7,45.1,39.6,47.2,45.5,29.6,14.5,50.9,41.8,33.4,27.5,44.9,45.2,6.39,4,1,2,AI/ML,Frontend,Cloud Engineer
1177,27.5,31.0,39.2,31.9,35.5,49.3,34.8,42.7,31.0,28.4,23.5,31.0,48.8,35.7,35.2,30.5,48.6,38.1,36.8,37.9,25.5,32.6,63.6,34.6,54.3,54.8,42.8,6.41,4,0,3,Cloud Computing,Mobile,Cloud Engineer
1178,43.8,31.2,45.1,41.3,37.5,40.3,32.4,33.1,46.7,32.1,15.4,38.4,42.0,53.5,57.7,46.5,54.3,42.6,48.5,25.1,28.3,33.6,54.8,19.8,44.7,40.9,41.5,6.42,3,1,5,Cloud Computing,Full Stack,Cloud Engineer
1179,21.1,49.3,27.6,27.6,32.9,25.3,33.9,26.0,48.2,39.7,21.3,36.5,23.7,54.8,49.4,48.1,42.9,7.2,18.9,16.5,12.6,22.1,19.8,21.6,22.4,33.0,28.2,6.46,1,0,2,Mobile Development,Backend,Cloud Engineer
1180,50.4,44.0,48.6,48.7,32.6,44.1,48.0,48.2,49.2,33.4,46.2,48.9,53.9,46.9,54.8,47.8,54.1,56.7,59.0,47.5,45.5,57.0,47.9,47.7,45.5,52.4,48.7,6.47,3,2,5,DevOps,Machine Learning,Cloud Engineer
1181,49.7,42.7,42.9,61.9,66.2,55.4,48.2,59.3,54.5,68.2,62.0,47.1,37.8,45.3,38.9,43.3,51.7,43.2,39.3,62.0,58.6,34.8,31.9,50.7,33.3,37.1,39.1,6.48,8,1,3,Business Analytics,QA & Testing,Cloud Engineer
1182,22.3,36.7,31.1,37.1,46.4,52.9,37.0,52.3,42.0,31.0,23.8,43.6,43.7,33.3,33.6,23.4,29.4,19.6,13.9,42.6,51.4,26.1,25.2,25.1,40.7,52.8,9.6,6.49,1,0,1,Web Development,Backend,Cloud Engineer
1183,41.2,37.9,45.5,30.0,39.6,47.3,45.7,40.1,29.6,31.5,29.4,33.7,42.2,47.9,29.3,58.9,27.0,40.0,25.7,33.4,31.8,42.3,58.7,45.4,54.8,51.5,34.5,6.49,3,1,1,AI/ML,Machine Learning,Cloud Engineer
1184,32.1,31.3,21.2,24.1,22.1,34.1,25.3,32.9,34.9,18.8,31.8,26.3,21.2,23.6,43.4,28.5,22.3,31.2,28.4,20.5,28.8,27.8,25.4,19.8,27.9,28.7,17.0,6.51,7,3,6,Cybersecurity,Business,Cloud Engineer
1185,33.4,48.4,36.9,15.1,24.7,13.7,21.9,19.0,29.5,28.0,35.6,52.2,33.3,28.5,29.9,28.6,46.8,5.9,38.4,15.0,21.1,8.1,48.9,36.2,32.1,48.5,38.0,6.51,2,1,2,Cloud Computing,Mobile,Cloud Engineer
1186,34.0,33.3,45.3,25.6,26.5,28.1,37.7,33.0,16.1,22.7,21.3,38.3,18.8,32.7,35.2,34.8,29.3,28.1,41.9,30.9,14.6,53.0,31.0,37.9,26.7,28.1,31.5,6.51,2,2,0,AI/ML,Business,Cloud Engineer
1187,45.7,52.5,56.3,43.0,47.2,36.5,40.4,33.2,52.5,37.5,43.6,51.3,45.4,55.8,69.8,61.6,50.6,59.8,62.3,66.7,46.2,52.9,73.4,35.0,64.3,76.6,50.2,6.51,1,1,2,DevOps,QA & Testing,Cloud Engineer
1188,38.1,30.0,37.5,41.3,34.3,30.9,25.0,39.2,27.5,41.3,47.3,41.3,40.7,34.0,35.3,26.3,23.7,33.3,27.8,41.6,39.8,13.6,53.2,37.6,51.2,37.9,33.8,6.52,6,2,3,Cloud Computing,Backend,Cloud Engineer
1189,39.1,42.8,29.7,25.5,33.9,37.5,32.1,45.1,28.1,27.9,36.2,35.2,42.3,29.6,42.1,44.5,29.2,45.0,50.7,48.2,32.3,35.5,42.2,30.4,38.5,32.2,40.0,6.52,4,0,1,Business Analytics,Security,Cloud Engineer
1190,39.8,18.1,35.7,26.7,45.4,42.7,41.3,50.7,30.9,29.2,27.9,35.5,34.1,35.5,30.1,42.1,35.6,44.2,31.7,57.7,55.5,36.4,22.5,45.4,28.4,30.2,35.6,6.52,4,1,3,DevOps,Full Stack,Cloud Engineer
1191,44.4,42.8,58.4,34.2,29.1,45.8,66.5,37.4,39.1,54.4,37.5,46.9,30.8,31.9,45.3,40.7,37.3,57.1,57.6,32.6,41.3,50.7,42.0,59.2,53.8,43.9,55.8,6.53,4,0,4,Cybersecurity,Business,Cloud Engineer
1192,45.5,43.7,56.3,34.4,47.8,39.3,30.1,63.0,34.6,29.5,51.0,37.4,47.2,44.3,40.4,29.8,44.3,47.6,71.8,18.5,39.8,54.1,39.7,51.4,30.7,38.6,56.1,6.53,7,1,5,Cybersecurity,Security,Cloud Engineer
1193,42.3,49.8,35.5,43.3,20.1,14.6,39.7,33.1,35.5,50.7,43.4,44.1,34.2,41.6,42.8,37.1,41.8,25.9,38.2,45.7,42.8,42.8,46.5,27.9,28.2,42.0,33.3,6.54,5,0,5,DevOps,Cloud & DevOps,Cloud Engineer
1194,31.4,35.7,26.7,39.3,27.5,31.3,23.5,11.2,38.4,40.4,46.1,33.0,35.9,42.4,30.5,34.8,28.2,44.3,25.5,44.1,32.3,15.1,22.1,20.3,15.4,24.9,39.8,6.55,3,0,3,Mobile Development,Machine Learning,Cloud Engineer
1195,25.7,30.7,17.2,36.8,41.0,46.1,33.6,40.8,35.5,31.4,33.2,37.7,31.1,31.9,31.0,15.3,34.2,25.5,29.9,35.0,28.3,6.3,55.3,25.1,30.5,22.1,22.4,6.58,3,1,0,DevOps,Machine Learning,Cloud Engineer
1196,40.9,50.5,39.6,20.5,36.9,39.9,29.1,44.8,44.1,41.9,29.1,30.4,37.1,41.8,42.6,48.3,46.7,29.0,33.2,30.5,26.9,32.7,43.0,36.8,57.8,48.2,35.7,6.58,6,1,2,Cloud Computing,Frontend,Cloud Engineer
1197,65.8,58.1,54.0,52.2,32.0,30.2,45.4,41.2,48.5,51.1,50.7,48.7,56.2,59.6,56.1,63.3,58.4,52.6,57.6,45.2,53.7,57.8,44.3,56.7,44.1,53.2,51.1,6.58,6,0,3,Mobile Development,QA & Testing,Cloud Engineer
1198,35.6,32.7,20.7,36.2,44.7,33.5,38.2,37.6,28.5,27.9,36.3,23.8,38.4,21.4,18.2,24.6,28.2,31.1,39.3,60.1,67.0,41.3,45.0,39.5,48.5,27.6,26.0,6.59,6,3,2,Cloud Computing,Data & Analytics,Cloud Engineer
1199,43.4,36.9,43.6,57.5,33.2,31.4,26.8,35.5,41.2,53.8,50.7,28.6,51.3,32.1,35.4,47.2,53.2,57.0,37.0,51.9,53.5,48.1,31.4,52.8,45.2,31.7,45.9,6.6,4,2,2,DevOps,Full Stack,Cloud Engineer
1200,47.8,54.7,61.3,45.1,42.7,57.3,47.9,49.2,50.4,49.8,56.9,50.1,63.3,50.1,54.0,43.2,55.5,41.4,48.8,42.8,39.5,42.6,33.0,42.3,57.7,56.6,50.0,6.6,5,2,4,Mobile Development,QA & Testing,Cloud Engineer
1201,75.0,66.3,63.6,63.9,43.0,54.3,47.5,50.7,54.0,56.6,55.2,47.0,57.1,53.4,49.2,56.2,78.2,89.0,81.1,73.1,77.5,81.4,71.3,72.2,66.7,57.4,72.9,6.6,4,3,2,Data Science,Machine Learning,Cloud Engineer
1202,28.1,53.5,33.1,46.0,33.6,35.6,32.1,21.0,37.9,41.6,32.8,34.5,37.1,27.5,36.2,40.5,33.5,34.3,24.6,13.5,25.8,21.7,25.3,49.6,37.3,30.5,31.8,6.62,1,0,3,DevOps,QA & Testing,Cloud Engineer
1203,36.8,44.0,52.3,29.8,60.7,66.1,55.4,49.8,59.2,41.8,36.3,41.6,37.3,39.5,44.1,45.1,37.1,34.0,33.8,25.5,30.9,36.7,34.8,25.5,26.2,40.3,42.6,6.62,2,0,5,Cloud Computing,Business,Cloud Engineer
1204,42.8,49.4,54.3,54.8,61.4,62.5,64.0,68.3,38.8,54.5,39.6,51.6,49.3,44.6,56.2,72.1,49.4,43.7,60.3,74.4,60.7,68.0,55.1,55.0,65.9,62.9,69.6,6.62,5,0,1,Business Analytics,Frontend,Cloud Engineer
1205,47.8,39.7,40.5,38.7,31.1,27.6,36.2,33.7,31.3,40.6,34.0,33.3,45.7,39.3,34.7,51.0,32.9,18.4,39.9,25.3,28.5,25.8,25.3,22.0,36.2,26.7,33.6,6.62,3,1,2,Cloud Computing,Backend,Cloud Engineer
1206,23.0,30.4,21.3,9.4,39.9,38.9,38.5,33.2,28.5,13.5,22.4,41.3,33.6,25.5,16.8,16.5,13.0,9.5,39.1,23.6,20.6,24.1,20.1,17.7,58.6,22.9,11.9,6.63,2,1,5,Cybersecurity,Backend,Cloud Engineer
1207,25.0,41.7,41.1,13.8,52.3,48.9,42.8,40.9,35.5,37.3,35.8,31.7,36.6,31.4,31.8,31.8,39.4,22.6,36.9,34.2,10.8,24.3,35.4,45.1,36.0,42.0,35.8,6.63,5,1,3,Cybersecurity,Frontend,Cloud Engineer
1208,27.8,25.6,45.1,25.2,30.8,36.2,18.6,32.5,27.5,20.2,18.9,30.8,20.5,28.5,45.9,29.7,26.1,33.9,30.8,23.4,34.5,49.8,30.0,25.7,20.2,31.3,35.0,6.63,3,1,4,Business Analytics,Machine Learning,Cloud Engineer
1209,50.1,43.1,60.9,39.4,26.4,18.8,26.7,19.5,38.1,40.4,45.8,38.9,31.9,35.8,28.8,49.2,31.9,51.3,49.1,33.1,30.5,37.0,25.6,56.7,36.2,42.2,51.3,6.63,4,2,3,DevOps,Machine Learning,Cloud Engineer
1210,61.0,31.4,30.8,52.8,52.6,50.2,57.2,58.7,50.8,45.3,37.2,52.8,52.5,35.4,42.9,33.8,30.9,60.7,50.4,54.8,49.9,51.4,45.3,41.5,41.5,41.0,49.7,6.63,6,1,4,Cybersecurity,Frontend,Cloud Engineer
1211,64.3,52.0,58.8,45.3,48.5,39.8,31.8,35.5,38.1,47.2,51.8,64.2,41.9,59.4,50.7,75.5,68.7,74.3,73.4,47.2,40.7,57.2,44.2,63.5,64.6,47.8,51.3,6.63,5,2,2,Web Development,Backend,Cloud Engineer
1212,28.2,31.1,25.5,28.8,24.8,21.8,29.4,15.4,20.0,16.4,18.2,31.6,23.6,17.2,14.9,34.8,17.7,25.4,29.8,23.1,23.3,27.8,21.7,32.7,3.0,31.8,41.9,6.64,1,0,1,AI/ML,Security,Cloud Engineer
1213,36.2,57.4,45.3,47.8,66.2,70.0,68.4,80.2,57.8,53.9,55.6,52.3,53.7,40.6,47.9,61.6,48.3,43.4,24.8,33.2,44.6,34.8,56.1,46.8,64.0,44.8,43.2,6.64,5,1,2,Web Development,Data & Analytics,Cloud Engineer
1214,38.5,48.8,43.2,29.7,47.5,41.3,33.6,33.9,50.2,47.9,44.1,44.9,32.8,43.7,11.0,48.2,42.6,25.4,21.2,35.3,46.5,30.2,27.2,31.4,42.5,42.1,42.7,6.64,3,1,2,DevOps,Business,Cloud Engineer
1215,51.3,29.0,25.5,43.9,40.0,29.6,30.9,34.0,36.3,36.1,46.8,50.2,47.7,55.8,58.7,45.3,45.1,52.3,59.5,44.9,51.5,54.0,41.3,33.7,48.1,46.6,48.0,6.64,7,1,5,Data Science,Backend,Cloud Engineer
1216,38.7,24.0,13.3,46.2,21.6,0.0,25.1,14.9,28.1,28.1,22.7,28.8,22.7,26.5,41.1,35.8,44.9,42.7,40.8,48.1,36.4,43.0,32.0,29.7,21.4,14.1,40.8,6.65,4,2,1,Cybersecurity,Backend,Cloud Engineer
1217,34.7,33.0,41.9,31.9,33.1,41.7,33.5,35.7,28.5,23.1,35.8,47.5,36.9,30.9,29.6,25.3,39.8,30.0,33.7,29.6,38.6,33.0,46.5,44.8,34.8,56.5,34.6,6.66,6,1,0,Cybersecurity,Security,Cloud Engineer
1218,15.6,22.7,23.0,32.1,18.0,22.1,5.6,9.6,39.4,24.0,15.5,26.0,16.2,21.4,13.2,18.0,20.0,38.3,36.9,26.7,25.0,34.2,32.7,19.6,48.2,34.2,24.3,6.67,4,3,2,DevOps,Security,Cloud Engineer
1219,41.7,29.9,44.4,28.0,34.9,45.9,46.4,65.3,44.7,43.7,40.2,39.9,42.9,37.6,34.9,38.7,35.8,37.4,33.6,22.3,29.9,26.5,14.8,36.1,49.6,49.4,27.1,6.67,5,0,0,Mobile Development,Mobile,Cloud Engineer
1220,20.1,40.4,25.7,17.2,29.1,31.2,34.5,30.1,14.3,16.0,21.5,34.8,23.6,10.6,15.1,19.9,29.1,24.6,9.0,30.3,21.6,26.4,24.2,24.5,13.0,29.8,15.7,6.69,3,1,2,AI/ML,Security,Cloud Engineer
1221,22.3,41.0,28.0,42.1,31.2,21.2,27.0,32.2,27.7,19.9,18.0,30.7,25.7,29.5,26.0,36.5,46.8,26.1,26.8,41.7,43.4,37.0,37.8,35.8,61.9,25.8,32.9,6.69,4,0,3,Cybersecurity,QA & Testing,Cloud Engineer
1222,53.7,52.0,54.8,57.6,40.1,22.5,41.4,24.4,41.0,32.5,50.2,53.2,50.5,49.7,61.6,52.4,42.9,64.7,71.5,41.4,51.5,64.1,56.6,47.1,76.1,69.5,45.9,6.7,5,1,2,Mobile Development,Business,Cloud Engineer
1223,47.1,49.5,50.5,66.2,41.9,33.7,46.5,34.3,53.6,65.1,55.6,50.1,50.6,43.3,56.8,56.1,53.7,36.4,32.0,53.0,64.7,34.6,66.4,30.5,63.2,60.8,62.7,6.72,5,2,3,Data Science,Security,Cloud Engineer
1224,51.7,47.6,49.2,54.9,43.4,64.8,46.7,41.5,50.5,38.3,44.8,35.1,67.7,45.7,50.8,53.2,55.1,57.7,49.4,67.6,80.6,56.8,61.1,38.9,43.6,63.3,47.3,6.73,7,2,2,Data Science,Business,Cloud Engineer
1225,45.3,39.2,49.3,50.4,53.7,60.5,53.9,57.2,57.2,51.6,64.2,47.4,50.4,56.7,55.1,53.2,38.4,62.4,51.8,38.3,37.2,55.5,32.4,45.0,23.4,46.6,37.5,6.74,5,1,1,DevOps,Machine Learning,Cloud Engineer
1226,25.6,55.5,35.4,32.1,25.8,20.2,29.9,24.4,22.7,19.7,29.7,41.2,42.3,35.2,39.0,19.0,37.3,30.3,34.6,39.8,41.8,46.8,52.2,36.7,57.9,36.4,41.9,6.75,2,1,4,Business Analytics,Security,Cloud Engineer
1227,30.6,32.7,44.1,53.8,40.5,60.7,48.6,32.8,42.1,55.7,47.1,53.9,35.3,45.4,44.6,45.2,40.8,31.5,34.3,35.9,36.7,40.4,34.6,23.8,55.3,37.8,34.3,6.75,6,2,4,AI/ML,Security,Cloud Engineer
1228,42.2,33.2,30.3,21.7,43.7,51.5,53.2,48.7,37.4,30.4,37.4,44.1,19.7,32.8,30.2,24.4,29.8,43.8,61.7,41.8,49.8,53.6,44.4,37.0,36.3,43.8,27.0,6.75,5,2,3,Cybersecurity,Security,Cloud Engineer
1229,48.0,47.9,35.3,42.4,19.9,31.4,28.5,30.8,47.6,46.6,43.3,32.2,36.0,49.5,52.4,41.0,52.9,71.8,70.0,44.1,51.1,52.0,56.0,36.5,58.0,25.8,54.0,6.75,4,2,1,Web Development,Backend,Cloud Engineer
1230,64.7,59.2,68.2,48.6,35.3,25.3,34.9,31.6,48.2,48.4,52.8,49.1,67.4,57.7,64.1,54.3,53.5,62.8,68.0,52.0,38.0,77.2,72.1,57.2,62.2,60.3,46.9,6.75,6,2,2,Cybersecurity,Machine Learning,Cloud Engineer
1231,16.9,28.4,22.8,13.7,29.6,39.5,36.8,45.6,17.2,27.1,22.1,21.9,43.7,17.4,32.3,11.3,24.6,10.9,7.3,38.5,32.1,30.7,24.5,14.5,20.5,23.0,45.7,6.76,4,0,2,Data Science,Cloud & DevOps,Cloud Engineer
1232,30.8,47.1,49.2,32.6,40.6,42.7,48.5,43.6,23.8,40.7,22.9,46.6,34.0,28.8,16.1,21.2,38.7,13.3,46.6,33.7,53.3,33.3,23.9,32.7,41.2,45.0,33.5,6.76,8,2,1,Data Science,Security,Cloud Engineer
1233,63.3,52.1,38.6,46.6,57.7,45.7,46.8,38.0,55.9,51.2,54.2,51.3,52.2,62.9,61.5,62.6,49.6,40.4,42.3,62.4,42.0,42.1,42.3,46.3,46.8,59.8,41.8,6.76,7,0,2,DevOps,Security,Cloud Engineer
1234,27.2,44.2,44.1,29.3,39.0,35.0,27.1,44.1,38.2,39.5,44.5,26.7,31.4,46.3,48.4,52.7,48.3,36.3,29.3,49.6,38.7,27.6,51.6,39.9,45.1,35.5,31.4,6.77,5,0,6,Cybersecurity,Security,Cloud Engineer
1235,27.8,24.2,26.3,14.3,66.4,74.3,48.7,75.0,42.1,42.6,35.5,42.3,29.8,41.1,43.4,35.4,40.1,43.7,42.1,34.4,29.8,44.3,42.2,30.7,35.3,66.9,33.3,6.77,8,2,2,Web Development,Frontend,Cloud Engineer
1236,36.8,45.6,28.4,34.5,20.9,29.7,39.4,36.4,49.5,31.5,32.9,45.9,43.0,52.0,54.4,39.3,39.5,34.3,29.6,37.0,5.4,23.7,41.0,43.6,34.6,43.3,51.6,6.77,3,2,7,DevOps,Cloud & DevOps,Cloud Engineer
1237,29.9,44.3,39.7,41.8,27.6,37.6,40.8,18.0,51.3,43.8,45.7,45.3,35.3,55.9,38.3,45.5,58.2,31.4,34.9,40.0,38.9,39.8,37.3,43.9,43.3,28.5,37.5,6.79,1,1,3,Web Development,Security,Cloud Engineer
1238,34.8,31.5,29.3,30.5,32.1,33.4,31.3,41.6,53.4,36.1,37.1,45.4,22.1,38.5,37.6,39.3,36.6,28.4,28.6,27.7,28.9,15.2,23.2,33.7,14.6,40.6,44.3,6.8,5,1,2,Web Development,Business,Cloud Engineer
1239,40.2,46.2,30.3,43.3,43.2,32.3,29.0,39.5,31.0,36.0,49.1,19.9,40.6,33.0,36.9,37.9,33.5,54.4,57.9,50.1,46.8,52.4,30.1,41.2,20.0,42.0,41.5,6.81,8,1,2,DevOps,Mobile,Cloud Engineer
1240,63.6,42.9,40.3,41.3,28.9,25.6,27.8,36.3,34.9,23.6,39.7,38.6,42.6,45.5,52.3,43.2,43.3,53.2,45.1,42.4,43.1,56.2,34.9,48.3,40.5,36.9,42.4,6.82,5,1,2,Cloud Computing,Mobile,Cloud Engineer
1241,51.3,55.2,58.8,62.4,22.8,35.7,55.8,23.1,51.4,37.8,54.6,44.9,40.9,23.7,30.2,20.3,35.7,38.2,55.0,45.6,65.4,48.7,61.3,53.8,53.5,47.0,55.8,6.83,4,1,1,Business Analytics,Data & Analytics,Cloud Engineer
1242,57.3,59.6,45.5,49.1,34.4,39.0,35.4,39.8,37.7,43.5,48.8,59.0,44.6,56.7,46.5,50.7,48.0,49.3,61.4,45.3,45.1,64.6,32.3,62.1,45.9,48.3,53.0,6.84,4,2,4,AI/ML,Backend,Cloud Engineer
1243,59.5,58.1,72.6,55.9,46.3,23.2,31.8,35.0,43.5,48.5,55.1,43.2,35.2,57.2,42.1,47.4,51.5,61.5,69.0,56.9,53.9,66.9,37.8,55.4,76.4,46.4,68.0,6.84,6,1,2,Data Science,Backend,Cloud Engineer
1244,29.8,25.9,45.7,34.2,50.6,50.5,50.6,44.5,34.9,38.8,19.0,28.5,37.7,39.2,43.8,53.5,37.7,34.4,21.9,39.6,44.6,37.0,41.8,33.0,22.2,39.4,21.9,6.85,3,0,5,Cloud Computing,Backend,Cloud Engineer
1245,51.4,46.5,33.9,71.7,40.5,59.7,46.4,40.4,33.0,50.8,68.1,59.1,43.7,45.1,46.5,49.5,55.9,54.0,48.3,65.6,50.9,34.4,45.0,31.2,36.2,58.8,42.1,6.85,7,1,4,Cloud Computing,Security,Cloud Engineer
1246,8.0,33.3,26.3,26.5,24.8,30.3,16.1,30.4,21.8,9.2,12.4,25.5,29.6,33.0,27.9,34.6,38.9,16.5,12.0,16.7,29.3,26.2,9.6,25.3,33.4,26.6,30.4,6.86,4,1,3,Mobile Development,QA & Testing,Cloud Engineer
1247,27.2,26.3,27.1,21.2,28.8,24.7,9.7,27.6,16.4,24.2,24.2,34.0,28.2,39.9,38.0,31.7,47.2,29.7,28.9,48.0,44.2,40.3,55.4,34.2,52.2,40.0,17.6,6.86,2,2,2,Data Science,Security,Cloud Engineer
1248,39.4,32.1,45.9,35.3,36.1,45.8,43.4,46.0,42.7,31.9,47.1,47.5,43.1,58.7,47.5,57.4,59.4,34.4,32.7,37.2,31.4,39.4,33.0,47.1,16.8,47.9,38.3,6.86,2,1,5,Data Science,QA & Testing,Cloud Engineer
1249,42.2,50.5,42.4,37.9,16.7,34.4,27.3,19.3,60.5,36.8,46.6,42.3,40.1,19.3,49.8,39.8,42.3,21.8,16.2,31.1,31.5,23.9,40.1,30.6,31.8,26.7,38.3,6.86,3,2,2,DevOps,Cloud & DevOps,Cloud Engineer
1250,51.3,59.0,58.6,45.9,63.2,74.8,57.9,54.8,56.2,42.5,44.0,48.4,55.5,38.9,31.7,45.1,47.5,51.2,40.3,59.3,64.5,56.6,53.3,70.8,50.6,54.6,51.5,6.87,4,1,3,DevOps,Cloud & DevOps,Cloud Engineer
1251,45.4,50.4,54.5,59.4,52.3,56.7,52.2,48.4,55.6,51.3,46.5,54.5,50.3,47.4,54.4,61.4,63.5,56.4,57.1,33.9,19.3,39.3,46.2,66.1,33.6,50.7,43.2,6.88,6,2,4,Mobile Development,QA & Testing,Cloud Engineer
1252,48.3,59.8,44.6,64.0,52.8,31.9,45.2,39.2,64.3,64.6,57.3,57.1,61.3,59.0,70.6,50.0,45.4,44.8,49.1,46.1,51.4,46.2,49.0,48.8,60.2,55.7,70.3,6.88,6,2,2,Data Science,Security,Cloud Engineer
1253,51.6,27.0,35.5,53.9,25.7,21.0,31.0,23.0,40.5,46.3,46.9,34.1,44.5,26.1,24.7,33.5,26.8,42.3,58.0,51.3,55.6,50.3,42.2,25.9,39.1,39.7,40.4,6.88,4,1,3,Cybersecurity,Business,Cloud Engineer
1254,38.1,42.1,35.0,49.1,44.0,30.4,55.2,33.8,45.0,50.4,65.1,34.8,22.4,24.5,42.8,33.8,31.5,42.3,21.3,48.4,51.1,36.1,38.1,38.2,34.5,38.6,40.4,6.9,3,1,0,AI/ML,Backend,Cloud Engineer
1255,45.2,42.3,33.7,39.6,38.4,29.7,31.1,19.2,35.6,48.4,37.3,42.0,35.7,40.6,42.7,29.2,37.6,43.4,50.2,25.1,28.5,38.9,41.6,38.9,29.5,32.8,36.9,6.9,6,2,2,AI/ML,Frontend,Cloud Engineer
1256,46.1,26.8,39.3,49.6,39.3,29.5,33.9,31.1,33.2,38.7,37.2,33.6,33.8,47.1,51.1,41.7,53.1,23.3,31.8,49.1,55.6,39.0,43.4,47.6,36.0,36.4,33.2,6.93,0,2,4,Web Development,Security,Cloud Engineer
1257,31.5,34.0,28.5,36.0,33.3,28.8,38.1,41.8,30.8,35.6,34.3,48.0,42.8,55.3,37.1,39.6,38.8,43.3,15.5,54.2,52.1,43.4,36.4,16.8,55.3,40.0,43.5,6.94,4,1,6,DevOps,Security,Cloud Engineer
1258,40.7,37.1,38.4,61.5,31.6,42.3,29.1,36.7,34.1,41.8,42.9,31.7,42.8,45.9,40.2,41.9,41.0,33.4,48.9,60.8,57.1,53.4,32.9,42.0,10.3,30.2,43.9,6.94,3,3,3,Cybersecurity,Security,Cloud Engineer
1259,37.0,42.4,44.6,39.4,37.8,52.9,44.2,51.5,39.7,30.0,25.6,39.4,42.2,34.7,27.4,43.2,35.4,17.1,22.6,22.5,22.8,38.4,21.5,31.1,29.8,22.3,28.3,6.95,4,0,3,DevOps,Business,Cloud Engineer
1260,47.1,31.6,51.8,36.0,29.2,13.3,40.8,21.1,29.4,26.4,33.8,31.9,34.3,39.3,29.1,33.9,41.6,41.0,32.2,27.7,30.0,34.7,23.4,49.3,43.5,33.8,31.9,6.95,4,2,6,Business Analytics,Frontend,Cloud Engineer
1261,49.0,45.9,57.6,61.6,52.3,43.7,45.5,46.2,55.3,36.6,54.7,47.4,44.7,47.1,33.2,35.5,36.8,48.7,40.3,73.9,63.2,44.6,43.8,61.7,43.8,37.3,50.0,6.96,8,1,6,Business Analytics,Frontend,Cloud Engineer
1262,29.1,26.2,25.3,24.8,20.6,26.4,27.6,25.5,20.9,21.5,26.8,34.7,36.1,24.6,17.8,16.6,13.6,49.5,61.7,19.3,39.4,47.5,39.7,40.2,38.6,44.0,31.6,6.98,2,2,1,Cloud Computing,Backend,Cloud Engineer
1263,35.0,23.3,35.8,27.2,29.8,30.4,28.7,42.0,25.5,28.1,35.4,37.7,30.6,22.4,27.5,25.7,31.4,39.2,39.6,38.3,33.6,42.3,29.2,34.4,26.3,30.7,26.7,6.98,2,2,0,Cloud Computing,Security,Cloud Engineer
1264,40.9,35.9,25.8,24.3,17.9,14.0,13.4,14.6,31.3,13.3,23.4,28.3,39.7,24.1,20.0,15.7,20.2,36.3,37.9,29.8,34.3,32.5,33.8,35.9,14.9,30.9,40.8,6.98,2,0,1,DevOps,Frontend,Cloud Engineer
1265,29.9,43.8,46.6,29.5,63.3,57.6,47.6,52.6,38.8,30.4,36.7,55.0,42.7,48.2,38.0,49.3,35.7,28.5,29.3,36.4,13.5,40.0,51.8,46.1,39.1,52.2,57.5,6.99,1,1,2,Mobile Development,Full Stack,Cloud Engineer
1266,30.7,28.4,21.0,38.7,51.9,62.1,43.8,52.0,20.7,49.7,33.8,35.5,40.4,29.5,23.2,23.0,46.5,41.1,51.9,47.1,39.0,42.0,40.2,35.7,55.4,53.6,24.0,7.0,2,1,3,Cybersecurity,Frontend,Cloud Engineer
1267,44.8,40.4,41.6,44.5,57.4,67.4,44.0,54.4,52.0,41.5,34.5,49.6,54.0,34.2,20.8,41.4,23.8,42.6,32.2,44.7,52.3,41.7,55.1,48.2,58.3,67.7,47.0,7.01,5,1,1,Business Analytics,Backend,Cloud Engineer
1268,50.2,34.0,37.0,35.5,45.7,19.6,40.0,36.4,51.6,38.4,36.5,43.4,41.6,51.5,42.8,66.3,49.3,51.1,55.2,39.2,41.3,54.9,57.0,59.1,50.2,50.2,37.1,7.03,9,2,2,DevOps,Mobile,Cloud Engineer
1269,30.7,54.2,58.5,49.1,35.0,21.8,33.1,24.0,37.9,35.9,16.8,50.0,40.7,48.6,48.0,44.6,44.4,44.9,29.2,23.6,24.2,36.7,28.0,44.4,40.1,47.5,45.1,7.05,7,0,0,Mobile Development,Security,Cloud Engineer
1270,25.8,27.7,26.4,23.7,45.3,51.0,37.2,53.6,25.8,21.2,12.4,33.1,21.2,27.2,42.3,33.3,27.3,29.4,43.9,13.0,33.8,40.2,15.5,19.7,31.5,41.9,28.9,7.07,7,0,0,DevOps,Full Stack,Cloud Engineer
1271,53.9,34.0,62.0,61.2,52.6,30.6,59.4,41.3,43.6,61.2,62.6,46.6,66.1,61.8,71.3,58.2,71.2,40.2,54.3,38.6,49.8,30.7,62.7,34.2,70.0,62.4,46.2,7.07,4,0,5,Web Development,Security,Cloud Engineer
1272,54.6,50.6,43.9,45.9,66.2,61.2,53.5,52.3,49.1,45.0,47.2,49.3,52.6,59.0,66.7,61.5,52.3,64.8,69.3,60.4,47.3,67.7,47.7,44.0,40.1,63.3,48.5,7.07,5,0,2,DevOps,Business,Cloud Engineer
1273,25.7,37.6,46.8,31.4,57.9,48.5,53.6,52.0,45.3,37.3,26.6,45.1,46.7,42.3,47.3,33.9,28.2,45.5,30.0,34.7,20.7,32.7,40.6,30.6,33.6,29.0,48.0,7.08,7,1,4,Mobile Development,Full Stack,Cloud Engineer
1274,39.9,40.6,55.3,37.4,48.8,64.5,51.2,48.9,49.6,41.9,38.6,59.9,48.4,45.5,39.7,41.4,42.8,59.2,59.3,52.2,38.6,39.3,29.4,54.5,37.9,37.5,58.7,7.08,4,1,1,Cloud Computing,Security,Cloud Engineer
1275,44.4,40.2,38.3,44.7,59.2,43.5,58.0,50.0,53.1,58.5,49.0,48.1,53.9,49.0,48.9,58.7,58.9,49.9,59.7,57.3,50.5,45.6,46.6,37.2,45.4,57.9,52.6,7.08,8,1,4,Data Science,Full Stack,Cloud Engineer
1276,77.2,44.5,36.5,52.3,54.5,52.1,31.7,40.3,44.4,51.4,69.4,59.7,49.0,46.4,50.7,36.6,58.7,57.9,53.9,53.4,49.8,60.9,25.1,54.6,19.4,43.3,55.5,7.08,8,0,2,DevOps,Business,Cloud Engineer
1277,41.0,34.7,45.3,59.9,36.5,49.8,43.5,34.5,38.5,26.4,44.0,33.7,54.2,50.5,53.8,40.0,46.8,51.6,61.1,77.3,61.0,66.4,48.7,64.4,54.3,58.1,46.6,7.09,1,2,2,Web Development,Cloud & DevOps,Cloud Engineer
1278,46.5,57.7,65.2,32.1,57.3,45.5,46.2,44.2,38.8,47.4,46.3,55.8,55.6,40.0,49.8,40.8,62.4,46.7,30.5,47.3,39.5,36.6,50.3,38.7,42.3,53.6,50.4,7.11,6,1,3,Mobile Development,Frontend,Cloud Engineer
1279,45.5,45.1,43.9,38.7,66.7,68.5,40.2,50.3,42.2,36.0,38.2,58.9,40.5,47.8,42.7,39.0,44.6,55.8,55.6,57.9,46.8,49.2,37.7,47.1,43.7,37.3,48.2,7.12,4,1,4,AI/ML,QA & Testing,Cloud Engineer
1280,56.9,40.0,25.6,49.5,38.3,26.8,39.2,44.2,19.3,26.9,33.0,40.2,29.4,39.3,37.9,35.0,37.4,46.3,65.1,61.8,53.7,45.8,58.3,31.5,44.1,50.1,41.2,7.12,2,1,1,Cloud Computing,Data & Analytics,Cloud Engineer
1281,59.7,49.6,68.9,43.7,31.5,32.2,32.9,27.9,62.9,59.5,46.9,44.6,33.4,44.7,43.5,60.1,57.5,44.0,45.7,30.8,37.6,46.4,35.4,57.1,49.5,16.4,40.3,7.12,3,2,1,Web Development,Backend,Cloud Engineer
1282,47.7,60.7,45.9,48.6,43.0,22.1,29.7,28.0,45.6,72.8,54.4,47.8,42.4,43.2,34.2,43.2,41.5,40.1,35.5,55.1,54.8,44.2,34.9,56.1,24.0,25.2,29.7,7.13,5,1,3,Business Analytics,Mobile,Cloud Engineer
1283,51.8,38.8,49.8,39.2,61.0,61.5,45.5,52.2,42.7,50.1,50.7,47.1,63.1,42.8,57.0,51.3,55.9,36.1,49.5,59.3,71.1,43.3,63.6,33.2,67.4,59.0,55.8,7.13,3,1,3,Mobile Development,Full Stack,Cloud Engineer
1284,37.3,44.5,44.5,34.8,46.9,53.8,48.5,55.3,26.4,39.1,27.0,21.9,40.6,28.2,24.7,25.7,30.9,51.3,59.9,42.5,25.9,43.7,13.2,44.1,23.5,39.6,48.9,7.14,2,1,2,Business Analytics,Backend,Cloud Engineer
1285,37.5,44.0,30.0,41.2,25.5,2.3,26.7,22.2,37.9,38.6,48.3,45.2,42.8,54.1,47.2,49.4,48.9,55.2,43.3,50.3,45.8,49.7,44.4,43.2,48.9,43.8,35.2,7.15,3,1,3,Business Analytics,QA & Testing,Cloud Engineer
1286,63.2,67.0,52.5,61.4,49.9,44.6,50.5,46.0,67.3,61.2,64.0,66.9,59.8,74.6,59.9,64.6,59.4,46.8,48.7,45.2,46.5,46.4,51.1,62.8,59.3,65.8,48.5,7.15,3,2,6,Mobile Development,Cloud & DevOps,Cloud Engineer
1287,48.4,43.8,43.7,42.4,35.4,24.0,28.4,46.1,45.4,46.6,36.2,53.5,50.4,47.3,48.4,49.1,42.4,47.0,47.3,28.9,20.3,41.0,35.0,51.0,38.5,43.1,49.2,7.16,7,1,3,Cybersecurity,Cloud & DevOps,Cloud Engineer
1288,49.1,61.0,59.4,50.7,49.6,57.6,68.5,54.5,67.6,67.2,61.2,68.7,65.2,58.2,63.1,70.4,45.8,43.6,54.7,47.4,38.3,44.0,51.5,68.8,60.6,54.0,50.6,7.16,4,1,2,Mobile Development,Cloud & DevOps,Cloud Engineer
1289,35.1,45.0,23.2,37.6,49.6,49.3,48.7,56.4,38.2,47.3,27.5,43.2,41.1,32.9,40.8,47.1,23.6,26.1,34.6,34.4,22.3,35.9,28.2,24.4,30.3,33.9,24.9,7.17,5,1,2,AI/ML,Backend,Cloud Engineer
1290,44.0,47.0,70.0,42.4,63.9,31.5,53.2,40.4,45.9,47.0,53.7,57.6,55.6,41.9,40.8,59.2,40.8,61.8,64.1,40.5,43.1,55.1,42.8,58.1,52.9,55.8,55.3,7.17,4,1,3,Business Analytics,Backend,Cloud Engineer
1291,35.3,51.1,57.1,49.5,34.5,20.8,48.6,30.2,45.9,60.2,60.5,36.4,39.1,43.8,35.9,27.1,42.6,34.2,52.2,54.9,46.4,42.0,17.9,35.5,38.3,55.0,52.4,7.18,4,1,3,AI/ML,Backend,Cloud Engineer
1292,56.2,60.3,61.5,32.8,50.9,34.4,34.1,46.7,42.2,47.3,38.0,56.3,46.8,51.8,56.0,67.8,55.7,58.4,59.3,35.6,21.7,40.8,32.2,49.4,23.9,33.6,36.7,7.18,3,1,3,AI/ML,QA & Testing,Cloud Engineer
1293,43.9,36.6,49.6,49.5,32.8,34.7,23.3,24.7,37.7,28.5,50.5,36.7,53.5,44.1,58.0,42.3,50.7,39.0,31.6,64.0,59.8,41.8,28.8,37.1,42.0,37.6,38.6,7.19,2,1,4,Data Science,Machine Learning,Cloud Engineer
1294,58.7,85.1,72.6,75.5,89.0,76.2,78.8,78.8,76.9,74.1,59.6,69.2,68.7,67.3,80.0,67.3,59.4,56.7,47.4,63.9,47.1,49.8,63.8,73.3,71.2,60.9,64.2,7.2,7,3,5,Web Development,Mobile,Cloud Engineer
1295,41.6,40.7,39.0,40.2,52.2,48.7,53.4,47.9,39.8,41.6,28.3,45.6,49.8,45.3,53.8,41.4,45.3,29.4,34.7,40.5,46.9,31.0,48.6,58.3,62.8,40.4,50.4,7.21,7,2,5,Cloud Computing,Mobile,Cloud Engineer
1296,29.0,46.8,29.9,43.4,66.4,50.8,46.1,73.4,58.3,37.1,28.2,44.5,37.0,41.5,43.4,45.4,48.3,37.8,19.7,23.4,34.7,35.5,41.9,40.1,38.9,48.3,23.4,7.22,4,2,0,Cloud Computing,Security,Cloud Engineer
1297,38.8,43.7,28.2,39.1,55.4,60.8,71.5,65.3,49.4,51.6,44.0,50.7,48.3,62.6,44.6,67.1,54.4,46.9,39.8,37.8,41.2,29.5,51.5,29.8,46.3,44.2,39.2,7.22,6,1,2,Cybersecurity,Security,Cloud Engineer
1298,39.4,56.5,35.0,34.3,57.2,67.5,58.9,38.1,50.8,47.6,39.7,46.6,47.4,58.7,52.4,59.7,49.8,46.2,46.7,34.1,18.0,33.9,28.4,51.6,50.6,46.5,43.7,7.22,2,0,3,Cloud Computing,Security,Cloud Engineer
1299,40.0,42.0,44.1,61.7,43.4,27.8,37.6,35.5,43.7,51.2,54.8,45.4,52.5,52.6,50.7,44.1,50.9,28.4,24.7,45.4,48.9,36.0,51.5,47.8,43.0,61.4,31.7,7.22,2,1,1,Cybersecurity,Machine Learning,Cloud Engineer
1300,41.9,48.4,40.0,61.0,39.9,41.4,43.8,34.4,50.5,43.1,66.4,44.4,33.2,52.0,48.2,53.2,57.5,25.5,46.7,38.0,40.3,36.7,25.8,46.3,21.7,49.7,30.7,7.22,8,1,5,DevOps,Business,Cloud Engineer
1301,56.1,48.3,54.0,59.9,51.0,59.2,46.6,62.1,59.8,60.5,76.5,59.0,39.9,61.4,58.8,44.0,47.6,56.6,33.9,66.4,60.0,48.3,66.9,46.6,49.9,60.8,52.2,7.24,6,2,3,Cybersecurity,Business,Cloud Engineer
1302,65.4,63.1,64.9,64.3,55.8,61.6,57.3,74.3,74.3,46.5,71.1,64.5,71.2,70.9,77.4,68.3,57.9,62.5,68.0,57.2,60.7,62.0,47.7,52.7,47.5,56.9,45.5,7.24,7,2,2,Web Development,Security,Cloud Engineer
1303,36.1,29.8,39.4,40.8,40.7,39.1,39.1,45.2,33.9,33.0,47.9,28.7,38.8,30.7,18.0,17.1,21.5,45.4,38.7,35.6,37.2,40.5,40.3,42.5,37.5,40.7,15.5,7.25,2,2,4,Data Science,Machine Learning,Cloud Engineer
1304,40.6,53.1,30.5,48.9,24.7,35.6,45.9,31.0,31.3,50.4,48.9,31.4,41.4,52.3,64.4,49.5,49.7,26.4,30.9,46.1,45.3,35.7,49.0,46.6,44.3,34.4,54.9,7.25,4,0,3,Cybersecurity,Cloud & DevOps,Cloud Engineer
1305,40.9,56.7,53.7,37.6,79.8,63.2,52.7,69.2,42.9,49.7,33.0,61.7,59.9,56.9,51.9,71.3,54.5,34.0,40.3,38.5,50.3,50.7,66.9,56.2,49.2,69.4,49.5,7.25,5,2,2,Data Science,Business,Cloud Engineer
1306,65.6,44.6,57.1,39.8,21.6,20.4,32.6,35.7,47.7,42.3,31.9,42.4,52.2,46.3,55.6,48.1,57.9,29.5,40.2,34.7,46.7,35.5,47.2,63.6,39.7,26.1,53.1,7.25,1,1,2,Cloud Computing,Business,Cloud Engineer
1307,45.2,48.4,35.8,50.6,26.8,42.2,38.1,37.7,57.3,54.2,42.7,47.5,39.6,53.8,56.4,61.0,45.1,19.5,11.4,24.9,36.4,44.4,44.0,47.0,43.9,43.9,30.5,7.26,2,0,1,Cloud Computing,Backend,Cloud Engineer
1308,54.3,47.3,61.3,52.6,28.5,45.3,35.0,37.9,58.8,52.7,58.5,48.3,40.3,49.7,42.1,43.1,50.8,53.7,51.4,48.3,63.8,46.8,55.5,51.9,51.6,50.5,41.7,7.26,8,1,2,Cloud Computing,Data & Analytics,Cloud Engineer
1309,58.3,50.6,29.7,50.1,54.5,59.6,60.0,70.7,40.6,43.3,34.3,46.0,54.1,57.3,36.4,57.6,41.4,54.8,54.8,47.8,56.2,57.1,48.5,29.2,54.6,40.3,47.1,7.26,5,1,3,Mobile Development,Backend,Cloud Engineer
1310,33.7,50.3,46.7,50.1,47.9,52.0,63.7,52.7,60.3,55.1,42.2,48.2,47.9,70.4,47.6,51.6,59.6,31.4,31.7,43.4,53.8,40.0,24.3,43.2,35.4,41.6,44.7,7.27,5,1,0,DevOps,Cloud & DevOps,Cloud Engineer
1311,35.8,27.8,37.7,33.6,49.9,44.1,61.1,41.9,24.6,24.1,29.7,25.4,38.8,27.2,41.7,28.0,32.0,41.6,53.0,33.0,38.7,32.6,27.9,30.3,42.1,30.3,56.2,7.27,6,0,4,Web Development,Security,Cloud Engineer
1312,44.9,63.6,56.1,47.9,74.8,67.1,59.1,71.5,63.5,65.6,58.5,58.2,70.1,52.9,68.6,61.2,66.2,45.3,43.4,52.7,58.6,48.5,36.7,62.5,55.1,60.8,56.0,7.27,5,2,3,Web Development,Machine Learning,Cloud Engineer
1313,52.1,46.8,46.7,36.9,50.4,48.6,52.0,44.9,34.9,38.9,48.4,34.1,46.7,37.4,49.4,34.1,37.2,62.1,48.7,52.2,48.0,50.8,55.0,48.1,70.1,34.3,47.7,7.27,4,1,0,AI/ML,QA & Testing,Cloud Engineer
1314,31.0,35.6,46.7,24.9,12.7,19.8,40.4,28.5,39.7,29.2,27.9,20.5,29.7,46.6,52.6,48.4,58.4,23.5,24.8,28.6,26.8,25.7,39.6,43.1,38.2,36.1,17.9,7.28,1,2,5,Cloud Computing,Cloud & DevOps,Cloud Engineer
1315,37.4,33.4,24.2,27.6,24.9,33.3,19.6,29.9,16.4,15.7,17.3,27.4,28.5,40.4,46.0,40.1,27.1,40.7,31.9,19.8,31.1,27.1,31.1,16.1,31.7,27.4,35.0,7.28,4,0,4,Web Development,Security,Cloud Engineer
1316,32.6,15.7,30.2,29.4,28.4,19.1,19.4,15.4,28.1,26.8,31.6,33.2,22.7,29.4,31.9,36.6,29.0,37.1,33.4,29.4,40.1,35.2,32.8,37.6,12.3,30.5,31.8,7.29,2,1,2,Cybersecurity,Cloud & DevOps,Cloud Engineer
1317,42.1,44.2,43.1,23.3,35.6,33.8,14.0,28.8,43.8,34.4,49.2,40.1,48.7,51.0,61.0,45.7,55.8,58.6,39.7,47.1,31.2,41.4,39.3,28.5,48.7,50.8,35.6,7.3,3,0,2,Data Science,Business,Cloud Engineer
1318,25.9,43.4,35.2,29.9,42.9,25.4,37.9,40.9,37.3,24.1,36.4,30.9,26.9,9.8,38.9,21.1,32.0,26.5,20.8,31.0,27.0,29.4,30.0,45.8,44.9,41.6,38.6,7.31,3,1,1,Data Science,Backend,Cloud Engineer
1319,56.4,45.2,40.7,40.6,55.1,25.5,36.1,22.6,45.8,33.4,42.2,32.6,42.8,30.0,39.9,50.1,42.2,58.9,47.7,39.2,36.2,62.4,35.4,47.1,51.8,65.5,42.4,7.31,1,2,1,Cloud Computing,Machine Learning,Cloud Engineer
1320,58.6,30.2,39.1,41.7,37.6,38.5,36.8,48.1,39.9,49.7,43.9,41.5,47.0,42.8,37.2,55.1,60.6,58.4,58.6,44.8,64.5,59.7,65.9,47.0,63.2,48.8,49.8,7.31,5,2,6,Cybersecurity,Cloud & DevOps,Cloud Engineer
1321,42.3,45.5,41.4,34.4,20.6,21.6,37.4,32.9,32.8,40.0,26.7,50.0,44.4,53.3,54.4,66.3,55.0,73.4,57.2,47.0,49.8,51.4,59.5,34.0,71.2,78.9,43.6,7.32,6,3,5,AI/ML,Data & Analytics,Cloud Engineer
1322,51.5,27.8,52.9,31.6,59.3,60.6,65.5,58.7,48.8,56.0,42.8,54.7,64.0,30.8,51.9,45.4,50.5,57.7,56.0,42.2,33.2,48.1,19.4,43.6,43.5,34.8,53.5,7.32,4,1,5,Mobile Development,Backend,Cloud Engineer
1323,49.4,33.2,68.3,46.4,63.4,70.3,45.0,56.3,33.9,37.5,51.3,52.8,47.7,53.6,39.5,50.7,59.8,72.6,64.9,38.9,50.9,58.0,58.9,55.5,54.1,50.1,46.4,7.34,5,1,5,Cybersecurity,Frontend,Cloud Engineer
1324,57.2,50.0,43.7,36.7,67.4,78.3,56.0,48.9,70.4,55.7,42.5,56.5,54.9,55.4,54.6,48.7,57.0,35.1,39.6,56.8,31.2,31.2,43.5,36.3,38.9,51.0,54.9,7.34,6,1,8,AI/ML,Security,Cloud Engineer
1325,37.2,31.2,30.2,38.6,42.2,36.3,37.6,35.0,28.1,29.7,38.1,37.2,32.5,30.9,26.2,34.9,24.8,40.3,39.4,57.8,51.6,31.3,33.7,39.1,47.5,47.6,28.6,7.35,3,3,0,Web Development,Data & Analytics,Cloud Engineer
1326,47.7,31.1,36.1,30.7,56.6,43.3,48.1,44.0,16.8,27.4,25.3,44.3,25.8,15.5,11.4,26.5,22.5,37.1,39.1,15.5,12.5,45.2,21.2,43.0,25.9,44.4,36.7,7.35,0,1,2,Cybersecurity,Full Stack,Cloud Engineer
1327,52.9,46.8,39.7,60.3,37.3,36.7,34.6,42.5,29.6,49.9,69.1,54.5,53.1,69.3,52.5,54.5,49.9,56.8,47.8,57.8,77.8,54.5,64.7,38.6,49.2,37.8,49.6,7.35,9,1,5,AI/ML,Machine Learning,Cloud Engineer
1328,58.5,32.6,40.6,40.6,47.4,37.2,51.1,30.9,32.8,34.5,58.1,38.2,48.2,31.1,22.9,35.0,35.3,65.3,49.7,68.3,61.2,56.3,54.6,38.0,55.9,46.2,26.4,7.37,5,2,1,DevOps,QA & Testing,Cloud Engineer
1329,34.9,37.8,41.8,30.5,47.9,46.5,46.9,31.5,49.6,37.2,47.0,38.1,33.6,50.6,48.6,31.0,38.2,19.9,19.8,25.1,19.8,32.4,34.1,29.3,31.2,44.1,25.8,7.38,6,0,7,DevOps,Cloud & DevOps,Cloud Engineer
1330,41.6,49.5,44.8,45.5,56.3,50.8,48.6,35.2,33.9,42.6,43.6,48.6,42.6,33.4,30.6,29.2,36.2,59.1,29.8,51.8,58.6,59.0,49.5,34.4,37.7,48.7,38.4,7.38,7,0,1,Cloud Computing,Cloud & DevOps,Cloud Engineer
1331,44.8,36.6,37.1,51.6,42.0,34.3,29.3,30.8,37.7,58.1,53.8,36.4,39.1,39.8,32.6,37.3,38.4,32.2,38.7,58.0,50.9,43.6,46.5,26.2,44.0,30.3,41.7,7.38,5,3,4,DevOps,Backend,Cloud Engineer
1332,50.2,40.9,39.9,34.9,50.5,32.2,35.1,30.7,40.9,57.9,45.9,36.1,36.0,36.6,37.1,26.5,57.2,40.9,33.9,50.7,58.5,42.1,39.1,41.2,54.7,46.8,46.5,7.38,9,0,1,DevOps,Data & Analytics,Cloud Engineer
1333,51.2,44.8,35.5,55.4,30.1,45.4,32.2,46.5,19.7,33.6,47.8,46.3,44.5,60.8,62.2,70.6,49.5,63.4,51.5,51.0,46.1,53.4,38.1,51.7,36.4,48.0,56.0,7.38,6,0,2,Business Analytics,Mobile,Cloud Engineer
1334,52.0,53.5,48.9,43.7,74.5,78.6,53.1,68.2,38.8,41.6,58.5,47.9,51.3,56.3,53.5,53.5,57.0,29.7,45.0,62.3,45.6,44.2,71.2,55.0,66.2,56.0,56.1,7.38,4,2,4,Mobile Development,Security,Cloud Engineer
1335,49.6,38.7,40.6,41.4,55.0,44.8,55.2,55.9,56.1,39.5,41.8,46.3,47.9,58.6,50.5,44.3,61.3,41.4,33.0,54.3,51.1,51.0,36.0,48.2,39.3,47.0,40.9,7.39,6,2,3,DevOps,Full Stack,Cloud Engineer
1336,52.7,45.1,63.6,48.7,47.5,50.7,43.5,51.8,55.7,52.7,53.4,43.8,51.2,67.7,69.4,71.7,56.6,43.1,51.0,37.9,41.1,52.1,29.7,48.9,39.9,48.8,61.8,7.39,7,0,6,Data Science,Frontend,Cloud Engineer
1337,58.5,42.8,37.3,54.4,47.4,58.8,52.4,30.5,50.8,51.8,59.8,44.4,53.9,39.6,44.1,34.9,28.1,60.7,56.0,43.4,57.2,35.2,37.8,32.1,54.0,41.2,47.6,7.4,4,0,3,Data Science,Security,Cloud Engineer
1338,74.7,60.0,65.7,66.4,49.6,59.8,61.1,60.5,54.3,64.6,63.3,37.1,57.3,36.9,37.3,56.3,42.0,54.7,41.3,63.3,62.0,75.4,74.8,51.1,70.0,58.3,52.1,7.4,7,1,3,Mobile Development,Cloud & DevOps,Cloud Engineer
1339,24.6,32.0,33.9,24.8,14.6,25.3,30.5,11.3,34.2,29.6,31.2,24.6,30.7,41.9,47.0,28.5,46.1,26.4,27.6,15.1,28.5,33.6,24.9,37.6,34.8,21.5,38.8,7.41,3,0,3,Web Development,Backend,Cloud Engineer
1340,36.5,35.9,51.4,32.4,33.3,39.7,22.0,38.0,38.8,27.2,33.8,33.0,44.9,23.8,25.5,36.9,40.2,50.5,45.3,35.7,41.4,49.3,42.9,37.6,71.1,43.8,45.8,7.41,2,0,3,Web Development,Frontend,Cloud Engineer
1341,40.2,32.5,35.6,42.4,16.1,11.4,20.1,19.2,28.8,33.7,31.9,44.5,32.9,27.3,32.4,50.7,38.5,46.5,30.1,41.4,38.2,55.3,31.3,48.6,50.5,48.4,39.6,7.41,0,0,3,Data Science,Business,Cloud Engineer
1342,59.3,54.1,62.4,47.6,50.1,41.3,44.7,33.6,62.7,50.8,60.3,46.8,59.9,62.2,48.8,77.0,65.7,52.8,36.6,58.3,58.5,52.6,49.9,55.7,61.2,49.0,50.4,7.41,3,0,5,Business Analytics,Frontend,Cloud Engineer
1343,50.9,59.1,60.7,38.7,32.0,34.2,30.1,33.6,50.8,42.2,41.8,48.2,52.8,47.0,52.4,43.3,53.1,42.9,51.8,29.6,40.6,47.4,32.7,53.4,41.7,36.1,61.6,7.42,3,2,2,Business Analytics,Machine Learning,Cloud Engineer
1344,59.5,77.9,70.1,89.6,69.0,52.1,53.3,67.6,78.1,73.2,77.3,70.0,49.6,71.7,71.0,73.5,59.2,51.0,48.4,76.0,78.1,63.9,63.3,63.6,57.5,57.6,60.8,7.42,5,3,2,Business Analytics,Mobile,Cloud Engineer
1345,50.9,31.6,43.1,52.0,33.0,35.3,19.5,30.6,24.3,31.7,39.6,39.9,35.8,37.8,41.1,36.2,43.8,41.8,53.5,58.1,46.8,48.8,58.6,46.9,62.8,50.7,49.3,7.43,1,0,1,DevOps,Business,Cloud Engineer
1346,51.2,37.6,37.4,47.4,48.6,67.2,36.7,40.0,50.7,25.6,48.3,43.8,48.5,49.8,61.1,46.6,48.9,61.8,64.7,51.9,53.2,54.3,55.8,59.5,65.9,55.3,53.3,7.43,8,2,1,Cloud Computing,Cloud & DevOps,Cloud Engineer
1347,72.8,58.0,50.7,78.1,40.9,55.0,56.0,51.5,56.4,72.5,68.7,61.1,64.9,57.3,55.9,44.6,46.7,68.2,73.7,68.3,71.0,67.3,74.4,58.5,67.3,86.0,64.4,7.43,4,1,6,Mobile Development,Cloud & DevOps,Cloud Engineer
1348,46.7,30.9,33.2,37.1,36.3,42.8,37.1,46.7,26.4,23.9,41.7,40.7,28.6,40.5,34.5,25.0,43.4,53.0,35.7,65.4,46.9,37.7,43.7,31.3,49.3,43.2,37.6,7.44,3,2,0,Data Science,Business,Cloud Engineer
1349,47.5,67.5,47.7,58.1,69.6,51.7,50.4,52.6,51.3,44.1,58.8,53.0,50.8,53.0,53.1,42.1,50.6,47.3,27.4,68.1,49.5,37.1,50.9,53.5,54.1,54.9,45.5,7.44,1,0,0,Mobile Development,Security,Cloud Engineer
1350,62.8,47.7,48.0,63.4,76.3,84.2,65.7,74.8,44.1,56.1,47.5,59.5,62.6,61.2,52.9,66.4,53.0,67.3,64.5,71.6,57.6,62.4,71.1,58.8,76.5,73.6,38.3,7.44,7,3,4,Web Development,Frontend,Cloud Engineer
1351,50.9,39.5,53.4,55.8,68.7,67.7,67.4,65.4,59.3,58.4,53.8,54.3,51.8,41.8,45.6,59.4,50.4,56.5,45.5,57.5,51.8,49.4,68.6,64.7,41.5,58.9,29.6,7.45,11,3,6,AI/ML,QA & Testing,Cloud Engineer
1352,33.0,32.8,31.9,30.0,70.1,72.7,66.1,69.2,37.0,35.5,36.6,49.1,60.9,30.9,35.0,39.6,35.1,30.1,21.0,40.4,37.2,25.4,47.2,35.2,59.3,60.0,38.0,7.47,12,2,1,Cloud Computing,Cloud & DevOps,Cloud Engineer
1353,33.6,43.1,51.0,54.1,59.6,64.7,59.4,51.6,53.2,65.7,50.3,36.7,45.1,38.9,46.3,38.4,36.0,32.3,30.1,18.0,26.7,13.6,49.1,53.8,52.1,41.4,42.5,7.47,6,0,1,Data Science,Mobile,Cloud Engineer
1354,48.2,43.1,29.5,54.4,32.9,31.8,38.3,35.9,42.9,48.0,42.5,45.0,42.2,61.6,59.7,59.5,49.7,43.6,42.9,57.6,57.6,41.6,35.5,44.3,47.2,35.4,49.9,7.47,4,1,6,DevOps,Cloud & DevOps,Cloud Engineer
1355,57.2,38.2,49.5,34.9,21.6,28.8,39.2,32.1,33.7,35.1,39.3,28.9,39.0,37.9,50.1,47.2,33.0,61.1,57.9,18.0,19.3,59.4,45.4,36.6,56.8,47.1,41.2,7.47,8,1,4,Cybersecurity,Frontend,Cloud Engineer
1356,57.4,48.6,46.3,32.2,33.6,40.1,47.2,43.0,42.8,39.8,54.8,41.5,56.7,61.7,53.8,50.0,52.3,41.7,33.5,41.9,31.7,41.3,55.6,59.2,49.3,50.2,31.8,7.47,2,0,7,Cloud Computing,Backend,Cloud Engineer
1357,21.9,48.8,23.9,27.2,29.9,29.7,40.0,34.8,33.1,17.2,27.6,45.3,27.7,32.4,39.2,50.4,31.3,23.2,24.3,25.7,22.9,13.5,32.8,34.6,23.9,35.6,39.4,7.48,8,0,2,Cloud Computing,QA & Testing,Cloud Engineer
1358,34.5,52.3,53.8,56.8,34.1,40.6,35.3,27.4,52.2,38.1,48.5,46.1,52.7,61.2,63.3,59.1,64.1,45.5,63.7,41.2,28.7,46.0,25.4,46.4,41.2,32.2,46.9,7.48,2,1,10,Cybersecurity,Mobile,Cloud Engineer
1359,45.5,50.2,40.6,44.5,46.5,51.3,54.1,61.6,50.2,42.2,39.2,48.0,35.5,32.9,28.6,33.2,27.4,33.6,23.5,30.7,31.9,28.6,32.1,35.8,36.9,27.8,28.2,7.49,1,2,5,Web Development,Security,Cloud Engineer
1360,38.8,55.5,33.2,42.3,43.2,43.4,37.2,35.1,36.9,48.9,39.6,37.8,55.0,30.6,25.9,38.0,39.4,36.9,33.3,59.1,60.0,39.9,52.0,29.1,61.5,65.3,53.0,7.5,7,2,3,Business Analytics,Mobile,Cloud Engineer
1361,55.6,45.3,48.8,60.2,31.7,41.8,32.7,36.9,52.3,60.2,61.7,53.4,54.3,66.1,54.6,59.2,53.1,54.9,44.3,67.9,59.2,41.2,62.1,43.8,50.8,53.8,49.9,7.51,4,3,1,Business Analytics,Data & Analytics,Cloud Engineer
1362,59.0,64.5,54.9,75.4,42.1,50.4,59.6,54.6,59.4,74.2,74.1,58.9,58.7,69.6,56.4,69.7,61.0,45.7,52.9,61.1,79.6,50.1,59.6,58.1,44.5,53.0,48.2,7.51,13,2,6,AI/ML,QA & Testing,Cloud Engineer
1363,27.0,32.7,9.9,29.2,27.7,17.3,23.1,19.5,15.0,17.9,22.4,20.4,18.5,39.9,25.9,11.1,10.9,26.5,31.5,32.8,19.6,25.1,40.3,21.1,26.3,33.5,23.3,7.52,4,0,2,DevOps,Data & Analytics,Cloud Engineer
1364,50.1,61.1,67.9,36.8,45.7,45.2,39.6,37.0,32.0,32.8,27.1,49.5,36.7,48.4,48.5,57.6,58.1,44.6,60.4,21.6,33.9,37.8,46.5,48.3,63.0,58.2,37.6,7.52,4,1,2,AI/ML,Mobile,Cloud Engineer
1365,66.2,77.5,64.5,70.8,77.6,77.6,79.1,57.7,68.5,85.3,78.5,71.7,67.7,78.0,88.1,80.4,81.9,71.6,65.6,88.5,65.4,62.8,70.1,57.1,69.8,79.3,66.0,7.52,6,3,5,DevOps,Cloud & DevOps,Cloud Engineer
1366,37.4,42.3,42.8,33.9,42.2,40.9,41.0,38.5,26.8,24.1,30.8,35.4,48.4,38.0,40.2,34.8,21.9,30.7,33.1,45.9,38.3,22.7,51.6,39.1,41.6,36.7,46.5,7.53,4,1,5,Mobile Development,Machine Learning,Cloud Engineer
1367,44.9,44.3,55.1,34.5,45.0,30.3,31.1,35.6,30.3,22.5,30.7,39.3,35.8,57.8,58.4,33.5,34.1,49.0,49.1,26.5,30.2,41.8,33.7,45.9,59.7,50.7,49.4,7.53,5,1,9,DevOps,Business,Cloud Engineer
1368,44.1,30.9,29.6,43.4,54.8,79.2,43.7,64.0,40.0,50.5,39.7,43.4,56.0,27.0,27.6,38.5,25.4,51.7,66.4,38.3,49.9,57.4,36.8,43.8,26.1,43.4,32.8,7.54,4,2,5,Mobile Development,Frontend,Cloud Engineer
1369,69.0,57.5,53.7,52.3,63.2,66.9,65.3,54.4,71.3,66.6,57.6,70.7,76.1,68.3,56.7,53.2,53.5,53.3,75.6,48.3,38.6,55.5,37.0,57.3,34.5,44.2,68.7,7.54,6,0,5,Business Analytics,Frontend,Cloud Engineer
1370,77.4,65.9,88.6,69.2,84.3,86.8,65.4,85.7,70.9,62.0,76.7,58.8,67.3,79.6,76.5,65.1,66.1,64.8,67.6,65.9,67.6,69.5,65.2,70.8,57.1,68.9,74.5,7.54,6,0,9,Cybersecurity,Full Stack,Cloud Engineer
1371,41.0,36.9,44.6,47.0,47.6,43.7,42.2,30.9,44.8,36.8,47.2,45.7,33.5,42.6,49.4,50.8,40.2,51.9,36.8,34.8,44.5,41.3,30.7,46.6,43.9,51.1,56.3,7.56,3,3,3,Business Analytics,Security,Cloud Engineer
1372,42.0,28.9,41.3,37.3,30.7,17.8,13.4,22.1,15.6,33.3,33.8,30.5,27.4,29.3,36.1,14.9,24.0,18.3,22.2,37.0,49.0,46.2,29.2,19.7,29.4,20.9,37.8,7.56,4,1,2,DevOps,QA & Testing,Cloud Engineer
1373,64.1,51.2,35.4,43.0,73.1,64.2,62.7,76.2,34.8,49.9,39.9,63.7,57.7,51.9,51.2,56.9,58.0,67.2,62.8,40.5,44.4,48.7,54.1,55.9,55.3,51.7,47.9,7.56,5,2,7,Cloud Computing,Frontend,Cloud Engineer
1374,25.0,42.5,23.5,34.8,23.7,17.2,31.7,35.4,31.2,33.4,35.3,34.5,26.6,34.3,34.0,15.8,44.5,13.2,23.1,38.8,30.4,18.6,50.6,46.3,38.2,24.4,44.5,7.57,2,0,2,Data Science,Backend,Cloud Engineer
1375,37.3,35.5,34.7,43.5,37.2,29.8,41.6,31.6,25.3,41.5,31.8,34.9,28.3,54.1,52.6,33.9,41.0,38.0,33.7,48.8,46.1,29.3,31.2,32.2,28.3,28.2,32.3,7.57,3,0,4,Cybersecurity,Data & Analytics,Cloud Engineer
1376,62.4,45.7,54.5,69.8,60.4,51.5,43.9,58.5,53.4,51.9,55.4,34.5,61.5,64.7,46.4,50.3,51.7,58.9,47.8,71.2,85.2,59.0,67.4,65.4,67.5,62.3,53.2,7.57,7,2,4,Cloud Computing,Business,Cloud Engineer
1377,63.5,68.2,62.5,67.5,67.1,56.6,68.3,70.1,72.7,63.4,48.2,54.5,57.8,78.4,70.7,69.5,56.2,46.8,54.1,37.6,50.8,60.7,67.4,65.7,59.6,64.5,62.6,7.57,11,2,2,Mobile Development,Frontend,Cloud Engineer
1378,63.7,55.1,41.5,53.9,77.3,80.1,56.8,77.0,44.7,51.4,54.0,63.1,64.6,48.3,46.5,61.3,50.1,68.3,64.9,68.7,77.3,64.9,66.5,34.1,59.8,45.5,54.3,7.57,12,1,3,Mobile Development,QA & Testing,Cloud Engineer
1379,32.1,26.6,18.9,27.0,41.6,51.2,51.6,40.5,29.0,39.1,17.6,55.7,31.5,30.5,28.2,39.2,32.3,22.9,17.4,31.2,22.9,17.1,37.6,10.2,26.1,53.2,12.5,7.58,2,1,1,Cloud Computing,Security,Cloud Engineer
1380,47.8,57.8,58.3,39.0,54.1,50.0,44.8,49.0,54.7,55.6,55.4,46.6,42.4,44.9,41.5,63.3,32.8,41.0,50.7,53.2,50.9,51.9,40.0,47.4,23.9,25.1,56.6,7.59,3,1,3,Data Science,Cloud & DevOps,Cloud Engineer
1381,53.4,51.7,36.0,47.2,51.4,58.6,61.6,65.4,31.6,46.7,53.9,39.1,41.7,47.4,35.4,33.7,25.9,56.6,55.1,47.9,63.9,58.3,54.9,42.7,50.0,49.0,41.5,7.59,1,1,4,Mobile Development,Machine Learning,Cloud Engineer
1382,34.9,48.1,35.8,41.5,39.7,26.5,30.1,29.6,38.7,48.1,45.9,39.5,52.2,45.6,48.2,48.8,35.2,46.4,46.5,60.3,35.0,46.7,36.7,31.6,17.3,31.6,46.8,7.6,3,2,0,Business Analytics,Backend,Cloud Engineer
1383,37.6,42.4,30.7,43.2,19.2,21.0,39.6,26.2,31.4,42.2,44.4,35.4,44.9,43.2,32.4,48.4,32.6,19.5,26.6,45.1,34.5,40.9,12.8,27.1,23.3,24.8,51.8,7.6,2,0,0,Web Development,Security,Cloud Engineer
1384,58.4,66.1,69.6,37.5,60.3,55.3,52.9,57.3,55.3,39.3,55.1,51.3,72.8,52.6,71.3,65.5,81.0,39.4,59.3,51.1,45.2,58.7,55.9,66.4,60.3,63.7,67.7,7.6,3,2,4,AI/ML,Security,Cloud Engineer
1385,35.7,28.5,44.5,36.2,63.4,57.2,46.8,70.1,51.8,52.9,44.8,31.1,37.2,35.1,30.0,45.9,29.8,29.6,37.5,30.4,43.8,32.9,49.5,40.0,68.2,80.7,34.3,7.61,5,3,3,Web Development,Full Stack,Cloud Engineer
1386,45.8,59.7,41.1,50.6,28.5,34.2,26.8,42.1,44.1,34.4,50.8,41.8,47.2,42.1,41.9,36.3,34.9,42.2,36.7,56.4,71.6,43.3,65.2,55.3,58.9,42.0,40.9,7.61,2,0,1,DevOps,Mobile,Cloud Engineer
1387,48.7,43.7,59.0,57.9,65.2,69.1,68.8,65.5,46.2,51.9,45.6,54.0,53.4,38.0,39.5,40.3,33.9,45.9,49.9,61.2,64.9,58.3,50.3,56.1,47.2,35.6,49.3,7.61,7,2,2,Cybersecurity,Business,Cloud Engineer
1388,33.6,26.1,36.6,30.2,39.0,41.1,31.4,39.7,33.6,34.4,15.9,34.1,37.8,24.2,27.4,22.1,14.8,13.5,30.8,29.5,41.9,42.8,51.0,39.6,43.8,29.3,26.1,7.62,4,0,1,Mobile Development,Machine Learning,Cloud Engineer
1389,39.7,42.5,28.6,50.3,40.1,33.3,40.2,47.9,49.8,56.8,47.8,52.5,37.4,51.2,61.7,57.0,26.5,44.7,41.8,30.7,25.4,28.5,35.6,39.7,32.6,40.6,35.5,7.63,7,0,1,Cybersecurity,Backend,Cloud Engineer
1390,39.9,61.8,41.3,50.4,37.0,57.2,61.2,49.7,63.3,57.2,68.1,49.1,43.3,53.1,56.3,56.4,60.2,42.2,40.4,55.9,58.8,42.4,59.9,57.9,59.6,62.7,35.1,7.63,10,2,2,DevOps,Security,Cloud Engineer
1391,52.4,57.7,61.7,64.3,36.1,23.2,53.6,29.9,56.1,48.0,63.3,63.7,52.3,57.6,43.3,62.6,59.4,46.7,40.5,47.2,61.0,48.4,43.2,59.4,50.8,49.5,31.5,7.63,7,2,8,DevOps,Data & Analytics,Cloud Engineer
1392,32.9,35.6,43.8,33.6,41.0,35.4,36.3,33.1,37.8,32.4,52.1,30.2,51.8,28.2,32.4,32.0,35.5,34.0,38.1,38.9,57.6,29.9,55.2,41.3,65.0,49.5,31.8,7.64,7,2,2,AI/ML,QA & Testing,Cloud Engineer
1393,36.9,31.1,36.0,41.4,31.2,38.4,48.7,39.7,33.1,27.7,30.9,28.0,30.6,44.5,44.0,47.6,27.5,33.4,22.3,43.2,50.4,26.8,57.8,35.9,49.0,28.5,38.6,7.64,2,2,2,Data Science,Mobile,Cloud Engineer
1394,41.5,44.2,38.5,32.7,36.8,33.6,38.4,29.1,38.4,46.5,47.5,46.8,42.0,50.7,43.7,45.2,36.6,60.7,47.9,61.1,61.5,52.8,64.4,34.1,61.0,56.2,40.9,7.64,4,1,2,Cybersecurity,Cloud & DevOps,Cloud Engineer
1395,22.3,37.8,30.8,21.8,44.8,61.1,56.4,49.8,31.2,39.8,22.3,46.5,38.1,62.2,46.2,46.2,37.4,41.6,27.1,39.7,41.6,31.2,49.9,25.2,49.3,53.3,37.6,7.66,4,2,3,DevOps,Security,Cloud Engineer
1396,56.8,41.3,34.5,65.2,51.8,36.6,53.2,41.7,52.2,52.2,59.3,56.7,49.6,55.3,55.5,83.6,64.3,61.6,69.1,59.9,79.4,54.2,52.7,44.1,46.0,50.1,65.4,7.68,3,0,0,Cybersecurity,Backend,Cloud Engineer
1397,38.9,49.2,30.9,42.4,35.4,42.3,38.3,33.6,47.0,49.3,48.8,58.2,42.2,45.5,45.0,63.2,56.9,40.9,36.1,57.3,55.8,22.6,42.6,57.2,40.7,57.3,40.6,7.71,2,2,3,DevOps,Business,Cloud Engineer
1398,46.6,43.6,63.3,48.5,44.2,42.4,53.1,29.4,40.8,51.2,46.0,33.8,42.4,44.7,40.1,48.9,46.8,47.7,28.2,45.4,48.3,44.4,68.3,47.3,60.6,38.8,57.1,7.71,4,1,2,Data Science,Cloud & DevOps,Cloud Engineer
1399,47.3,60.0,44.8,42.9,64.7,62.7,56.8,59.3,67.8,73.5,49.4,54.3,62.8,52.8,43.7,55.4,59.9,34.3,39.1,49.5,47.5,44.7,74.9,60.6,70.6,49.5,38.3,7.71,2,0,5,Mobile Development,Mobile,Cloud Engineer
1400,41.7,29.6,29.2,40.5,33.1,14.4,44.4,31.6,28.7,41.7,28.7,31.6,25.4,30.8,33.1,33.9,8.4,38.7,52.3,37.1,29.8,56.4,40.6,41.2,59.9,49.6,32.0,7.72,2,1,2,Cloud Computing,Frontend,Cloud Engineer
1401,66.3,67.7,67.5,78.2,91.8,73.5,72.3,75.5,75.5,69.8,65.1,66.3,69.9,85.3,77.4,66.3,81.6,75.5,76.2,53.1,75.5,67.0,76.8,74.9,68.7,70.9,75.3,7.72,7,3,3,DevOps,Full Stack,Cloud Engineer
1402,46.6,46.6,38.1,54.5,26.4,30.9,38.2,37.4,31.9,43.8,52.4,49.0,37.7,49.6,39.7,48.7,48.8,58.2,38.7,67.5,53.0,36.5,39.2,49.3,40.0,32.6,54.3,7.74,4,1,8,AI/ML,Full Stack,Cloud Engineer
1403,41.8,58.6,58.7,48.1,41.2,25.2,31.7,38.0,27.1,46.3,54.2,42.4,49.0,61.1,56.1,49.9,55.7,35.1,37.4,56.7,53.1,54.4,53.7,44.9,51.8,54.9,46.6,7.75,4,1,5,Cloud Computing,Full Stack,Cloud Engineer
1404,60.0,24.5,39.1,61.8,45.5,60.1,47.5,38.3,39.2,44.4,54.2,34.5,41.4,45.9,47.4,41.3,53.5,66.4,57.8,53.7,60.4,65.8,25.0,23.9,40.7,41.3,31.2,7.77,9,2,2,Cloud Computing,Business,Cloud Engineer
1405,67.8,71.4,65.9,83.1,59.3,55.6,47.9,47.5,52.8,62.2,77.4,54.0,61.8,56.9,63.8,57.1,67.3,51.1,50.9,57.1,60.4,58.0,61.9,53.4,62.5,47.8,56.0,7.77,8,2,2,Business Analytics,QA & Testing,Cloud Engineer
1406,12.3,27.5,9.8,35.9,11.1,8.8,21.8,9.5,35.9,37.3,31.3,30.7,24.6,37.6,55.3,34.1,30.6,27.9,38.9,26.1,27.3,25.4,14.6,26.0,33.1,17.4,20.1,7.78,1,0,1,Mobile Development,QA & Testing,Cloud Engineer
1407,27.2,31.2,35.6,22.5,19.7,15.9,8.9,24.1,24.7,9.4,27.4,35.3,38.2,56.1,31.8,51.5,39.3,35.7,40.2,21.3,20.5,19.7,41.0,20.7,25.0,15.8,30.3,7.78,3,1,2,DevOps,Full Stack,Cloud Engineer
1408,34.6,40.3,41.6,27.4,39.0,44.3,53.5,43.9,38.5,31.3,45.3,39.3,49.5,42.2,48.1,51.0,44.5,36.2,42.3,24.0,32.9,42.4,18.8,52.4,34.8,17.3,37.1,7.78,5,1,1,Web Development,Frontend,Cloud Engineer
1409,41.4,38.5,34.5,69.2,51.9,64.8,62.4,59.0,56.0,59.4,52.9,45.0,54.9,48.4,44.3,52.7,48.2,42.1,31.3,49.2,41.6,50.6,26.7,45.3,35.6,38.2,51.7,7.78,3,1,5,Data Science,Cloud & DevOps,Cloud Engineer
1410,31.9,53.2,38.8,44.1,41.1,48.1,54.4,40.0,51.8,50.0,39.3,54.0,43.5,47.5,53.2,56.7,26.3,16.4,19.5,37.5,33.9,18.1,50.7,47.4,30.7,41.0,39.2,7.79,5,1,4,Cybersecurity,Business,Cloud Engineer
1411,43.1,49.3,53.4,42.9,27.1,26.3,43.1,34.8,47.6,45.6,55.9,57.7,43.2,55.5,47.0,34.8,44.0,53.7,51.3,36.3,34.9,52.2,35.0,64.1,41.0,49.6,54.5,7.79,7,2,4,Data Science,Full Stack,Cloud Engineer
1412,60.5,32.0,45.1,52.3,33.3,45.9,50.7,41.4,55.5,63.9,47.9,47.2,51.2,54.0,50.1,53.4,59.4,53.7,67.9,69.4,58.7,52.0,56.2,41.6,46.8,52.3,39.9,7.8,4,2,2,Cloud Computing,Cloud & DevOps,Cloud Engineer
1413,21.9,20.5,30.5,29.4,21.2,31.9,21.9,36.2,30.6,37.9,12.7,49.2,35.6,45.0,46.1,29.3,35.1,16.7,29.4,15.3,20.5,17.4,46.8,22.1,27.6,38.1,26.3,7.81,0,0,0,AI/ML,Security,Cloud Engineer
1414,35.2,40.5,59.7,33.7,47.9,48.9,50.5,23.0,54.6,42.3,27.7,30.3,44.1,38.6,42.5,39.6,42.2,34.2,44.2,36.1,34.5,41.8,47.5,54.3,48.1,55.8,47.3,7.81,3,1,5,Cybersecurity,Full Stack,Cloud Engineer
1415,41.9,40.9,37.7,42.3,41.8,64.0,28.2,37.0,30.5,30.8,39.9,36.9,37.0,44.8,45.6,36.5,39.5,36.4,50.0,46.9,45.6,53.2,33.1,51.1,21.9,44.1,42.0,7.84,5,0,4,Cloud Computing,Mobile,Cloud Engineer
1416,67.9,55.2,59.2,48.3,37.1,44.9,38.1,44.3,42.6,38.7,46.2,55.5,49.3,62.8,65.9,58.7,67.7,75.3,68.7,61.0,52.8,73.7,47.1,61.5,47.6,67.4,52.9,7.84,3,2,4,AI/ML,Security,Cloud Engineer
1417,67.9,68.8,84.8,55.7,54.7,28.6,53.9,45.9,52.5,69.1,61.3,64.5,56.5,60.2,55.2,62.1,69.5,64.0,64.5,44.2,41.2,48.9,39.4,64.8,62.0,53.7,53.5,7.86,9,2,4,Web Development,QA & Testing,Cloud Engineer
1418,69.5,56.7,71.3,56.4,48.4,48.0,50.9,50.8,48.3,44.0,51.8,49.2,68.0,40.4,52.5,52.5,61.5,54.9,52.2,63.1,62.7,66.9,59.7,76.0,74.5,44.9,64.8,7.86,7,1,2,Cybersecurity,Mobile,Cloud Engineer
1419,40.7,45.5,55.3,34.4,32.8,21.2,32.3,30.9,38.2,33.6,41.9,46.5,50.2,49.5,50.3,47.0,54.0,51.8,34.0,30.9,48.1,44.2,63.3,56.8,58.2,45.4,73.7,7.87,3,1,5,Cloud Computing,Full Stack,Cloud Engineer
1420,53.7,52.5,56.5,59.0,38.0,43.1,37.8,37.1,51.3,42.1,48.8,47.1,57.1,50.2,65.8,55.7,65.5,55.8,62.0,39.6,30.6,52.7,67.0,51.4,47.9,58.5,40.3,7.87,11,1,4,Data Science,Full Stack,Cloud Engineer
1421,62.2,62.8,47.2,67.6,62.9,55.4,52.5,56.7,55.8,60.7,49.1,65.6,52.5,60.3,55.2,52.7,62.1,75.7,56.0,64.2,68.6,75.1,59.9,40.3,64.2,49.7,75.5,7.87,6,1,2,Cybersecurity,Mobile,Cloud Engineer
1422,43.2,46.6,50.7,36.8,67.1,58.1,50.1,48.1,58.0,28.4,31.9,34.4,52.4,37.1,44.9,39.8,48.2,43.5,64.0,41.1,44.4,45.6,39.4,44.2,50.8,39.2,34.5,7.89,2,1,2,Web Development,Backend,Cloud Engineer
1423,35.7,37.9,42.0,35.6,36.7,27.0,28.3,33.2,23.8,30.3,25.6,44.9,42.1,62.0,36.1,52.8,36.2,38.9,32.7,42.9,45.3,44.3,26.4,38.7,46.2,35.1,44.1,7.9,5,2,4,DevOps,Business,Cloud Engineer
1424,45.6,38.1,43.7,27.0,52.6,48.7,30.6,58.6,41.1,43.8,35.1,44.4,49.8,47.8,43.7,37.4,24.6,53.8,55.4,48.2,51.0,40.5,42.9,43.5,31.3,38.4,47.8,7.9,4,2,3,Mobile Development,Business,Cloud Engineer
1425,67.1,73.3,79.9,60.5,64.1,67.0,69.4,72.3,75.1,79.8,65.4,62.5,69.4,80.2,73.6,66.0,73.2,62.7,53.9,67.6,58.7,56.5,49.4,71.1,67.7,65.7,75.3,7.9,6,2,6,AI/ML,Backend,Cloud Engineer
1426,74.2,69.0,55.6,55.9,45.5,52.3,54.8,54.5,56.9,55.9,72.9,61.9,57.2,51.5,50.3,50.4,35.3,43.1,49.6,27.2,40.8,48.4,46.3,70.1,36.7,66.7,63.1,7.9,4,2,3,Cloud Computing,Frontend,Cloud Engineer
1427,37.0,55.6,37.9,44.7,17.7,8.7,40.9,15.6,29.1,39.1,34.4,36.3,41.3,57.5,48.3,43.7,42.8,32.6,26.6,37.7,19.7,30.8,37.3,40.4,34.5,36.7,36.7,7.92,4,1,2,Cybersecurity,Cloud & DevOps,Cloud Engineer
1428,30.6,41.8,34.9,47.3,35.6,35.5,44.4,36.2,36.8,49.3,29.4,30.0,38.9,28.1,34.6,18.0,16.5,20.0,33.1,44.8,42.9,36.3,35.2,39.7,32.7,50.0,34.9,7.93,3,0,0,DevOps,Security,Cloud Engineer
1429,54.3,54.0,48.0,57.1,33.0,32.4,33.9,24.1,43.4,46.7,51.2,52.2,36.7,48.5,65.2,48.8,50.9,61.2,50.1,50.0,50.1,57.4,57.5,58.1,29.0,37.3,53.9,7.94,5,2,3,DevOps,QA & Testing,Cloud Engineer
1430,22.4,20.9,30.4,35.7,42.6,42.7,37.1,38.3,25.3,29.2,36.6,33.1,31.4,23.1,9.2,33.9,32.7,46.5,25.4,45.8,51.2,35.4,28.8,38.3,14.3,23.5,55.9,7.95,4,1,1,AI/ML,Full Stack,Cloud Engineer
1431,46.6,45.2,43.2,37.9,20.8,21.3,31.1,37.7,42.9,54.1,34.5,38.1,44.3,44.6,43.4,47.7,48.1,30.3,32.8,46.8,45.1,47.5,55.8,46.1,62.3,44.1,40.4,7.96,5,2,3,Data Science,Security,Cloud Engineer
1432,51.1,45.4,75.9,54.7,67.7,73.8,59.0,74.9,53.6,63.2,57.3,43.8,45.7,49.3,34.1,37.5,55.1,54.2,60.7,48.5,36.6,61.6,41.5,58.5,44.9,45.5,48.3,7.97,7,1,2,Cybersecurity,Mobile,Cloud Engineer
1433,57.4,60.7,63.2,68.9,47.3,67.9,43.9,60.4,44.9,62.7,58.2,58.5,61.4,49.1,57.6,34.9,41.7,62.8,41.6,72.1,70.6,44.4,50.3,56.0,54.8,66.4,52.4,7.97,7,3,5,Web Development,Full Stack,Cloud Engineer
1434,60.7,39.0,61.3,41.8,51.4,76.2,51.9,72.5,54.1,48.1,44.7,51.0,57.1,52.1,47.9,51.9,64.6,47.7,56.3,54.2,48.3,60.1,56.2,46.4,62.0,52.9,57.5,7.99,6,2,3,AI/ML,Business,Cloud Engineer
1435,45.5,36.5,35.8,21.7,16.5,37.5,21.4,31.9,27.9,37.9,30.6,43.4,38.4,46.8,47.9,47.8,50.5,35.4,26.5,34.0,36.8,36.2,41.7,41.3,44.6,55.9,45.1,8.0,4,2,6,AI/ML,Cloud & DevOps,Cloud Engineer
1436,36.8,37.7,27.4,51.1,30.0,19.8,45.3,26.6,41.1,46.6,38.8,23.7,34.9,55.2,44.1,36.4,39.6,32.5,32.4,51.7,35.7,36.7,37.3,46.5,33.3,57.4,32.0,8.01,1,1,2,Cloud Computing,Cloud & DevOps,Cloud Engineer
1437,34.5,35.3,43.3,22.6,47.0,48.4,42.1,42.2,34.4,32.2,26.6,34.6,40.5,31.7,35.6,30.1,35.9,30.2,28.1,26.0,40.3,33.6,42.9,28.9,44.6,11.9,41.7,8.03,7,0,3,Mobile Development,Full Stack,Cloud Engineer
1438,34.6,49.6,40.3,48.2,51.6,58.6,46.6,51.5,39.5,30.1,27.3,51.0,44.4,47.7,56.1,46.6,38.9,37.9,39.6,37.0,54.7,42.6,49.4,53.2,63.5,35.7,52.4,8.03,4,2,3,Mobile Development,Machine Learning,Cloud Engineer
1439,50.3,46.1,44.7,55.9,42.3,54.7,40.0,47.0,35.3,46.1,39.4,41.4,52.8,44.4,48.0,41.0,61.4,67.9,50.1,53.4,76.7,51.9,53.3,50.2,46.5,46.7,40.0,8.03,2,2,5,Web Development,Security,Cloud Engineer
1440,57.4,70.1,71.2,55.6,48.2,57.3,60.0,48.9,75.3,56.2,49.6,62.3,59.3,70.6,77.3,78.5,91.8,56.4,50.6,43.2,61.9,59.9,55.7,63.9,60.6,70.5,66.7,8.03,9,0,7,Business Analytics,Backend,Cloud Engineer
1441,60.8,41.3,54.8,54.5,65.7,62.6,63.9,79.8,49.3,57.8,60.2,68.4,61.1,49.8,47.9,48.0,53.8,68.4,67.8,71.1,69.1,76.4,66.1,71.6,75.3,66.5,67.9,8.03,10,1,3,Cybersecurity,Frontend,Cloud Engineer
1442,37.4,63.2,62.3,48.9,22.1,36.5,22.4,28.6,25.7,36.9,46.3,40.7,36.3,43.8,39.0,38.5,51.8,33.5,45.4,52.8,47.6,47.5,56.2,60.6,77.8,63.2,41.2,8.05,7,3,4,Web Development,Cloud & DevOps,Cloud Engineer
1443,53.6,54.8,40.4,58.4,68.7,64.2,68.4,71.1,50.3,48.5,59.5,65.9,34.0,60.2,42.2,45.5,50.8,51.5,46.4,50.8,69.9,59.6,53.2,63.1,48.9,57.4,65.7,8.06,3,0,4,Mobile Development,Cloud & DevOps,Cloud Engineer
1444,53.8,51.3,44.6,34.6,28.6,29.7,29.5,28.8,55.8,59.9,40.3,62.3,50.8,46.0,55.2,50.4,38.1,46.8,50.2,32.5,24.9,37.4,53.1,53.8,36.6,31.4,34.9,8.08,4,0,2,Cloud Computing,Security,Cloud Engineer
1445,55.0,44.7,53.7,46.9,41.6,48.3,38.3,39.5,43.4,45.9,45.8,39.0,34.5,46.8,49.8,36.4,56.9,63.8,57.6,66.3,60.5,65.6,56.0,62.1,52.7,43.2,36.8,8.08,2,1,7,AI/ML,Data & Analytics,Cloud Engineer
1446,33.5,35.5,58.2,43.4,34.6,35.8,22.0,32.3,36.8,46.9,31.4,49.0,52.9,36.5,48.7,50.4,58.9,21.4,37.0,41.3,45.3,51.8,56.1,48.3,60.7,55.2,48.5,8.09,2,3,1,Cybersecurity,Business,Cloud Engineer
1447,47.3,52.7,40.8,52.7,30.9,46.8,32.0,28.7,26.5,41.8,31.8,43.5,34.6,27.7,25.0,27.2,26.7,35.7,32.5,24.8,36.3,31.9,54.4,39.7,37.8,46.0,47.0,8.09,5,0,1,DevOps,Frontend,Cloud Engineer
1448,20.7,30.5,41.5,49.1,35.3,30.1,36.8,32.5,26.2,52.9,42.1,35.2,25.2,35.1,45.9,44.7,39.1,36.3,37.9,56.1,41.7,43.4,43.9,35.8,35.4,30.7,40.4,8.1,5,1,5,Business Analytics,Full Stack,Cloud Engineer
1449,24.5,45.1,15.1,27.1,48.9,36.2,29.0,40.5,20.5,48.4,23.7,48.9,23.3,33.9,34.5,43.8,34.5,25.4,23.1,38.0,36.0,41.6,19.9,32.1,38.9,28.6,38.6,8.1,4,2,5,Business Analytics,Cloud & DevOps,Cloud Engineer
1450,55.7,64.2,49.5,30.6,72.8,61.1,55.8,58.4,58.1,27.8,43.6,43.6,41.8,44.6,51.3,46.9,52.4,48.9,55.7,28.7,35.5,49.9,30.0,55.7,61.2,50.5,43.8,8.11,2,2,4,DevOps,Full Stack,Cloud Engineer
1451,47.3,46.5,35.6,28.9,53.6,51.6,35.6,36.3,21.7,24.1,35.0,33.6,39.1,32.6,32.5,38.6,34.6,28.2,25.4,45.1,48.2,43.2,42.7,48.8,61.4,45.4,45.6,8.12,4,1,4,Mobile Development,Business,Cloud Engineer
1452,79.7,85.5,87.1,78.5,50.5,42.7,70.5,47.3,66.8,76.8,60.7,71.0,77.1,79.6,77.5,79.6,85.0,91.4,86.1,67.1,53.4,86.5,70.2,80.2,60.2,72.6,74.2,8.12,2,2,2,Cybersecurity,Cloud & DevOps,Cloud Engineer
1453,36.7,48.2,45.4,41.7,67.8,53.3,47.3,57.8,51.0,41.0,33.1,48.7,41.7,28.3,35.7,42.3,38.6,35.5,30.4,18.2,41.8,27.6,41.7,41.1,33.7,49.4,23.0,8.13,2,1,5,Cloud Computing,Cloud & DevOps,Cloud Engineer
1454,34.9,50.0,35.6,42.8,50.3,44.7,37.9,40.5,63.7,42.1,48.7,50.0,47.1,52.3,57.8,61.2,53.6,23.1,29.3,51.4,45.9,33.6,49.8,54.7,57.6,40.0,48.1,8.14,2,2,1,Cybersecurity,Machine Learning,Cloud Engineer
1455,50.0,63.1,52.4,47.5,41.0,29.7,49.8,57.7,67.3,57.1,46.4,50.8,56.7,60.9,58.8,65.6,69.4,56.1,60.6,61.3,56.5,69.4,62.9,58.6,48.5,46.1,57.2,8.18,5,0,6,Mobile Development,Machine Learning,Cloud Engineer
1456,26.8,31.2,29.3,34.5,41.5,48.4,42.6,45.5,40.7,46.4,44.0,41.9,41.4,46.7,49.3,46.8,43.6,41.7,32.8,64.6,51.7,36.0,63.7,38.1,79.1,68.5,48.1,8.19,0,2,1,DevOps,Business,Cloud Engineer
1457,56.3,52.0,58.9,55.1,41.0,29.0,46.1,37.0,56.8,57.3,64.7,48.9,54.6,53.9,49.7,50.0,57.7,56.7,58.5,21.6,30.2,49.0,52.6,57.3,43.9,50.8,56.4,8.22,4,1,3,Data Science,Security,Cloud Engineer
1458,62.1,38.3,56.2,47.0,49.1,58.0,52.4,53.5,49.4,42.7,33.9,49.6,42.0,57.6,33.0,44.2,42.6,58.3,58.5,40.3,40.8,57.2,55.0,42.2,51.4,38.5,50.5,8.24,8,0,1,AI/ML,Machine Learning,Cloud Engineer
1459,78.2,76.7,82.5,75.0,46.5,50.8,63.9,50.5,82.0,71.2,87.8,74.0,91.3,71.2,74.8,81.1,82.9,90.8,73.4,74.3,76.8,79.8,58.4,87.2,77.9,69.8,74.8,8.24,5,1,6,Data Science,Backend,Cloud Engineer
1460,67.2,65.3,63.3,64.7,57.7,75.6,71.0,67.6,67.2,48.3,53.6,63.2,56.5,73.5,74.3,80.1,63.8,62.8,81.5,69.9,66.0,67.5,47.1,62.2,51.6,52.3,71.0,8.26,7,2,5,Cloud Computing,Frontend,Cloud Engineer
1461,38.3,41.6,52.2,46.3,31.4,51.1,35.8,47.3,49.1,35.8,32.5,50.2,48.6,56.3,54.0,50.0,47.0,47.9,41.4,19.0,33.6,55.8,47.0,34.1,63.3,51.6,45.3,8.27,5,0,4,Business Analytics,Full Stack,Cloud Engineer
1462,58.4,63.4,54.2,68.9,55.0,52.6,46.8,43.8,59.5,62.0,59.7,48.4,64.7,69.4,55.9,67.2,68.4,48.5,44.3,72.7,60.4,52.7,39.2,48.4,49.2,38.5,64.9,8.27,8,1,3,Cybersecurity,Security,Cloud Engineer
1463,62.6,78.1,67.0,71.7,50.7,51.2,68.9,38.7,63.6,67.8,58.4,61.8,67.3,68.7,75.2,65.9,68.1,77.4,78.4,76.3,55.2,73.3,53.0,71.5,52.7,73.4,54.2,8.27,15,3,2,DevOps,Backend,Cloud Engineer
1464,64.3,53.6,56.7,65.2,42.3,35.3,37.1,30.0,57.9,54.2,74.9,48.1,51.4,67.4,61.5,55.8,52.5,65.3,53.9,53.5,70.9,53.9,66.0,79.3,84.6,69.0,68.7,8.3,5,2,2,Data Science,Business,Cloud Engineer
1465,65.6,54.3,62.8,76.6,65.5,48.6,44.5,49.8,66.9,61.3,51.4,55.1,46.0,45.6,51.4,46.3,60.4,73.7,59.0,69.1,66.6,67.7,52.2,67.5,57.0,35.2,69.2,8.3,4,1,3,Data Science,Machine Learning,Cloud Engineer
1466,47.7,54.8,64.1,61.5,45.3,42.9,49.2,46.4,52.7,49.6,71.4,61.7,57.8,58.6,58.8,59.6,70.3,47.5,53.7,48.2,43.6,64.1,43.3,46.4,44.9,47.5,46.7,8.31,3,2,8,DevOps,Data & Analytics,Cloud Engineer
1467,56.9,40.8,48.2,32.8,34.8,47.8,42.9,38.7,55.0,39.0,38.8,35.5,37.5,28.5,30.3,33.7,39.7,55.4,54.3,50.5,41.5,46.2,45.5,49.6,53.3,49.5,48.3,8.31,3,0,0,Business Analytics,Security,Cloud Engineer
1468,41.2,48.1,57.4,27.2,43.3,35.5,35.8,45.5,44.6,33.0,51.2,35.6,44.6,52.6,54.5,52.9,53.7,37.0,43.5,43.5,47.8,43.0,71.0,51.4,64.7,57.8,46.8,8.32,2,3,4,Cybersecurity,Machine Learning,Cloud Engineer
1469,58.4,69.0,67.1,63.0,68.2,64.1,76.8,72.1,75.6,62.8,61.3,71.6,56.5,56.0,63.8,56.3,53.6,56.7,75.8,48.9,54.3,65.1,62.2,77.2,84.2,79.1,60.0,8.34,3,1,4,Cybersecurity,Cloud & DevOps,Cloud Engineer
1470,72.2,78.6,78.1,51.1,56.2,58.3,71.6,68.3,77.3,56.3,55.7,69.6,62.8,74.8,56.9,84.1,68.4,53.3,83.1,47.8,63.1,60.7,63.0,61.5,87.1,78.8,52.1,8.34,10,1,4,DevOps,Backend,Cloud Engineer
1471,33.5,57.2,38.6,19.5,58.9,52.2,49.7,49.2,47.4,35.0,31.1,31.0,48.1,31.3,25.4,39.8,38.4,28.7,40.8,27.9,16.0,29.7,26.8,40.9,29.0,36.6,43.1,8.35,8,1,4,DevOps,Business,Cloud Engineer
1472,71.8,57.7,65.8,60.5,55.5,73.7,63.4,51.2,59.4,64.3,68.1,73.2,61.5,47.8,51.4,61.6,49.5,66.7,62.9,60.1,59.6,66.5,55.1,47.3,67.0,65.3,62.0,8.38,3,2,5,Mobile Development,Security,Cloud Engineer
1473,41.2,61.4,52.3,65.8,49.1,50.2,60.5,42.1,66.0,58.6,67.4,55.9,49.4,51.5,41.8,39.4,53.3,48.0,32.2,41.1,52.4,37.8,40.8,39.7,35.2,32.9,66.2,8.46,8,1,6,AI/ML,Frontend,Cloud Engineer
1474,53.0,58.5,49.3,72.1,67.4,92.1,85.4,57.7,77.7,72.9,72.4,59.6,55.8,55.3,66.8,70.3,56.5,44.1,49.8,69.2,82.4,46.1,53.3,47.9,76.1,61.1,52.0,8.49,5,2,4,Data Science,Business,Cloud Engineer
1475,67.5,50.9,65.7,61.2,74.4,92.2,83.0,72.5,55.2,62.9,78.2,60.7,55.1,51.2,49.3,61.8,43.7,50.8,55.7,69.6,65.1,61.6,63.9,58.3,37.1,62.1,60.7,8.51,7,0,7,Business Analytics,Frontend,Cloud Engineer
1476,38.2,41.4,47.9,37.9,25.4,22.5,18.3,5.9,36.2,27.4,31.6,29.7,36.0,48.9,36.7,53.1,36.5,51.2,61.4,48.9,49.0,67.6,48.3,39.4,48.3,32.0,41.2,8.52,5,1,0,Cybersecurity,Backend,Cloud Engineer
1477,67.8,55.2,55.5,63.7,62.4,64.5,63.2,74.7,46.3,65.7,57.3,58.4,61.9,54.2,47.3,40.5,68.2,70.5,75.0,70.8,60.3,74.8,49.5,61.0,51.4,55.7,52.9,8.53,5,1,8,Cybersecurity,Cloud & DevOps,Cloud Engineer
1478,39.1,38.6,49.8,50.9,22.1,23.7,31.2,29.6,36.7,45.3,45.4,32.4,40.8,35.3,25.2,39.0,30.4,31.6,49.3,47.8,53.6,57.3,57.9,28.5,58.3,43.1,50.3,8.57,1,0,0,Web Development,Business,Cloud Engineer
1479,49.1,55.3,50.0,56.5,86.3,82.5,82.3,76.5,67.1,70.0,56.3,64.4,62.1,70.0,72.2,67.7,60.6,38.3,45.4,58.2,62.2,50.9,80.5,52.9,54.3,58.0,54.2,8.64,7,2,6,Cybersecurity,Cloud & DevOps,Cloud Engineer
1480,38.9,19.7,38.8,32.4,37.4,33.0,23.1,38.4,32.7,36.0,35.1,30.0,25.7,26.6,25.7,22.3,19.0,40.2,61.2,38.2,14.8,34.5,43.0,37.5,49.2,47.4,42.0,8.65,3,0,2,AI/ML,Cloud & DevOps,Cloud Engineer
1481,44.9,45.4,35.8,44.8,64.3,70.8,51.3,60.3,41.1,45.4,49.1,45.1,50.9,42.2,47.4,32.9,45.6,45.0,46.9,49.7,53.8,45.9,43.3,52.2,36.6,32.9,43.0,8.69,5,2,2,AI/ML,QA & Testing,Cloud Engineer
1482,63.8,68.0,65.8,79.4,73.8,67.5,80.7,67.3,64.2,67.7,76.5,62.3,79.2,54.9,52.8,65.0,50.6,60.5,66.3,73.0,77.4,57.4,38.7,64.3,59.0,78.1,55.6,8.7,11,0,3,Mobile Development,Data & Analytics,Cloud Engineer
1483,59.6,53.0,61.2,59.4,48.3,53.8,44.0,49.0,41.2,40.8,60.5,43.0,57.7,46.6,38.6,54.3,49.7,49.0,42.0,71.6,71.4,61.0,53.8,62.6,53.3,60.8,64.0,8.81,2,2,4,Web Development,QA & Testing,Cloud Engineer
1484,44.0,63.0,52.6,74.0,64.6,63.8,71.3,58.6,76.7,64.6,63.0,62.2,60.1,68.7,66.8,69.0,55.4,38.9,37.0,67.4,49.6,37.6,87.1,44.4,74.8,91.9,56.4,8.82,7,1,5,Web Development,Business,Cloud Engineer
1485,53.0,50.5,43.6,47.7,36.8,39.1,45.9,59.3,43.5,47.0,45.0,43.2,46.9,43.4,60.0,49.5,59.8,46.8,67.8,63.1,50.8,48.7,44.9,34.7,54.6,50.9,28.8,8.87,5,1,3,Data Science,Business,Cloud Engineer
1486,35.1,45.3,57.7,49.1,57.7,43.4,52.2,59.4,46.6,28.2,50.7,53.2,42.6,68.5,55.3,61.7,50.2,48.0,65.1,34.5,55.3,52.2,52.4,45.4,56.2,45.7,47.1,8.9,5,1,6,Business Analytics,Frontend,Cloud Engineer
1487,36.0,53.6,60.4,50.8,28.4,33.9,33.6,21.8,40.9,45.6,34.8,42.9,54.6,71.1,59.0,61.2,63.4,57.6,43.8,42.4,32.9,58.2,60.0,63.1,51.4,41.4,65.5,8.91,3,3,1,Data Science,Security,Cloud Engineer
1488,43.3,56.3,50.6,58.8,65.8,61.3,56.2,61.3,65.1,56.4,61.8,47.5,42.7,65.8,52.4,46.8,53.2,45.5,43.9,62.6,50.7,46.3,36.6,57.7,22.4,21.3,48.8,8.93,5,3,6,DevOps,Full Stack,Cloud Engineer
1489,51.5,65.5,49.5,62.7,68.1,60.3,59.1,59.3,69.4,74.7,62.9,62.6,68.2,58.6,61.9,56.6,46.5,34.0,39.0,33.4,45.5,38.6,74.6,48.3,81.7,63.3,39.6,8.98,3,2,3,Mobile Development,Data & Analytics,Cloud Engineer
1490,70.6,65.8,51.6,74.9,55.1,48.1,48.3,48.9,79.1,72.1,71.4,65.8,68.9,62.5,72.0,72.9,67.1,63.7,55.6,77.0,80.4,59.3,82.6,49.7,55.0,49.3,45.1,9.09,7,2,2,Cloud Computing,QA & Testing,Cloud Engineer
1491,27.9,43.5,40.9,53.3,69.4,58.2,47.6,56.9,52.8,37.6,47.3,48.0,44.3,56.6,42.0,60.7,54.2,34.9,24.3,54.8,62.3,33.8,48.6,30.9,88.1,66.5,38.4,9.3,2,1,3,DevOps,Business,Cloud Engineer
1492,23.9,29.7,31.8,8.1,26.2,15.9,31.2,26.6,15.2,23.8,23.7,33.3,29.9,36.3,20.1,21.9,33.6,36.8,38.0,21.5,10.2,25.2,29.4,34.8,22.9,29.8,28.2,5.7,6,2,2,Cybersecurity,Full Stack,Cybersecurity Analyst
1493,51.9,51.0,34.1,40.1,32.3,39.1,41.6,30.1,44.0,48.7,37.4,47.4,40.3,37.6,44.8,50.2,25.9,30.8,29.4,27.4,29.6,33.3,55.6,40.6,57.1,44.4,55.0,5.72,1,2,2,Cybersecurity,Mobile,Cybersecurity Analyst
1494,36.9,34.2,28.1,32.6,33.3,30.1,31.5,22.2,26.4,19.4,34.5,34.6,29.6,25.0,20.0,18.2,30.5,49.4,54.1,37.0,48.3,39.8,27.1,20.8,27.0,19.6,33.6,5.74,9,1,2,Mobile Development,Full Stack,Cybersecurity Analyst
1495,27.0,23.3,26.5,11.3,13.6,9.8,17.5,16.2,17.8,24.8,11.1,7.9,19.0,48.8,37.3,26.9,36.3,16.7,20.9,21.7,18.8,17.1,41.5,25.0,32.4,27.7,15.4,5.8,8,1,3,Data Science,Cloud & DevOps,Cybersecurity Analyst
1496,32.1,35.3,15.5,30.2,22.1,28.6,20.1,27.5,39.1,48.3,43.6,28.9,31.4,43.0,44.3,42.0,36.0,12.6,13.1,38.1,30.4,24.0,41.6,36.5,33.1,35.1,45.4,5.85,2,2,2,DevOps,Cloud & DevOps,Cybersecurity Analyst
1497,33.2,30.3,21.9,38.1,16.6,28.5,30.3,23.5,30.6,33.7,26.1,32.8,44.8,46.0,47.1,41.4,44.5,47.9,45.1,33.4,17.8,42.0,23.4,27.9,37.4,25.9,23.8,5.88,1,2,3,Web Development,Data & Analytics,Cybersecurity Analyst
1498,24.1,36.4,28.9,31.3,29.8,42.6,33.8,58.2,21.0,29.1,19.7,30.4,44.1,37.9,22.8,37.9,34.7,26.9,21.7,26.9,24.8,29.4,37.7,32.3,46.5,29.8,22.2,5.92,1,0,3,Cloud Computing,Cloud & DevOps,Cybersecurity Analyst
1499,24.1,38.0,33.7,24.8,29.1,20.5,8.6,20.9,34.7,48.2,42.5,44.5,36.2,47.6,43.8,52.0,34.6,43.6,43.2,34.0,30.7,52.0,54.1,45.1,53.2,31.5,31.7,5.94,4,0,3,Web Development,Cloud & DevOps,Cybersecurity Analyst
1500,25.2,20.5,6.3,17.0,37.7,30.0,16.5,28.8,22.7,1.5,23.3,8.9,22.1,24.4,18.1,11.9,16.4,15.0,5.1,20.6,22.8,15.8,27.3,16.2,30.4,34.1,20.0,5.97,2,1,3,DevOps,Frontend,Cybersecurity Analyst
1501,34.8,22.8,23.9,28.0,46.3,49.3,38.2,48.7,24.2,28.4,24.8,24.9,29.0,20.1,27.8,32.5,35.2,32.5,28.7,42.2,55.6,41.3,44.0,50.1,46.9,50.9,37.7,5.98,9,2,2,DevOps,Business,Cybersecurity Analyst
1502,30.2,49.4,45.4,39.4,27.4,40.5,34.2,24.9,45.6,36.8,45.3,51.0,62.8,51.1,48.1,53.6,48.4,40.7,31.0,35.4,43.9,35.7,47.5,44.4,52.2,49.7,38.2,6.01,5,1,3,Mobile Development,Security,Cybersecurity Analyst
1503,52.4,52.0,51.8,32.6,53.0,59.6,48.5,63.0,49.7,27.1,35.5,31.1,49.9,53.0,66.1,62.2,61.1,47.8,52.2,33.4,49.2,47.1,41.2,43.9,33.9,48.1,52.6,6.03,1,2,1,Web Development,Security,Cybersecurity Analyst
1504,37.1,33.0,38.1,34.7,33.5,22.0,27.5,32.3,49.8,39.5,46.4,20.6,40.9,33.6,27.5,36.1,48.7,36.4,21.3,24.4,31.0,32.2,23.4,31.6,9.7,25.4,27.1,6.1,2,0,3,AI/ML,Data & Analytics,Cybersecurity Analyst
1505,20.7,12.8,34.0,19.0,18.6,17.3,20.1,9.3,10.9,17.9,26.9,23.1,9.1,26.7,30.4,30.0,25.9,30.4,20.2,28.5,20.0,28.0,36.1,11.7,21.6,25.9,12.6,6.11,3,0,3,Cloud Computing,Frontend,Cybersecurity Analyst
1506,31.3,15.4,4.2,22.8,23.4,22.0,19.1,16.3,18.0,17.3,42.2,17.9,25.1,40.6,27.6,38.6,18.9,49.1,31.7,36.6,44.9,26.0,32.7,6.3,27.4,28.0,17.2,6.14,2,0,1,Cloud Computing,QA & Testing,Cybersecurity Analyst
1507,38.9,35.1,28.9,45.7,58.5,53.0,45.8,55.5,36.7,48.2,27.4,49.2,42.9,30.5,54.1,54.3,33.8,53.5,49.3,45.8,38.3,42.3,57.1,43.0,40.5,35.0,46.5,6.17,5,2,1,Cloud Computing,Full Stack,Cybersecurity Analyst
1508,41.3,56.2,45.5,42.6,27.0,33.6,23.3,33.2,38.8,34.2,62.4,44.9,40.6,36.5,36.2,35.5,43.4,47.4,48.5,56.4,44.6,42.8,45.3,39.5,47.7,43.3,24.9,6.19,7,2,2,Data Science,Machine Learning,Cybersecurity Analyst
1509,44.8,47.2,42.5,47.2,18.4,20.5,33.0,21.5,45.0,40.7,42.8,47.5,41.9,54.0,53.7,43.0,39.2,47.0,48.8,38.4,55.3,49.0,34.9,38.6,46.2,40.0,50.3,6.19,6,1,2,Data Science,Data & Analytics,Cybersecurity Analyst
1510,49.9,27.0,34.8,39.8,41.8,43.8,16.4,30.4,34.2,32.1,32.7,16.4,42.2,25.6,26.0,33.1,26.3,44.7,33.7,45.0,49.3,44.3,55.7,27.0,47.2,53.1,31.8,6.22,7,1,3,DevOps,Business,Cybersecurity Analyst
1511,39.2,34.4,39.7,35.5,20.7,19.6,42.9,13.6,30.8,13.5,34.1,12.5,24.9,14.3,24.2,18.8,24.7,26.4,43.2,22.4,18.2,37.8,14.0,36.2,12.9,12.2,31.5,6.23,0,1,0,Mobile Development,Cloud & DevOps,Cybersecurity Analyst
1512,59.8,48.7,45.3,50.6,30.7,36.1,27.0,29.1,25.9,42.9,44.2,40.1,41.9,50.8,31.5,49.5,37.5,42.4,44.3,58.0,63.6,46.2,28.7,33.5,44.4,42.1,61.1,6.24,5,1,3,Cloud Computing,Cloud & DevOps,Cybersecurity Analyst
1513,12.7,26.3,14.6,16.7,11.3,21.8,15.5,20.5,36.1,33.5,24.0,19.8,20.4,24.1,12.5,23.7,15.6,28.4,25.7,23.6,42.2,29.4,28.5,25.9,39.8,38.4,15.4,6.25,0,2,2,Data Science,Business,Cybersecurity Analyst
1514,36.9,33.3,38.9,29.2,11.7,13.3,4.3,19.2,11.6,33.1,17.9,31.6,13.4,23.4,30.6,32.1,34.6,50.2,53.3,45.5,35.7,43.2,38.4,46.6,32.0,24.4,32.0,6.25,1,1,2,Cloud Computing,QA & Testing,Cybersecurity Analyst
1515,52.0,51.1,46.9,38.4,42.0,28.1,37.3,34.3,44.1,49.9,43.2,38.6,46.3,32.7,40.8,41.4,45.7,54.0,49.5,26.6,42.3,57.8,66.0,37.9,39.8,36.2,39.0,6.26,5,0,3,Cloud Computing,Data & Analytics,Cybersecurity Analyst
1516,39.7,39.6,38.4,35.8,33.1,31.5,43.8,24.4,22.5,40.2,28.9,26.0,39.2,48.5,53.0,49.3,36.0,37.1,28.8,39.8,39.6,41.0,30.6,45.2,34.9,32.3,29.3,6.27,7,1,3,Web Development,Security,Cybersecurity Analyst
1517,15.8,24.8,17.5,31.2,14.6,26.5,26.9,26.0,19.6,26.2,26.4,22.3,20.0,37.8,28.2,16.2,32.9,29.6,28.8,45.0,41.5,28.2,17.8,21.0,20.1,26.7,26.5,6.29,6,2,1,DevOps,Backend,Cybersecurity Analyst
1518,43.9,36.5,46.8,54.1,77.2,58.9,56.3,59.3,38.7,42.9,47.8,45.8,47.0,35.1,29.1,40.1,47.7,68.5,69.1,54.6,49.9,68.8,33.1,43.0,60.5,47.3,51.3,6.3,9,1,1,Cybersecurity,Full Stack,Cybersecurity Analyst
1519,38.9,34.0,47.1,32.9,29.2,36.9,38.6,34.4,23.5,17.0,37.3,31.1,40.7,35.2,23.2,16.8,12.6,39.4,55.3,50.3,43.4,48.0,45.5,34.2,50.1,34.9,44.8,6.31,3,1,4,Business Analytics,QA & Testing,Cybersecurity Analyst
1520,22.6,39.6,43.6,33.8,31.4,19.1,36.1,24.3,40.5,33.5,36.8,32.1,46.4,26.3,29.8,34.3,33.0,34.7,22.6,18.9,20.3,27.3,19.4,34.0,17.2,32.9,35.5,6.32,6,0,2,Web Development,Cloud & DevOps,Cybersecurity Analyst
1521,40.6,49.1,58.7,57.2,57.9,51.6,59.0,65.3,61.3,57.7,47.5,59.4,31.4,57.1,72.4,44.3,53.4,53.2,51.8,54.8,50.0,51.8,58.9,50.5,80.3,54.2,51.0,6.32,6,1,1,DevOps,Mobile,Cybersecurity Analyst
1522,34.5,38.7,34.1,26.8,26.3,12.9,25.3,29.3,30.0,50.7,45.8,38.8,41.4,27.6,33.4,25.6,36.7,28.1,25.9,34.3,32.7,26.9,27.2,46.4,30.8,36.8,44.0,6.35,1,2,5,Cybersecurity,Security,Cybersecurity Analyst
1523,41.0,28.0,34.9,24.2,27.3,35.6,46.0,30.1,34.6,30.0,36.4,32.6,35.3,29.2,37.0,41.2,41.0,41.6,40.5,43.7,54.4,41.8,42.6,37.9,42.6,45.7,20.5,6.35,3,0,3,Cybersecurity,Frontend,Cybersecurity Analyst
1524,18.4,26.9,19.7,21.7,18.1,32.7,19.7,24.4,10.6,20.8,16.2,15.2,14.6,26.6,27.8,36.4,22.6,15.3,24.8,27.1,13.5,21.4,28.0,22.8,29.7,30.7,17.0,6.36,1,0,0,Cloud Computing,QA & Testing,Cybersecurity Analyst
1525,44.9,46.8,42.1,50.9,43.6,34.7,39.3,13.5,57.6,43.3,52.1,43.2,42.1,32.4,43.9,40.1,25.6,50.3,51.6,41.8,35.7,40.3,40.8,34.4,39.7,33.7,36.2,6.39,4,0,0,Data Science,Business,Cybersecurity Analyst
1526,20.4,20.0,26.0,33.5,45.5,53.2,40.7,39.3,30.3,17.6,30.1,23.0,23.1,26.5,15.9,19.2,5.2,21.2,28.4,15.1,20.8,23.3,28.5,21.8,17.3,9.0,25.8,6.4,4,0,1,Business Analytics,Security,Cybersecurity Analyst
1527,39.1,45.5,48.1,49.5,36.8,35.0,36.5,35.0,50.9,42.1,51.2,38.9,42.4,21.5,33.9,32.0,36.2,56.8,34.0,56.6,38.3,30.6,32.5,52.6,52.5,33.4,45.2,6.4,4,1,5,Mobile Development,Full Stack,Cybersecurity Analyst
1528,39.3,26.7,12.2,23.3,47.3,38.9,29.7,39.8,30.0,20.7,30.5,30.4,40.5,25.5,39.1,23.5,35.4,23.4,13.9,32.0,33.3,25.1,45.0,37.0,35.7,35.7,41.2,6.4,4,0,3,Cloud Computing,Business,Cybersecurity Analyst
1529,29.6,50.2,35.5,39.6,39.9,30.2,35.5,32.3,30.5,51.5,63.4,34.6,52.1,32.7,38.8,39.9,26.7,33.7,27.0,47.7,44.3,46.7,30.5,59.1,40.3,22.9,54.0,6.41,2,0,3,Cybersecurity,Data & Analytics,Cybersecurity Analyst
1530,25.5,8.2,16.2,25.9,16.1,16.9,18.5,1.9,11.5,15.8,30.2,16.9,33.6,2.5,20.2,17.2,5.4,7.0,12.1,21.8,1.7,14.4,14.8,16.8,38.7,14.2,16.2,6.42,3,0,1,DevOps,Data & Analytics,Cybersecurity Analyst
1531,56.0,49.2,46.6,44.3,30.0,33.4,43.9,21.5,45.7,35.4,35.8,36.1,60.6,67.0,53.6,70.3,51.3,55.4,59.6,49.1,42.1,51.2,28.7,58.4,54.3,52.9,68.6,6.42,5,0,3,Mobile Development,Machine Learning,Cybersecurity Analyst
1532,36.1,20.5,26.9,37.3,38.5,48.8,34.4,45.7,31.7,40.2,27.4,29.3,40.4,32.4,46.3,40.7,37.2,37.3,45.3,24.8,38.9,49.5,38.9,45.6,45.6,44.5,39.9,6.43,9,1,2,Cloud Computing,Machine Learning,Cybersecurity Analyst
1533,48.9,50.4,33.5,30.1,40.5,32.7,46.2,38.0,55.7,64.9,33.1,39.3,41.8,50.3,62.2,57.2,48.6,53.1,51.2,36.9,47.8,45.6,27.7,26.3,29.0,47.4,24.5,6.43,3,0,0,Cybersecurity,Mobile,Cybersecurity Analyst
1534,53.1,55.7,53.5,57.8,56.3,53.6,42.1,42.1,60.7,60.3,53.5,48.9,51.2,28.2,44.7,49.8,44.0,51.8,73.2,55.1,58.0,52.6,39.2,63.8,59.8,40.3,57.1,6.43,6,2,3,Mobile Development,Mobile,Cybersecurity Analyst
1535,65.4,65.7,70.3,62.5,52.4,51.3,65.6,46.9,69.1,71.5,56.1,63.8,54.4,54.6,46.7,40.6,56.5,51.4,47.8,34.4,48.1,63.1,73.7,61.2,74.8,48.6,40.4,6.44,5,1,1,Business Analytics,Mobile,Cybersecurity Analyst
1536,26.2,42.7,31.3,30.4,27.1,11.5,30.8,21.6,42.3,43.5,25.5,18.1,28.0,48.7,47.5,45.7,36.1,23.0,27.8,16.6,24.6,31.4,32.8,29.2,19.3,19.3,12.8,6.45,0,0,5,Web Development,Cloud & DevOps,Cybersecurity Analyst
1537,34.8,30.8,44.1,25.7,35.9,51.9,46.8,44.9,30.7,30.2,26.5,29.9,42.1,51.0,45.2,47.6,44.7,26.6,26.1,42.2,34.0,30.0,27.5,29.1,23.8,42.9,30.8,6.47,4,1,1,AI/ML,Cloud & DevOps,Cybersecurity Analyst
1538,46.8,27.0,38.9,34.2,59.2,54.8,52.6,53.9,43.4,37.8,46.1,47.7,43.5,24.1,45.7,46.9,29.5,44.5,56.5,42.0,34.6,38.7,52.8,40.0,37.9,49.6,36.4,6.47,6,1,4,Cloud Computing,Full Stack,Cybersecurity Analyst
1539,26.3,23.7,36.3,20.3,14.2,18.9,37.8,24.5,37.8,27.0,30.5,34.0,33.6,31.5,32.1,24.6,29.4,29.6,40.0,39.1,32.8,40.0,48.7,42.2,57.7,32.2,27.4,6.48,2,1,3,Web Development,Backend,Cybersecurity Analyst
1540,51.0,47.3,27.6,48.4,46.2,25.1,53.7,38.6,60.8,48.0,39.9,43.5,54.6,63.0,41.4,41.4,50.4,56.3,59.4,26.5,25.6,51.0,46.5,38.7,49.3,61.4,37.7,6.48,5,1,2,Mobile Development,Frontend,Cybersecurity Analyst
1541,25.6,6.0,15.0,25.1,20.1,30.7,19.8,22.8,20.6,21.0,17.8,19.4,33.4,23.5,19.0,31.7,17.7,35.8,44.9,22.5,17.1,32.4,29.2,27.9,49.9,15.5,37.1,6.5,6,1,1,Mobile Development,QA & Testing,Cybersecurity Analyst
1542,45.9,40.9,35.3,33.1,57.0,66.4,47.8,67.9,41.2,46.0,34.8,49.0,37.8,34.9,55.3,49.5,43.4,46.8,57.3,22.0,25.0,52.6,45.0,44.1,52.8,49.3,39.7,6.5,5,2,3,Web Development,Full Stack,Cybersecurity Analyst
1543,38.2,48.2,49.9,26.3,36.4,32.1,54.3,33.4,45.2,36.3,35.7,27.6,49.4,39.2,30.9,39.4,45.8,30.4,46.0,29.4,28.0,34.7,42.2,48.3,26.4,42.6,43.8,6.51,5,2,3,Data Science,Full Stack,Cybersecurity Analyst
1544,71.4,64.5,75.2,68.8,51.2,38.3,51.5,48.7,70.3,72.3,79.8,62.5,60.2,75.7,77.9,86.4,84.6,63.7,49.2,64.5,54.9,64.8,62.9,71.9,63.5,60.3,64.3,6.51,7,2,2,DevOps,Full Stack,Cybersecurity Analyst
1545,23.9,21.6,30.9,22.6,34.9,39.2,38.7,37.4,33.0,37.2,37.2,31.2,31.0,33.0,35.6,39.2,55.8,40.0,32.9,26.6,27.1,19.0,24.9,22.8,32.3,36.9,38.7,6.52,5,1,4,Mobile Development,Full Stack,Cybersecurity Analyst
1546,31.2,36.6,37.0,43.0,55.1,43.5,46.2,40.9,52.4,56.4,38.6,42.6,43.1,51.0,51.1,38.3,42.5,18.8,25.9,24.1,14.6,33.5,24.4,25.4,35.0,27.3,42.3,6.52,6,0,3,DevOps,Frontend,Cybersecurity Analyst
1547,21.1,32.9,20.9,24.5,21.0,21.4,22.6,15.3,19.6,32.2,26.4,28.7,12.7,31.4,20.0,33.1,25.2,30.7,24.7,50.0,43.6,41.3,61.9,31.3,60.7,38.9,36.5,6.53,4,0,2,AI/ML,Data & Analytics,Cybersecurity Analyst
1548,28.9,30.3,48.8,27.8,45.9,48.0,53.1,54.0,36.0,28.3,41.7,46.9,47.8,53.8,47.5,51.1,37.8,38.4,34.0,39.5,36.1,32.8,56.2,21.4,64.2,42.1,51.2,6.54,9,2,3,Web Development,Frontend,Cybersecurity Analyst
1549,31.6,36.7,26.9,40.6,24.9,23.1,40.8,20.8,28.2,44.0,35.7,35.9,32.8,36.1,41.7,49.5,39.7,44.3,37.4,43.7,36.3,31.4,58.0,44.7,54.6,29.8,43.9,6.54,2,1,0,AI/ML,QA & Testing,Cybersecurity Analyst
1550,68.7,51.0,51.4,45.9,33.1,37.6,55.0,39.6,48.8,48.6,45.9,60.7,51.5,56.9,37.7,67.4,58.4,59.2,53.9,44.4,29.5,52.2,54.5,50.1,54.9,47.9,38.2,6.54,5,2,0,AI/ML,Backend,Cybersecurity Analyst
1551,39.7,52.3,40.8,53.4,34.0,30.8,35.8,47.2,45.3,60.3,50.9,37.3,44.3,36.9,50.6,45.7,45.6,27.8,41.7,47.8,50.1,39.9,40.4,49.3,47.6,34.7,35.2,6.55,4,2,1,Cybersecurity,Data & Analytics,Cybersecurity Analyst
1552,30.9,28.0,47.9,43.7,34.7,36.4,27.6,30.4,35.4,38.5,39.2,42.6,32.8,51.7,46.2,60.9,59.2,44.4,49.0,46.2,47.0,42.1,57.1,41.6,64.5,60.6,34.3,6.56,3,2,4,Cloud Computing,Security,Cybersecurity Analyst
1553,31.9,40.1,31.6,65.8,25.3,12.6,38.1,28.5,34.1,30.7,47.7,32.3,33.5,40.9,41.9,38.8,44.6,42.9,19.2,46.9,53.3,43.6,47.0,33.5,13.5,37.8,19.6,6.56,6,1,7,Business Analytics,Business,Cybersecurity Analyst
1554,49.7,50.8,56.4,68.8,49.1,54.2,33.8,50.9,64.5,59.7,69.5,44.2,51.2,40.2,55.7,49.7,51.3,42.9,44.7,64.6,71.8,40.1,61.1,60.3,70.5,33.0,48.4,6.56,4,2,4,Mobile Development,Security,Cybersecurity Analyst
1555,62.0,48.1,38.6,36.4,51.2,27.2,42.0,29.5,40.1,43.7,39.1,41.0,48.0,44.6,52.0,40.6,53.4,32.6,34.3,30.7,15.7,35.8,32.1,35.9,40.8,40.4,43.3,6.56,7,1,1,Mobile Development,QA & Testing,Cybersecurity Analyst
1556,31.1,36.2,52.8,34.0,26.9,29.7,30.2,37.4,31.6,46.2,36.8,40.0,31.1,28.7,39.0,40.4,33.3,42.1,51.9,34.9,54.0,48.7,67.1,28.2,58.4,53.7,33.1,6.57,2,1,3,Data Science,Security,Cybersecurity Analyst
1557,46.7,48.9,56.9,56.4,30.0,17.3,38.1,35.0,55.1,68.0,63.8,48.8,50.6,43.2,46.4,52.4,46.2,46.8,36.3,46.0,51.0,53.4,52.1,45.1,32.8,42.0,24.0,6.57,5,1,4,Mobile Development,Cloud & DevOps,Cybersecurity Analyst
1558,61.1,57.6,43.9,48.4,53.1,58.8,46.7,60.6,64.2,52.5,43.2,60.5,55.8,61.6,48.5,73.9,59.8,61.8,64.2,39.1,45.0,52.1,35.7,50.6,54.8,52.4,32.7,6.58,9,3,3,DevOps,Frontend,Cybersecurity Analyst
1559,25.4,38.9,21.0,25.3,36.3,37.0,25.5,26.9,24.7,39.1,20.4,22.0,29.0,11.2,20.6,6.1,24.6,18.2,16.3,18.5,26.6,18.9,35.9,30.9,13.0,17.9,19.5,6.6,5,2,3,Cybersecurity,Mobile,Cybersecurity Analyst
1560,38.4,31.4,45.7,42.7,55.9,57.5,55.9,58.5,47.3,39.7,35.4,54.7,48.5,43.5,42.4,46.4,54.9,45.0,55.5,35.7,47.0,58.8,37.6,39.0,30.8,38.8,45.4,6.6,4,1,5,Mobile Development,Machine Learning,Cybersecurity Analyst
1561,38.5,34.2,24.6,28.7,42.2,33.9,37.6,34.7,30.2,33.9,35.9,21.3,9.1,27.2,31.2,18.1,26.0,37.8,39.8,19.2,19.2,21.5,38.1,20.3,52.8,52.4,38.4,6.61,6,1,2,DevOps,Data & Analytics,Cybersecurity Analyst
1562,49.9,29.0,44.6,34.8,49.7,54.5,44.7,58.9,33.4,36.9,36.0,39.9,40.9,48.2,45.2,38.5,37.1,54.5,58.2,45.7,28.7,67.5,27.7,53.4,25.6,36.0,50.9,6.62,5,0,2,Mobile Development,Data & Analytics,Cybersecurity Analyst
1563,31.8,50.9,38.6,30.3,37.7,36.0,44.1,34.5,37.2,49.4,45.7,41.5,35.7,32.8,37.4,12.3,22.5,41.1,44.2,51.0,54.3,43.4,27.2,54.2,31.4,37.0,27.5,6.63,5,1,1,Mobile Development,Security,Cybersecurity Analyst
1564,41.4,32.7,36.9,41.2,37.1,52.5,41.0,36.9,28.6,33.4,23.3,30.5,33.5,51.0,50.2,41.1,32.8,52.5,53.0,39.5,39.5,51.2,44.0,40.0,55.2,38.8,50.7,6.63,8,1,1,Cloud Computing,Machine Learning,Cybersecurity Analyst
1565,24.0,33.1,33.4,44.1,50.0,53.0,40.1,63.7,47.8,52.3,50.2,34.2,44.5,45.6,41.8,51.6,32.8,38.9,37.9,49.7,29.0,40.1,61.1,26.2,48.7,38.8,16.4,6.64,3,2,1,Web Development,Machine Learning,Cybersecurity Analyst
1566,56.3,25.3,35.3,60.3,46.6,41.0,43.9,49.4,49.2,39.2,54.7,41.7,41.2,49.0,51.4,52.0,39.8,57.4,56.5,67.4,64.1,62.2,58.3,57.4,65.3,57.2,46.2,6.64,6,0,3,Data Science,Full Stack,Cybersecurity Analyst
1567,27.1,43.3,64.7,37.1,58.2,39.2,39.4,44.6,49.9,45.0,41.9,45.7,41.8,49.1,43.0,56.3,43.2,39.0,56.1,51.8,40.0,44.0,28.6,39.8,39.9,48.8,47.0,6.65,3,1,3,Cloud Computing,Backend,Cybersecurity Analyst
1568,30.4,33.8,26.4,35.9,31.1,14.7,38.0,24.8,18.5,45.1,41.3,35.5,44.5,42.7,44.8,36.3,44.6,39.1,23.0,35.7,53.6,29.2,37.3,36.3,32.8,24.0,22.3,6.65,4,0,3,Business Analytics,Data & Analytics,Cybersecurity Analyst
1569,42.7,38.3,30.4,38.6,15.1,1.3,22.6,22.6,20.4,44.0,33.9,19.9,26.0,22.7,24.5,22.8,22.9,37.7,24.3,32.4,34.3,44.7,29.9,33.0,19.9,34.7,33.0,6.65,2,1,1,Cybersecurity,QA & Testing,Cybersecurity Analyst
1570,57.0,29.6,40.4,32.3,24.7,12.5,37.9,14.9,25.9,42.1,50.3,42.5,39.3,26.7,41.0,33.3,26.0,41.5,50.2,31.4,44.8,43.2,35.3,32.4,34.5,43.2,43.2,6.65,4,2,3,AI/ML,Security,Cybersecurity Analyst
1571,47.2,37.3,35.3,44.5,52.2,45.4,28.7,54.4,35.9,39.3,54.1,46.0,38.9,38.3,50.5,30.9,33.1,48.9,36.4,64.6,73.4,58.9,56.3,53.7,54.0,50.3,39.2,6.66,4,1,4,Mobile Development,Cloud & DevOps,Cybersecurity Analyst
1572,16.0,20.0,40.7,32.8,12.4,22.9,7.2,20.2,20.4,35.8,42.1,12.0,26.9,28.5,26.6,33.7,32.4,28.1,26.1,39.3,38.8,20.6,24.2,8.6,30.4,41.9,3.7,6.67,5,0,1,AI/ML,Full Stack,Cybersecurity Analyst
1573,45.7,45.4,57.6,37.3,36.2,22.6,40.3,18.2,40.6,33.1,53.7,39.1,50.6,40.2,55.3,30.2,48.4,57.7,50.0,36.4,33.3,44.0,23.3,38.1,25.3,42.9,47.9,6.67,6,1,3,DevOps,Business,Cybersecurity Analyst
1574,47.7,60.4,68.5,43.4,27.8,49.3,42.6,49.7,54.1,35.2,44.1,64.8,59.2,49.0,43.7,60.0,48.3,67.0,56.7,44.7,42.7,65.5,41.4,66.3,37.1,56.1,63.5,6.67,4,1,3,Cloud Computing,Cloud & DevOps,Cybersecurity Analyst
1575,40.1,33.2,51.4,21.8,47.3,44.7,42.2,66.0,33.6,33.7,38.7,40.1,43.0,57.1,51.7,42.7,49.5,37.3,38.5,27.5,27.8,34.8,31.0,36.9,38.4,36.2,22.4,6.7,10,1,4,Cybersecurity,Business,Cybersecurity Analyst
1576,42.8,42.0,50.9,36.1,33.1,31.0,33.7,38.1,38.6,43.9,35.2,29.0,34.2,27.5,38.5,31.6,35.9,45.0,38.8,19.8,19.3,21.4,24.7,42.0,47.0,24.7,34.2,6.71,3,2,4,DevOps,Business,Cybersecurity Analyst
1577,19.9,38.2,26.8,28.8,28.5,31.4,22.7,31.2,42.5,18.9,37.6,26.6,17.8,35.0,52.4,46.2,49.3,47.4,47.2,33.0,21.7,38.4,19.6,25.7,21.8,17.8,16.0,6.74,1,0,4,Mobile Development,Frontend,Cybersecurity Analyst
1578,48.4,28.3,42.5,49.3,57.4,63.5,47.4,62.2,47.7,40.7,53.3,66.2,50.6,50.6,51.3,50.9,47.9,45.7,52.9,55.7,44.5,45.3,56.3,50.9,47.4,62.8,39.5,6.75,7,1,0,DevOps,Frontend,Cybersecurity Analyst
1579,44.3,49.8,47.9,52.0,50.8,29.8,46.3,28.5,55.8,65.8,60.3,57.9,40.8,55.2,49.5,44.4,44.4,49.6,36.9,53.1,43.4,47.1,41.8,41.3,40.9,62.6,55.3,6.76,3,0,0,AI/ML,Cloud & DevOps,Cybersecurity Analyst
1580,45.0,56.6,63.5,44.4,51.5,45.6,60.6,50.0,51.4,49.6,47.4,49.8,55.7,51.6,55.4,51.9,56.9,40.0,50.4,45.0,38.1,48.7,56.4,60.2,37.3,62.5,46.2,6.76,1,2,4,Cybersecurity,Machine Learning,Cybersecurity Analyst
1581,54.8,43.4,40.7,60.4,19.1,8.3,24.6,11.2,33.2,44.5,34.9,31.1,28.8,26.8,28.4,23.5,36.1,41.5,51.7,55.3,46.1,38.8,41.7,39.4,45.1,59.1,42.0,6.76,3,2,6,DevOps,Business,Cybersecurity Analyst
1582,40.7,30.8,49.6,38.1,48.9,54.3,45.5,45.3,52.6,45.5,45.9,42.8,50.8,42.7,61.5,49.0,54.1,52.0,59.3,32.0,26.0,48.2,55.1,58.0,61.4,58.0,29.4,6.78,2,1,5,Mobile Development,Frontend,Cybersecurity Analyst
1583,58.3,61.4,67.7,56.5,56.6,62.4,57.5,60.5,50.6,44.7,44.4,54.1,50.8,39.5,57.1,45.5,43.7,70.2,62.1,67.7,55.3,69.0,49.3,61.4,34.6,48.7,67.2,6.79,6,0,2,Data Science,Security,Cybersecurity Analyst
1584,29.5,31.1,25.5,17.9,33.0,46.5,34.7,43.0,25.4,23.6,24.2,45.0,28.9,23.0,39.8,43.9,19.6,20.7,41.6,28.0,34.3,25.5,43.4,27.8,37.6,31.9,29.4,6.8,2,1,1,Cloud Computing,Business,Cybersecurity Analyst
1585,31.4,12.2,12.6,28.9,22.4,0.8,25.2,12.1,18.1,25.6,40.8,15.3,23.4,39.2,29.4,26.9,25.1,20.3,28.0,33.4,34.1,32.2,29.4,30.9,31.1,21.2,31.9,6.8,1,3,2,Cloud Computing,Business,Cybersecurity Analyst
1586,30.7,12.0,35.1,34.8,41.8,37.3,38.1,52.6,35.8,34.8,27.4,41.1,31.3,45.1,54.2,40.5,43.2,40.0,40.1,34.1,35.4,33.6,48.6,40.7,49.0,41.5,20.7,6.81,3,2,3,Business Analytics,Machine Learning,Cybersecurity Analyst
1587,31.3,29.2,25.0,36.4,50.9,47.0,37.2,47.6,16.9,34.6,51.7,35.2,35.6,44.2,50.5,44.5,26.3,43.5,59.5,45.3,33.3,41.4,35.5,44.3,39.8,44.9,28.0,6.83,6,2,3,Business Analytics,Security,Cybersecurity Analyst
1588,43.0,60.6,48.2,57.2,21.6,38.3,34.9,33.3,37.5,53.9,58.1,38.7,48.2,52.1,62.5,48.5,59.1,33.2,38.9,63.6,68.9,45.1,79.2,46.5,69.9,57.6,43.6,6.83,6,0,5,Mobile Development,Security,Cybersecurity Analyst
1589,23.0,18.5,18.8,29.9,33.2,51.0,28.2,37.7,13.6,33.7,24.4,23.9,15.8,36.5,41.4,38.4,29.5,41.4,38.8,45.9,38.9,29.8,47.1,24.9,30.4,34.8,29.4,6.84,4,1,3,AI/ML,Data & Analytics,Cybersecurity Analyst
1590,31.0,22.5,38.4,44.2,22.0,33.8,13.2,16.5,21.3,30.4,35.9,37.2,47.6,42.7,38.6,47.2,39.9,34.9,33.9,52.4,61.1,21.4,57.8,33.3,53.3,55.9,40.8,6.84,2,2,5,Cloud Computing,Business,Cybersecurity Analyst
1591,41.1,47.4,29.9,49.4,48.7,67.9,40.6,53.1,45.7,42.8,53.0,18.1,33.0,30.3,32.8,36.5,34.6,33.1,48.2,43.9,64.3,48.9,28.3,45.9,22.7,42.7,36.0,6.84,3,2,1,Cybersecurity,QA & Testing,Cybersecurity Analyst
1592,26.9,29.6,29.2,11.7,10.4,10.7,16.4,22.4,26.5,32.5,27.5,36.9,27.1,20.2,41.6,28.7,31.0,19.4,20.1,18.1,10.9,10.6,24.5,18.0,23.4,19.4,32.9,6.85,4,0,2,Cybersecurity,Security,Cybersecurity Analyst
1593,28.8,38.5,31.9,34.2,66.5,32.1,42.2,41.4,44.0,35.1,39.4,30.0,39.5,36.8,34.0,36.1,44.8,45.9,46.5,35.8,34.7,41.9,44.5,54.0,55.8,71.9,52.1,6.85,3,3,2,Business Analytics,Full Stack,Cybersecurity Analyst
1594,36.1,28.5,22.5,54.3,43.5,31.7,24.8,33.9,26.3,31.2,46.9,35.9,41.1,36.2,30.9,25.1,42.6,22.1,31.3,32.9,37.2,41.6,37.1,21.9,37.5,23.2,33.2,6.85,2,1,1,AI/ML,Business,Cybersecurity Analyst
1595,30.5,29.7,56.3,42.8,46.3,41.3,30.7,30.4,42.7,50.4,39.1,51.6,47.9,50.8,43.1,35.9,36.7,42.4,65.3,55.3,48.6,60.7,46.1,40.3,67.7,35.3,49.6,6.86,4,1,2,Web Development,Security,Cybersecurity Analyst
1596,39.6,42.4,46.4,44.4,29.5,18.9,28.2,21.2,40.6,38.6,41.2,33.1,20.2,53.6,42.4,22.5,25.9,29.7,33.8,20.1,44.2,31.2,47.0,51.5,50.6,52.0,25.8,6.86,4,0,3,Cybersecurity,Cloud & DevOps,Cybersecurity Analyst
1597,53.4,52.9,66.4,59.0,28.0,29.5,43.8,36.8,59.9,37.1,38.8,35.6,38.1,56.4,48.3,61.3,55.0,65.7,67.4,59.4,53.2,53.9,47.5,57.1,85.8,57.7,58.4,6.86,2,1,4,Data Science,Backend,Cybersecurity Analyst
1598,38.6,50.7,50.0,42.6,56.7,47.9,58.4,49.6,57.4,50.1,58.5,41.5,39.4,46.8,41.4,41.3,49.8,39.3,33.5,39.4,36.1,51.1,29.0,35.2,39.5,36.8,63.7,6.87,5,0,3,Web Development,Data & Analytics,Cybersecurity Analyst
1599,45.0,36.3,47.2,32.1,53.9,54.6,57.7,46.3,46.7,39.7,36.1,32.5,44.0,43.1,31.8,27.4,43.9,28.9,25.9,23.3,11.6,23.4,36.7,40.0,17.9,29.3,59.5,6.89,2,1,2,Mobile Development,Mobile,Cybersecurity Analyst
1600,29.7,28.9,24.9,29.7,44.0,18.0,29.3,35.3,29.6,23.8,12.7,36.7,48.8,31.8,48.6,39.9,38.5,29.4,37.5,43.3,38.6,48.5,51.3,32.8,55.7,44.8,39.0,6.9,4,2,2,DevOps,Mobile,Cybersecurity Analyst
1601,56.6,60.1,36.0,46.6,55.7,54.1,53.2,70.3,58.0,57.7,42.3,61.4,57.1,63.3,76.2,62.4,64.0,61.2,54.4,37.7,44.1,58.3,55.4,37.4,61.0,50.1,40.6,6.93,4,1,1,Cybersecurity,Cloud & DevOps,Cybersecurity Analyst
1602,35.2,45.0,38.9,57.5,52.0,42.6,37.9,58.3,48.7,51.1,47.6,41.5,62.0,44.7,46.2,39.9,27.4,47.5,40.9,41.2,46.9,40.1,26.6,37.8,44.7,38.3,38.9,6.94,6,2,3,DevOps,Cloud & DevOps,Cybersecurity Analyst
1603,41.6,18.6,23.7,39.3,14.5,26.3,35.5,32.8,41.1,45.0,43.6,19.3,42.0,5.4,29.3,19.5,34.8,41.7,38.2,45.6,51.1,30.7,25.7,35.2,35.1,44.1,50.0,6.94,3,1,0,Cybersecurity,Frontend,Cybersecurity Analyst
1604,63.5,55.2,62.4,62.5,48.6,61.3,45.9,59.0,77.4,68.4,70.0,44.2,54.6,57.0,65.1,49.0,62.0,46.6,39.7,51.0,32.9,51.3,57.4,69.9,68.5,47.9,51.5,6.94,3,1,9,Web Development,QA & Testing,Cybersecurity Analyst
1605,31.5,30.0,37.3,29.7,25.8,18.2,23.8,27.9,35.0,44.2,32.2,41.0,53.2,29.7,47.1,45.6,32.7,29.6,29.1,31.2,22.2,13.7,33.7,25.5,42.3,47.8,22.7,6.95,5,0,1,Cloud Computing,Backend,Cybersecurity Analyst
1606,46.3,33.2,22.8,33.7,56.1,58.9,48.0,79.4,40.2,41.3,35.6,51.7,44.3,65.0,59.4,44.4,50.8,52.8,58.2,45.2,42.9,53.7,46.3,41.5,25.9,50.5,45.7,6.96,8,2,5,DevOps,QA & Testing,Cybersecurity Analyst
1607,59.4,59.2,55.0,48.9,61.6,80.6,58.1,63.8,49.7,52.9,47.8,45.4,41.5,34.3,46.4,37.9,40.4,46.7,59.6,49.0,54.3,60.3,42.8,39.9,35.3,45.3,39.0,6.96,8,3,1,Web Development,QA & Testing,Cybersecurity Analyst
1608,37.3,33.4,43.9,26.9,16.4,12.8,19.9,26.8,32.5,33.6,24.4,17.4,35.2,33.4,39.9,41.9,40.8,51.0,50.3,43.5,32.8,44.5,30.9,41.5,23.1,34.5,34.2,6.97,3,2,0,AI/ML,Frontend,Cybersecurity Analyst
1609,38.9,39.9,64.6,32.3,35.0,37.3,43.0,41.7,47.7,34.0,33.6,45.1,37.4,45.6,40.8,33.4,47.4,34.1,43.9,18.3,38.5,44.2,40.3,55.2,55.9,41.7,52.3,6.98,4,1,2,Business Analytics,Machine Learning,Cybersecurity Analyst
1610,52.2,45.5,36.0,33.0,46.5,57.8,47.9,42.7,40.5,48.0,49.4,40.3,45.4,37.3,36.0,51.3,35.0,40.2,27.5,40.3,46.4,35.1,48.6,44.6,40.8,39.3,40.1,6.98,7,2,3,Cloud Computing,Full Stack,Cybersecurity Analyst
1611,66.4,33.0,19.1,44.1,43.5,52.9,38.8,56.8,41.8,30.3,26.3,49.2,49.7,54.5,64.4,43.5,48.2,47.6,67.4,55.8,54.7,58.6,64.3,43.3,61.5,50.9,20.9,6.99,2,0,6,Data Science,Frontend,Cybersecurity Analyst
1612,41.6,37.3,58.5,38.7,45.1,44.3,47.9,40.7,40.8,58.7,30.8,42.7,37.8,52.0,45.8,54.3,46.6,47.3,50.1,42.5,31.5,46.0,57.9,39.5,51.1,57.5,37.7,7.02,5,1,4,Business Analytics,QA & Testing,Cybersecurity Analyst
1613,47.4,41.3,35.3,42.6,6.9,11.2,21.3,28.5,39.3,31.1,40.3,43.3,38.2,49.3,41.2,49.1,26.7,49.2,37.3,45.0,54.3,39.9,42.4,50.0,49.9,57.4,45.7,7.02,2,1,1,Business Analytics,QA & Testing,Cybersecurity Analyst
1614,44.3,53.9,50.1,37.1,67.1,55.9,54.9,69.7,52.0,39.8,48.7,66.9,63.5,51.2,69.0,64.9,69.7,38.0,40.4,46.7,38.5,35.7,54.6,67.9,61.9,54.8,54.4,7.03,2,1,6,Cloud Computing,Security,Cybersecurity Analyst
1615,38.7,42.2,32.3,43.1,47.4,44.9,50.1,31.5,39.4,33.4,38.4,40.3,40.3,46.9,47.4,37.1,45.3,59.2,61.5,44.3,50.9,44.9,40.2,28.9,60.5,51.9,35.6,7.08,10,0,2,Business Analytics,Frontend,Cybersecurity Analyst
1616,47.5,46.8,40.6,45.6,39.8,21.0,35.5,35.3,47.0,45.9,54.3,48.0,54.4,50.5,48.9,49.2,54.3,39.1,50.3,33.7,51.2,55.8,29.7,39.2,49.5,43.4,35.2,7.08,6,1,3,Cloud Computing,Cloud & DevOps,Cybersecurity Analyst
1617,73.3,61.6,48.1,69.6,49.7,56.6,62.4,58.2,64.1,62.4,64.0,69.4,61.6,57.6,60.3,65.1,68.5,59.4,69.3,67.3,73.9,71.6,54.8,57.1,55.8,58.7,46.5,7.08,4,2,5,AI/ML,Cloud & DevOps,Cybersecurity Analyst
1618,9.5,23.3,27.4,27.3,34.5,32.0,26.6,14.3,33.0,22.5,25.7,20.2,22.2,18.5,10.7,34.6,25.6,24.4,20.4,23.7,22.6,18.2,28.7,14.9,41.4,19.0,20.4,7.09,4,2,2,Web Development,Cloud & DevOps,Cybersecurity Analyst
1619,42.0,60.1,51.9,49.6,63.2,45.9,58.4,44.4,36.1,58.7,57.5,51.8,56.3,51.5,59.9,71.2,65.9,54.8,54.0,49.9,46.8,52.2,60.0,58.2,54.7,48.5,66.0,7.09,6,1,2,AI/ML,QA & Testing,Cybersecurity Analyst
1620,38.1,47.8,41.6,28.1,53.7,55.5,39.9,46.9,47.0,24.2,23.2,36.2,36.6,23.2,30.6,20.6,36.9,38.3,24.9,27.4,25.7,28.0,34.0,29.9,41.0,31.3,39.9,7.1,1,1,1,Cybersecurity,Business,Cybersecurity Analyst
1621,48.2,34.6,48.0,44.1,34.1,32.3,32.9,24.7,22.7,19.9,25.5,43.6,39.5,46.1,48.1,43.1,42.4,35.9,59.8,40.7,27.8,49.7,30.5,43.7,20.7,20.8,58.8,7.1,3,2,2,Cybersecurity,Data & Analytics,Cybersecurity Analyst
1622,50.3,51.8,45.0,37.0,55.2,52.6,46.8,44.2,45.7,57.8,42.1,50.9,44.4,29.6,45.6,39.2,42.3,25.9,34.3,33.4,41.0,39.8,46.8,52.7,45.0,45.0,42.7,7.12,6,3,4,Cloud Computing,QA & Testing,Cybersecurity Analyst
1623,50.4,35.3,31.9,42.0,59.0,35.0,47.2,48.3,43.7,33.8,30.7,41.2,56.0,36.6,41.6,32.0,44.4,56.4,52.6,29.3,41.9,39.2,17.6,34.0,32.1,40.7,41.6,7.12,9,1,2,DevOps,Cloud & DevOps,Cybersecurity Analyst
1624,45.3,44.1,44.6,36.8,48.5,37.5,39.3,54.5,40.1,47.4,30.2,40.1,47.8,57.2,49.9,64.3,41.0,46.5,48.6,36.0,45.6,60.2,26.7,41.2,19.7,42.9,59.7,7.13,6,1,1,Cybersecurity,Cloud & DevOps,Cybersecurity Analyst
1625,51.0,41.5,27.8,39.4,43.8,45.0,41.0,50.5,20.9,38.8,44.0,39.5,35.9,35.6,41.0,30.2,27.7,56.2,41.4,50.6,65.2,46.7,44.7,24.4,52.2,46.9,26.7,7.13,1,2,2,Cybersecurity,Security,Cybersecurity Analyst
1626,34.2,30.6,38.5,35.7,37.3,43.2,26.8,24.3,27.6,22.5,25.3,38.0,35.3,43.4,26.9,35.7,23.5,53.2,58.1,52.7,44.9,40.1,43.0,39.7,41.9,32.5,49.9,7.14,6,1,1,Cybersecurity,QA & Testing,Cybersecurity Analyst
1627,45.8,52.4,52.0,40.1,42.8,40.7,46.5,36.5,51.7,40.6,51.3,45.7,44.9,54.5,48.7,40.8,43.6,46.9,42.1,26.5,40.1,49.7,23.0,38.8,35.3,17.4,47.1,7.14,12,2,2,Cybersecurity,Machine Learning,Cybersecurity Analyst
1628,64.6,49.9,64.5,46.7,46.2,44.8,56.0,56.9,47.4,31.3,36.2,60.4,62.0,46.2,70.7,64.1,57.5,53.3,75.7,61.9,49.9,66.8,67.6,52.1,64.6,52.8,71.4,7.14,6,1,2,Cybersecurity,Frontend,Cybersecurity Analyst
1629,48.0,47.3,35.2,37.0,26.3,23.5,41.0,42.0,49.6,49.9,43.3,43.1,36.8,54.0,47.8,50.0,57.8,36.8,58.7,27.0,38.5,25.5,50.5,40.0,64.4,47.5,39.9,7.15,4,2,3,Mobile Development,Business,Cybersecurity Analyst
1630,36.3,34.4,56.1,18.3,41.8,44.1,38.6,41.8,34.7,33.2,39.9,53.1,49.3,47.9,45.8,38.7,45.4,45.5,33.2,22.6,35.5,47.6,53.5,46.6,57.5,37.0,50.7,7.16,4,2,4,DevOps,Mobile,Cybersecurity Analyst
1631,38.5,39.9,36.4,37.9,15.7,23.7,27.0,21.1,40.2,49.7,41.0,22.8,34.9,28.8,32.3,47.8,45.6,38.1,37.4,34.1,39.5,50.0,42.8,48.1,32.7,23.1,41.3,7.16,2,0,5,Cybersecurity,Backend,Cybersecurity Analyst
1632,49.2,48.4,53.8,52.8,46.4,50.4,47.8,42.1,28.7,45.8,37.3,42.9,47.2,50.8,45.0,52.1,67.1,43.2,60.9,39.6,41.6,51.7,61.0,39.0,55.1,54.2,66.8,7.18,7,2,5,DevOps,Backend,Cybersecurity Analyst
1633,74.0,66.2,74.3,68.0,54.2,64.0,56.1,55.5,64.3,49.3,63.8,54.0,56.0,45.7,50.6,45.4,50.9,60.2,72.9,68.4,64.0,74.5,71.0,63.4,69.1,62.6,68.4,7.18,8,2,3,Cloud Computing,Security,Cybersecurity Analyst
1634,27.8,37.1,29.4,33.9,14.0,24.5,29.4,24.4,40.8,35.6,35.8,31.8,32.1,45.3,34.6,45.1,42.0,26.5,26.6,28.5,18.8,12.3,28.8,35.7,13.3,22.5,30.7,7.19,1,1,1,Business Analytics,QA & Testing,Cybersecurity Analyst
1635,33.7,28.5,28.4,34.5,35.4,37.1,38.7,49.9,29.5,42.5,32.3,31.6,23.5,14.3,26.8,29.2,18.3,28.7,26.5,53.1,54.0,28.6,45.6,33.3,52.4,35.4,34.3,7.19,3,1,5,Business Analytics,Backend,Cybersecurity Analyst
1636,42.7,46.7,38.6,44.8,33.2,25.8,26.0,31.9,42.2,36.9,40.6,44.2,44.5,45.6,30.4,40.8,43.0,40.3,41.9,38.2,65.1,52.4,37.3,46.9,44.2,51.6,60.4,7.19,6,1,3,Cybersecurity,QA & Testing,Cybersecurity Analyst
1637,47.9,59.4,49.1,53.9,41.1,36.6,42.9,42.2,59.7,59.4,75.8,50.2,58.4,66.6,70.0,67.3,51.9,62.0,57.1,68.0,69.1,59.6,71.9,45.1,65.3,71.8,53.3,7.19,9,1,3,DevOps,Backend,Cybersecurity Analyst
1638,49.4,45.2,42.2,49.4,52.1,39.9,52.7,52.6,51.5,53.9,53.3,48.0,54.9,43.2,35.5,47.2,35.5,46.6,56.6,52.0,49.6,49.4,48.9,56.4,55.8,49.2,48.8,7.2,4,1,2,Web Development,Business,Cybersecurity Analyst
1639,59.1,52.1,59.8,41.3,49.5,42.3,45.0,57.2,38.6,42.9,39.7,51.1,40.0,53.3,34.6,48.2,41.1,45.4,36.5,46.4,48.0,37.0,49.9,39.1,39.5,44.7,62.1,7.2,4,0,5,Cloud Computing,QA & Testing,Cybersecurity Analyst
1640,29.9,33.1,36.7,36.5,45.2,31.2,32.1,30.1,23.9,27.2,56.7,30.7,17.2,40.2,44.6,46.1,32.2,32.4,28.2,35.0,33.0,17.8,16.1,35.3,7.2,10.8,27.9,7.22,2,0,3,Data Science,Data & Analytics,Cybersecurity Analyst
1641,61.6,47.7,62.1,48.8,44.1,55.2,40.7,46.6,49.4,58.6,50.7,55.7,54.4,49.7,45.6,59.9,55.1,62.0,64.5,62.3,58.6,59.8,63.0,53.4,60.7,49.5,70.6,7.22,2,2,2,Mobile Development,Business,Cybersecurity Analyst
1642,31.7,33.8,36.5,27.5,22.0,8.8,21.4,24.3,38.2,20.1,31.1,19.6,34.3,33.2,24.1,21.5,22.1,44.7,48.0,38.1,42.5,31.0,13.6,20.4,32.8,25.1,38.2,7.23,5,0,2,Data Science,Mobile,Cybersecurity Analyst
1643,36.0,47.0,25.9,32.0,43.5,48.8,45.7,42.2,37.5,38.2,27.8,38.1,40.9,46.8,44.8,57.1,50.4,37.7,34.2,41.4,36.9,32.5,61.4,33.5,34.5,51.6,42.3,7.23,5,1,2,Business Analytics,Security,Cybersecurity Analyst
1644,40.6,37.0,47.7,40.0,39.7,51.6,55.0,37.2,34.8,39.1,19.3,52.1,45.8,40.4,25.3,32.5,37.5,48.1,37.1,35.1,16.8,29.8,36.4,49.2,43.8,20.5,45.2,7.23,1,2,1,Cloud Computing,Security,Cybersecurity Analyst
1645,38.1,34.8,52.1,44.0,50.5,42.1,49.8,56.0,32.3,45.7,51.8,36.6,46.3,41.4,43.5,38.5,32.7,47.1,46.1,50.6,58.9,40.6,54.2,63.8,60.4,60.7,50.5,7.24,4,2,1,Mobile Development,Security,Cybersecurity Analyst
1646,45.1,50.7,47.5,58.1,53.6,60.9,67.0,49.2,63.5,56.1,59.6,54.8,36.2,47.0,41.0,46.5,40.5,41.5,25.0,45.1,51.5,27.4,51.9,57.8,16.8,52.4,41.0,7.24,3,1,6,Cybersecurity,Cloud & DevOps,Cybersecurity Analyst
1647,62.5,48.0,51.3,53.7,24.5,29.1,47.6,42.1,51.8,54.4,55.8,53.5,51.7,44.5,39.6,31.8,49.0,55.6,56.3,56.5,53.2,45.2,43.2,51.7,51.3,48.0,54.0,7.24,7,1,2,Cloud Computing,Full Stack,Cybersecurity Analyst
1648,31.1,23.0,54.0,33.4,45.9,60.6,41.5,41.7,33.8,35.8,39.1,31.6,33.1,31.5,30.4,36.0,44.1,38.5,33.8,33.7,34.2,36.6,55.3,24.2,58.0,54.7,43.2,7.25,3,0,1,Cloud Computing,Full Stack,Cybersecurity Analyst
1649,34.3,31.9,42.3,33.5,40.1,45.7,51.1,47.3,34.6,43.7,43.1,31.8,53.5,42.5,52.2,42.6,48.1,46.6,43.8,44.3,39.0,49.8,56.8,34.6,18.6,41.4,38.7,7.25,1,2,7,Business Analytics,QA & Testing,Cybersecurity Analyst
1650,36.6,39.9,45.2,39.3,64.2,59.9,42.6,46.7,32.1,26.5,50.3,42.6,40.5,45.1,24.0,32.5,51.2,39.2,56.7,54.7,55.9,52.6,37.4,33.2,33.3,31.0,39.9,7.25,8,2,1,Mobile Development,Security,Cybersecurity Analyst
1651,43.7,24.0,27.5,36.7,54.4,60.2,43.8,49.1,27.2,33.0,36.2,27.5,39.2,40.1,35.9,21.0,24.8,55.4,54.6,46.1,36.6,51.5,28.6,22.6,36.6,55.2,47.2,7.25,4,3,1,DevOps,Business,Cybersecurity Analyst
1652,40.4,54.1,42.6,55.0,41.5,48.9,39.4,46.1,46.6,54.3,41.1,43.9,42.2,45.7,37.2,42.1,46.2,37.1,27.0,51.7,53.7,42.0,45.4,46.9,45.2,32.1,40.1,7.26,5,1,4,Cybersecurity,Frontend,Cybersecurity Analyst
1653,46.4,62.8,63.7,43.9,60.4,55.5,50.4,72.2,61.5,46.2,41.2,42.1,49.1,43.5,36.0,36.9,55.5,36.1,27.7,48.8,49.9,36.0,25.3,56.6,55.1,50.6,53.4,7.26,3,2,6,Cloud Computing,Business,Cybersecurity Analyst
1654,35.0,58.4,34.4,39.2,35.9,37.1,42.6,36.9,62.4,52.4,49.0,50.3,52.3,47.7,60.4,54.0,44.0,42.7,38.6,38.2,36.0,32.9,46.4,35.5,51.5,55.1,49.6,7.28,5,2,3,DevOps,Business,Cybersecurity Analyst
1655,50.6,53.1,41.3,57.1,38.8,61.1,57.0,68.4,56.9,38.9,49.9,51.3,55.8,59.5,62.4,55.3,69.5,51.0,67.0,46.0,51.6,56.2,40.3,57.8,52.6,55.7,60.8,7.28,6,1,5,AI/ML,Business,Cybersecurity Analyst
1656,23.3,21.3,31.2,26.3,23.0,34.0,22.3,20.6,5.3,13.4,33.7,18.8,35.1,13.2,15.6,8.8,26.1,33.8,32.6,27.2,31.8,38.2,0.0,34.0,28.4,26.9,29.8,7.29,5,0,1,DevOps,Business,Cybersecurity Analyst
1657,33.9,52.7,48.4,52.0,56.9,50.3,72.4,57.5,52.1,31.8,43.5,51.5,43.6,42.2,50.8,42.0,45.0,41.9,27.7,37.5,47.3,39.0,39.6,35.4,62.3,49.1,42.8,7.3,5,1,2,Cloud Computing,QA & Testing,Cybersecurity Analyst
1658,35.2,32.2,40.5,56.4,34.6,15.5,33.4,26.6,47.8,29.2,40.7,35.3,32.6,37.2,52.6,48.4,43.3,49.1,30.5,76.2,57.4,39.5,59.2,16.0,50.6,51.6,48.0,7.31,3,2,2,DevOps,QA & Testing,Cybersecurity Analyst
1659,39.2,57.4,46.9,33.3,59.7,64.9,64.7,57.2,63.5,61.3,48.0,49.7,52.8,54.6,62.5,64.5,52.9,31.0,13.6,27.0,38.1,22.6,40.4,39.9,40.9,52.2,41.6,7.31,4,2,1,Mobile Development,QA & Testing,Cybersecurity Analyst
1660,54.0,49.9,36.6,50.3,30.3,40.7,33.5,37.5,32.8,50.9,47.7,56.2,66.9,51.3,61.5,43.0,52.3,46.5,50.7,58.3,58.0,45.3,29.9,56.5,31.0,25.1,52.0,7.31,4,1,1,Data Science,Machine Learning,Cybersecurity Analyst
1661,61.8,55.1,61.7,42.6,40.2,46.2,43.5,38.7,21.1,49.7,48.3,64.1,51.0,55.0,46.6,33.6,45.5,61.3,67.2,66.5,61.5,66.9,56.2,46.4,35.4,44.8,57.2,7.31,7,1,2,AI/ML,Business,Cybersecurity Analyst
1662,65.1,32.4,52.9,58.5,35.5,51.9,29.7,38.6,32.4,30.4,60.8,48.9,45.5,50.8,44.1,33.9,62.3,65.8,56.2,46.9,72.5,78.9,66.7,52.3,39.4,41.7,34.3,7.31,6,2,4,AI/ML,Security,Cybersecurity Analyst
1663,25.0,33.7,21.7,40.7,26.4,30.8,19.4,21.1,18.2,28.9,29.4,13.5,22.9,21.5,27.5,31.9,36.7,32.3,33.6,33.5,19.3,29.9,23.7,25.0,29.7,20.9,29.0,7.32,4,0,2,DevOps,Business,Cybersecurity Analyst
1664,39.7,65.9,78.3,67.3,52.8,61.2,67.3,59.6,67.8,56.6,63.8,61.4,56.4,48.0,44.0,62.4,56.3,54.5,25.7,71.4,59.1,49.9,63.1,79.7,76.2,60.8,66.1,7.32,5,0,5,Cloud Computing,Cloud & DevOps,Cybersecurity Analyst
1665,40.2,48.3,29.2,45.4,49.7,37.7,57.4,53.8,50.3,44.2,49.2,48.0,39.2,37.9,52.7,50.8,42.6,54.1,28.6,56.3,49.4,39.1,52.5,47.1,24.8,30.2,31.4,7.32,6,1,2,Data Science,Cloud & DevOps,Cybersecurity Analyst
1666,55.0,62.0,58.5,72.1,44.6,62.5,55.4,55.6,57.3,61.7,59.3,62.7,55.0,50.3,55.5,44.9,49.0,56.8,57.3,84.6,63.5,65.5,68.1,58.6,61.1,61.3,59.8,7.32,6,3,1,DevOps,Backend,Cybersecurity Analyst
1667,38.2,27.2,34.6,28.0,20.6,22.9,23.0,24.4,15.0,35.5,29.2,23.6,22.0,22.8,18.2,27.5,13.4,39.0,17.9,31.3,33.8,30.4,29.8,36.5,8.3,4.3,43.9,7.33,2,2,0,Cybersecurity,Security,Cybersecurity Analyst
1668,43.3,24.3,59.8,24.8,24.3,33.1,33.6,29.5,34.0,23.6,26.3,43.0,35.8,47.3,47.2,35.5,36.2,50.5,48.7,31.9,45.0,49.3,59.3,52.3,71.6,57.9,43.5,7.33,5,1,3,Cybersecurity,Backend,Cybersecurity Analyst
1669,47.5,54.2,52.7,47.9,45.1,33.5,46.0,40.7,57.1,56.3,52.2,55.0,48.3,55.6,44.3,34.5,41.8,75.9,48.3,34.6,44.0,41.5,45.4,66.1,29.7,19.5,53.8,7.34,10,2,2,Web Development,Full Stack,Cybersecurity Analyst
1670,53.0,45.5,45.4,45.0,60.3,68.3,56.0,50.1,55.7,48.0,49.3,53.9,57.8,57.0,59.2,65.1,66.2,54.4,43.6,60.6,67.5,35.7,69.1,39.3,57.0,74.2,59.2,7.34,4,3,5,Web Development,Cloud & DevOps,Cybersecurity Analyst
1671,34.3,31.4,41.3,43.7,36.2,25.5,31.0,23.3,35.9,46.2,28.8,40.9,44.5,37.9,46.4,45.1,42.6,30.6,39.7,23.6,14.9,33.4,28.6,39.5,7.6,25.9,35.4,7.35,5,0,1,Web Development,Cloud & DevOps,Cybersecurity Analyst
1672,54.9,33.6,47.5,28.6,30.9,30.6,25.1,37.9,50.4,30.1,36.1,26.3,28.0,38.5,38.3,51.0,39.2,35.9,35.8,25.2,20.0,25.8,34.8,38.3,49.1,55.3,22.4,7.35,6,2,5,Data Science,Full Stack,Cybersecurity Analyst
1673,44.0,44.3,34.5,46.5,34.9,27.6,43.9,41.6,61.5,62.3,51.7,56.7,40.9,51.3,52.5,55.6,43.1,37.2,32.0,22.6,33.8,29.5,49.4,48.6,29.2,31.2,50.7,7.36,4,2,1,Cloud Computing,Mobile,Cybersecurity Analyst
1674,68.6,63.6,76.9,61.1,46.7,60.6,55.0,67.8,65.0,45.9,67.8,65.1,56.9,48.8,59.1,38.0,59.8,70.5,63.9,63.7,59.5,59.0,53.0,67.8,53.7,47.9,63.2,7.36,11,2,2,Cybersecurity,Security,Cybersecurity Analyst
1675,21.0,37.4,34.5,23.9,27.8,28.8,28.9,41.0,30.1,43.6,32.7,39.6,35.8,29.8,42.3,35.4,37.4,20.2,12.3,25.9,35.4,12.1,41.2,22.4,20.3,42.4,25.3,7.37,5,0,1,Data Science,Backend,Cybersecurity Analyst
1676,22.2,23.3,11.5,36.4,24.7,6.2,29.5,11.5,33.7,22.4,26.7,24.0,18.8,26.7,17.4,17.5,32.1,42.7,40.5,48.0,35.8,33.9,33.1,20.4,51.9,42.3,37.2,7.37,5,2,3,Cybersecurity,QA & Testing,Cybersecurity Analyst
1677,39.9,36.2,25.3,33.9,33.2,31.1,46.9,38.7,32.9,29.1,31.4,40.8,42.4,40.8,35.0,47.4,36.8,43.3,52.9,55.5,49.8,52.2,42.2,52.0,92.0,61.9,32.0,7.37,8,3,2,Data Science,QA & Testing,Cybersecurity Analyst
1678,51.1,44.1,59.3,47.4,53.0,46.0,49.9,46.2,57.9,40.3,48.2,39.9,58.9,54.0,37.3,46.8,50.8,69.5,63.8,30.5,38.0,66.1,48.8,68.0,58.2,56.0,53.5,7.37,6,2,5,Data Science,Mobile,Cybersecurity Analyst
1679,53.8,49.0,73.2,39.1,32.0,31.2,42.9,31.5,37.4,36.2,41.7,32.3,55.4,37.7,50.4,42.3,42.8,54.3,61.3,54.1,49.7,39.8,47.5,56.2,48.8,46.4,48.7,7.37,5,2,0,DevOps,QA & Testing,Cybersecurity Analyst
1680,34.4,45.0,46.6,49.5,48.6,50.2,49.0,42.8,57.9,60.9,45.3,41.5,57.1,72.3,59.7,55.6,60.7,45.1,41.4,27.7,47.4,39.6,73.0,42.5,77.0,56.4,35.3,7.38,7,2,3,DevOps,Business,Cybersecurity Analyst
1681,43.8,51.7,60.3,44.9,42.5,38.7,45.8,24.8,54.3,45.6,62.5,56.8,51.6,66.4,63.1,70.5,69.0,45.4,48.4,42.6,41.1,47.4,37.6,69.5,27.3,35.5,46.6,7.38,7,0,3,Cybersecurity,Cloud & DevOps,Cybersecurity Analyst
1682,50.3,52.1,60.3,53.9,54.3,59.5,50.0,41.7,52.5,55.2,63.0,54.3,53.5,56.1,56.2,57.6,52.2,44.3,37.6,66.0,57.5,48.8,69.9,60.9,52.8,44.8,66.0,7.38,5,2,2,Mobile Development,Machine Learning,Cybersecurity Analyst
1683,55.0,38.2,44.9,38.5,33.9,36.1,32.4,36.2,27.5,29.9,50.1,55.5,51.2,34.4,32.0,41.4,34.8,53.0,42.3,49.9,53.8,44.2,33.7,59.4,36.5,38.1,67.9,7.38,4,0,2,Business Analytics,Frontend,Cybersecurity Analyst
1684,58.7,51.1,55.5,66.8,58.5,55.0,53.7,46.6,63.3,64.7,42.0,45.6,55.9,43.4,50.8,40.0,37.8,46.9,53.5,53.0,42.2,47.0,35.6,49.7,30.8,46.3,48.1,7.38,5,1,1,Cybersecurity,QA & Testing,Cybersecurity Analyst
1685,51.6,52.9,47.9,58.5,59.3,75.8,65.8,77.0,56.9,58.5,59.9,53.2,53.0,51.8,41.5,50.9,62.8,31.0,28.9,57.0,63.1,35.5,47.4,63.5,51.5,62.2,44.9,7.39,9,2,1,Mobile Development,Security,Cybersecurity Analyst
1686,30.3,27.2,22.9,33.7,36.6,50.0,38.9,48.0,19.4,34.2,49.0,35.3,26.8,29.7,39.5,22.0,34.4,34.1,27.9,46.3,41.6,38.1,35.3,16.4,21.9,22.2,38.7,7.4,6,2,5,Data Science,Frontend,Cybersecurity Analyst
1687,63.7,53.9,71.5,58.5,58.5,51.5,56.6,50.1,59.3,66.4,71.6,75.9,63.6,52.1,64.7,62.0,66.6,62.4,74.7,73.7,71.5,68.1,59.5,61.3,64.1,68.5,74.9,7.4,11,2,4,Data Science,Frontend,Cybersecurity Analyst
1688,37.8,41.9,52.7,34.0,63.0,61.9,60.5,68.5,40.5,29.9,38.1,36.6,41.8,41.5,29.1,39.9,28.8,38.6,33.1,45.3,39.8,37.4,54.3,33.1,38.5,36.5,32.8,7.42,4,1,3,AI/ML,Frontend,Cybersecurity Analyst
1689,54.2,46.3,57.6,26.8,42.1,51.1,40.8,34.2,35.8,49.8,42.7,39.3,51.4,33.7,25.1,37.1,28.3,35.5,33.0,58.6,34.1,39.0,37.4,60.9,24.1,21.4,57.1,7.42,8,2,1,Web Development,QA & Testing,Cybersecurity Analyst
1690,28.2,37.2,23.8,30.3,27.8,31.5,29.2,37.0,28.5,26.7,35.6,41.5,44.4,17.2,28.8,17.8,30.6,35.7,49.0,46.9,51.1,49.0,41.5,40.6,43.4,27.4,26.3,7.43,5,0,3,Mobile Development,QA & Testing,Cybersecurity Analyst
1691,40.6,58.3,60.5,35.9,71.5,54.4,48.1,67.4,52.7,46.9,61.9,53.2,48.3,53.5,49.1,59.1,42.6,38.3,35.2,45.4,34.4,28.6,49.5,34.2,46.4,61.0,37.1,7.43,6,1,4,Cloud Computing,Cloud & DevOps,Cybersecurity Analyst
1692,54.4,45.0,31.9,41.1,34.9,22.9,32.7,28.8,58.4,56.6,43.1,49.0,36.9,34.4,33.5,43.6,41.7,41.6,59.4,24.4,33.7,43.8,46.1,31.8,29.0,41.5,44.6,7.43,5,2,2,Mobile Development,Security,Cybersecurity Analyst
1693,46.4,32.2,35.7,34.2,48.3,42.0,46.3,42.6,47.2,27.4,46.6,33.5,45.5,38.7,39.8,39.0,47.5,46.7,54.9,39.0,30.3,53.1,39.2,51.6,44.0,34.1,41.8,7.44,6,2,1,Cloud Computing,Cloud & DevOps,Cybersecurity Analyst
1694,51.4,50.5,36.0,56.3,38.3,34.8,39.8,49.2,45.2,52.1,55.1,33.9,34.8,38.5,26.8,56.1,44.3,21.0,27.5,53.0,55.6,45.7,33.8,16.8,42.5,40.8,41.8,7.44,5,2,5,Data Science,Full Stack,Cybersecurity Analyst
1695,39.6,58.8,30.7,49.6,53.1,29.1,45.8,46.2,32.8,46.4,47.6,42.3,47.8,33.9,34.4,36.6,41.8,34.6,34.6,55.2,43.0,42.4,56.6,45.7,47.0,32.0,42.3,7.46,5,0,2,Web Development,Business,Cybersecurity Analyst
1696,42.6,37.5,23.5,44.1,28.8,31.0,25.1,25.0,30.0,25.8,43.0,42.8,36.7,43.9,51.2,52.8,54.9,63.4,61.7,63.3,67.8,65.2,45.5,27.3,39.1,39.4,41.5,7.46,3,2,3,Data Science,Security,Cybersecurity Analyst
1697,52.7,43.4,65.2,27.0,32.8,37.0,37.2,30.0,31.9,26.1,37.8,39.6,50.5,35.4,38.8,51.3,65.1,43.2,56.7,53.2,43.1,50.9,59.4,58.1,61.9,59.7,72.2,7.46,5,1,4,Cloud Computing,Mobile,Cybersecurity Analyst
1698,56.3,30.7,50.8,40.7,65.6,38.7,46.1,48.2,41.6,38.1,35.8,36.2,44.5,55.0,52.4,46.2,41.3,52.4,54.7,45.8,49.7,58.0,41.4,36.9,60.4,42.3,40.8,7.46,3,1,0,Mobile Development,Cloud & DevOps,Cybersecurity Analyst
1699,57.9,46.5,55.6,45.5,41.7,55.2,56.5,57.8,35.2,30.1,43.3,49.6,46.5,52.6,39.1,30.2,52.9,62.8,71.1,64.5,45.6,45.0,52.8,68.6,57.3,60.3,44.9,7.46,5,3,4,Data Science,Cloud & DevOps,Cybersecurity Analyst
1700,63.0,68.9,42.5,71.5,60.9,48.6,62.8,59.6,66.3,55.3,73.9,63.8,66.5,68.2,74.2,65.8,55.2,53.0,63.6,50.9,53.1,48.9,25.1,41.9,44.7,43.5,58.9,7.46,6,2,1,Mobile Development,Cloud & DevOps,Cybersecurity Analyst
1701,29.1,40.2,51.5,29.8,22.2,19.5,38.7,33.6,32.9,20.5,21.4,40.3,41.4,35.8,39.2,45.0,41.2,30.1,30.4,24.7,34.2,36.3,39.5,40.5,30.5,24.1,32.9,7.47,3,2,2,Mobile Development,Security,Cybersecurity Analyst
1702,52.5,60.0,52.4,66.1,64.5,70.3,60.1,74.1,64.4,61.4,64.9,54.6,62.0,43.4,58.5,54.0,47.7,53.7,45.9,62.0,79.3,35.5,69.5,57.3,67.2,73.1,56.1,7.47,4,2,1,Cloud Computing,Full Stack,Cybersecurity Analyst
1703,28.9,27.0,38.4,36.9,27.5,53.5,20.5,35.8,42.3,35.3,56.1,44.0,31.0,46.3,37.1,37.6,32.3,37.2,44.9,47.1,40.4,47.3,41.6,46.5,35.5,50.7,47.6,7.48,1,1,3,DevOps,Data & Analytics,Cybersecurity Analyst
1704,66.0,74.2,75.0,63.1,86.0,76.8,74.3,69.0,70.7,67.3,83.5,57.7,72.9,71.7,76.5,82.6,84.3,59.5,54.0,64.1,81.4,75.7,72.5,66.1,61.9,70.1,72.5,7.48,9,1,6,Mobile Development,Data & Analytics,Cybersecurity Analyst
1705,56.0,49.5,50.8,35.8,46.6,31.2,46.4,44.1,42.5,37.4,35.4,48.2,42.3,41.3,57.5,41.3,46.3,59.2,57.2,46.4,48.8,62.5,43.3,56.3,40.9,40.9,47.6,7.49,6,1,5,AI/ML,Security,Cybersecurity Analyst
1706,57.5,46.3,47.9,47.1,28.3,27.5,32.2,28.6,33.6,41.3,55.0,37.7,27.7,38.5,45.6,42.1,50.7,46.3,62.8,55.6,38.3,43.4,44.6,52.2,53.5,52.7,37.2,7.49,6,3,7,Business Analytics,Backend,Cybersecurity Analyst
1707,32.5,33.4,42.5,33.8,37.5,36.9,41.6,27.3,43.9,45.0,33.6,40.4,35.4,41.7,25.6,29.3,39.2,18.6,20.0,30.6,44.5,20.8,44.7,30.4,41.0,45.6,31.5,7.5,4,1,2,Web Development,Security,Cybersecurity Analyst
1708,33.5,34.0,37.2,21.2,52.9,53.6,36.5,54.3,31.4,41.2,25.1,35.5,49.8,59.4,52.1,44.5,31.7,37.8,38.4,43.0,46.3,40.9,52.3,32.3,62.6,28.0,33.1,7.5,4,0,0,Business Analytics,Backend,Cybersecurity Analyst
1709,44.7,39.5,48.5,43.4,60.6,66.0,56.9,62.4,68.5,53.0,53.2,53.0,69.9,21.1,32.4,55.2,35.9,50.3,54.7,35.0,58.1,56.8,45.0,35.5,64.5,50.9,50.0,7.5,3,1,2,AI/ML,Security,Cybersecurity Analyst
1710,52.1,34.3,29.3,56.1,61.0,46.4,56.0,60.2,49.1,37.1,29.8,39.4,33.1,42.8,17.7,32.9,31.7,48.8,52.9,59.7,57.4,53.8,54.9,54.8,65.1,49.1,33.6,7.5,3,2,4,Business Analytics,Mobile,Cybersecurity Analyst
1711,22.7,33.8,20.5,27.0,32.2,25.6,35.3,40.2,27.0,27.3,25.3,29.5,27.0,28.9,27.0,40.4,26.9,20.2,13.8,37.2,40.1,20.2,33.8,34.3,27.5,19.8,35.0,7.51,1,0,2,Business Analytics,Full Stack,Cybersecurity Analyst
1712,52.8,40.3,62.1,40.2,40.0,34.0,37.0,33.4,45.4,53.6,31.6,40.4,42.2,53.5,41.1,30.0,32.3,44.8,35.2,37.4,31.1,40.7,59.4,58.5,44.4,38.8,37.6,7.51,3,2,2,Business Analytics,QA & Testing,Cybersecurity Analyst
1713,45.1,49.1,57.1,62.1,36.9,43.8,43.1,41.5,55.4,50.0,66.7,50.6,58.1,61.3,70.3,53.2,41.8,57.3,34.1,58.8,62.4,42.0,42.1,53.0,29.3,58.3,44.6,7.52,5,2,4,Business Analytics,Data & Analytics,Cybersecurity Analyst
1714,52.9,48.0,19.2,35.9,63.4,70.5,49.9,54.2,37.1,39.3,33.0,49.2,37.6,54.8,50.5,54.5,35.8,34.2,33.5,59.5,60.9,34.9,54.4,39.0,66.4,54.9,47.2,7.52,4,3,0,Cloud Computing,QA & Testing,Cybersecurity Analyst
1715,40.4,42.2,50.2,42.7,39.7,40.4,40.1,48.1,45.2,38.1,45.1,36.7,52.9,52.7,52.2,56.2,41.3,22.8,35.9,37.0,29.1,30.9,45.0,43.8,49.1,52.0,43.4,7.53,4,1,2,Mobile Development,Security,Cybersecurity Analyst
1716,58.3,46.0,56.1,53.3,53.1,62.8,60.6,72.2,61.0,55.0,60.8,64.9,47.1,49.8,52.3,45.4,59.2,48.7,62.1,48.4,67.0,55.0,48.0,51.0,46.2,53.1,56.1,7.53,4,1,4,AI/ML,Backend,Cybersecurity Analyst
1717,34.0,33.7,42.1,39.2,32.1,61.7,27.4,63.5,36.2,39.8,29.4,36.5,31.2,34.5,46.9,26.2,37.2,37.4,35.2,38.2,36.5,30.6,34.8,45.3,27.5,21.3,28.7,7.54,3,1,6,Data Science,Machine Learning,Cybersecurity Analyst
1718,65.2,49.4,52.9,31.8,35.1,56.1,45.4,50.8,35.2,21.8,34.6,41.7,41.0,50.0,38.1,54.6,53.1,51.2,52.0,40.1,30.3,46.1,34.9,58.3,17.2,15.6,43.0,7.54,5,1,6,Mobile Development,Security,Cybersecurity Analyst
1719,44.9,39.2,45.9,24.6,46.3,36.8,45.6,54.1,38.4,39.9,33.3,49.7,47.9,44.2,40.2,39.3,42.5,53.8,57.9,29.9,30.0,36.2,33.2,49.3,42.3,41.0,50.0,7.55,3,1,3,Cloud Computing,Full Stack,Cybersecurity Analyst
1720,56.0,69.1,74.0,48.4,68.0,52.4,73.1,69.4,72.8,63.6,57.1,57.9,62.1,51.9,60.2,56.0,66.6,61.7,68.9,38.5,46.2,68.8,82.5,58.2,79.7,64.8,63.7,7.55,3,3,3,Cloud Computing,QA & Testing,Cybersecurity Analyst
1721,46.8,34.2,58.2,48.0,39.7,35.7,42.1,42.5,41.6,44.2,58.5,54.5,47.8,53.3,52.1,54.0,55.3,52.3,51.1,52.4,43.0,54.0,28.2,42.9,36.5,29.8,70.0,7.56,5,0,4,Mobile Development,Cloud & DevOps,Cybersecurity Analyst
1722,31.2,39.7,24.8,26.6,41.3,50.5,32.1,36.9,40.5,26.6,52.4,31.4,43.2,45.9,39.3,35.3,45.1,45.8,46.5,30.5,37.2,38.3,53.0,47.9,55.3,40.9,48.1,7.57,4,1,2,Cloud Computing,Mobile,Cybersecurity Analyst
1723,43.8,19.9,45.0,27.3,25.6,27.5,33.4,30.3,26.5,36.0,28.4,38.3,31.7,10.5,42.4,24.6,24.0,51.9,46.2,40.2,41.4,52.4,31.3,51.9,34.7,41.6,48.4,7.57,3,1,1,Web Development,Cloud & DevOps,Cybersecurity Analyst
1724,46.2,44.1,43.1,40.7,61.8,53.2,54.6,62.1,48.0,38.3,53.6,52.0,43.0,23.4,32.0,30.4,33.6,59.6,62.0,49.2,44.8,51.0,61.4,36.4,29.5,54.6,42.3,7.57,5,1,2,DevOps,Business,Cybersecurity Analyst
1725,52.2,46.6,46.3,29.6,39.9,32.4,41.1,43.0,33.5,24.4,24.0,43.4,49.8,43.0,42.3,33.4,32.3,53.2,47.6,34.4,26.3,39.1,47.2,59.6,43.0,42.2,57.3,7.57,4,1,5,Mobile Development,Cloud & DevOps,Cybersecurity Analyst
1726,36.6,61.7,51.2,33.9,64.6,67.6,58.7,68.6,52.1,50.0,28.9,62.5,45.5,39.1,25.0,43.9,40.0,32.3,26.7,37.5,30.4,41.8,57.3,51.5,47.4,47.7,62.6,7.58,7,1,3,Cloud Computing,QA & Testing,Cybersecurity Analyst
1727,38.2,53.8,31.0,44.9,34.9,53.3,43.2,46.0,58.7,50.5,55.4,54.2,48.5,61.3,66.6,42.7,57.1,25.4,30.9,66.2,63.7,43.8,48.6,41.9,35.4,37.9,34.7,7.58,7,2,2,Cloud Computing,Machine Learning,Cybersecurity Analyst
1728,41.1,50.3,54.5,51.6,66.3,67.4,59.2,64.8,49.8,54.3,46.2,49.3,39.9,46.4,44.3,35.1,30.1,59.2,65.5,52.4,51.2,44.0,76.1,36.4,63.0,51.3,51.5,7.58,5,2,3,Business Analytics,Machine Learning,Cybersecurity Analyst
1729,46.6,57.4,51.3,36.4,45.5,46.6,26.1,30.1,33.3,50.1,53.3,36.0,46.4,33.0,43.1,52.3,39.7,37.7,27.7,51.3,39.3,47.3,50.1,51.3,60.6,52.4,49.0,7.58,5,1,5,Cloud Computing,Backend,Cybersecurity Analyst
1730,43.9,70.1,51.1,45.3,59.7,63.0,49.5,57.1,61.1,49.6,52.6,57.3,45.7,59.5,52.3,58.2,52.8,40.2,38.0,45.6,36.7,31.2,44.0,56.3,37.7,57.7,34.7,7.59,3,2,3,Data Science,Full Stack,Cybersecurity Analyst
1731,45.4,47.9,29.5,39.0,56.5,48.4,57.3,52.4,60.2,45.3,47.7,56.2,64.3,47.0,55.8,65.2,61.4,42.3,37.8,46.5,49.0,38.0,57.6,58.0,71.3,61.8,48.8,7.59,4,2,4,DevOps,Backend,Cybersecurity Analyst
1732,70.0,71.9,60.8,59.3,42.5,53.4,46.7,43.0,60.9,66.6,60.4,56.9,58.5,49.9,53.7,46.2,56.5,86.1,68.3,69.7,57.7,56.5,68.8,51.3,55.0,53.6,69.2,7.59,7,2,5,Data Science,Backend,Cybersecurity Analyst
1733,44.4,44.5,54.1,28.4,33.8,29.0,24.5,30.6,42.4,33.4,27.6,29.6,31.9,43.9,39.0,41.2,44.3,27.4,24.8,22.2,27.7,30.0,29.3,33.8,38.3,42.4,37.8,7.6,2,0,0,DevOps,QA & Testing,Cybersecurity Analyst
1734,44.4,39.1,63.3,61.6,49.5,43.3,59.2,49.2,37.9,49.2,60.3,56.8,47.4,57.3,37.3,45.3,41.7,52.7,51.1,66.2,46.6,50.1,26.5,49.6,49.3,58.7,55.2,7.6,4,1,2,Mobile Development,Security,Cybersecurity Analyst
1735,45.7,34.5,35.2,40.2,22.4,29.1,45.7,30.2,34.1,45.9,22.0,37.7,37.9,46.0,43.5,29.2,36.9,42.5,35.2,59.3,54.3,52.8,51.3,44.9,56.0,40.8,22.9,7.61,3,0,3,Mobile Development,Backend,Cybersecurity Analyst
1736,55.6,51.6,38.1,63.1,29.3,29.3,27.4,29.3,37.9,47.1,40.4,49.8,50.8,38.3,33.2,38.6,52.1,54.1,56.6,57.2,60.3,53.6,59.7,59.3,48.2,35.1,62.8,7.62,9,0,5,DevOps,Data & Analytics,Cybersecurity Analyst
1737,36.9,47.9,41.2,45.6,52.7,40.1,36.7,38.6,52.8,50.4,42.4,44.0,49.5,41.4,44.7,36.9,47.0,37.5,38.3,27.7,38.1,42.4,36.9,59.7,48.5,47.0,49.9,7.63,2,0,4,Data Science,QA & Testing,Cybersecurity Analyst
1738,49.6,53.0,37.5,51.1,53.8,43.2,59.7,49.0,51.9,59.5,55.9,48.5,46.9,41.5,35.2,48.0,35.4,60.8,47.5,58.6,42.2,57.8,32.0,49.8,28.2,31.5,44.5,7.63,9,1,1,Business Analytics,Mobile,Cybersecurity Analyst
1739,40.1,35.0,51.3,40.7,56.4,61.0,52.8,47.8,46.4,39.3,37.4,45.2,35.5,35.4,25.4,37.9,30.8,30.6,31.7,38.7,31.1,34.9,21.5,44.0,44.5,46.1,35.3,7.64,6,1,3,Cybersecurity,Backend,Cybersecurity Analyst
1740,52.7,46.6,35.6,55.1,68.5,70.5,54.4,54.6,51.2,52.1,59.3,31.1,57.8,41.5,48.4,51.6,26.5,48.2,43.3,71.6,79.7,46.5,62.1,38.5,54.2,84.9,59.5,7.64,4,1,0,AI/ML,Machine Learning,Cybersecurity Analyst
1741,36.3,35.7,27.9,37.5,24.9,19.6,22.9,26.1,35.6,22.0,33.4,30.5,18.2,33.2,27.5,43.8,30.9,24.6,24.1,33.9,23.7,24.8,16.1,22.7,30.0,20.0,26.2,7.65,2,0,2,DevOps,Security,Cybersecurity Analyst
1742,36.8,41.0,36.2,20.3,51.8,48.6,40.0,51.2,43.3,46.5,41.9,28.1,40.4,24.7,37.5,40.9,41.1,26.1,21.4,41.7,22.4,34.0,43.7,31.6,40.1,41.0,47.8,7.65,4,2,1,Mobile Development,Frontend,Cybersecurity Analyst
1743,53.0,72.5,74.3,76.7,80.5,79.1,73.1,89.4,67.1,58.8,95.2,68.3,63.1,55.7,64.2,51.5,51.4,58.6,42.4,66.6,70.2,55.8,56.4,62.3,58.8,54.0,67.2,7.65,10,2,3,Web Development,Data & Analytics,Cybersecurity Analyst
1744,46.0,31.6,47.5,35.5,37.6,29.4,22.5,33.3,35.4,33.5,42.1,35.3,44.5,19.0,23.8,41.3,33.2,48.0,53.1,44.7,23.0,52.9,31.4,55.3,43.3,37.7,39.2,7.66,5,2,2,AI/ML,Security,Cybersecurity Analyst
1745,61.4,43.8,42.6,45.0,52.6,60.3,68.8,65.7,69.3,53.0,51.6,54.4,55.6,53.5,53.1,62.1,60.6,35.6,32.7,39.5,46.4,28.7,61.1,43.3,51.5,52.4,46.0,7.66,2,3,3,Web Development,Mobile,Cybersecurity Analyst
1746,65.9,61.6,70.2,45.3,47.8,42.7,42.7,45.2,50.8,44.0,55.3,60.5,56.2,39.4,46.6,43.1,42.6,59.1,57.2,61.6,53.2,61.2,48.3,63.0,37.9,31.6,51.8,7.66,2,0,5,Business Analytics,Security,Cybersecurity Analyst
1747,28.0,31.8,46.0,38.9,33.2,37.4,19.7,19.2,33.8,31.5,35.6,21.4,46.4,23.5,23.2,33.7,33.4,48.9,43.2,47.0,35.1,48.8,27.0,40.3,35.3,45.7,43.2,7.67,1,0,4,Mobile Development,Machine Learning,Cybersecurity Analyst
1748,56.9,42.3,54.9,34.8,25.0,24.5,16.6,29.2,25.9,34.2,21.7,35.4,29.1,63.4,49.8,49.9,48.2,58.3,50.1,41.0,38.1,43.0,42.6,39.0,48.6,45.4,34.6,7.67,3,1,2,Data Science,Business,Cybersecurity Analyst
1749,43.8,51.6,46.1,43.8,23.3,24.0,28.9,36.9,55.4,48.5,54.2,29.8,28.8,42.0,44.5,42.2,33.1,52.1,60.2,41.1,38.1,43.9,18.5,45.9,42.6,23.8,38.9,7.68,4,0,5,Data Science,Data & Analytics,Cybersecurity Analyst
1750,24.8,29.3,18.5,37.1,34.8,42.2,41.8,35.6,35.2,37.4,39.9,35.4,59.4,48.5,43.4,34.0,36.2,40.5,40.0,55.1,50.3,23.7,41.8,17.8,22.7,40.1,36.7,7.69,6,1,2,Web Development,Backend,Cybersecurity Analyst
1751,45.8,36.0,45.8,49.2,51.2,65.3,61.8,63.2,46.4,50.3,40.6,54.0,50.4,39.3,31.8,41.6,33.8,44.8,53.6,42.9,32.2,50.0,39.9,40.6,39.3,49.7,42.3,7.69,5,1,2,Mobile Development,Mobile,Cybersecurity Analyst
1752,18.7,31.3,36.3,16.1,31.5,37.7,43.2,59.0,23.7,25.5,19.9,45.1,47.1,36.3,39.6,38.9,26.2,24.3,12.2,19.6,29.5,19.4,45.9,38.4,24.2,17.8,36.5,7.7,3,1,3,Data Science,Cloud & DevOps,Cybersecurity Analyst
1753,41.1,30.9,45.9,37.4,41.1,47.8,40.9,41.6,36.5,29.9,39.6,48.1,50.4,59.0,36.4,36.2,60.1,33.5,42.6,43.0,40.4,43.9,49.1,41.9,34.4,29.8,38.3,7.7,4,1,2,AI/ML,Full Stack,Cybersecurity Analyst
1754,64.2,37.7,51.1,41.4,47.7,58.2,61.9,61.7,48.9,42.2,35.2,48.9,48.2,68.0,73.6,61.5,40.5,45.7,61.3,32.0,44.8,44.2,62.2,43.5,52.7,66.6,46.4,7.71,4,3,4,Cloud Computing,Mobile,Cybersecurity Analyst
1755,64.8,64.5,73.4,51.9,33.4,35.0,39.6,34.7,47.8,45.2,63.1,59.3,49.1,67.8,50.1,62.9,40.6,51.2,39.1,48.1,60.1,57.9,55.9,61.5,65.2,55.7,66.8,7.72,5,1,9,DevOps,Business,Cybersecurity Analyst
1756,24.6,22.2,28.0,28.9,29.6,29.4,26.4,23.9,39.9,41.6,30.7,20.4,27.3,35.5,29.9,31.9,17.3,14.6,12.1,5.2,24.9,4.7,25.7,16.9,19.9,26.3,17.8,7.73,4,1,2,Cybersecurity,Security,Cybersecurity Analyst
1757,58.9,21.8,39.8,49.8,50.7,54.1,43.6,48.6,42.1,45.1,25.6,43.2,50.4,36.8,45.1,48.1,41.0,58.6,50.4,61.1,66.2,54.6,56.2,46.7,63.8,60.3,31.5,7.73,2,0,2,Business Analytics,Backend,Cybersecurity Analyst
1758,66.2,56.7,55.8,58.2,58.3,51.7,59.5,71.8,59.7,56.8,63.0,49.7,55.8,48.5,33.7,49.2,47.3,59.8,72.2,63.3,67.2,74.1,43.8,58.7,65.1,64.4,70.7,7.73,12,3,2,AI/ML,Full Stack,Cybersecurity Analyst
1759,26.9,41.4,35.0,36.9,63.8,56.8,57.6,67.4,48.5,47.8,46.2,36.8,47.8,53.7,60.6,66.3,58.3,43.9,45.8,36.2,28.4,28.2,50.9,45.2,38.1,51.4,42.1,7.74,3,2,4,Business Analytics,Full Stack,Cybersecurity Analyst
1760,27.0,41.5,36.5,24.2,35.4,44.1,47.8,36.2,31.1,41.3,36.9,27.9,42.2,41.7,43.8,42.2,39.6,29.4,22.7,35.6,46.1,30.7,28.8,33.5,24.2,39.8,39.7,7.74,4,1,5,Business Analytics,Cloud & DevOps,Cybersecurity Analyst
1761,58.8,47.8,46.4,34.8,49.6,41.5,50.1,47.0,49.1,43.5,35.9,52.3,55.5,59.4,39.0,37.7,36.7,55.4,65.1,53.4,59.3,58.7,47.8,53.3,41.6,54.2,47.8,7.74,6,2,4,AI/ML,Machine Learning,Cybersecurity Analyst
1762,21.7,1.6,39.8,24.6,20.3,43.1,18.2,22.3,21.8,26.0,23.9,31.9,24.4,20.2,14.7,17.3,27.9,36.0,24.1,30.1,40.3,33.9,25.4,20.7,15.3,25.3,23.6,7.75,1,1,0,Cybersecurity,Backend,Cybersecurity Analyst
1763,34.8,52.7,55.8,53.3,30.9,12.6,36.4,46.4,32.2,31.7,39.8,42.7,21.6,40.0,33.3,35.5,45.3,34.7,33.4,44.5,55.0,37.8,36.5,47.2,58.3,67.0,44.5,7.75,8,0,2,Business Analytics,Data & Analytics,Cybersecurity Analyst
1764,42.7,55.9,41.2,28.3,29.0,32.2,5.5,31.6,11.4,37.5,16.1,35.3,28.6,54.7,42.0,58.1,54.2,61.4,49.3,36.9,45.0,55.5,39.9,46.5,46.2,30.2,40.3,7.75,1,2,5,Data Science,QA & Testing,Cybersecurity Analyst
1765,47.0,48.0,29.2,42.4,49.0,43.5,49.0,57.5,48.1,44.0,53.0,43.1,39.0,55.0,61.6,47.0,62.0,47.3,47.9,50.3,44.4,34.9,61.1,28.1,55.7,58.7,32.6,7.75,7,1,3,AI/ML,Security,Cybersecurity Analyst
1766,29.7,58.4,48.0,42.6,68.9,62.2,59.5,62.3,52.5,53.9,40.5,64.2,61.7,66.5,62.5,70.1,48.0,48.4,50.1,37.0,38.8,43.9,41.6,46.5,24.1,55.4,36.0,7.76,5,1,1,Cybersecurity,Security,Cybersecurity Analyst
1767,53.6,50.6,53.8,44.5,59.2,56.4,39.5,64.9,37.0,44.1,49.5,60.8,52.9,31.6,41.4,25.1,40.3,57.1,53.9,52.8,54.9,58.3,28.5,70.7,37.7,42.3,40.3,7.76,7,0,1,AI/ML,Machine Learning,Cybersecurity Analyst
1768,38.0,43.1,23.3,40.5,24.2,21.1,21.3,28.3,33.0,42.6,37.7,46.6,40.2,54.9,42.7,41.1,48.3,31.3,40.1,56.0,56.6,37.9,40.0,37.3,48.5,47.1,18.9,7.77,4,2,5,Data Science,Business,Cybersecurity Analyst
1769,44.2,48.9,36.3,43.7,39.8,38.1,47.7,33.7,52.3,35.9,44.3,42.4,55.4,41.8,44.6,47.1,50.8,25.8,30.5,39.2,19.7,39.0,49.0,28.9,34.1,47.3,33.7,7.77,5,1,2,AI/ML,Backend,Cybersecurity Analyst
1770,38.2,31.1,61.7,57.5,46.0,49.0,40.0,35.9,50.0,54.3,53.9,47.2,33.8,34.7,48.5,43.2,24.8,39.3,50.3,61.7,62.5,47.7,53.0,37.6,46.0,60.3,46.5,7.79,5,1,1,Cybersecurity,Security,Cybersecurity Analyst
1771,58.3,46.5,40.3,67.7,51.2,37.0,47.6,49.4,41.7,53.3,50.9,49.7,51.2,36.9,50.5,44.9,34.0,76.5,72.1,72.0,70.6,68.9,77.5,39.9,69.8,71.8,34.5,7.79,7,2,4,Cybersecurity,Full Stack,Cybersecurity Analyst
1772,61.8,67.9,55.4,55.1,68.7,62.9,65.9,69.1,70.1,57.6,58.7,68.9,60.7,56.7,76.1,85.9,59.1,47.5,72.9,58.6,57.9,56.7,53.5,75.4,62.7,62.9,57.2,7.79,7,2,4,Data Science,Frontend,Cybersecurity Analyst
1773,27.8,60.6,46.6,45.1,34.4,47.5,55.1,37.1,51.5,41.7,44.7,36.9,38.3,45.9,40.3,46.8,50.4,29.4,32.5,37.3,35.3,36.3,43.3,41.8,53.2,50.5,37.3,7.8,5,1,3,AI/ML,Cloud & DevOps,Cybersecurity Analyst
1774,28.1,30.1,24.6,35.6,27.9,14.0,38.2,36.2,34.1,34.3,36.8,34.2,21.1,42.6,30.1,55.4,37.9,47.5,45.2,16.1,25.2,38.8,45.9,36.4,32.0,38.2,26.8,7.81,6,2,4,DevOps,Cloud & DevOps,Cybersecurity Analyst
1775,54.6,64.4,79.0,53.4,36.8,25.4,27.8,31.2,57.0,45.8,63.0,45.9,49.3,63.5,58.4,64.0,64.9,49.0,55.7,45.4,57.4,43.6,56.4,67.2,65.7,50.2,65.2,7.81,3,1,4,Cybersecurity,Data & Analytics,Cybersecurity Analyst
1776,29.3,36.3,32.0,20.6,16.1,17.3,19.4,22.4,28.7,26.3,21.5,31.5,15.6,22.6,29.5,18.0,30.2,30.0,43.8,22.8,33.8,39.8,28.0,30.1,27.9,24.7,21.3,7.82,3,1,3,DevOps,Security,Cybersecurity Analyst
1777,39.1,43.7,43.7,36.3,38.3,46.4,47.1,36.3,34.8,31.1,42.7,61.4,44.6,26.9,43.8,50.3,44.4,45.3,43.5,30.3,43.3,40.4,63.3,42.1,71.3,55.5,47.5,7.82,12,2,5,Cybersecurity,Backend,Cybersecurity Analyst
1778,52.0,49.0,64.8,56.1,58.3,72.0,59.0,56.6,48.9,35.3,56.5,49.7,56.0,46.4,40.7,29.0,50.9,60.1,49.5,63.1,61.3,56.5,42.1,56.2,44.1,31.5,45.7,7.82,8,1,3,Business Analytics,Data & Analytics,Cybersecurity Analyst
1779,33.7,42.3,38.5,30.8,24.7,22.1,21.7,13.3,38.9,30.4,31.7,33.4,24.1,26.2,26.7,38.4,36.8,19.4,23.9,33.3,31.4,14.3,31.5,37.6,40.7,32.1,33.1,7.83,6,1,5,DevOps,Security,Cybersecurity Analyst
1780,45.3,36.9,66.0,32.9,41.4,22.4,35.5,40.5,57.9,47.7,29.5,47.4,51.4,49.2,47.4,50.6,55.0,49.4,35.6,26.1,34.5,44.9,33.3,61.0,23.3,34.3,40.6,7.83,6,1,3,Data Science,Frontend,Cybersecurity Analyst
1781,46.1,42.2,45.8,30.8,55.5,50.7,40.9,51.3,37.2,39.3,41.7,45.5,30.1,34.6,17.6,28.7,39.8,45.5,34.9,32.4,26.9,43.4,32.0,54.2,35.5,56.6,48.5,7.83,1,1,1,DevOps,QA & Testing,Cybersecurity Analyst
1782,56.8,54.1,62.5,61.2,40.9,47.3,41.7,42.2,65.9,62.5,52.8,49.4,52.3,50.2,46.0,51.9,59.6,41.9,37.3,58.1,58.4,41.5,56.6,68.7,77.5,62.4,48.3,7.83,6,1,5,Web Development,Frontend,Cybersecurity Analyst
1783,57.6,51.8,48.8,59.2,49.2,41.8,48.9,37.0,49.3,56.8,52.4,43.2,55.8,48.2,53.7,47.8,39.0,52.7,39.0,61.5,52.6,50.1,36.2,54.2,45.0,49.8,34.6,7.83,6,1,4,Cybersecurity,Backend,Cybersecurity Analyst
1784,34.3,50.0,31.3,55.9,46.7,53.8,60.2,60.7,42.2,51.4,59.3,55.6,53.7,52.6,59.4,58.7,48.1,43.5,42.7,54.8,49.7,42.7,40.9,47.0,38.5,48.5,38.1,7.84,10,2,1,Cybersecurity,Business,Cybersecurity Analyst
1785,56.9,73.9,65.9,63.2,86.7,74.6,77.4,80.8,69.9,65.8,61.8,79.0,73.1,82.5,73.9,65.4,71.8,60.5,68.3,78.2,62.2,79.1,58.9,83.8,53.4,65.0,48.9,7.84,9,2,6,Data Science,Business,Cybersecurity Analyst
1786,68.9,68.7,61.1,52.0,48.4,30.8,39.1,32.6,56.5,71.1,69.3,52.2,62.6,55.2,51.9,76.6,78.5,40.4,32.5,57.5,61.8,44.4,58.8,67.4,69.5,61.0,50.6,7.84,5,1,5,Cloud Computing,Cloud & DevOps,Cybersecurity Analyst
1787,32.9,34.1,44.0,33.5,18.5,10.4,22.0,22.8,28.5,40.6,44.2,35.8,32.7,51.3,43.4,36.7,36.5,51.0,50.2,38.0,33.3,37.1,21.0,39.4,15.3,44.3,47.8,7.86,7,1,1,DevOps,Backend,Cybersecurity Analyst
1788,44.4,46.6,42.2,41.9,36.9,42.5,45.5,31.5,50.9,37.6,45.3,35.7,39.6,58.5,61.6,67.4,46.5,20.3,42.9,45.1,37.5,36.4,54.4,46.1,50.4,45.2,40.4,7.88,0,1,3,Cybersecurity,Frontend,Cybersecurity Analyst
1789,58.1,67.3,80.8,53.5,69.8,77.7,70.9,90.9,74.2,66.4,64.8,68.4,70.2,74.3,48.6,71.6,55.2,70.5,61.9,55.3,54.2,62.4,57.1,65.2,61.1,64.0,71.2,7.88,10,2,7,Cybersecurity,Business,Cybersecurity Analyst
1790,31.7,35.2,40.6,43.8,24.8,28.7,28.2,21.8,31.4,32.6,40.4,37.0,20.7,36.3,44.9,50.3,52.0,32.2,23.9,44.2,45.2,28.4,24.0,15.9,24.6,37.7,17.8,7.89,2,0,1,Business Analytics,Data & Analytics,Cybersecurity Analyst
1791,38.6,38.1,43.2,41.3,40.5,39.6,39.8,41.7,39.8,22.2,51.1,49.7,38.3,42.3,61.1,46.9,42.4,38.8,53.0,49.7,42.0,36.7,60.8,48.3,61.6,38.2,38.3,7.89,3,1,2,Mobile Development,Data & Analytics,Cybersecurity Analyst
1792,65.6,59.5,66.3,52.2,64.0,42.1,53.9,51.2,54.0,64.4,53.9,52.9,59.5,52.8,52.8,66.3,65.3,59.0,57.6,43.5,52.9,61.2,67.3,48.6,66.0,55.4,54.2,7.89,2,1,2,Cloud Computing,Machine Learning,Cybersecurity Analyst
1793,34.3,26.1,38.4,17.4,24.0,25.1,24.7,42.6,41.4,31.6,46.5,37.6,46.6,25.2,32.5,36.8,47.6,43.8,28.6,49.8,47.2,42.4,60.5,43.4,62.4,51.0,39.7,7.9,7,3,0,Cybersecurity,Backend,Cybersecurity Analyst
1794,41.7,21.7,33.7,37.6,24.4,34.1,31.5,28.0,16.4,24.7,39.4,39.0,20.5,39.2,23.0,31.2,51.2,37.0,53.3,45.5,48.8,44.7,7.2,28.5,29.3,38.1,39.9,7.9,4,1,4,Web Development,Backend,Cybersecurity Analyst
1795,34.0,31.0,46.9,28.7,36.0,32.2,43.8,42.8,47.2,41.2,33.9,34.2,36.3,61.6,45.8,46.9,59.0,40.3,32.7,40.7,31.6,40.0,36.8,39.3,33.6,46.2,36.8,7.92,6,0,4,DevOps,Cloud & DevOps,Cybersecurity Analyst
1796,61.3,71.5,67.4,59.3,45.7,27.8,48.4,26.0,59.5,74.4,66.0,60.4,36.4,52.1,54.8,69.1,56.7,54.3,52.3,50.8,56.4,50.9,45.4,57.4,70.6,60.2,56.9,7.92,4,1,4,Cybersecurity,Data & Analytics,Cybersecurity Analyst
1797,58.2,69.3,49.0,69.1,45.7,42.8,67.0,50.1,62.0,66.9,82.7,71.8,63.3,63.0,65.0,58.3,49.3,66.8,49.9,64.8,83.7,75.4,76.5,52.0,64.8,57.4,53.5,7.93,6,0,3,Cybersecurity,Frontend,Cybersecurity Analyst
1798,55.4,43.6,40.0,55.0,38.3,42.0,33.5,42.8,49.1,52.3,67.2,48.6,34.3,61.7,50.2,58.1,48.2,37.5,58.8,62.9,60.6,51.3,51.8,33.3,52.7,30.8,45.9,7.94,8,0,3,AI/ML,Cloud & DevOps,Cybersecurity Analyst
1799,38.5,41.6,19.6,30.8,59.4,53.4,47.8,60.2,37.4,46.5,34.7,37.7,40.7,39.5,30.3,35.9,32.2,38.8,46.7,58.8,58.8,43.7,46.7,31.1,58.4,65.1,30.3,7.95,3,3,2,Business Analytics,Backend,Cybersecurity Analyst
1800,42.0,62.0,58.7,54.0,33.2,39.9,32.8,49.5,57.1,42.0,49.4,46.8,39.8,50.4,52.6,38.6,44.7,42.5,32.5,53.3,66.8,57.6,49.5,60.6,47.7,57.0,44.8,7.95,2,2,0,AI/ML,Frontend,Cybersecurity Analyst
1801,44.6,27.8,46.3,42.0,35.7,41.3,36.7,50.9,34.2,48.2,44.7,42.8,43.0,40.1,51.5,51.0,54.8,42.9,41.6,51.3,63.6,54.0,35.0,33.7,35.3,32.7,54.7,7.95,3,0,8,Business Analytics,Backend,Cybersecurity Analyst
1802,47.4,50.0,40.2,52.2,53.2,55.9,55.8,58.9,48.3,60.6,62.9,46.9,41.2,47.6,43.7,25.6,49.5,27.8,39.5,52.4,43.2,34.1,48.3,15.8,32.1,33.1,40.9,7.96,0,1,5,Web Development,Frontend,Cybersecurity Analyst
1803,54.9,41.4,33.9,51.9,52.2,49.4,43.0,45.5,57.8,53.0,46.3,46.0,56.9,52.9,50.6,57.0,54.9,48.1,59.8,35.3,43.1,41.1,35.9,45.0,32.3,47.7,70.7,7.96,10,3,7,AI/ML,Machine Learning,Cybersecurity Analyst
1804,29.5,39.6,35.1,28.2,49.6,45.6,44.4,35.9,26.1,40.5,25.8,36.1,37.0,44.9,44.5,39.4,32.5,33.6,33.7,35.1,29.8,35.6,35.7,34.5,46.0,48.4,35.6,7.97,6,1,2,Web Development,Cloud & DevOps,Cybersecurity Analyst
1805,37.4,32.5,32.7,44.0,46.2,42.9,52.7,35.8,58.3,51.0,49.1,37.6,46.7,55.2,46.2,53.1,52.1,36.7,25.6,26.4,27.9,29.1,28.0,40.5,21.4,26.2,34.4,7.98,4,2,4,Web Development,Cloud & DevOps,Cybersecurity Analyst
1806,57.2,55.6,53.7,42.5,52.3,48.0,50.8,57.8,57.4,52.6,64.4,48.8,46.7,60.0,49.7,62.8,36.7,64.4,69.3,69.9,57.2,61.0,42.8,62.4,59.7,50.2,56.9,7.99,5,2,2,Cloud Computing,Data & Analytics,Cybersecurity Analyst
1807,37.0,29.6,53.8,49.4,48.0,49.6,54.1,40.0,46.0,49.9,40.8,36.2,39.7,50.8,54.6,39.8,44.6,36.4,26.5,43.0,41.9,28.2,51.0,42.0,66.5,56.4,53.3,8.0,2,2,4,Mobile Development,Mobile,Cybersecurity Analyst
1808,52.2,39.8,65.8,24.2,44.1,47.1,39.3,35.1,44.2,40.1,36.8,49.3,56.9,48.0,52.3,61.0,53.7,58.0,36.6,24.7,23.6,47.7,39.8,56.6,44.5,46.3,37.9,8.02,3,2,2,Web Development,QA & Testing,Cybersecurity Analyst
1809,71.3,48.3,49.7,43.5,34.9,30.5,34.6,22.2,36.6,47.9,50.0,45.2,47.5,43.9,49.6,50.3,60.5,60.3,62.6,62.3,55.4,59.4,66.9,56.7,59.3,53.0,57.6,8.02,11,0,3,Cybersecurity,Business,Cybersecurity Analyst
1810,53.8,42.1,45.3,51.2,22.0,22.9,34.1,12.9,36.7,36.8,27.8,40.1,40.3,37.0,54.2,45.0,47.9,50.6,58.5,45.9,55.0,64.0,41.8,55.5,57.4,43.8,54.4,8.03,4,0,4,Data Science,Business,Cybersecurity Analyst
1811,37.5,38.9,53.8,30.1,45.7,50.1,40.7,46.5,39.2,35.7,22.8,38.8,51.2,52.8,51.9,48.9,57.8,40.7,43.9,29.9,29.0,45.3,39.1,36.7,34.7,40.6,39.6,8.05,3,2,4,Cloud Computing,Frontend,Cybersecurity Analyst
1812,61.0,42.6,57.8,45.3,58.8,54.5,59.3,69.8,47.7,33.2,36.5,44.7,47.2,53.2,55.5,45.6,50.0,56.2,55.8,21.5,35.8,64.4,51.9,53.7,45.2,54.2,55.0,8.05,7,1,4,DevOps,Cloud & DevOps,Cybersecurity Analyst
1813,48.9,58.7,54.5,59.2,50.9,48.2,69.4,46.3,62.4,51.8,64.7,50.3,58.6,41.7,50.8,40.1,42.2,39.1,37.3,49.3,46.6,35.9,25.0,52.2,45.3,40.5,45.2,8.09,5,2,4,Mobile Development,Mobile,Cybersecurity Analyst
1814,49.4,30.6,50.6,34.7,49.8,65.5,48.9,59.8,37.8,41.0,43.0,44.4,50.4,40.2,39.0,52.5,49.8,31.7,37.4,49.2,40.4,42.7,48.5,46.0,41.6,49.5,30.3,8.1,6,1,3,Cybersecurity,Frontend,Cybersecurity Analyst
1815,62.2,59.8,73.2,56.6,55.4,42.5,48.6,31.4,48.9,53.6,58.1,43.0,48.4,52.6,56.7,53.9,82.1,59.8,64.6,61.2,55.6,79.3,46.5,61.6,36.2,50.5,75.5,8.12,5,1,6,Mobile Development,Data & Analytics,Cybersecurity Analyst
1816,39.5,55.3,35.1,52.9,41.9,71.1,63.2,52.2,57.9,34.9,35.5,59.3,43.8,53.4,50.4,36.4,37.9,32.0,34.8,49.8,64.3,39.7,61.4,53.5,54.2,60.9,41.5,8.13,6,1,6,Cybersecurity,Mobile,Cybersecurity Analyst
1817,62.5,47.2,43.6,66.0,49.1,41.3,44.3,49.5,53.1,55.2,40.5,45.4,43.1,44.2,36.4,38.3,55.6,49.4,44.0,52.1,53.3,51.7,32.6,48.2,26.9,18.7,48.0,8.15,6,0,2,AI/ML,QA & Testing,Cybersecurity Analyst
1818,68.3,62.7,60.3,51.5,56.7,54.4,43.7,46.3,37.3,32.0,45.2,56.1,47.7,64.5,50.3,47.1,48.7,69.0,69.5,34.4,49.5,55.0,35.6,56.8,55.5,68.0,55.4,8.16,7,2,2,Cybersecurity,Full Stack,Cybersecurity Analyst
1819,47.5,48.8,55.0,37.5,61.9,58.8,49.9,54.2,32.9,57.8,47.5,37.6,46.5,45.9,30.0,40.6,47.7,47.8,49.6,76.1,43.9,50.1,46.1,44.7,38.4,36.5,48.9,8.17,3,1,0,AI/ML,Cloud & DevOps,Cybersecurity Analyst
1820,50.1,49.2,46.3,55.5,37.5,53.0,49.2,46.4,44.6,63.6,52.6,38.0,39.6,52.2,38.3,41.9,38.7,64.0,59.5,63.8,45.6,55.3,45.5,53.2,33.6,39.6,70.3,8.18,5,2,2,Cybersecurity,Mobile,Cybersecurity Analyst
1821,58.1,30.2,43.6,48.4,46.4,43.0,32.5,39.2,36.5,32.7,27.6,40.2,55.5,49.8,47.8,46.7,60.5,60.1,63.2,25.0,28.4,60.0,20.9,34.8,54.1,36.9,54.0,8.18,3,1,4,Cybersecurity,Full Stack,Cybersecurity Analyst
1822,39.1,48.2,48.3,37.7,44.4,52.3,46.0,44.3,33.1,34.2,19.4,40.9,43.8,23.0,17.6,33.6,30.5,36.2,46.8,39.9,39.8,49.0,54.4,53.2,33.8,41.1,30.3,8.19,1,2,1,AI/ML,Mobile,Cybersecurity Analyst
1823,35.5,30.5,43.2,28.3,29.5,27.1,19.7,18.5,29.2,23.4,42.3,34.6,37.1,23.0,33.6,24.4,30.6,25.6,36.4,46.3,39.3,35.8,26.5,24.1,34.7,38.1,42.2,8.2,3,1,0,Web Development,Machine Learning,Cybersecurity Analyst
1824,44.8,46.5,21.5,54.4,54.2,46.5,35.5,48.8,45.9,62.9,56.3,48.2,42.6,57.5,71.4,58.5,53.4,36.5,58.8,62.7,61.6,54.5,50.4,43.0,42.6,36.5,44.5,8.21,3,1,4,Data Science,Data & Analytics,Cybersecurity Analyst
1825,48.7,48.9,42.1,48.7,22.5,23.7,31.7,26.8,38.6,29.1,52.4,57.7,40.7,57.3,56.0,68.0,59.4,63.7,63.8,54.8,61.8,68.6,51.0,59.6,41.1,57.8,37.1,8.21,4,2,5,AI/ML,Data & Analytics,Cybersecurity Analyst
1826,48.8,67.7,58.5,49.0,77.2,77.8,72.1,64.8,73.3,52.8,58.6,56.2,59.4,61.5,61.4,63.1,69.6,55.6,38.7,43.6,31.0,47.1,46.0,51.3,45.2,62.7,63.5,8.21,3,1,3,Business Analytics,Mobile,Cybersecurity Analyst
1827,60.5,51.0,55.7,50.4,44.3,52.3,43.0,59.7,43.9,47.4,59.3,56.7,45.5,47.2,39.8,45.1,57.3,65.9,59.9,65.4,72.8,64.0,71.1,69.7,78.7,64.7,57.2,8.22,8,2,6,Data Science,Business,Cybersecurity Analyst
1828,66.8,69.6,73.3,60.5,59.6,67.1,55.9,43.6,68.8,62.7,76.5,63.6,64.6,82.5,77.7,63.8,79.6,69.3,64.2,55.1,47.3,67.0,41.3,62.4,29.8,47.7,75.1,8.22,8,1,10,DevOps,Full Stack,Cybersecurity Analyst
1829,56.7,42.7,55.0,53.8,24.9,23.4,33.3,39.0,34.8,55.5,33.7,56.1,45.8,51.6,51.9,31.0,48.2,56.1,69.0,46.8,58.2,68.8,55.2,51.0,42.8,53.1,46.4,8.24,4,1,2,AI/ML,Full Stack,Cybersecurity Analyst
1830,65.0,63.5,59.2,78.0,42.2,32.6,49.9,39.9,61.0,50.5,66.5,58.2,56.6,58.1,58.1,53.8,63.4,69.2,55.8,60.4,57.0,66.8,40.9,54.4,44.9,41.2,56.8,8.26,10,0,7,Web Development,Business,Cybersecurity Analyst
1831,42.1,40.6,58.5,27.7,57.0,71.3,42.6,51.9,45.2,42.0,50.2,49.6,53.0,44.7,43.9,56.5,61.3,29.7,26.3,37.5,25.5,37.1,65.6,36.3,41.2,35.7,59.0,8.29,3,1,0,Web Development,Security,Cybersecurity Analyst
1832,65.3,85.1,62.7,78.9,77.6,84.8,79.1,88.0,88.8,71.6,57.8,65.6,70.6,71.3,88.2,75.1,81.6,61.7,73.2,58.2,57.5,61.5,79.6,84.3,73.0,57.4,80.7,8.32,5,1,3,Cloud Computing,Security,Cybersecurity Analyst
1833,41.5,50.2,48.4,47.2,47.3,37.1,42.1,52.5,50.8,46.4,35.0,33.6,50.1,55.1,51.4,43.9,54.3,46.8,46.2,25.8,28.9,31.6,41.1,54.0,57.1,44.2,43.8,8.33,4,1,2,Cybersecurity,Machine Learning,Cybersecurity Analyst
1834,40.5,36.9,44.6,51.3,21.4,18.9,31.1,33.1,33.2,38.3,37.2,35.6,38.1,55.7,42.3,59.5,51.7,47.8,34.4,29.7,19.1,44.5,34.5,44.0,26.9,22.8,36.5,8.34,5,0,6,Mobile Development,Machine Learning,Cybersecurity Analyst
1835,71.6,54.1,29.0,65.4,50.7,64.2,53.4,54.3,50.3,49.8,57.6,51.6,61.0,51.0,45.9,53.0,47.8,71.6,71.4,69.7,66.7,63.6,66.1,37.0,62.5,62.8,49.3,8.34,7,1,5,Web Development,Frontend,Cybersecurity Analyst
1836,67.3,61.0,64.6,42.4,61.2,69.6,58.6,58.5,52.4,45.0,35.3,65.5,55.5,33.3,53.6,56.9,58.7,65.2,57.6,36.8,41.8,62.7,37.1,69.4,38.2,46.7,70.3,8.36,3,3,10,Cloud Computing,Security,Cybersecurity Analyst
1837,45.2,63.8,52.9,46.6,49.1,39.8,47.0,37.6,50.3,76.6,59.9,45.7,45.4,32.9,47.7,36.9,46.9,38.0,38.1,32.0,42.9,32.6,40.5,62.4,45.1,44.2,32.9,8.38,3,1,0,DevOps,Frontend,Cybersecurity Analyst
1838,64.8,45.9,44.8,64.6,59.6,68.6,47.4,52.8,64.1,50.1,54.8,61.6,43.8,67.2,43.4,53.0,56.2,58.4,64.2,43.6,45.6,55.0,64.5,36.9,66.6,53.4,40.7,8.39,8,0,4,Cloud Computing,QA & Testing,Cybersecurity Analyst
1839,41.7,57.7,49.1,68.4,55.8,39.7,43.6,48.6,64.7,62.6,59.5,68.2,64.6,77.2,74.6,64.0,72.2,74.3,59.5,62.8,54.8,49.0,73.7,57.3,59.9,70.5,44.8,8.4,4,1,6,Web Development,Backend,Cybersecurity Analyst
1840,59.2,53.1,73.6,53.7,66.4,68.1,54.6,63.3,44.1,61.6,59.1,57.5,66.8,49.8,51.5,50.4,53.5,61.6,65.8,77.6,89.0,73.5,60.8,64.8,68.4,66.4,62.1,8.42,6,2,1,Business Analytics,Data & Analytics,Cybersecurity Analyst
1841,51.6,37.1,49.8,62.5,43.8,20.9,43.1,27.9,49.4,65.4,57.4,32.4,35.6,39.4,37.6,42.8,35.3,32.9,27.6,32.3,43.4,36.5,43.8,56.8,62.9,47.7,40.9,8.44,4,0,0,AI/ML,Backend,Cybersecurity Analyst
1842,48.6,62.4,68.8,54.4,58.2,58.1,63.9,66.0,65.8,59.6,58.6,50.7,66.1,66.5,66.8,74.0,58.5,43.7,62.1,42.9,43.8,51.7,64.5,72.6,65.2,57.8,43.6,8.45,10,2,6,Cloud Computing,Cloud & DevOps,Cybersecurity Analyst
1843,25.8,43.9,53.3,29.2,54.4,58.8,46.9,57.8,50.3,41.0,40.1,45.8,52.5,34.8,52.2,54.5,38.0,43.9,64.6,42.5,30.6,46.1,43.8,45.1,62.3,61.2,46.3,8.49,7,2,1,AI/ML,Machine Learning,Cybersecurity Analyst
1844,35.4,47.4,30.9,44.9,29.8,43.1,27.6,34.5,25.8,35.3,41.6,40.8,29.3,41.7,33.9,36.9,34.6,39.9,34.8,49.9,66.1,28.8,58.5,32.4,56.7,63.1,37.5,8.49,3,1,1,Cybersecurity,Security,Cybersecurity Analyst
1845,56.9,65.7,57.3,64.0,45.8,40.3,38.8,51.9,55.2,51.7,55.4,65.8,68.7,60.6,75.2,76.2,44.9,72.5,77.8,52.8,47.7,68.7,49.0,70.9,59.0,74.3,58.2,8.49,6,1,3,Cybersecurity,Cloud & DevOps,Cybersecurity Analyst
1846,41.7,39.3,32.5,40.8,22.5,4.9,24.4,15.0,37.9,41.0,31.3,34.4,41.6,24.2,30.6,31.0,31.9,45.3,49.0,31.6,27.5,41.7,47.1,33.4,46.2,43.3,44.5,8.54,0,1,3,Cloud Computing,Full Stack,Cybersecurity Analyst
1847,43.1,56.9,56.2,75.2,45.3,38.5,58.7,51.1,53.9,66.7,64.3,63.7,51.5,44.0,55.0,57.9,40.4,50.1,48.7,65.4,60.8,59.1,44.3,47.1,28.8,34.9,66.8,8.56,3,2,4,AI/ML,Backend,Cybersecurity Analyst
1848,63.1,64.8,70.4,55.7,54.1,42.8,58.2,42.6,65.1,53.5,50.5,72.8,62.0,68.4,63.1,61.7,75.0,72.0,61.4,42.8,48.7,60.7,44.5,61.0,48.4,40.3,58.8,8.58,5,2,3,Cybersecurity,Machine Learning,Cybersecurity Analyst
1849,36.2,47.1,40.2,32.3,39.6,34.0,44.4,42.4,26.9,27.7,25.4,41.7,38.5,40.8,46.8,45.7,45.7,34.9,39.3,21.0,15.0,52.6,40.5,40.1,24.5,46.2,49.6,8.59,1,2,4,Web Development,QA & Testing,Cybersecurity Analyst
1850,68.3,60.7,72.9,60.2,68.1,81.1,72.4,71.3,72.8,54.1,58.2,70.4,72.8,67.6,61.9,62.6,55.7,69.9,71.9,50.5,57.3,59.5,84.2,67.8,87.3,78.4,70.2,8.6,9,3,4,Business Analytics,Frontend,Cybersecurity Analyst
1851,39.6,31.1,44.1,57.0,42.5,53.7,55.6,48.3,35.3,44.4,33.4,40.7,39.1,35.9,18.6,29.5,49.1,23.4,36.2,32.8,41.8,35.8,51.0,46.1,72.4,57.4,27.9,8.61,7,1,2,DevOps,Full Stack,Cybersecurity Analyst
1852,47.4,57.7,52.1,68.0,30.5,43.4,37.7,33.7,46.0,49.7,58.0,43.4,36.7,58.2,49.0,51.8,60.9,56.3,52.1,56.8,68.0,62.0,56.0,43.4,39.1,41.2,56.6,8.64,1,0,2,Web Development,Cloud & DevOps,Cybersecurity Analyst
1853,47.1,66.6,79.4,55.4,67.0,69.1,72.5,67.6,63.5,60.1,47.7,69.4,66.5,78.1,83.3,69.3,63.5,52.3,63.9,38.4,31.4,51.4,34.9,54.3,60.6,64.7,60.5,8.67,6,2,3,Mobile Development,Full Stack,Cybersecurity Analyst
1854,61.4,51.4,48.1,62.0,48.3,62.1,53.4,40.5,37.9,47.3,47.1,48.4,46.9,46.8,46.9,51.1,49.8,59.1,75.7,69.4,61.2,61.1,39.2,39.7,57.1,60.3,51.2,8.68,6,0,4,Mobile Development,Security,Cybersecurity Analyst
1855,56.5,63.4,82.9,75.7,45.7,31.4,52.3,41.2,59.7,57.8,56.9,56.7,47.3,70.8,72.7,61.6,76.0,59.7,60.5,51.0,54.0,39.3,63.0,58.1,51.5,65.7,71.9,8.7,5,3,5,Cloud Computing,Full Stack,Cybersecurity Analyst
1856,52.1,58.8,66.6,59.8,70.2,68.5,61.3,66.1,51.4,52.2,70.0,66.7,48.2,55.7,73.5,54.7,52.1,42.8,39.3,64.4,65.4,45.2,67.9,63.3,76.9,63.3,62.6,8.77,3,2,4,Web Development,Mobile,Cybersecurity Analyst
1857,55.2,49.6,44.6,59.2,43.8,72.4,49.6,64.9,65.0,58.4,56.9,59.2,48.0,55.0,61.8,76.0,69.4,56.9,50.7,40.5,25.3,46.4,54.9,41.1,42.4,62.0,47.2,8.78,5,3,4,DevOps,Cloud & DevOps,Cybersecurity Analyst
1858,49.6,51.0,24.6,56.5,6.8,20.2,25.9,14.0,41.1,56.5,43.8,39.3,32.2,58.6,55.8,46.8,64.3,42.7,55.1,54.7,58.4,64.9,39.7,34.8,53.5,30.5,36.3,8.79,5,1,4,DevOps,Business,Cybersecurity Analyst
1859,61.0,52.5,55.3,45.1,73.9,81.5,69.0,73.2,51.4,53.3,56.9,61.8,70.7,65.5,70.0,52.3,62.4,82.6,80.8,65.2,67.4,85.0,63.1,63.8,69.3,64.6,61.1,8.82,12,3,6,Cloud Computing,Machine Learning,Cybersecurity Analyst
1860,66.7,68.7,66.2,56.7,56.0,43.5,62.1,46.9,51.6,61.3,66.4,51.5,53.7,68.7,68.2,56.7,61.8,52.0,66.5,70.9,62.5,52.5,57.4,47.8,52.5,65.1,66.0,8.82,6,2,3,Cloud Computing,Data & Analytics,Cybersecurity Analyst
1861,72.6,78.3,62.8,68.7,52.6,58.9,68.8,56.6,58.3,70.7,71.8,69.5,63.1,62.2,70.6,78.6,57.8,64.4,74.2,57.0,64.0,58.7,63.7,54.0,62.3,66.4,54.8,8.86,7,2,5,Data Science,Mobile,Cybersecurity Analyst
1862,33.9,48.7,24.6,53.1,35.8,55.8,47.8,52.9,44.9,39.2,40.0,29.5,41.4,56.1,50.0,36.8,44.8,39.8,28.1,55.4,57.3,30.6,39.2,35.1,46.5,37.2,25.9,8.89,1,1,4,Cloud Computing,Machine Learning,Cybersecurity Analyst
1863,48.6,60.6,55.0,64.1,52.2,42.4,45.4,34.8,67.2,61.5,70.8,49.3,48.4,64.5,57.4,64.3,65.7,55.5,39.4,54.9,68.5,43.9,72.2,52.9,75.0,63.4,46.4,8.91,7,2,1,Data Science,Security,Cybersecurity Analyst
1864,86.4,69.8,73.9,66.0,59.4,66.5,77.4,69.2,67.9,68.7,71.1,73.3,67.5,77.0,64.3,66.1,69.5,64.0,88.8,81.1,81.9,73.0,69.5,73.9,74.9,86.5,60.9,8.98,10,3,6,Web Development,Mobile,Cybersecurity Analyst
1865,62.4,60.9,66.5,58.5,59.9,48.3,49.6,47.1,55.5,51.1,57.7,48.3,52.1,59.3,51.0,52.2,46.4,59.9,58.8,56.9,47.9,62.6,43.7,61.8,57.9,71.3,70.7,9.09,2,0,6,Web Development,Full Stack,Cybersecurity Analyst
1866,34.4,54.1,59.2,50.3,34.1,33.7,29.4,28.9,43.6,51.1,48.9,60.6,50.5,64.0,75.5,67.7,65.6,49.7,45.6,47.6,47.4,50.2,64.9,50.7,53.8,41.0,51.2,9.17,0,0,2,Data Science,Mobile,Cybersecurity Analyst
1867,78.5,69.9,55.8,55.8,54.6,73.3,70.5,51.1,82.6,79.0,74.9,70.9,73.2,54.7,64.7,65.7,50.4,69.2,77.5,43.5,50.6,65.7,43.9,83.3,61.7,58.2,79.1,9.26,8,3,4,Cybersecurity,QA & Testing,Cybersecurity Analyst
1868,77.0,51.1,67.5,54.2,66.8,49.8,51.8,56.2,63.2,57.4,56.1,74.8,45.6,63.7,43.5,53.5,57.2,71.5,67.5,75.3,58.7,62.3,38.0,59.9,44.7,54.8,54.7,9.31,4,2,5,Cybersecurity,Backend,Cybersecurity Analyst
1869,47.3,46.4,45.7,42.3,51.4,59.2,50.5,46.7,39.1,52.3,46.8,44.7,49.8,39.5,49.5,46.4,34.5,32.0,41.3,40.9,45.0,42.2,30.2,57.3,39.1,33.9,41.8,5.5,5,0,4,Web Development,Business,Data Analyst
1870,30.7,32.4,38.1,23.5,56.6,59.6,55.2,43.6,23.7,23.9,43.1,34.8,32.8,37.7,35.1,29.7,27.9,21.8,22.8,34.8,26.1,30.0,41.3,27.2,37.0,32.7,14.8,5.55,3,2,1,Data Science,Backend,Data Analyst
1871,34.5,48.1,41.4,43.8,35.0,30.1,40.7,34.6,46.1,38.0,53.2,55.3,39.2,27.1,18.7,20.0,41.9,29.1,34.6,46.4,38.8,44.9,39.6,58.9,33.5,21.6,54.1,5.56,6,1,1,DevOps,Data & Analytics,Data Analyst
1872,30.5,19.8,25.2,38.4,35.2,20.8,28.6,22.3,37.9,38.0,30.5,37.5,34.2,63.6,39.9,47.8,48.8,35.1,34.3,32.2,27.6,10.4,33.9,29.8,35.2,28.9,28.1,5.6,1,0,1,Cloud Computing,Cloud & DevOps,Data Analyst
1873,45.6,35.9,48.7,48.8,45.8,40.2,41.2,46.2,19.7,54.2,42.2,46.1,47.1,34.5,28.7,25.2,37.8,56.5,45.8,54.4,45.1,62.5,42.4,53.2,45.1,27.8,46.8,5.74,6,0,1,Cybersecurity,Mobile,Data Analyst
1874,45.4,53.8,61.0,35.7,52.8,54.7,57.2,53.8,53.2,41.3,55.0,56.2,56.2,45.6,42.2,49.8,48.9,30.7,29.8,25.8,51.8,42.2,60.7,50.2,65.2,53.1,56.8,5.77,3,3,3,Mobile Development,Data & Analytics,Data Analyst
1875,51.2,42.6,41.8,44.6,31.8,35.3,28.7,37.0,43.4,40.6,44.8,37.5,45.9,44.8,36.7,53.3,41.2,65.5,63.6,67.3,67.5,52.3,68.0,42.5,53.0,41.4,51.0,6.05,7,0,2,Mobile Development,QA & Testing,Data Analyst
1876,36.9,33.7,42.3,41.5,55.3,58.3,49.4,63.0,50.7,40.0,44.4,44.4,50.3,27.5,27.4,26.6,42.8,47.9,28.3,56.5,68.7,44.3,42.7,52.6,36.6,60.4,58.9,6.07,3,2,4,Business Analytics,Data & Analytics,Data Analyst
1877,37.9,41.2,45.9,42.2,30.4,34.2,45.1,34.4,49.0,58.3,53.6,39.4,31.5,25.4,33.1,19.4,27.2,38.0,29.1,50.8,51.8,42.2,27.8,57.5,64.0,30.8,39.8,6.09,8,0,2,Data Science,Mobile,Data Analyst
1878,36.2,29.9,18.0,44.2,41.1,54.2,36.5,42.8,42.9,42.7,27.0,37.9,34.3,32.5,41.7,25.7,39.3,29.9,27.5,33.6,37.8,15.7,20.5,38.5,37.9,33.5,17.0,6.12,2,2,2,Business Analytics,Backend,Data Analyst
1879,45.1,38.2,34.3,40.7,43.1,34.9,43.1,35.2,44.3,55.4,43.3,49.1,30.9,51.7,42.8,39.2,39.8,40.6,51.4,23.9,38.4,42.6,44.3,51.4,28.1,15.9,45.5,6.19,5,1,2,Data Science,Full Stack,Data Analyst
1880,35.3,33.8,56.0,48.3,25.5,28.7,21.2,18.1,31.2,29.6,36.0,34.7,40.7,31.1,22.6,35.6,44.9,51.2,32.2,44.2,49.7,44.8,27.0,54.0,36.7,36.6,56.0,6.21,2,2,2,Cybersecurity,Business,Data Analyst
1881,45.2,24.8,41.7,44.8,31.3,38.7,33.7,48.4,45.2,36.8,46.8,17.8,31.0,38.9,41.1,26.9,30.4,41.0,44.8,38.4,53.0,41.5,36.7,39.9,34.5,43.5,28.9,6.21,5,0,2,Data Science,Business,Data Analyst
1882,46.8,54.7,44.2,30.7,38.3,33.0,48.5,39.5,48.0,43.4,43.9,58.0,42.4,63.3,58.7,48.1,48.7,53.5,49.8,31.7,29.9,52.3,37.2,56.8,43.9,43.8,57.1,6.25,4,2,4,Business Analytics,Full Stack,Data Analyst
1883,30.2,22.9,36.1,31.4,31.0,14.4,27.6,17.2,27.0,22.6,19.5,20.2,22.8,10.2,18.8,32.2,42.2,13.4,22.5,31.8,22.2,25.5,35.0,20.7,29.8,30.8,23.3,6.27,4,1,2,DevOps,Business,Data Analyst
1884,48.4,50.0,44.7,37.6,27.0,12.2,27.8,16.1,37.3,46.3,44.4,29.7,35.8,37.0,39.2,35.9,38.6,57.3,65.0,33.4,39.1,41.9,33.0,45.2,48.6,42.9,40.6,6.27,3,1,1,Cybersecurity,Machine Learning,Data Analyst
1885,46.3,39.6,40.5,42.8,33.5,29.2,34.1,48.3,21.9,57.9,48.6,50.3,38.0,65.1,62.7,50.9,35.4,44.7,51.6,45.7,67.5,36.7,63.3,37.2,52.8,53.6,45.2,6.28,5,2,3,Cybersecurity,Data & Analytics,Data Analyst
1886,40.4,43.5,58.1,50.6,66.6,69.4,43.3,43.5,29.3,53.8,52.1,49.0,40.8,42.9,44.9,50.7,45.8,42.9,34.5,53.2,48.2,32.7,50.9,57.8,39.8,44.9,62.4,6.29,5,3,2,Data Science,Machine Learning,Data Analyst
1887,34.5,54.3,48.3,30.8,33.3,33.4,30.7,45.3,41.6,36.9,31.3,27.9,37.0,31.0,43.9,24.8,42.0,25.6,27.6,38.3,24.4,19.6,23.4,32.0,26.3,28.6,29.4,6.31,6,1,2,Data Science,Machine Learning,Data Analyst
1888,50.9,32.4,37.5,32.4,29.4,31.5,17.9,16.8,27.4,35.0,32.5,32.4,32.1,24.5,41.8,26.0,29.9,40.1,37.5,23.3,16.7,33.5,23.4,28.7,37.1,44.3,19.7,6.31,6,2,0,Business Analytics,Security,Data Analyst
1889,52.1,57.5,39.0,27.5,34.0,39.7,44.5,45.9,49.0,51.7,58.7,33.2,49.6,25.9,40.8,31.0,33.4,56.9,44.7,51.0,46.9,35.6,68.2,32.9,49.7,56.3,37.8,6.31,2,1,1,AI/ML,QA & Testing,Data Analyst
1890,27.4,34.4,13.1,26.2,27.9,28.1,22.2,37.7,31.8,34.4,42.9,16.6,19.2,8.5,16.1,7.7,23.8,17.5,8.8,25.4,32.8,6.6,26.3,23.9,10.4,29.9,3.2,6.33,2,0,0,Business Analytics,Full Stack,Data Analyst
1891,26.7,40.5,44.1,40.5,18.2,19.6,14.6,18.7,15.5,34.3,45.7,18.4,38.3,31.7,21.9,28.4,43.7,36.3,32.6,37.1,35.1,30.5,34.2,28.9,27.6,22.1,37.8,6.35,3,0,2,Business Analytics,Security,Data Analyst
1892,54.7,44.7,43.8,39.7,52.9,40.5,45.4,49.8,42.5,64.8,46.2,46.6,47.6,52.9,55.1,64.2,49.3,47.6,50.9,44.2,34.8,38.6,52.3,48.6,48.1,59.4,30.9,6.35,8,3,2,Data Science,Business,Data Analyst
1893,50.9,48.9,32.3,51.2,43.1,32.6,50.6,46.5,47.1,54.1,57.6,57.3,47.6,37.8,65.6,36.7,46.9,45.2,43.9,52.6,50.4,54.9,25.3,46.3,33.9,52.4,46.5,6.36,6,1,2,Web Development,QA & Testing,Data Analyst
1894,39.3,41.8,48.8,59.1,54.1,38.5,46.6,52.6,51.5,45.3,45.4,35.7,50.7,52.3,53.4,48.4,36.2,44.7,41.7,35.9,44.1,40.2,36.4,62.0,24.4,28.9,35.8,6.37,4,1,5,Cybersecurity,Backend,Data Analyst
1895,44.6,40.5,42.0,38.2,48.7,39.1,42.9,39.8,49.7,37.9,45.6,50.6,43.2,43.9,33.8,35.0,34.2,24.2,31.7,32.0,33.1,35.9,26.8,17.5,36.1,37.1,23.6,6.37,5,0,0,AI/ML,Backend,Data Analyst
1896,39.6,39.2,53.8,24.7,52.3,56.7,35.2,63.4,48.5,43.2,21.6,42.1,33.0,34.7,40.7,41.5,35.3,29.9,46.1,12.1,27.5,41.8,33.9,42.2,43.0,52.2,32.6,6.39,3,1,1,DevOps,Full Stack,Data Analyst
1897,46.0,49.4,50.0,54.7,53.4,54.2,56.1,60.6,57.5,61.1,52.6,49.7,38.0,40.6,54.4,38.8,43.0,32.2,43.9,70.4,62.4,53.3,53.6,68.8,59.7,66.5,56.3,6.39,6,3,2,Data Science,QA & Testing,Data Analyst
1898,47.1,39.7,37.4,45.9,36.2,45.8,39.0,41.1,43.8,34.9,39.6,38.2,35.7,33.3,43.1,37.9,46.2,39.0,27.1,68.4,44.3,46.2,62.4,44.1,51.0,46.8,31.3,6.39,3,3,2,Cloud Computing,Full Stack,Data Analyst
1899,34.4,30.1,28.0,48.6,37.5,32.2,26.4,21.0,37.5,33.5,33.8,21.8,22.7,46.1,38.5,43.4,43.7,44.5,17.3,40.9,49.8,42.7,43.4,47.2,42.3,35.1,29.9,6.4,5,1,4,DevOps,Data & Analytics,Data Analyst
1900,37.2,44.3,41.0,40.5,40.8,55.3,49.8,50.8,44.7,39.3,25.4,46.5,40.8,56.4,72.1,62.3,55.1,37.1,44.1,42.0,33.2,32.9,46.0,29.9,39.6,34.2,51.0,6.41,5,3,3,Data Science,Data & Analytics,Data Analyst
1901,40.6,39.2,42.3,15.7,51.4,51.5,45.4,47.7,34.1,41.5,34.1,48.2,44.4,46.3,47.3,33.3,38.3,35.4,36.7,45.3,22.5,32.9,49.9,28.9,41.6,41.8,56.0,6.42,2,2,6,Mobile Development,Data & Analytics,Data Analyst
1902,42.1,36.8,37.0,40.5,27.5,27.9,33.7,33.6,35.2,27.3,21.3,32.9,30.0,33.7,49.1,31.6,41.5,57.3,55.7,33.9,16.2,51.7,27.9,33.8,33.6,31.3,38.9,6.43,3,0,2,Mobile Development,Mobile,Data Analyst
1903,57.5,44.4,46.4,53.2,34.6,29.0,26.2,14.5,23.9,21.3,44.9,28.5,41.9,37.2,34.1,42.2,35.3,59.5,61.7,40.3,44.8,38.1,48.8,48.2,41.4,39.0,54.1,6.45,1,0,1,AI/ML,Data & Analytics,Data Analyst
1904,29.7,38.9,30.8,50.6,39.4,32.9,49.4,19.8,46.5,39.6,54.1,37.8,42.2,48.1,64.7,52.8,47.1,38.6,36.9,28.1,46.4,27.6,47.8,31.2,48.2,39.7,34.6,6.47,0,2,1,Business Analytics,Data & Analytics,Data Analyst
1905,33.0,4.2,22.5,33.3,20.9,27.3,14.3,23.1,22.1,30.8,30.0,21.2,27.3,5.9,18.6,24.7,18.6,26.0,22.9,31.9,23.4,43.4,3.2,13.4,23.2,11.7,36.1,6.49,2,0,0,Data Science,Business,Data Analyst
1906,42.6,39.4,30.1,44.5,19.2,25.4,18.5,23.1,27.3,31.5,35.3,32.7,35.4,44.4,37.5,35.5,41.5,56.3,41.1,32.1,23.7,47.0,31.6,41.7,16.5,28.5,21.8,6.49,4,1,0,DevOps,Machine Learning,Data Analyst
1907,35.4,43.6,50.3,44.6,47.2,50.6,51.1,45.4,47.5,50.4,45.5,53.9,36.5,33.0,28.9,42.0,26.8,41.1,57.0,45.3,31.4,50.3,49.9,44.8,57.5,48.4,31.3,6.5,7,0,2,AI/ML,Data & Analytics,Data Analyst
1908,37.4,38.0,41.8,35.7,49.2,40.2,41.5,62.3,33.1,19.8,17.1,41.5,36.4,37.6,45.3,53.5,38.1,34.2,47.4,26.1,23.9,42.3,28.6,28.6,29.6,26.1,36.2,6.5,4,0,3,Web Development,Backend,Data Analyst
1909,40.8,56.3,54.0,63.1,58.0,47.4,64.1,60.4,60.9,68.8,63.7,55.7,58.6,57.9,64.2,47.0,70.1,36.8,42.2,57.0,39.8,48.6,55.1,57.8,47.2,58.8,53.5,6.52,9,1,5,Mobile Development,Data & Analytics,Data Analyst
1910,41.4,47.4,44.7,44.7,33.1,46.3,53.9,48.9,47.7,48.6,56.8,42.8,49.5,28.0,38.6,39.6,34.9,73.6,50.8,69.6,52.9,60.1,36.1,60.9,36.8,30.1,52.0,6.52,6,0,3,Business Analytics,Mobile,Data Analyst
1911,36.3,47.1,39.0,36.1,45.3,40.5,52.8,53.8,56.1,50.3,35.4,48.3,48.7,59.0,55.2,58.8,54.7,54.3,41.4,35.3,32.6,37.5,28.4,36.0,38.5,29.2,32.7,6.54,0,2,4,DevOps,Cloud & DevOps,Data Analyst
1912,44.0,49.4,48.9,22.1,57.6,58.6,44.3,58.1,58.4,49.8,40.4,53.6,64.8,31.2,34.2,41.4,40.7,35.5,36.1,33.6,22.9,55.3,42.8,56.6,45.2,40.7,39.4,6.54,4,0,5,Business Analytics,Cloud & DevOps,Data Analyst
1913,35.3,30.5,22.9,39.5,38.8,30.8,23.2,41.7,35.0,32.4,27.2,34.6,45.0,40.7,43.8,29.2,33.8,36.5,26.4,51.7,42.0,31.1,26.7,26.9,35.7,15.5,33.8,6.55,4,1,3,Business Analytics,Machine Learning,Data Analyst
1914,36.4,45.8,60.7,20.4,43.3,49.4,39.9,39.5,50.6,42.7,43.5,51.3,44.1,44.7,50.5,46.6,43.3,44.0,35.0,28.7,35.2,33.3,45.6,51.5,42.6,56.9,28.1,6.55,8,0,3,Cloud Computing,Mobile,Data Analyst
1915,13.3,28.2,28.7,34.6,47.3,63.2,45.3,56.8,20.3,11.5,16.0,27.5,27.6,22.8,32.8,16.8,24.8,24.0,35.0,36.4,34.9,36.3,26.7,28.4,22.0,22.0,17.2,6.56,2,1,0,AI/ML,Cloud & DevOps,Data Analyst
1916,16.0,19.6,16.8,26.4,22.5,28.4,22.2,24.6,17.3,19.4,23.4,26.1,32.7,9.9,28.9,13.0,24.7,18.0,28.1,22.4,14.6,39.5,8.8,36.3,22.1,19.4,29.1,6.56,0,0,1,AI/ML,Mobile,Data Analyst
1917,52.5,52.7,50.4,54.7,63.1,51.9,58.3,60.1,66.8,58.4,40.6,70.2,53.5,60.0,57.5,59.1,62.5,54.2,47.7,28.8,41.7,44.9,43.4,42.8,46.7,56.9,52.6,6.59,3,1,3,Cloud Computing,Cloud & DevOps,Data Analyst
1918,49.0,39.8,55.0,33.2,31.6,30.9,30.8,39.0,59.1,39.6,41.3,54.5,32.1,51.4,49.0,57.7,51.0,50.6,45.3,34.4,18.1,50.8,32.5,29.2,32.3,38.9,35.8,6.61,4,1,3,Mobile Development,Business,Data Analyst
1919,29.9,34.2,36.0,41.2,55.3,66.1,51.4,64.6,39.7,37.1,34.6,48.5,56.2,21.6,32.5,34.7,37.5,43.0,45.3,45.9,33.9,64.5,49.8,49.5,51.7,46.4,61.6,6.62,8,1,2,AI/ML,Machine Learning,Data Analyst
1920,37.6,40.8,44.1,31.7,41.8,51.8,44.6,39.7,35.4,27.0,28.5,27.0,37.5,30.6,27.0,46.3,32.4,37.3,11.1,32.4,26.0,30.5,31.6,37.9,57.2,56.9,43.8,6.62,3,1,1,Business Analytics,Business,Data Analyst
1921,31.8,30.6,28.8,19.4,28.8,18.2,37.5,23.6,25.6,22.2,23.1,20.8,25.2,23.5,26.3,26.5,30.2,32.2,34.4,25.8,33.6,14.7,35.3,30.6,47.3,44.5,22.1,6.65,6,0,1,Cybersecurity,Security,Data Analyst
1922,33.0,31.0,21.1,33.2,30.4,33.1,39.9,33.3,31.5,33.0,7.0,31.1,29.6,14.1,21.7,27.4,15.9,40.6,38.3,19.5,17.4,42.0,32.4,32.1,15.2,27.1,33.6,6.65,6,1,0,Web Development,Machine Learning,Data Analyst
1923,30.2,25.8,24.4,27.7,34.0,43.1,32.7,43.2,30.0,30.2,23.7,36.1,38.7,16.7,28.0,14.5,33.9,42.9,27.3,29.0,30.1,25.7,13.0,11.0,13.8,22.0,26.5,6.66,2,0,1,Business Analytics,Security,Data Analyst
1924,31.0,28.3,12.9,23.7,37.3,62.2,29.5,45.8,37.1,29.3,24.7,42.2,23.3,30.6,28.0,28.6,27.7,37.7,46.4,24.3,36.6,33.7,29.4,14.0,57.3,44.1,31.6,6.66,8,0,2,Mobile Development,Mobile,Data Analyst
1925,36.3,31.7,31.3,42.3,42.6,38.4,35.1,31.7,40.5,36.6,36.7,33.7,45.9,37.5,42.8,33.8,36.7,30.8,21.7,42.8,57.2,30.2,46.8,34.1,41.7,61.9,42.7,6.66,3,2,5,AI/ML,Business,Data Analyst
1926,54.2,55.7,45.4,62.0,38.2,26.8,52.2,27.7,48.2,60.5,61.2,54.0,55.3,42.1,48.8,46.8,44.5,49.0,42.1,66.4,53.3,49.1,34.1,56.9,55.2,55.3,41.9,6.68,1,2,2,Data Science,Data & Analytics,Data Analyst
1927,56.3,41.5,40.3,62.6,64.3,57.3,46.7,67.2,54.8,70.9,59.9,39.9,50.5,43.0,38.4,45.3,67.7,33.1,53.7,49.1,62.1,52.6,67.5,55.8,51.5,50.2,38.4,6.71,11,2,5,Business Analytics,Business,Data Analyst
1928,28.4,31.3,32.3,41.2,38.7,27.9,40.0,44.7,37.2,20.0,24.9,35.4,49.3,39.8,47.5,31.5,29.9,36.0,51.7,37.8,34.5,39.3,53.7,20.9,49.4,45.8,33.6,6.72,1,2,1,Cybersecurity,Security,Data Analyst
1929,49.3,37.9,51.2,48.7,44.9,39.7,50.3,40.7,40.0,46.9,34.6,50.9,38.5,57.6,45.4,55.7,41.8,47.1,51.6,48.5,39.3,45.7,45.2,62.5,61.4,60.7,38.8,6.72,4,1,1,AI/ML,Mobile,Data Analyst
1930,34.5,28.4,44.0,27.4,22.1,9.7,37.4,24.1,21.1,22.9,38.9,37.5,19.8,46.0,22.4,34.3,30.7,41.0,23.2,26.2,16.1,34.6,49.3,41.3,18.1,30.7,27.9,6.74,0,1,2,Data Science,Data & Analytics,Data Analyst
1931,49.1,44.8,28.9,42.2,40.6,32.7,36.6,46.3,48.3,37.3,38.3,48.3,37.0,36.0,49.9,40.5,36.4,36.1,39.0,40.6,47.6,37.8,38.6,38.5,57.6,47.5,33.2,6.74,4,0,3,Business Analytics,Business,Data Analyst
1932,32.5,45.9,35.9,46.2,45.1,48.9,45.2,44.9,52.3,33.1,49.3,58.2,37.0,48.5,40.4,33.4,46.4,45.8,44.4,43.6,35.9,32.3,37.3,41.5,32.7,32.8,45.4,6.75,4,0,2,Cloud Computing,Machine Learning,Data Analyst
1933,45.4,43.2,29.0,50.6,42.2,47.0,40.0,52.8,45.7,49.6,51.8,51.0,62.7,54.5,50.8,68.1,47.1,63.3,57.3,66.0,76.8,56.8,51.6,52.9,52.8,39.2,52.9,6.75,7,2,7,Business Analytics,Cloud & DevOps,Data Analyst
1934,23.3,20.6,28.1,28.1,51.6,35.7,35.4,36.6,27.6,20.3,15.6,25.5,24.6,25.2,25.5,12.5,19.5,30.0,28.4,16.2,27.8,31.3,36.7,17.5,42.2,24.9,9.3,6.76,2,0,0,Mobile Development,Full Stack,Data Analyst
1935,28.0,34.9,24.2,20.6,29.4,22.8,18.6,19.8,24.4,19.1,20.5,24.8,23.4,33.9,22.3,31.4,30.5,14.7,24.8,11.2,17.5,28.4,39.6,24.3,31.3,34.3,28.7,6.77,2,1,1,Mobile Development,Data & Analytics,Data Analyst
1936,50.8,37.5,48.1,44.4,24.5,14.6,33.6,34.4,44.3,42.3,46.5,50.2,42.3,35.0,57.9,41.5,42.6,42.9,70.3,41.6,29.0,45.0,29.6,53.2,30.3,22.1,50.2,6.77,1,2,3,Mobile Development,Machine Learning,Data Analyst
1937,42.1,53.3,44.2,43.4,50.0,47.8,45.7,60.9,45.9,46.2,46.0,54.4,48.9,43.3,43.5,27.5,39.1,48.9,46.4,49.2,58.0,42.8,46.5,55.6,36.6,37.0,53.2,6.78,5,1,4,Mobile Development,Frontend,Data Analyst
1938,45.6,49.7,52.7,31.1,41.0,31.9,42.7,33.2,43.8,35.5,28.7,39.2,45.0,40.7,36.6,43.1,43.4,39.6,50.6,43.6,28.7,40.5,19.9,43.6,30.2,41.4,28.7,6.78,4,0,1,Cybersecurity,Backend,Data Analyst
1939,19.7,50.2,42.8,25.7,26.8,19.3,36.3,21.0,47.0,40.4,36.2,22.1,26.8,35.3,35.7,44.3,19.6,24.9,36.5,19.1,16.9,19.0,32.4,34.3,31.0,39.0,48.0,6.79,3,0,0,Data Science,QA & Testing,Data Analyst
1940,33.5,27.0,44.8,32.7,44.3,59.6,34.1,37.7,19.4,31.4,29.4,34.5,29.5,22.7,14.3,22.4,18.3,41.2,44.3,44.0,29.3,52.3,54.1,39.6,49.3,48.4,17.4,6.79,5,2,2,Cloud Computing,Frontend,Data Analyst
1941,50.4,43.1,59.7,34.7,69.5,69.1,58.8,56.1,44.9,50.2,53.3,43.7,50.5,35.2,37.0,36.9,40.0,75.4,62.0,67.7,49.0,66.6,65.5,43.9,72.9,65.9,45.4,6.8,4,1,2,Data Science,QA & Testing,Data Analyst
1942,53.1,29.4,54.0,44.0,50.2,62.1,58.8,52.6,39.5,41.2,48.9,32.8,49.3,34.5,43.8,38.9,47.7,57.2,48.5,54.4,54.7,49.4,51.0,28.2,64.3,52.6,43.4,6.8,11,0,1,Data Science,Frontend,Data Analyst
1943,57.1,43.7,48.8,52.9,53.2,43.8,42.4,40.4,62.1,66.3,46.8,47.2,50.1,56.1,49.3,54.3,44.4,57.3,43.3,54.7,58.6,43.8,56.0,42.0,67.6,55.6,50.8,6.8,0,2,0,Mobile Development,Security,Data Analyst
1944,36.2,27.3,43.9,18.6,56.5,47.4,29.7,49.6,28.9,31.2,32.3,32.8,46.1,33.5,27.0,25.9,33.7,49.4,45.4,40.6,35.4,50.2,21.1,25.7,39.8,32.5,33.7,6.81,8,1,3,Mobile Development,QA & Testing,Data Analyst
1945,42.6,11.8,34.3,37.5,52.5,42.1,39.0,52.9,34.5,29.5,33.0,38.8,28.6,17.2,17.6,33.1,5.8,52.6,41.8,43.0,38.7,46.5,22.7,49.4,14.3,21.3,31.1,6.81,6,1,3,AI/ML,Machine Learning,Data Analyst
1946,55.0,47.3,52.4,46.6,34.1,43.3,44.8,33.0,36.1,50.7,43.9,51.7,46.9,55.1,62.0,49.1,58.0,64.6,48.5,65.4,79.2,46.3,80.1,51.1,86.2,55.7,65.1,6.81,4,2,2,Mobile Development,Business,Data Analyst
1947,63.5,48.2,55.5,63.3,60.6,76.2,68.8,70.4,51.6,75.9,59.8,49.7,36.0,53.7,43.8,53.3,41.1,66.2,55.4,76.2,51.0,63.1,29.2,50.1,37.9,41.7,44.0,6.81,6,1,2,Cloud Computing,Data & Analytics,Data Analyst
1948,18.2,40.9,26.2,38.2,27.1,23.7,13.9,24.9,34.2,29.9,47.2,30.8,38.5,51.0,44.3,49.5,35.0,35.6,26.5,25.3,36.7,31.8,17.9,36.6,37.6,35.7,47.0,6.83,6,1,3,Mobile Development,Business,Data Analyst
1949,47.6,37.4,46.3,48.8,46.3,41.7,41.5,62.8,33.7,39.2,39.2,56.0,50.4,29.0,41.7,28.0,45.1,56.2,75.0,39.3,58.6,44.2,35.4,49.3,44.4,50.5,49.3,6.83,9,1,0,Business Analytics,Machine Learning,Data Analyst
1950,60.1,43.8,53.9,52.9,56.5,49.8,40.2,61.4,43.6,67.1,56.5,52.3,56.2,54.7,46.6,60.1,63.5,59.9,63.1,45.8,48.3,48.9,53.7,40.7,51.9,51.3,56.1,6.83,4,2,1,AI/ML,Full Stack,Data Analyst
1951,42.4,46.6,45.7,59.2,37.3,40.3,51.5,32.7,54.3,54.8,55.5,39.4,49.5,59.4,64.8,57.2,56.8,43.6,25.0,30.5,27.6,37.7,36.7,27.6,36.6,33.9,46.5,6.84,5,1,1,Cloud Computing,Data & Analytics,Data Analyst
1952,51.1,48.0,40.4,57.3,31.8,39.2,25.5,32.5,49.8,54.8,43.1,48.9,46.9,45.8,56.1,39.6,58.3,56.3,36.2,59.3,48.8,48.6,54.3,44.3,41.7,26.6,43.0,6.84,3,2,3,DevOps,Business,Data Analyst
1953,62.3,59.4,58.5,54.9,47.2,48.9,56.5,57.4,49.0,47.6,52.3,44.1,49.1,56.5,62.8,62.7,41.7,46.4,62.8,59.0,60.8,53.1,42.4,46.8,22.8,38.0,44.9,6.86,8,1,0,AI/ML,Business,Data Analyst
1954,46.8,44.3,39.5,36.4,35.0,30.0,30.9,42.4,33.1,38.2,35.1,40.7,32.9,31.9,38.0,32.3,52.1,47.8,33.7,32.6,42.2,33.5,43.9,39.5,45.9,35.6,56.2,6.87,2,0,0,Mobile Development,Business,Data Analyst
1955,60.5,50.5,60.9,24.3,55.3,45.8,40.9,38.6,49.0,39.4,42.9,41.0,45.3,42.2,46.8,53.5,37.7,58.4,44.9,27.5,32.8,46.2,54.3,62.4,53.6,31.3,62.9,6.87,3,0,3,Cloud Computing,Machine Learning,Data Analyst
1956,37.6,33.0,51.3,39.5,32.3,26.2,34.9,4.3,12.2,16.8,25.7,36.9,34.6,33.8,25.1,46.8,36.4,26.8,18.1,30.5,32.3,36.8,43.2,25.1,65.8,39.9,32.8,6.88,3,0,1,AI/ML,Security,Data Analyst
1957,41.7,53.0,65.8,34.1,43.4,32.3,29.5,29.9,43.9,32.2,38.8,36.9,55.4,50.8,61.1,44.7,54.5,59.7,47.1,62.5,55.1,55.9,53.0,51.3,90.2,53.4,60.6,6.89,5,2,4,Cybersecurity,Mobile,Data Analyst
1958,48.0,50.9,39.6,40.8,33.1,41.9,38.4,34.7,31.4,40.0,48.3,40.6,37.8,55.6,61.6,54.2,40.1,28.0,48.9,32.4,33.8,38.3,17.9,41.8,32.2,43.7,36.8,6.91,3,2,2,Web Development,QA & Testing,Data Analyst
1959,23.5,44.1,62.6,44.9,49.7,62.6,47.1,47.2,41.4,41.5,26.3,38.8,46.9,41.5,47.2,35.5,45.9,31.2,50.0,31.5,36.3,43.8,62.8,48.0,53.9,49.0,37.1,6.92,3,1,2,Web Development,Data & Analytics,Data Analyst
1960,36.3,44.7,46.6,39.2,42.2,38.6,38.1,28.5,36.0,49.9,32.1,50.8,33.7,20.2,28.8,18.3,20.6,35.1,21.1,27.3,37.8,36.1,36.4,41.7,30.1,38.9,47.0,6.93,9,0,3,Mobile Development,Cloud & DevOps,Data Analyst
1961,38.8,37.9,27.8,50.9,64.6,38.0,52.2,51.1,55.7,37.3,46.4,48.3,45.3,35.6,38.5,56.6,39.6,48.3,65.7,55.9,39.3,66.6,43.4,37.8,26.9,49.6,41.7,6.93,7,2,0,AI/ML,Mobile,Data Analyst
1962,43.1,43.8,34.0,60.5,29.4,47.0,30.0,37.1,38.9,54.4,37.0,54.0,39.0,47.3,37.2,44.9,49.7,50.4,47.6,55.5,55.4,55.8,66.2,37.1,51.8,45.6,52.2,6.94,5,2,2,DevOps,Data & Analytics,Data Analyst
1963,51.6,44.6,61.6,43.8,39.3,30.4,26.2,31.0,48.1,38.9,41.8,38.6,52.3,31.1,29.7,36.6,55.1,72.2,58.8,47.4,38.8,62.4,41.3,58.6,44.1,38.7,58.9,6.94,9,2,2,Business Analytics,Security,Data Analyst
1964,54.2,57.6,44.2,65.9,49.3,45.6,40.7,51.0,57.3,57.1,55.7,51.5,57.4,58.6,63.5,60.2,38.3,59.9,52.7,54.1,53.3,52.8,42.1,51.4,66.1,56.8,44.4,6.94,4,2,1,AI/ML,Data & Analytics,Data Analyst
1965,55.2,47.8,56.9,43.5,42.9,33.0,44.1,35.8,41.4,29.4,50.3,40.0,45.6,55.7,38.9,42.3,46.1,64.4,78.5,52.2,59.7,71.8,47.4,66.8,50.8,41.7,43.7,6.94,6,0,1,Cybersecurity,Machine Learning,Data Analyst
1966,39.6,60.1,37.7,33.0,36.3,50.1,40.0,34.1,33.2,43.3,31.4,53.5,42.6,51.8,45.8,59.5,41.0,46.7,30.1,20.6,35.4,44.0,50.7,45.1,55.6,56.5,53.6,6.95,7,3,5,Web Development,Security,Data Analyst
1967,44.1,43.1,28.4,23.8,45.6,33.4,28.6,14.8,36.5,43.6,50.0,37.4,36.7,28.4,28.6,43.1,37.0,27.3,36.3,37.4,56.8,35.9,23.4,30.7,9.6,26.2,35.8,6.95,0,3,0,Business Analytics,Full Stack,Data Analyst
1968,52.8,44.8,57.0,44.7,61.8,64.0,53.3,64.7,69.4,56.8,46.8,50.7,53.5,52.1,52.2,51.3,56.5,42.4,31.4,46.2,46.2,16.8,49.5,24.7,45.4,36.8,40.3,6.95,4,0,4,Mobile Development,Data & Analytics,Data Analyst
1969,41.4,44.5,38.3,28.5,21.1,19.4,37.4,29.1,59.5,43.9,35.0,38.3,39.6,53.7,45.2,44.8,47.1,44.6,37.7,25.2,31.6,44.3,35.8,35.5,29.3,36.2,27.9,6.96,5,0,2,DevOps,Backend,Data Analyst
1970,42.0,50.1,46.7,54.9,29.5,25.0,11.2,22.7,46.9,38.1,50.8,34.3,33.1,28.9,28.7,31.6,50.7,40.1,24.1,51.8,51.3,38.4,30.9,36.9,33.8,44.0,27.4,6.96,1,0,3,Business Analytics,Data & Analytics,Data Analyst
1971,26.9,39.4,29.2,11.3,36.0,30.6,36.8,26.5,36.9,37.4,23.2,42.6,44.4,43.0,44.9,36.3,33.9,32.1,20.9,30.9,33.4,17.4,33.8,17.0,40.7,37.2,32.0,6.97,3,2,1,Data Science,Full Stack,Data Analyst
1972,32.4,27.1,39.3,17.4,20.9,34.2,9.5,22.3,32.8,31.7,28.0,30.2,18.5,31.8,13.8,15.5,30.1,29.7,38.2,28.8,39.2,35.8,30.1,32.9,30.1,41.7,27.8,6.97,1,0,2,Data Science,Full Stack,Data Analyst
1973,50.3,31.8,39.9,55.6,44.9,59.0,34.9,56.6,43.5,47.4,39.8,34.1,40.2,59.8,35.9,32.3,34.6,51.1,47.8,57.0,59.3,55.7,57.8,48.4,48.1,51.0,42.1,6.97,7,1,3,Web Development,Security,Data Analyst
1974,59.4,50.1,54.5,50.2,59.7,72.8,67.3,57.3,53.5,54.7,59.9,55.1,64.6,46.1,55.3,56.1,63.5,64.5,77.4,50.9,37.6,58.4,43.4,61.4,37.9,62.6,64.9,6.97,7,1,4,Mobile Development,Security,Data Analyst
1975,37.2,41.5,42.9,44.6,30.1,11.5,11.0,17.0,20.4,45.1,33.3,49.8,25.2,42.0,36.9,35.9,33.6,23.0,36.4,56.5,50.3,39.9,43.4,32.2,35.7,43.6,24.9,6.98,4,0,2,Data Science,Data & Analytics,Data Analyst
1976,46.9,32.1,39.7,52.8,45.3,46.1,39.0,29.4,43.2,35.1,44.0,28.2,43.4,40.2,40.6,46.6,37.4,65.0,51.7,43.7,49.4,62.0,19.8,41.5,22.7,45.3,61.1,6.98,8,2,2,Data Science,Cloud & DevOps,Data Analyst
1977,50.5,47.2,41.6,46.2,33.5,24.0,40.5,25.6,52.8,61.4,63.9,46.5,47.1,47.2,55.4,43.5,39.1,47.7,40.4,51.0,61.2,49.6,35.0,59.1,21.1,42.8,40.7,6.98,9,2,4,Data Science,Machine Learning,Data Analyst
1978,56.6,54.3,58.0,38.7,25.5,21.5,33.3,29.8,40.3,40.7,43.4,28.9,33.3,48.2,47.2,45.5,53.2,48.4,53.2,30.5,32.8,55.9,57.9,53.5,53.9,48.6,37.6,6.98,3,1,1,Cybersecurity,Security,Data Analyst
1979,15.6,44.5,35.8,42.2,49.8,53.0,45.3,36.7,37.2,43.9,40.7,36.6,38.8,57.8,52.4,51.2,46.0,31.5,31.9,32.0,43.6,26.4,42.4,51.7,55.7,49.9,58.0,6.99,1,0,3,Data Science,Full Stack,Data Analyst
1980,22.5,30.6,30.7,18.3,31.4,34.5,42.2,42.9,18.2,35.3,16.9,37.1,33.8,32.2,42.3,40.1,42.9,25.0,26.3,30.6,21.7,22.5,20.2,23.5,35.8,34.9,25.4,6.99,6,1,1,Cloud Computing,Security,Data Analyst
1981,30.9,44.4,28.6,40.2,69.1,68.5,61.1,67.2,62.8,37.6,46.7,40.3,44.0,41.2,64.8,37.6,47.5,48.5,34.9,24.1,59.2,49.6,43.0,48.0,55.6,41.4,48.6,6.99,7,1,1,AI/ML,Cloud & DevOps,Data Analyst
1982,46.6,39.8,48.8,41.5,26.3,20.8,29.7,35.2,32.9,32.4,40.6,47.7,40.3,37.9,41.0,38.0,32.2,57.6,54.5,45.7,55.0,70.9,21.5,38.0,39.7,29.2,41.3,7.0,5,0,2,Data Science,Data & Analytics,Data Analyst
1983,38.1,45.0,48.5,26.4,43.9,37.9,40.9,45.1,34.1,31.4,21.6,51.3,35.7,30.5,37.2,29.9,42.5,15.8,9.5,29.5,27.8,29.9,33.2,44.8,39.7,38.7,42.9,7.01,2,0,0,Web Development,Full Stack,Data Analyst
1984,37.4,33.1,32.4,45.8,15.0,24.9,15.7,25.0,21.4,36.9,40.6,40.3,44.1,40.1,43.5,34.4,54.7,58.4,43.2,46.2,41.1,41.1,35.3,35.5,12.8,29.2,51.0,7.02,2,1,1,Cloud Computing,Frontend,Data Analyst
1985,45.0,41.0,25.0,31.9,29.4,55.4,45.0,45.6,42.5,38.1,26.5,30.3,39.7,28.8,51.3,37.8,33.7,44.1,53.0,38.6,33.1,30.3,35.1,31.7,26.3,28.4,42.5,7.02,5,1,6,Mobile Development,QA & Testing,Data Analyst
1986,50.2,29.3,26.3,30.8,41.5,48.5,32.3,29.0,25.0,30.2,39.7,27.2,31.7,45.5,38.6,30.3,28.7,51.3,55.9,38.3,27.6,49.1,49.8,50.7,57.0,48.3,33.5,7.02,3,0,4,Cybersecurity,QA & Testing,Data Analyst
1987,31.1,44.8,61.1,36.6,48.0,29.3,24.1,42.1,45.8,30.1,28.3,48.8,61.0,45.8,44.0,51.2,53.3,54.7,44.4,49.9,35.1,59.4,51.5,44.4,47.7,42.7,55.9,7.03,5,3,4,AI/ML,Business,Data Analyst
1988,63.0,52.6,48.5,46.1,55.2,67.0,66.3,64.9,53.9,29.7,42.9,46.6,42.6,51.2,46.3,58.8,60.9,52.7,65.0,27.9,42.4,65.9,38.3,49.2,35.0,40.3,50.5,7.04,5,2,1,Mobile Development,Machine Learning,Data Analyst
1989,21.4,35.7,18.7,36.8,33.6,22.7,29.1,25.8,20.7,30.7,46.3,16.5,33.7,45.5,35.4,30.8,39.1,30.1,3.6,65.4,43.0,36.0,32.2,28.5,31.3,41.7,34.0,7.05,2,2,3,Web Development,Data & Analytics,Data Analyst
1990,43.5,47.0,47.6,50.9,34.1,9.5,36.8,29.2,41.6,36.4,38.2,50.2,36.2,38.5,39.5,25.9,35.5,59.4,55.1,32.1,26.8,43.4,48.1,38.8,32.1,41.5,40.4,7.05,7,1,2,Business Analytics,Cloud & DevOps,Data Analyst
1991,51.2,48.7,40.2,45.4,34.2,41.2,46.7,30.8,34.3,28.3,51.8,36.5,38.1,59.2,48.8,38.4,47.6,59.5,73.3,55.8,59.9,54.4,72.7,30.5,62.0,62.2,60.5,7.05,1,1,2,Data Science,Business,Data Analyst
1992,55.3,59.9,71.2,66.2,57.6,64.3,69.2,67.6,65.7,69.9,73.0,67.5,68.2,76.5,69.2,61.9,61.2,59.6,35.1,58.2,76.7,67.5,43.3,65.0,47.0,53.5,67.7,7.06,4,0,3,Cloud Computing,Full Stack,Data Analyst
1993,58.7,44.5,60.0,53.7,64.3,59.7,59.0,60.1,53.6,48.5,38.4,62.3,40.3,49.2,46.4,36.3,48.9,45.2,56.6,55.4,53.9,57.3,70.5,56.3,58.6,54.0,46.7,7.06,5,3,1,AI/ML,Data & Analytics,Data Analyst
1994,59.0,53.9,38.8,60.8,37.0,50.5,62.0,41.2,42.9,58.2,66.8,49.3,33.1,29.0,41.5,33.2,46.5,57.1,52.7,70.3,62.8,62.7,66.4,47.0,59.8,53.5,53.0,7.06,2,0,1,AI/ML,Data & Analytics,Data Analyst
1995,39.7,54.4,43.0,48.2,78.8,52.3,56.0,71.9,63.3,44.5,43.5,57.7,71.4,48.1,58.1,61.6,52.6,51.9,49.6,44.2,56.8,51.2,57.2,47.8,51.0,73.2,48.7,7.07,6,0,3,Web Development,Data & Analytics,Data Analyst
1996,51.5,56.1,50.5,51.4,37.8,32.6,35.9,25.3,35.3,37.2,55.7,46.2,54.4,36.5,41.3,51.3,35.8,60.7,53.5,44.3,39.4,49.7,41.1,50.1,70.9,41.7,40.8,7.07,5,1,2,Cybersecurity,Business,Data Analyst
1997,27.9,43.8,37.8,46.5,34.2,26.5,29.6,36.7,40.0,42.1,45.4,33.3,49.2,32.3,31.9,29.0,30.0,34.9,25.8,39.5,55.0,42.5,46.9,29.3,62.1,34.0,41.4,7.08,2,1,2,Cloud Computing,Business,Data Analyst
1998,39.8,34.8,35.5,33.3,38.2,52.6,31.4,15.1,32.6,56.2,34.7,46.4,33.4,37.7,35.1,28.9,29.4,62.9,67.5,51.5,39.6,53.5,29.1,42.9,27.4,27.5,36.0,7.08,4,1,3,Cloud Computing,Backend,Data Analyst
1999,50.6,41.9,31.5,59.8,55.8,47.0,58.5,51.4,60.1,55.7,44.6,27.5,38.4,42.3,38.7,37.1,46.1,53.2,46.0,43.4,52.4,50.1,54.4,45.5,69.1,45.6,48.0,7.08,3,2,2,Cloud Computing,Cloud & DevOps,Data Analyst
2000,55.6,38.8,22.4,44.2,50.6,40.8,37.3,45.2,64.2,59.5,54.3,51.2,42.7,41.8,47.5,51.4,31.9,49.1,63.9,45.0,46.5,28.4,48.4,40.9,38.5,49.3,48.8,7.08,11,2,1,Business Analytics,Mobile,Data Analyst
2001,66.4,65.1,48.9,62.5,60.7,59.3,66.7,64.7,46.8,60.0,71.6,51.7,61.0,45.0,53.6,47.7,41.7,68.1,61.3,66.1,81.9,64.6,61.5,50.7,73.2,63.4,56.8,7.08,6,2,4,Web Development,Backend,Data Analyst
2002,26.8,36.2,36.5,37.0,28.1,45.0,19.4,32.2,30.6,33.7,27.3,25.9,31.7,16.2,24.3,25.4,39.2,35.9,38.9,43.8,36.9,25.6,56.2,37.5,46.6,39.0,31.4,7.09,4,1,2,Business Analytics,QA & Testing,Data Analyst
2003,31.7,37.3,23.2,40.8,66.5,72.4,62.1,66.9,49.1,47.2,29.4,44.4,43.2,40.4,41.2,52.9,41.2,32.5,19.9,44.8,26.0,25.9,56.9,42.9,59.8,64.8,31.6,7.09,3,2,1,Web Development,Backend,Data Analyst
2004,64.0,44.3,39.5,52.2,58.5,53.3,42.8,45.2,43.7,63.9,60.5,59.0,48.8,63.5,58.9,57.2,54.3,54.4,74.2,83.6,74.1,59.6,68.3,40.4,80.7,61.3,59.7,7.09,8,2,2,Cloud Computing,Data & Analytics,Data Analyst
2005,55.2,65.7,66.4,60.4,32.7,27.9,42.9,36.7,58.2,45.0,53.1,47.5,57.8,47.7,64.4,58.1,55.8,56.5,57.6,67.6,79.9,65.7,51.9,64.2,65.9,53.5,54.1,7.11,2,1,5,Data Science,Mobile,Data Analyst
2006,41.4,46.7,46.8,47.0,40.7,37.1,35.3,25.4,48.5,55.1,47.8,39.0,32.1,49.3,46.7,49.9,42.5,45.1,41.0,47.4,31.1,49.7,41.4,38.0,38.6,46.9,46.9,7.12,2,1,6,Cybersecurity,Data & Analytics,Data Analyst
2007,43.0,42.0,63.7,54.5,22.3,10.2,25.8,9.0,49.3,37.5,68.3,46.4,38.6,38.0,39.3,41.1,33.5,52.0,41.1,52.3,37.6,48.8,36.3,47.8,29.1,19.2,32.3,7.12,5,1,8,AI/ML,Backend,Data Analyst
2008,53.1,67.3,54.1,53.7,79.4,81.8,78.4,74.3,65.8,68.5,68.4,55.8,70.1,53.5,60.3,61.5,54.8,44.7,30.4,60.1,54.1,46.7,59.1,63.9,66.6,55.2,56.4,7.12,6,2,0,Cloud Computing,Data & Analytics,Data Analyst
2009,30.4,36.0,51.6,24.5,26.4,26.7,29.9,25.0,24.8,29.7,24.7,24.1,42.1,29.4,16.8,25.0,26.2,42.6,38.3,25.3,25.2,29.7,49.9,50.5,32.9,38.9,51.6,7.13,4,1,1,AI/ML,Business,Data Analyst
2010,45.0,36.8,40.5,39.1,33.8,21.4,27.8,38.9,41.2,37.8,32.6,46.0,28.0,44.2,32.6,32.0,35.0,51.6,20.5,35.2,33.1,33.0,38.0,33.6,40.4,35.3,22.4,7.13,5,1,1,Cybersecurity,Mobile,Data Analyst
2011,46.4,40.8,42.0,40.0,54.7,50.5,33.0,36.6,47.6,45.6,37.0,33.0,36.4,28.5,24.9,16.4,49.6,18.7,48.6,62.9,48.0,44.7,54.1,54.9,50.1,56.4,35.8,7.13,8,2,3,DevOps,Backend,Data Analyst
2012,10.1,24.7,24.0,19.9,29.8,49.6,44.4,46.9,23.4,15.9,17.5,16.1,25.5,13.3,15.4,16.9,17.5,21.9,23.4,10.0,17.5,21.8,27.2,25.2,14.5,19.2,17.3,7.14,2,0,0,Data Science,Cloud & DevOps,Data Analyst
2013,33.6,37.6,35.1,34.7,51.8,52.3,71.4,65.3,42.0,43.4,34.6,33.1,28.1,38.9,48.1,55.4,43.1,17.1,6.1,25.7,23.5,20.6,43.0,40.7,34.8,45.5,34.7,7.14,5,2,5,Business Analytics,Mobile,Data Analyst
2014,33.5,44.3,60.6,44.3,62.6,58.5,46.8,64.6,44.2,30.8,28.6,51.2,50.1,40.8,33.1,42.1,41.7,40.1,43.9,45.6,29.1,49.4,66.9,48.2,64.2,46.4,51.6,7.15,5,2,5,Mobile Development,Business,Data Analyst
2015,24.6,37.7,48.1,48.7,36.9,28.5,33.2,33.2,46.4,44.7,44.8,44.7,32.2,44.4,36.8,40.7,48.1,37.1,41.3,39.7,39.4,31.9,42.2,50.8,38.9,31.1,40.1,7.16,1,2,5,DevOps,Frontend,Data Analyst
2016,34.1,43.2,36.4,29.9,53.0,71.5,56.2,63.0,44.3,36.5,44.0,50.3,57.8,48.0,54.4,54.2,48.8,37.2,17.8,18.6,44.8,29.8,56.9,34.4,38.6,49.2,35.5,7.16,4,1,5,DevOps,Machine Learning,Data Analyst
2017,40.4,50.2,56.3,65.5,42.8,31.7,37.7,35.8,62.4,63.9,67.8,41.7,49.7,63.0,53.1,72.3,66.0,42.7,27.0,61.4,62.9,44.2,36.2,45.2,48.2,40.7,48.3,7.16,8,1,5,Cybersecurity,Business,Data Analyst
2018,45.9,41.0,33.5,40.9,38.6,41.8,57.6,45.6,33.1,31.7,39.1,38.1,32.7,49.4,53.8,38.1,42.6,33.4,38.4,55.9,59.5,37.3,58.2,52.3,56.1,45.0,34.5,7.16,5,0,4,AI/ML,Cloud & DevOps,Data Analyst
2019,55.9,50.2,65.6,44.4,53.9,48.4,54.4,54.6,44.7,47.2,38.7,50.1,62.1,50.2,54.5,49.4,56.0,41.6,76.1,54.4,57.6,56.6,63.2,69.6,51.9,73.9,48.2,7.18,10,2,2,AI/ML,Business,Data Analyst
2020,59.3,69.7,69.7,58.2,42.9,47.9,51.9,56.5,56.5,75.5,78.0,54.3,61.2,66.6,67.0,63.3,47.3,42.9,55.1,64.3,71.9,57.9,54.7,73.7,55.8,56.0,72.6,7.18,4,3,5,Data Science,Security,Data Analyst
2021,29.1,26.6,31.1,20.1,25.7,30.6,29.8,47.4,25.9,27.8,18.2,32.7,23.6,32.3,34.8,42.1,43.9,30.4,45.0,14.0,20.4,47.4,28.4,36.6,46.1,35.4,29.3,7.2,4,0,3,AI/ML,Cloud & DevOps,Data Analyst
2022,29.1,15.0,24.7,24.0,36.2,30.5,33.9,33.6,15.1,24.3,31.9,34.3,16.3,26.1,32.5,35.9,8.0,29.8,41.0,34.6,27.2,32.0,41.4,25.6,24.6,27.1,13.6,7.2,1,0,2,Data Science,Business,Data Analyst
2023,35.9,49.4,64.0,49.4,48.8,67.1,46.5,49.2,66.1,58.3,50.9,65.2,49.0,34.2,34.0,38.3,49.5,47.7,39.5,38.1,43.2,32.1,52.9,47.3,29.2,46.1,50.1,7.2,8,0,4,Business Analytics,Security,Data Analyst
2024,41.3,29.0,29.0,26.3,33.1,36.8,33.6,45.1,33.6,17.7,34.7,36.4,41.9,36.2,20.9,34.7,49.1,41.9,49.7,27.2,36.0,39.9,32.6,37.0,46.1,23.6,33.5,7.2,6,1,1,Mobile Development,Machine Learning,Data Analyst
2025,57.1,35.3,37.7,48.5,53.9,52.2,36.3,53.2,38.8,39.5,54.1,36.6,49.5,47.6,43.5,49.3,42.0,55.0,57.2,50.6,64.9,58.5,47.0,46.0,32.7,36.9,48.6,7.2,8,2,1,AI/ML,Machine Learning,Data Analyst
2026,62.7,44.2,44.3,52.0,30.8,36.3,43.8,36.9,56.8,40.9,49.1,54.9,61.2,40.6,29.8,50.1,31.2,43.2,55.4,44.9,50.8,58.8,81.2,38.1,47.3,42.4,69.8,7.2,2,2,3,Mobile Development,Data & Analytics,Data Analyst
2027,54.2,36.3,46.9,53.4,81.9,58.1,61.4,61.4,48.9,49.8,50.2,49.0,53.7,42.2,56.9,61.0,48.6,53.8,61.3,38.7,33.8,63.4,48.8,47.5,54.0,54.4,56.3,7.22,5,1,1,Data Science,Mobile,Data Analyst
2028,38.5,37.6,54.1,35.5,23.6,21.6,38.6,38.3,43.4,37.5,38.5,33.9,48.1,44.5,52.4,37.2,60.4,41.1,29.4,31.3,36.2,34.1,35.8,58.7,39.8,33.3,57.8,7.23,2,2,1,DevOps,Security,Data Analyst
2029,65.9,59.8,57.5,62.3,74.5,64.5,52.2,67.2,63.1,65.7,59.5,62.7,60.1,68.2,61.5,65.1,71.5,64.9,56.4,58.4,64.4,69.6,50.6,56.4,59.9,50.8,61.6,7.23,9,1,5,Cloud Computing,Data & Analytics,Data Analyst
2030,33.8,22.6,25.2,22.4,63.2,62.7,52.2,68.8,33.1,38.7,23.3,36.2,35.8,34.7,21.6,23.8,16.3,27.1,29.0,32.0,35.8,43.6,51.3,24.4,51.3,55.1,43.4,7.24,5,1,2,AI/ML,Business,Data Analyst
2031,39.2,41.7,30.1,45.4,26.2,35.6,40.5,20.6,38.4,40.8,38.2,42.7,44.9,46.1,35.8,40.6,31.5,30.5,39.9,43.3,53.0,39.6,26.9,41.4,28.9,29.0,43.0,7.24,6,1,3,Business Analytics,Machine Learning,Data Analyst
2032,44.6,49.7,39.9,63.7,34.8,29.8,49.2,44.7,41.5,55.3,53.6,45.2,36.3,42.3,47.7,41.8,29.9,45.8,40.5,55.8,57.1,48.4,45.3,38.0,32.8,21.9,45.8,7.24,3,1,1,Data Science,Full Stack,Data Analyst
2033,47.2,46.9,50.9,46.2,23.8,29.8,43.4,49.1,46.9,52.7,58.9,41.3,57.5,69.3,65.2,57.1,58.8,38.9,30.1,27.2,37.9,32.4,57.5,40.2,55.1,51.8,38.1,7.26,2,2,2,Mobile Development,Machine Learning,Data Analyst
2034,64.8,56.5,51.1,57.0,50.2,41.8,45.7,50.5,53.0,61.7,61.5,60.7,53.6,55.9,32.7,59.0,55.6,67.1,51.7,68.0,63.1,57.8,70.4,52.4,60.9,46.5,60.6,7.26,3,2,5,Data Science,Data & Analytics,Data Analyst
2035,41.5,39.1,31.4,41.4,34.0,37.8,42.7,35.3,49.9,33.8,38.8,36.1,43.3,30.5,46.6,37.1,40.3,33.3,45.0,34.6,37.6,39.7,31.7,32.7,34.8,36.5,31.3,7.27,5,1,5,Web Development,Business,Data Analyst
2036,60.1,47.1,44.7,49.7,41.0,19.8,27.2,35.1,27.6,36.6,41.7,42.7,36.2,52.7,30.4,53.5,40.7,57.4,33.3,70.8,58.1,48.4,48.2,47.6,59.7,47.2,53.9,7.27,5,1,3,Web Development,Business,Data Analyst
2037,67.9,53.2,48.7,71.3,53.6,48.9,51.3,48.0,55.8,54.6,53.7,57.7,56.6,59.9,50.9,59.1,59.7,70.5,67.5,62.8,73.3,55.7,44.6,65.2,63.7,74.1,47.1,7.28,6,3,3,Data Science,Mobile,Data Analyst
2038,22.0,25.5,33.7,19.9,21.3,35.9,26.6,34.9,24.3,26.3,22.7,21.7,44.2,38.0,44.2,34.1,35.2,23.8,40.8,21.5,20.5,39.3,32.7,39.3,8.7,19.6,24.6,7.29,4,0,2,Cloud Computing,Frontend,Data Analyst
2039,42.1,33.6,54.0,36.0,45.2,44.3,29.9,52.6,45.1,31.4,46.3,37.3,29.1,35.4,38.5,41.5,52.1,56.9,42.7,46.6,39.3,44.5,58.5,53.9,41.0,49.4,56.2,7.29,3,2,1,Business Analytics,Business,Data Analyst
2040,70.7,47.5,32.9,53.4,28.0,28.8,38.8,30.1,30.8,42.7,49.6,61.8,49.2,42.9,47.8,48.6,56.4,62.8,55.7,62.0,55.1,42.9,29.9,58.6,39.9,41.8,51.7,7.29,8,1,1,AI/ML,QA & Testing,Data Analyst
2041,47.7,48.7,25.5,60.8,46.3,58.7,28.3,40.0,52.9,48.3,47.2,43.1,51.8,46.2,42.4,40.1,50.4,45.3,45.1,58.5,54.9,45.2,46.1,47.6,33.9,39.9,48.5,7.3,3,2,5,Web Development,Data & Analytics,Data Analyst
2042,65.2,50.4,65.1,74.0,82.9,61.0,70.1,61.5,61.9,63.4,61.5,64.2,64.5,61.6,75.4,46.7,55.8,66.2,75.8,60.7,72.3,62.9,61.5,66.7,53.7,48.3,73.5,7.3,6,1,4,Web Development,Data & Analytics,Data Analyst
2043,21.1,21.0,19.8,17.5,22.5,10.1,11.6,15.1,18.9,24.2,20.0,21.7,18.1,9.7,24.3,17.5,5.8,18.8,6.5,14.3,22.7,16.9,42.8,10.0,34.2,21.3,10.7,7.31,1,0,2,Business Analytics,Frontend,Data Analyst
2044,40.7,20.1,34.7,29.0,23.3,29.9,28.3,28.2,24.9,30.9,28.6,31.0,36.0,31.0,28.9,38.9,17.9,30.7,16.5,42.3,50.5,33.1,37.2,49.4,41.6,39.0,46.0,7.31,1,1,3,Web Development,Business,Data Analyst
2045,46.1,52.1,51.8,56.3,43.4,49.0,36.1,40.8,26.9,35.1,43.8,56.8,44.0,45.3,43.3,39.5,40.2,44.6,46.3,55.6,55.2,48.7,35.9,47.4,26.6,43.1,56.1,7.31,5,1,2,Business Analytics,Business,Data Analyst
2046,31.9,30.1,49.0,37.6,21.3,22.3,23.7,20.2,27.6,46.6,49.1,40.0,35.0,38.1,48.7,29.4,37.4,31.3,45.6,40.6,30.6,38.9,47.8,53.6,35.8,16.1,49.7,7.32,0,3,3,Business Analytics,Full Stack,Data Analyst
2047,34.4,46.5,27.0,26.8,45.6,49.7,53.1,54.9,35.0,39.1,36.6,42.6,26.8,43.0,41.2,39.8,47.9,51.1,37.0,44.8,34.0,34.0,60.6,30.1,68.5,60.6,50.5,7.32,3,2,5,Mobile Development,Frontend,Data Analyst
2048,37.6,39.0,46.7,43.0,52.2,42.0,52.0,41.7,48.6,36.6,41.9,35.9,38.8,31.2,43.2,34.3,32.7,40.4,41.5,42.4,41.6,37.0,50.7,37.1,42.3,48.2,47.3,7.32,2,1,3,Mobile Development,QA & Testing,Data Analyst
2049,50.0,62.2,51.8,53.7,62.8,71.4,70.2,77.2,68.1,63.1,59.9,63.7,58.6,41.0,57.9,52.9,61.9,34.8,38.3,38.9,32.1,53.5,49.2,66.2,70.3,56.4,53.0,7.32,9,2,5,Cybersecurity,QA & Testing,Data Analyst
2050,35.9,31.4,23.1,25.2,30.1,21.5,24.5,25.4,29.6,26.5,42.4,32.0,23.5,36.0,25.8,36.6,22.0,33.8,36.2,23.5,40.0,24.7,48.5,18.9,29.0,42.4,43.6,7.33,3,0,0,Cloud Computing,Security,Data Analyst
2051,47.7,44.6,48.3,39.3,74.7,73.5,39.2,59.9,43.9,35.7,29.1,50.1,51.6,46.5,36.4,41.8,56.0,33.5,46.4,37.0,42.1,35.1,42.1,63.4,52.3,54.0,46.1,7.34,6,2,6,Business Analytics,Cloud & DevOps,Data Analyst
2052,47.5,45.9,55.1,49.0,29.6,28.2,32.5,29.6,19.2,47.6,46.7,47.0,30.1,35.6,33.0,22.3,48.2,58.0,47.2,68.1,67.0,52.2,32.4,45.2,40.4,62.1,48.1,7.35,0,0,5,AI/ML,Full Stack,Data Analyst
2053,51.4,35.7,46.4,44.4,61.6,52.5,52.2,56.1,41.7,42.4,42.9,35.3,51.4,45.5,38.3,57.6,41.1,61.3,71.8,35.7,43.0,48.2,16.5,35.3,31.8,44.2,53.5,7.35,3,1,1,Data Science,Machine Learning,Data Analyst
2054,43.5,27.1,25.9,26.4,24.4,19.5,16.1,22.6,38.6,25.7,23.6,38.4,29.4,26.4,43.5,33.8,24.9,53.2,58.0,31.6,26.8,58.0,18.0,20.3,20.9,8.1,40.1,7.36,3,1,1,AI/ML,Machine Learning,Data Analyst
2055,44.2,37.3,24.2,39.1,34.4,42.8,38.3,31.1,37.2,34.6,42.4,42.3,39.1,35.5,26.1,22.9,32.5,34.9,37.8,29.7,26.6,29.8,36.4,46.8,34.5,26.8,38.4,7.36,6,0,0,DevOps,Backend,Data Analyst
2056,44.3,39.9,41.9,39.0,38.0,39.1,41.1,31.0,43.9,51.8,32.6,44.0,50.2,43.8,42.4,46.2,34.2,33.9,47.0,36.8,39.2,28.6,49.3,26.5,43.9,23.9,37.1,7.36,3,2,3,AI/ML,Full Stack,Data Analyst
2057,41.7,41.8,37.5,51.8,34.1,28.7,42.6,40.6,23.1,47.5,36.3,54.0,39.5,37.3,47.4,36.8,53.0,46.6,56.5,44.7,31.6,55.2,44.1,60.7,35.6,39.8,49.5,7.39,5,0,4,AI/ML,Full Stack,Data Analyst
2058,54.6,39.3,46.8,43.5,33.7,39.6,33.4,47.1,37.7,36.0,53.8,48.3,40.0,26.7,43.5,30.0,37.2,50.3,45.4,51.2,63.7,50.5,62.0,35.2,22.3,39.2,59.7,7.39,3,1,0,Business Analytics,Business,Data Analyst
2059,57.2,65.0,64.4,58.5,55.7,67.5,60.3,69.1,50.8,57.5,56.2,64.3,55.4,47.4,63.8,56.2,41.8,63.7,55.5,42.9,62.4,35.6,33.4,39.0,62.0,54.7,68.8,7.39,8,1,1,Cybersecurity,Business,Data Analyst
2060,60.0,51.5,39.7,59.3,41.2,26.3,46.3,25.6,55.2,58.2,71.6,52.4,50.9,33.5,50.6,36.9,42.3,56.5,55.9,62.3,48.8,60.4,43.3,39.2,26.3,42.2,43.1,7.41,7,1,1,Web Development,Frontend,Data Analyst
2061,54.3,48.0,28.9,47.6,24.5,39.5,40.0,39.3,59.6,49.1,40.9,26.1,42.1,58.8,30.0,50.3,40.1,50.0,41.0,36.9,46.1,41.5,49.3,40.8,44.8,63.7,29.9,7.42,2,0,5,Mobile Development,Machine Learning,Data Analyst
2062,53.6,16.2,19.9,35.7,36.7,52.0,36.1,46.0,41.0,27.8,42.2,32.6,27.1,15.9,22.5,28.8,17.4,41.5,39.1,60.0,44.1,37.7,40.2,21.6,24.3,20.9,33.5,7.43,2,1,1,Business Analytics,Machine Learning,Data Analyst
2063,32.4,23.1,40.2,43.7,26.2,22.5,34.6,45.8,27.3,23.2,29.1,34.3,34.2,33.3,36.5,30.6,21.5,41.8,37.2,50.5,42.2,35.4,59.3,54.3,45.6,52.4,32.6,7.44,3,1,4,AI/ML,Full Stack,Data Analyst
2064,26.8,52.2,34.3,51.2,58.4,54.5,55.5,57.7,60.8,69.0,39.1,53.6,63.5,48.3,46.2,45.4,40.5,28.2,33.7,41.5,29.3,37.1,42.3,42.7,48.4,42.5,40.8,7.45,6,0,1,Business Analytics,Backend,Data Analyst
2065,40.7,35.0,64.3,45.3,72.9,60.7,61.5,60.7,55.7,55.5,45.2,42.5,61.9,44.5,47.6,54.3,47.1,45.2,40.8,41.9,24.5,47.5,54.3,45.4,62.6,34.9,42.0,7.45,11,2,3,Cybersecurity,QA & Testing,Data Analyst
2066,45.3,43.2,36.1,46.0,45.9,70.9,53.5,51.4,61.4,64.5,52.1,38.3,39.9,39.8,38.5,24.3,43.3,46.0,58.2,32.8,40.8,58.5,34.9,29.8,42.0,39.2,41.4,7.45,5,1,1,Mobile Development,Business,Data Analyst
2067,45.5,51.0,44.3,60.2,37.8,29.9,43.6,38.0,50.0,46.0,51.7,37.8,44.2,48.0,42.6,55.8,42.5,57.8,45.7,61.0,40.7,45.4,52.4,69.0,75.6,50.3,44.2,7.45,3,1,4,Cloud Computing,Business,Data Analyst
2068,47.9,50.8,43.6,52.3,24.4,21.8,34.2,29.0,23.0,46.1,44.4,55.5,37.8,32.8,57.6,37.1,39.7,69.4,52.3,53.5,46.1,39.1,32.0,55.3,23.9,58.3,58.5,7.47,1,1,1,Mobile Development,Frontend,Data Analyst
2069,35.0,53.0,49.4,55.4,37.0,38.4,41.4,29.0,61.3,48.0,63.1,49.3,52.8,45.1,44.4,39.6,41.4,43.9,36.4,34.1,48.8,36.9,47.3,32.2,52.7,55.7,51.8,7.49,11,3,5,DevOps,Machine Learning,Data Analyst
2070,41.6,48.1,46.1,61.3,55.8,62.0,53.2,52.7,54.8,49.0,56.3,54.6,62.3,59.4,62.6,58.9,61.3,59.9,45.7,39.8,56.2,55.2,67.0,39.3,61.0,68.6,37.7,7.49,7,2,4,Data Science,Cloud & DevOps,Data Analyst
2071,42.3,28.7,44.8,37.5,45.7,54.6,30.1,27.5,29.0,33.6,38.7,52.8,36.8,27.6,30.7,26.4,22.5,30.6,45.2,50.9,45.0,38.1,72.1,37.9,43.5,49.1,43.9,7.49,3,2,3,Cloud Computing,Mobile,Data Analyst
2072,53.3,52.4,49.3,60.6,36.9,44.7,62.1,31.8,72.5,58.2,64.8,53.6,41.5,75.8,70.2,67.2,72.3,33.4,41.1,55.3,63.6,37.3,58.3,52.7,63.2,82.4,50.1,7.49,4,1,1,DevOps,Backend,Data Analyst
2073,52.1,48.2,33.7,58.6,46.7,45.6,38.7,24.0,40.7,37.7,43.1,45.0,44.5,42.8,42.4,37.5,47.7,62.1,54.4,61.8,57.2,50.9,38.4,42.4,31.3,52.1,49.2,7.5,6,1,3,Mobile Development,Backend,Data Analyst
2074,38.8,34.0,33.0,52.7,55.7,53.8,55.3,56.4,43.4,58.8,53.7,34.4,57.5,40.8,35.3,35.1,28.9,36.1,31.9,41.7,47.6,50.3,41.5,36.2,51.7,64.0,41.8,7.51,7,2,0,Data Science,Business,Data Analyst
2075,35.7,30.1,39.6,17.8,8.4,24.7,16.1,31.7,21.6,17.7,27.3,32.9,26.1,26.9,16.9,17.6,28.4,44.9,50.4,36.7,16.0,46.7,25.2,38.2,10.1,31.6,39.3,7.52,4,1,2,Business Analytics,Business,Data Analyst
2076,43.1,45.4,46.7,33.8,34.0,33.9,53.4,38.0,43.4,31.6,40.8,47.8,44.3,40.6,49.5,58.7,37.3,36.2,23.7,14.6,33.8,32.2,53.3,53.9,50.4,49.2,38.8,7.53,5,1,4,Cybersecurity,Cloud & DevOps,Data Analyst
2077,43.5,37.8,41.9,46.1,52.6,36.6,50.1,33.8,49.2,53.7,51.1,37.8,41.2,25.9,37.5,41.7,27.5,41.5,27.8,63.5,52.5,47.9,35.3,39.0,34.5,44.6,37.6,7.53,3,0,2,DevOps,Security,Data Analyst
2078,51.6,31.3,25.1,44.5,45.3,55.1,48.0,46.4,35.5,42.1,42.7,61.3,39.2,23.4,32.2,33.2,33.3,55.6,57.4,55.1,57.5,50.1,53.9,29.5,60.4,53.2,28.5,7.53,2,3,0,DevOps,Frontend,Data Analyst
2079,56.3,45.1,54.0,70.5,64.5,57.9,68.3,68.3,60.6,45.9,51.1,42.7,49.2,52.3,29.1,33.0,29.7,62.2,68.2,63.5,65.6,57.1,56.7,63.6,52.6,61.6,53.3,7.53,3,3,2,Web Development,Business,Data Analyst
2080,34.0,28.6,36.0,34.0,54.6,53.9,36.1,43.6,44.7,39.3,45.6,46.0,47.8,51.4,41.1,43.6,46.5,50.3,27.8,62.5,48.9,36.4,36.1,42.3,45.3,36.7,36.6,7.54,6,0,3,Cybersecurity,Security,Data Analyst
2081,52.8,44.0,34.1,65.7,52.6,53.3,49.3,66.5,39.1,58.9,66.5,51.4,54.3,46.5,49.0,42.0,52.5,38.6,47.2,63.3,48.4,42.7,52.5,51.6,35.6,48.3,58.2,7.55,4,1,1,AI/ML,Machine Learning,Data Analyst
2082,63.1,72.8,73.0,54.9,66.1,66.3,61.9,68.3,67.4,67.6,59.9,62.0,55.3,58.0,66.4,55.0,64.3,64.0,76.7,36.6,44.9,67.5,51.6,63.2,32.3,51.6,71.8,7.55,5,2,3,Cybersecurity,QA & Testing,Data Analyst
2083,66.2,55.3,54.6,51.9,37.4,36.6,33.9,39.9,32.9,45.2,47.8,45.5,53.9,56.1,48.5,55.3,50.8,69.2,64.8,72.2,65.9,67.9,67.9,63.8,53.0,61.8,46.5,7.55,3,2,5,Business Analytics,Cloud & DevOps,Data Analyst
2084,33.5,51.1,40.2,52.0,32.3,48.3,38.0,39.3,38.0,34.9,51.2,41.5,49.5,51.3,51.7,58.0,35.4,24.1,31.1,50.7,49.4,37.1,52.3,55.5,12.2,32.9,50.0,7.56,6,0,2,Cloud Computing,Business,Data Analyst
2085,51.3,58.7,36.6,56.5,45.9,33.8,33.8,32.8,47.6,57.5,52.3,42.9,29.8,32.3,34.7,42.4,31.7,29.3,36.5,53.1,29.3,31.6,47.5,40.4,37.4,44.1,29.7,7.56,3,1,4,Mobile Development,Full Stack,Data Analyst
2086,42.3,62.9,62.6,50.2,46.5,53.0,50.6,54.7,62.7,53.6,56.0,60.5,44.1,43.5,64.3,58.5,70.8,43.2,51.8,44.1,44.3,37.0,56.7,35.9,69.9,53.1,47.0,7.57,2,3,3,Mobile Development,Frontend,Data Analyst
2087,44.1,29.4,23.9,20.9,74.1,63.2,55.5,46.7,47.4,41.5,36.0,29.9,62.5,43.8,40.2,32.3,37.0,31.7,37.5,37.2,33.7,31.5,59.8,38.6,48.6,49.2,35.8,7.57,4,3,1,Data Science,Mobile,Data Analyst
2088,60.8,66.0,57.6,49.6,48.8,36.1,46.2,46.5,52.6,63.4,58.3,60.2,45.7,55.2,54.6,41.4,46.3,48.9,33.5,55.2,56.8,52.4,56.8,47.0,37.8,31.9,47.3,7.57,2,1,1,Business Analytics,Backend,Data Analyst
2089,35.2,43.1,21.2,34.2,57.4,43.7,54.1,62.5,40.9,30.8,29.9,44.3,60.0,41.2,41.6,46.4,47.6,36.1,27.2,23.5,39.8,42.5,44.2,45.5,39.8,56.5,32.0,7.58,4,2,6,Business Analytics,Frontend,Data Analyst
2090,61.1,41.8,49.5,59.0,68.0,60.1,68.2,60.7,39.9,41.9,57.4,56.0,54.0,49.6,63.7,55.9,59.1,61.7,61.2,67.2,70.3,71.1,52.4,71.7,45.6,54.5,61.8,7.58,8,1,5,Data Science,Frontend,Data Analyst
2091,65.0,56.4,75.2,40.9,56.5,58.1,63.3,68.5,49.8,53.7,64.5,58.5,50.7,60.3,68.3,57.3,43.2,59.2,77.4,42.7,31.8,73.9,69.1,61.4,68.4,67.3,71.7,7.58,6,1,2,Web Development,Frontend,Data Analyst
2092,66.0,52.4,57.7,71.5,24.7,15.6,33.9,34.8,47.3,54.4,49.8,38.9,50.7,48.7,46.5,51.7,49.7,49.3,60.7,55.3,59.0,54.4,41.1,44.6,48.7,30.3,52.3,7.58,8,0,2,Data Science,Machine Learning,Data Analyst
2093,34.8,21.0,41.8,48.1,18.7,22.8,20.2,30.0,22.7,24.5,40.6,31.0,36.3,32.4,20.0,26.8,23.7,41.5,55.0,44.4,52.7,49.2,25.0,29.8,23.1,31.1,44.4,7.59,3,2,5,Business Analytics,Full Stack,Data Analyst
2094,38.5,39.1,36.5,52.8,39.3,30.7,51.6,44.6,50.1,63.2,48.0,48.6,42.3,54.7,49.3,45.7,42.1,29.9,31.4,50.8,46.5,36.8,43.2,26.6,55.3,48.3,43.7,7.59,2,1,2,Data Science,Full Stack,Data Analyst
2095,49.4,46.7,40.8,51.5,34.6,23.7,34.2,37.3,40.4,46.4,53.1,45.0,47.4,41.2,43.5,44.2,49.3,43.3,58.0,43.9,47.5,48.9,43.6,49.3,16.9,32.5,39.7,7.59,4,1,6,Data Science,Frontend,Data Analyst
2096,82.4,57.8,63.9,64.0,61.1,61.5,51.1,53.8,56.9,64.6,56.0,65.7,58.7,82.1,70.2,75.3,67.1,75.8,68.3,52.4,77.1,76.0,74.6,58.1,66.0,79.4,84.6,7.59,7,2,3,Cybersecurity,Mobile,Data Analyst
2097,53.9,47.3,46.2,57.9,30.2,31.9,22.6,29.3,25.0,58.1,61.3,38.9,42.6,45.4,35.5,39.1,54.2,44.4,36.1,69.8,61.7,51.5,63.5,48.5,58.6,49.3,58.4,7.6,5,2,2,AI/ML,Data & Analytics,Data Analyst
2098,43.9,48.6,44.4,27.6,69.1,61.3,52.9,82.0,49.1,49.1,37.2,40.6,44.7,41.0,36.8,51.1,63.1,56.6,49.9,39.6,44.4,62.0,46.7,46.0,43.6,66.4,41.5,7.61,4,0,3,Cybersecurity,Business,Data Analyst
2099,37.0,31.3,37.4,45.9,60.7,53.4,55.3,65.4,34.7,38.8,43.9,35.0,51.4,28.3,25.7,32.2,35.7,51.6,70.6,65.4,59.8,57.5,51.7,50.7,47.0,52.7,35.5,7.62,3,0,1,Business Analytics,Frontend,Data Analyst
2100,42.6,41.3,34.1,39.2,51.1,56.6,43.3,55.7,30.2,34.6,44.5,52.9,38.4,48.2,48.9,56.0,44.2,45.2,43.4,54.0,45.2,51.5,34.3,22.5,37.6,48.6,47.7,7.62,4,0,1,Web Development,Data & Analytics,Data Analyst
2101,38.2,42.5,57.7,46.7,22.0,32.1,33.1,27.2,31.3,49.3,39.2,31.4,45.7,41.3,56.5,42.2,43.1,51.1,29.3,65.1,64.3,56.4,53.2,49.9,56.4,56.8,47.9,7.64,8,1,2,Data Science,QA & Testing,Data Analyst
2102,44.3,47.0,30.9,36.8,51.9,32.5,38.4,28.2,34.6,32.4,37.9,40.2,48.8,52.8,63.6,43.7,41.2,48.4,57.1,51.1,41.8,61.7,49.3,24.6,50.4,48.9,39.2,7.65,5,1,2,Web Development,Data & Analytics,Data Analyst
2103,40.7,43.1,50.9,41.3,43.6,49.6,43.3,44.7,37.2,46.4,40.7,39.7,50.4,31.6,34.9,33.7,44.6,41.6,58.6,36.4,35.8,48.0,66.0,53.1,63.0,57.1,32.7,7.66,2,3,3,Cybersecurity,Security,Data Analyst
2104,42.0,50.5,35.3,42.0,57.0,40.1,43.8,32.1,39.9,37.4,46.9,49.0,53.1,49.6,46.3,44.7,35.0,33.6,31.4,43.7,40.7,27.6,44.8,20.0,48.4,50.3,44.8,7.66,5,1,5,Business Analytics,QA & Testing,Data Analyst
2105,20.9,32.2,21.6,31.7,29.3,28.3,49.7,23.3,14.6,14.7,32.5,20.6,37.1,34.3,28.3,37.8,39.4,27.9,23.0,24.9,25.7,32.6,46.3,26.6,64.4,47.4,41.5,7.67,6,2,4,Business Analytics,Full Stack,Data Analyst
2106,42.2,26.0,42.1,28.7,17.0,15.2,24.1,12.1,19.8,11.5,31.1,28.6,23.2,46.3,29.6,43.4,33.1,58.8,57.0,34.2,33.7,51.4,32.0,30.6,43.3,27.0,35.6,7.68,6,0,1,Data Science,Mobile,Data Analyst
2107,41.4,50.6,25.3,44.4,62.8,52.3,59.3,53.9,61.2,60.1,53.2,45.2,42.5,55.2,46.9,59.7,55.2,24.1,32.7,45.4,34.2,20.8,41.9,29.5,58.9,64.3,15.0,7.69,4,3,2,AI/ML,Cloud & DevOps,Data Analyst
2108,44.0,50.4,47.1,71.2,66.2,66.6,54.8,61.7,53.9,62.9,76.2,50.1,58.7,49.0,55.6,53.4,50.2,46.4,34.6,63.4,53.4,56.2,70.6,61.2,50.7,48.2,51.1,7.69,4,2,4,Mobile Development,Full Stack,Data Analyst
2109,46.6,24.2,12.5,52.5,43.3,32.8,39.0,37.1,31.1,48.7,32.4,25.7,37.8,35.0,40.3,35.8,27.0,47.5,40.7,37.7,46.3,50.1,27.0,36.3,37.0,43.1,36.6,7.69,1,1,1,Cloud Computing,Mobile,Data Analyst
2110,59.5,54.7,61.5,54.4,60.2,81.3,57.8,77.1,34.6,44.2,56.1,65.7,53.2,64.0,55.9,51.9,61.9,67.6,64.1,79.8,83.4,69.1,65.9,56.3,75.5,77.9,57.1,7.69,10,2,4,Cybersecurity,Mobile,Data Analyst
2111,33.4,45.7,35.1,36.1,36.2,38.5,40.3,42.3,33.3,27.0,44.3,35.1,39.7,45.8,46.9,42.9,43.6,40.5,29.1,38.0,44.4,38.8,34.8,48.2,40.3,58.1,41.4,7.7,4,1,0,Business Analytics,Cloud & DevOps,Data Analyst
2112,40.1,38.3,32.5,19.8,58.4,68.2,57.3,40.9,60.7,32.2,28.7,45.3,43.6,31.8,27.3,42.4,29.9,32.3,55.7,36.8,42.5,44.7,66.3,33.0,48.7,52.7,32.3,7.71,5,3,4,Data Science,Frontend,Data Analyst
2113,46.6,24.3,20.9,49.4,18.0,24.8,41.8,27.5,23.2,28.6,41.1,40.0,19.3,40.5,43.7,27.9,37.4,45.8,53.1,54.0,29.2,47.5,13.7,23.9,18.3,2.7,26.2,7.71,2,1,1,DevOps,Business,Data Analyst
2114,51.4,62.2,63.3,51.6,73.0,72.3,62.4,61.0,62.3,58.5,64.9,48.2,67.1,62.4,55.9,61.7,60.7,47.7,37.3,45.9,53.8,47.5,56.2,60.0,65.3,72.0,69.5,7.71,7,1,5,Business Analytics,Business,Data Analyst
2115,55.0,63.5,56.6,63.3,36.5,24.4,50.9,24.9,60.8,64.6,66.0,60.1,51.7,57.3,45.8,39.4,46.4,55.4,67.5,56.1,51.7,69.0,51.5,65.1,45.1,62.1,38.7,7.71,5,2,0,Data Science,Data & Analytics,Data Analyst
2116,58.0,31.4,60.1,47.7,55.8,55.9,46.5,59.3,46.0,36.2,50.5,49.1,53.5,61.7,49.6,39.2,53.9,63.0,73.0,49.6,50.6,71.9,38.8,59.8,54.5,39.2,50.7,7.71,5,2,5,Web Development,QA & Testing,Data Analyst
2117,53.5,58.3,61.5,56.9,53.6,47.2,53.0,52.5,54.6,60.7,59.6,49.8,48.2,44.3,48.2,57.5,49.6,50.1,40.2,62.8,70.5,48.6,38.6,59.7,64.4,53.3,51.1,7.72,5,0,3,Web Development,Machine Learning,Data Analyst
2118,62.0,51.7,62.0,65.3,52.1,52.1,57.5,65.2,57.2,70.6,84.0,61.0,55.9,72.5,51.0,62.5,61.8,84.3,64.3,67.1,64.8,72.2,55.0,60.9,47.0,44.0,60.3,7.73,4,3,4,Cybersecurity,Business,Data Analyst
2119,39.7,39.0,19.9,42.0,47.4,46.7,44.3,52.9,37.2,42.9,43.6,38.1,43.2,38.9,32.6,39.6,38.5,45.8,52.1,53.6,50.1,56.8,29.4,47.3,41.0,23.7,41.9,7.75,3,0,1,Business Analytics,Full Stack,Data Analyst
2120,57.1,51.8,50.3,62.9,61.1,49.0,55.3,49.8,60.1,75.5,62.1,51.8,50.3,49.3,48.5,53.1,46.6,56.8,38.6,81.5,83.2,66.1,50.3,38.6,43.4,62.1,62.3,7.76,6,2,3,Cybersecurity,Security,Data Analyst
2121,61.2,58.0,42.3,52.2,67.8,60.2,71.5,61.4,49.3,70.6,59.4,51.4,39.6,47.9,57.3,49.3,51.6,42.1,32.7,63.2,75.1,38.5,41.2,50.6,43.8,41.8,58.6,7.76,3,3,4,Cybersecurity,Mobile,Data Analyst
2122,31.4,44.1,48.4,40.7,44.1,50.2,46.4,54.1,32.0,41.9,42.3,28.3,38.3,43.2,49.9,39.9,50.5,39.7,39.4,62.6,41.0,43.5,64.8,50.8,39.7,61.2,26.9,7.77,7,1,3,Business Analytics,Full Stack,Data Analyst
2123,55.5,63.9,50.4,71.4,55.2,40.1,56.8,48.7,75.5,64.0,68.3,67.7,52.8,71.5,65.2,61.6,62.1,67.3,46.1,66.7,69.8,52.4,50.6,50.3,52.9,37.5,69.4,7.77,5,3,6,Data Science,Backend,Data Analyst
2124,27.5,31.8,36.2,32.2,51.6,56.9,47.5,59.9,37.2,15.2,22.3,42.7,51.8,35.1,36.9,39.7,42.3,34.1,50.6,37.6,35.5,31.6,41.2,43.2,43.1,39.4,39.9,7.78,4,2,1,Cloud Computing,QA & Testing,Data Analyst
2125,54.2,54.7,51.1,52.9,28.8,40.5,39.1,40.3,58.8,43.2,44.9,56.5,38.5,53.9,44.7,57.9,47.5,39.9,46.1,41.5,29.4,39.9,49.2,48.9,34.6,39.8,56.7,7.78,4,0,6,Web Development,Backend,Data Analyst
2126,38.5,53.4,34.3,54.3,66.6,48.6,53.7,59.1,69.7,57.4,48.7,50.5,52.0,53.4,53.4,52.5,44.8,36.7,48.3,38.4,34.5,47.4,34.5,38.0,53.6,50.3,43.7,7.79,5,0,5,AI/ML,Backend,Data Analyst
2127,44.5,39.5,30.0,39.1,49.2,43.3,33.5,46.5,39.2,38.4,30.7,48.0,44.7,35.6,37.4,45.3,31.1,31.0,25.9,33.0,38.0,40.3,36.1,34.3,31.7,42.0,26.6,7.79,5,1,4,Web Development,Business,Data Analyst
2128,51.6,40.9,29.0,46.5,46.8,60.0,34.1,49.7,39.8,36.9,38.5,57.9,50.0,30.9,49.6,44.3,49.0,61.1,61.4,57.1,61.4,56.9,47.6,44.4,36.0,32.5,42.6,7.79,2,3,1,Business Analytics,Frontend,Data Analyst
2129,61.9,44.4,48.4,43.6,26.8,30.2,40.5,36.3,48.4,58.0,51.0,45.0,48.6,34.6,40.7,30.1,48.3,38.2,51.3,52.3,72.9,49.1,28.4,51.4,42.6,32.3,49.2,7.79,2,3,4,AI/ML,Machine Learning,Data Analyst
2130,55.0,47.3,34.4,50.4,36.6,33.6,17.8,27.2,38.4,32.2,35.1,50.8,45.0,45.1,45.6,50.5,43.6,64.3,62.6,64.5,67.9,68.5,56.1,45.1,64.8,43.3,42.1,7.82,2,2,2,Data Science,Business,Data Analyst
2131,68.0,45.2,58.7,51.1,53.5,39.9,45.3,37.4,41.2,52.7,44.0,57.9,60.9,49.1,34.6,36.2,56.2,58.6,61.3,61.9,55.2,78.8,44.9,63.1,53.3,57.5,52.3,7.82,8,1,4,Data Science,Security,Data Analyst
2132,52.8,39.1,26.8,35.4,41.4,32.2,39.5,35.4,35.4,39.4,51.3,30.2,29.8,41.2,49.8,43.0,42.1,53.6,48.0,34.3,35.9,62.4,45.0,28.7,38.5,46.0,29.7,7.85,2,1,3,Cybersecurity,Business,Data Analyst
2133,42.8,44.3,57.2,61.8,53.4,47.1,43.4,61.4,30.1,40.1,28.8,54.1,45.5,39.6,43.7,17.2,48.7,56.2,56.2,52.8,54.8,54.1,50.4,47.8,63.7,62.5,63.3,7.86,10,2,2,Cloud Computing,Business,Data Analyst
2134,36.3,27.8,22.1,28.6,50.3,38.3,28.6,32.7,27.5,38.4,23.7,39.9,38.8,30.7,35.1,38.6,28.2,23.0,31.9,26.4,41.2,35.2,34.1,22.9,45.4,54.6,26.9,7.87,6,1,3,AI/ML,Security,Data Analyst
2135,40.3,53.4,45.8,45.6,41.3,45.7,37.3,51.0,33.7,45.2,38.4,52.2,60.1,45.6,67.8,63.5,49.3,29.7,43.3,59.2,56.6,42.4,56.9,50.8,68.1,60.6,51.7,7.87,2,1,2,Data Science,Data & Analytics,Data Analyst
2136,42.8,56.0,55.4,37.3,37.0,30.8,42.3,34.6,61.7,44.5,44.1,38.4,40.7,52.2,47.0,56.6,47.6,33.2,20.6,53.1,44.6,44.6,49.0,52.5,53.3,66.5,52.4,7.87,5,0,3,Data Science,Cloud & DevOps,Data Analyst
2137,45.0,48.0,30.2,43.3,55.5,53.9,69.0,59.6,53.5,53.6,58.9,49.1,55.6,60.1,52.3,56.1,51.4,45.4,37.4,41.8,38.5,51.3,52.0,44.7,55.2,59.2,43.7,7.88,5,0,1,Mobile Development,Data & Analytics,Data Analyst
2138,52.2,42.7,43.0,41.1,32.3,44.7,38.5,55.1,36.1,39.2,35.8,36.9,45.1,52.4,51.3,43.7,41.1,65.7,70.4,50.6,44.2,48.8,64.4,55.2,75.4,55.9,53.8,7.88,5,1,4,Cybersecurity,Machine Learning,Data Analyst
2139,51.4,33.4,36.5,56.8,48.4,45.8,44.5,52.0,38.3,38.7,49.3,42.5,43.2,38.1,44.7,46.9,51.6,54.5,61.3,67.6,67.7,55.9,61.3,45.8,53.0,41.4,44.0,7.89,8,2,3,DevOps,QA & Testing,Data Analyst
2140,40.8,50.4,44.8,40.7,48.6,52.5,43.5,36.2,35.7,40.8,40.0,45.0,47.2,34.9,40.2,52.4,56.6,57.9,51.0,31.7,39.4,40.8,55.5,40.2,43.8,24.1,23.9,7.9,7,1,2,Data Science,Data & Analytics,Data Analyst
2141,45.7,60.7,45.5,56.3,46.3,51.0,55.0,52.8,63.5,78.5,59.0,47.5,44.7,64.9,68.5,58.4,51.1,39.5,46.3,57.1,55.9,37.6,49.2,47.8,49.9,54.5,47.1,7.9,2,2,3,Cloud Computing,Cloud & DevOps,Data Analyst
2142,69.2,71.2,56.5,36.6,51.7,44.4,49.5,52.2,58.6,51.6,48.3,60.0,56.9,50.7,46.0,50.4,61.0,68.1,59.7,50.7,45.8,70.8,56.3,57.2,52.1,36.0,60.0,7.9,2,2,2,Business Analytics,Business,Data Analyst
2143,43.5,44.9,40.7,49.6,45.0,36.6,48.5,37.8,57.0,51.4,58.2,56.6,49.5,54.0,51.1,64.8,45.5,51.0,46.5,44.9,37.4,38.7,59.7,45.5,55.7,51.7,29.8,7.91,2,1,2,Data Science,Backend,Data Analyst
2144,61.9,57.3,54.8,58.0,39.6,12.8,42.2,48.6,56.4,63.3,69.7,51.3,56.0,50.7,38.1,50.4,45.1,50.4,53.9,57.4,55.7,58.3,33.7,47.2,49.0,23.7,41.1,7.92,6,2,4,Data Science,Backend,Data Analyst
2145,32.3,35.9,32.7,38.7,52.4,50.5,45.1,52.0,56.3,41.1,44.2,37.4,42.8,42.2,50.3,48.4,51.3,40.3,49.9,34.2,41.6,36.0,56.0,44.7,52.3,60.3,62.4,7.94,7,0,7,Business Analytics,Business,Data Analyst
2146,55.3,32.2,36.6,56.9,68.5,79.0,65.5,66.8,56.2,51.1,51.5,58.3,53.9,58.4,62.6,59.4,57.8,72.6,61.8,57.8,62.4,58.4,56.3,58.1,35.3,64.9,63.6,7.94,8,2,4,Cloud Computing,Business,Data Analyst
2147,70.2,55.8,55.1,64.6,38.9,43.1,39.2,53.9,44.5,59.9,53.6,50.8,51.2,76.4,55.5,48.3,48.7,55.0,64.3,79.4,69.3,71.7,49.4,56.5,58.8,48.6,61.8,7.94,6,0,4,Cloud Computing,Business,Data Analyst
2148,36.9,36.1,46.5,36.4,49.1,50.3,45.1,48.6,40.8,39.7,38.2,40.3,37.1,53.1,44.5,51.6,43.2,40.8,37.2,37.1,28.5,40.1,63.6,54.4,54.1,36.6,31.8,7.95,6,0,6,Data Science,Frontend,Data Analyst
2149,38.8,65.6,51.8,51.5,54.7,39.7,52.9,63.6,59.6,51.8,56.5,57.7,50.4,58.0,48.9,46.1,51.6,34.9,55.4,53.4,52.4,56.7,60.1,66.0,72.8,57.4,48.7,7.95,8,1,3,Business Analytics,Data & Analytics,Data Analyst
2150,59.0,38.8,56.2,33.6,51.4,60.4,44.8,52.3,46.5,33.3,55.3,53.0,42.6,39.3,54.3,37.8,37.7,56.0,39.5,43.2,42.6,43.9,26.5,48.4,44.8,34.9,37.7,7.96,2,1,3,Business Analytics,Mobile,Data Analyst
2151,53.3,37.1,36.0,43.0,52.5,61.3,39.4,55.0,39.0,28.6,43.9,55.3,59.6,32.2,32.2,36.8,38.5,62.1,60.8,62.4,69.2,60.9,53.0,51.9,48.8,41.8,48.7,7.98,6,1,2,Data Science,Business,Data Analyst
2152,37.6,33.1,33.3,47.8,36.5,53.0,40.9,32.7,48.5,46.6,45.9,38.8,29.4,57.9,49.2,57.8,37.9,38.7,19.5,38.3,43.1,27.6,47.5,45.4,56.1,52.5,38.5,8.0,8,2,5,Web Development,QA & Testing,Data Analyst
2153,13.7,24.9,39.9,26.2,24.1,39.9,26.9,37.8,27.1,30.1,37.6,25.5,22.5,43.8,44.1,29.4,29.5,26.3,18.5,46.4,38.9,23.1,19.1,30.7,26.0,32.4,26.3,8.01,2,0,1,Cybersecurity,Full Stack,Data Analyst
2154,54.5,46.5,60.1,37.0,58.3,51.0,53.6,47.9,39.2,39.8,55.1,58.2,46.2,51.4,56.7,41.5,57.2,59.7,61.2,55.8,46.0,61.4,50.8,38.0,51.1,79.0,46.2,8.01,6,1,8,Web Development,Backend,Data Analyst
2155,43.3,38.0,50.2,45.7,30.0,33.4,45.8,41.0,33.8,43.7,48.9,46.2,24.4,41.6,35.8,23.9,37.1,64.8,61.5,54.6,60.4,47.8,21.5,49.5,36.2,26.4,30.7,8.02,3,2,2,AI/ML,Full Stack,Data Analyst
2156,70.8,55.5,49.2,60.9,30.9,22.3,28.5,41.2,41.6,50.8,71.2,53.6,57.7,47.9,41.5,43.0,57.3,64.5,78.9,80.4,74.6,68.9,73.4,64.9,81.0,62.4,46.2,8.02,3,1,4,Data Science,Machine Learning,Data Analyst
2157,44.8,61.0,35.2,58.2,49.6,52.6,69.2,49.7,60.1,61.7,62.4,50.0,49.8,48.9,56.3,54.1,42.6,58.8,35.2,59.0,69.2,41.5,62.4,57.3,66.0,48.5,53.4,8.03,6,1,1,AI/ML,Business,Data Analyst
2158,49.3,45.0,57.7,33.9,60.5,53.0,50.6,54.7,49.3,56.1,39.7,49.8,49.2,41.7,50.2,43.2,40.6,54.6,62.6,46.7,46.0,50.2,48.8,65.9,55.8,33.5,64.4,8.03,2,1,3,DevOps,Business,Data Analyst
2159,47.2,56.8,51.6,45.4,46.8,24.1,36.1,40.0,43.5,48.5,39.6,60.2,47.8,50.8,42.7,55.7,60.8,45.9,58.2,38.8,42.9,46.7,50.8,51.5,69.5,64.2,40.5,8.04,3,2,8,Data Science,QA & Testing,Data Analyst
2160,25.6,50.3,46.9,40.8,36.4,16.2,31.0,29.0,33.6,48.3,39.7,35.7,34.3,31.5,22.1,32.3,47.6,22.1,29.5,49.5,57.8,38.5,43.4,23.3,36.1,44.3,65.0,8.05,7,0,1,Mobile Development,Data & Analytics,Data Analyst
2161,34.2,27.1,24.0,50.6,14.8,14.6,22.1,20.2,39.1,37.6,56.5,27.6,38.1,50.9,51.2,30.6,35.2,32.2,14.3,30.2,43.3,35.7,39.8,20.8,32.4,37.4,44.5,8.05,2,1,3,Business Analytics,Data & Analytics,Data Analyst
2162,44.7,50.3,36.0,56.6,47.6,36.9,58.5,60.6,45.4,53.2,54.6,53.9,62.7,53.4,48.0,52.2,41.0,52.6,70.0,61.4,43.0,53.9,53.7,36.1,40.1,69.9,47.2,8.07,7,0,2,Data Science,QA & Testing,Data Analyst
2163,43.5,19.0,23.8,37.3,24.6,15.2,21.1,16.8,29.5,31.2,19.4,29.4,15.1,25.6,8.8,15.4,35.6,43.3,50.2,38.7,25.7,29.3,28.2,37.5,37.4,37.1,36.7,8.08,8,1,0,Cloud Computing,QA & Testing,Data Analyst
2164,47.0,51.5,59.2,59.5,60.5,55.2,52.2,64.2,76.1,61.3,64.0,70.5,62.3,56.8,59.0,64.5,58.9,61.5,70.4,52.7,63.8,52.2,53.9,53.8,36.1,42.4,43.7,8.1,6,1,2,Web Development,Frontend,Data Analyst
2165,52.7,58.3,58.3,49.9,62.7,46.0,63.5,54.4,49.7,55.9,54.3,56.8,40.0,39.5,34.5,48.2,41.5,38.2,40.3,45.4,54.4,37.7,59.0,47.6,51.3,58.1,49.6,8.1,4,1,5,Web Development,Data & Analytics,Data Analyst
2166,47.3,49.7,45.7,61.2,61.5,58.7,68.8,43.5,71.8,61.2,53.8,45.0,49.2,47.6,44.3,52.9,59.9,29.3,30.0,41.3,40.5,31.2,46.5,41.4,24.2,37.8,34.5,8.11,6,2,3,AI/ML,Security,Data Analyst
2167,60.1,58.0,34.3,59.7,48.9,55.1,51.4,49.9,44.0,53.5,64.8,46.6,44.5,43.5,51.6,48.8,44.4,68.4,53.5,58.6,59.1,57.5,65.2,57.0,65.3,58.4,37.5,8.13,11,1,1,Data Science,Data & Analytics,Data Analyst
2168,51.2,49.1,53.5,57.2,77.5,66.1,58.4,67.0,70.3,69.5,72.1,62.8,62.5,62.5,47.7,49.7,53.1,59.5,69.5,54.9,56.3,59.4,76.4,67.2,66.8,65.9,61.1,8.14,4,3,5,DevOps,Data & Analytics,Data Analyst
2169,38.6,27.6,28.2,21.5,36.1,50.8,37.5,57.0,35.8,42.8,30.6,47.4,31.1,52.7,49.3,41.4,58.8,26.4,36.2,43.0,38.5,28.8,33.2,26.2,49.7,48.5,30.2,8.15,9,1,5,Business Analytics,Machine Learning,Data Analyst
2170,39.2,45.0,33.8,29.9,42.2,35.7,33.2,34.7,29.8,39.3,44.2,54.8,39.7,60.2,62.4,49.3,59.4,47.8,27.6,40.1,35.1,25.6,36.0,30.0,49.2,49.3,48.4,8.15,5,0,3,Web Development,Backend,Data Analyst
2171,45.7,64.9,49.1,58.9,49.6,38.2,48.5,35.1,60.4,51.0,63.7,56.5,58.6,87.5,64.0,76.6,66.2,36.8,38.8,62.8,60.7,40.0,53.4,46.0,47.3,56.0,46.3,8.19,2,2,3,DevOps,QA & Testing,Data Analyst
2172,60.7,39.5,26.0,52.1,36.5,38.8,49.1,36.4,58.4,54.2,57.0,50.7,51.7,35.5,34.7,58.5,48.8,63.6,51.1,62.1,83.4,60.8,51.0,39.3,48.8,47.1,49.1,8.22,6,1,3,Data Science,Mobile,Data Analyst
2173,90.0,82.5,86.4,78.7,83.0,89.0,82.1,73.9,73.3,82.0,84.3,74.5,73.5,62.8,67.2,61.9,77.7,76.2,88.6,85.4,85.5,90.9,81.5,72.4,75.9,82.0,92.6,8.22,11,3,5,Mobile Development,Security,Data Analyst
2174,48.5,26.1,44.6,53.0,47.5,44.6,48.4,35.8,44.0,44.4,44.1,26.2,39.2,46.2,37.2,55.2,45.2,41.3,57.9,47.9,52.8,49.6,31.3,43.8,59.9,40.8,38.2,8.25,3,1,5,Mobile Development,Business,Data Analyst
2175,51.9,50.0,46.9,63.2,63.3,62.6,78.0,78.4,70.0,61.0,60.5,49.2,44.5,57.0,45.4,49.2,48.6,48.7,47.7,56.8,60.5,51.8,63.5,37.3,46.1,52.7,45.3,8.25,8,0,2,Business Analytics,Cloud & DevOps,Data Analyst
2176,47.6,55.6,61.4,38.3,45.9,62.0,48.9,41.1,39.4,13.7,31.8,50.1,48.3,46.7,32.4,38.0,54.7,61.2,65.1,31.1,48.5,52.7,63.4,63.4,63.3,61.1,57.7,8.26,4,3,3,Data Science,Frontend,Data Analyst
2177,60.7,59.1,38.5,59.3,74.0,54.4,60.5,58.2,55.6,59.5,58.2,60.4,66.3,60.9,60.9,46.7,41.8,40.9,49.3,50.2,56.5,44.5,47.1,40.5,42.9,44.8,55.6,8.33,9,2,1,AI/ML,Data & Analytics,Data Analyst
2178,46.8,40.7,53.4,60.8,35.6,40.3,50.3,43.9,56.3,51.8,47.9,43.1,50.8,40.8,36.3,40.8,51.6,38.3,54.2,34.2,32.0,38.7,44.7,48.9,43.1,34.2,51.8,8.36,3,1,5,Business Analytics,Machine Learning,Data Analyst
2179,48.0,52.7,50.6,64.2,48.0,56.2,48.3,51.9,44.1,44.3,52.8,47.8,60.9,41.6,46.2,50.6,46.0,53.5,45.4,50.5,57.8,55.0,52.2,55.8,41.5,53.0,57.6,8.36,11,1,2,Cybersecurity,Machine Learning,Data Analyst
2180,52.2,45.7,48.3,43.6,54.7,65.7,47.5,48.0,32.6,33.0,38.9,39.9,48.1,33.5,42.3,41.5,49.8,56.1,50.8,38.2,37.6,48.9,41.1,52.3,46.4,31.8,51.3,8.38,3,2,2,Cybersecurity,Mobile,Data Analyst
2181,49.7,54.8,57.1,75.5,55.4,72.6,60.4,50.7,62.1,61.3,59.6,47.3,58.3,64.0,62.9,57.4,47.3,68.2,59.8,49.2,71.3,65.0,82.2,63.6,75.9,61.8,68.1,8.39,7,3,3,Cloud Computing,Business,Data Analyst
2182,27.5,44.9,53.4,26.0,40.3,35.7,38.5,42.2,34.7,25.5,40.3,50.3,35.2,31.9,29.0,28.3,33.4,43.8,43.9,31.8,52.2,43.9,53.8,42.9,63.6,38.2,37.8,8.41,5,3,3,Business Analytics,QA & Testing,Data Analyst
2183,57.1,52.7,63.9,53.7,44.3,26.7,44.8,32.6,46.6,44.8,54.4,54.9,41.7,58.5,60.8,55.4,59.3,58.1,44.0,54.0,55.2,55.7,41.5,54.7,28.6,52.0,67.3,8.42,10,1,0,Mobile Development,Frontend,Data Analyst
2184,52.8,45.0,58.5,64.0,46.8,39.5,35.7,48.4,40.5,41.7,53.8,52.2,47.4,44.1,51.2,46.2,42.7,64.6,65.5,63.6,69.6,65.2,46.7,48.2,36.0,47.8,46.6,8.44,7,2,1,Data Science,Data & Analytics,Data Analyst
2185,55.6,42.3,44.2,57.8,23.3,29.1,38.9,27.2,34.5,65.3,50.7,53.0,29.2,33.7,31.6,49.1,48.7,58.7,57.7,57.5,67.0,42.5,49.6,50.5,50.4,54.9,42.1,8.45,5,2,2,Data Science,QA & Testing,Data Analyst
2186,66.0,50.8,42.0,61.2,28.8,36.1,26.7,18.2,60.5,47.9,54.3,51.1,37.2,55.4,45.2,46.0,29.3,60.7,64.4,60.6,86.3,60.7,38.9,45.4,45.5,47.9,63.2,8.47,4,2,0,Cloud Computing,QA & Testing,Data Analyst
2187,75.2,72.9,86.8,89.5,71.3,85.0,78.7,88.4,77.6,90.4,84.7,94.4,72.9,70.5,87.0,91.8,77.7,65.2,63.1,90.6,66.2,71.0,85.2,76.0,74.2,61.4,79.7,8.47,9,2,7,Mobile Development,Cloud & DevOps,Data Analyst
2188,52.1,40.5,43.4,67.9,46.8,53.3,50.0,47.4,44.9,55.8,57.4,42.9,55.6,49.2,48.9,48.7,52.6,36.8,29.6,54.3,63.4,52.6,38.6,42.2,27.6,28.7,45.0,8.48,4,0,2,Cybersecurity,Business,Data Analyst
2189,45.9,41.6,49.9,54.6,70.6,56.3,64.0,61.3,51.5,58.9,55.9,48.8,56.6,61.8,70.2,70.2,68.9,44.7,35.3,56.2,64.1,50.0,70.5,65.8,81.6,85.0,46.7,8.49,5,2,8,Mobile Development,Business,Data Analyst
2190,53.9,36.9,44.6,54.9,38.7,36.5,34.8,34.4,38.2,43.5,35.1,39.6,42.8,60.0,63.8,49.3,67.1,53.1,55.6,43.9,45.9,41.4,41.9,32.8,59.6,56.3,37.5,8.49,1,2,4,Mobile Development,Cloud & DevOps,Data Analyst
2191,62.1,77.1,75.4,75.6,52.7,66.3,73.0,58.0,72.7,53.4,67.0,62.0,64.7,61.6,56.1,50.7,56.3,49.0,58.7,49.6,31.2,68.9,57.2,66.6,49.9,52.4,76.0,8.54,7,2,2,Cloud Computing,Full Stack,Data Analyst
2192,45.4,45.3,43.9,46.3,64.5,46.1,52.1,52.1,41.9,25.0,36.5,55.5,37.5,49.2,50.5,47.4,41.9,54.0,66.0,26.2,15.7,52.1,49.9,56.5,37.9,51.0,40.4,8.55,3,2,3,Cybersecurity,Full Stack,Data Analyst
2193,40.5,54.0,50.6,53.3,43.3,35.1,33.9,33.4,43.2,47.8,38.4,52.5,46.6,61.3,53.7,50.6,45.6,49.6,55.5,39.1,37.7,40.1,61.7,56.3,34.8,43.8,53.6,8.57,2,3,1,Data Science,Frontend,Data Analyst
2194,50.8,42.3,45.1,29.6,59.0,64.5,59.5,53.0,51.9,39.7,36.5,37.6,53.9,51.4,53.4,67.2,39.9,61.2,60.1,32.5,39.4,50.9,40.9,43.6,34.2,31.5,56.1,8.57,4,1,3,AI/ML,Security,Data Analyst
2195,34.3,29.9,42.6,35.4,46.4,21.7,25.9,21.4,31.8,46.4,42.7,37.8,49.5,33.9,38.5,43.7,35.7,44.9,36.2,34.2,41.6,29.4,33.7,42.3,14.3,36.5,37.1,8.62,4,1,2,Data Science,Backend,Data Analyst
2196,74.1,63.2,57.6,54.8,49.6,24.9,44.6,39.9,54.2,69.7,62.5,50.9,55.7,48.9,53.8,44.2,59.5,72.9,73.4,69.7,76.1,73.2,80.5,59.7,81.5,49.6,63.3,8.63,6,2,2,Business Analytics,Machine Learning,Data Analyst
2197,58.5,65.1,58.0,74.7,50.9,43.2,61.8,38.6,53.3,43.3,59.4,38.9,56.7,32.3,47.8,36.0,50.0,64.6,65.4,50.5,65.1,54.6,58.7,48.5,63.7,58.5,50.3,8.65,1,1,3,Mobile Development,QA & Testing,Data Analyst
2198,57.5,58.4,54.4,70.3,54.9,39.7,44.5,44.9,62.3,65.2,79.6,43.7,63.9,53.7,70.2,69.3,57.2,69.8,76.4,61.5,54.7,68.8,43.3,64.5,41.0,54.4,67.9,8.67,11,1,6,Data Science,Frontend,Data Analyst
2199,100.0,93.9,74.5,92.5,86.9,75.3,90.3,86.1,94.3,88.5,81.3,79.6,76.4,88.3,92.3,76.1,83.2,95.8,93.9,78.5,95.8,91.2,52.9,77.9,57.9,67.4,95.3,8.69,6,3,3,Web Development,Security,Data Analyst
2200,55.7,55.5,50.9,55.7,56.8,57.5,72.5,53.8,53.9,44.9,65.0,38.5,41.8,51.9,40.2,59.6,73.0,48.4,33.5,62.9,62.2,46.4,69.1,48.1,76.6,45.5,52.6,8.73,9,3,5,Data Science,Business,Data Analyst
2201,58.5,57.4,44.6,61.8,69.9,67.2,62.1,67.4,47.9,44.5,54.4,61.9,66.7,39.2,44.7,35.4,39.6,65.3,48.0,70.3,72.5,58.0,61.9,49.0,47.0,59.6,47.1,8.73,5,3,3,Business Analytics,Full Stack,Data Analyst
2202,39.0,35.8,29.1,38.8,65.0,74.8,66.8,66.6,34.4,50.7,39.9,47.9,44.0,43.8,24.2,50.4,47.2,41.3,51.4,49.1,37.5,44.2,58.3,35.6,54.5,63.0,40.7,8.75,2,1,1,DevOps,Data & Analytics,Data Analyst
2203,43.2,73.5,44.1,50.4,45.6,25.6,33.2,33.4,59.5,59.8,50.4,42.3,50.6,67.8,57.9,60.1,42.9,42.0,36.0,52.8,33.7,34.1,50.4,41.4,55.6,51.0,30.2,8.78,4,2,3,Web Development,Business,Data Analyst
2204,51.2,50.3,34.6,47.1,49.4,50.6,58.5,55.2,62.8,61.4,45.3,49.3,38.3,55.8,60.4,54.9,70.8,52.5,41.3,70.8,52.6,43.3,54.1,34.1,50.9,50.2,50.2,8.78,4,1,2,DevOps,Frontend,Data Analyst
2205,45.1,57.2,50.9,43.9,68.0,74.1,67.3,76.8,47.5,39.5,56.7,56.4,50.0,49.9,53.5,47.2,48.7,41.8,49.7,60.8,57.1,54.0,36.6,49.7,54.8,53.5,45.0,8.79,6,1,0,Mobile Development,Frontend,Data Analyst
2206,49.7,36.8,38.9,40.7,38.1,42.8,38.4,50.0,36.3,44.1,55.3,40.8,45.5,50.1,47.2,49.4,52.3,55.3,61.8,54.8,60.6,53.4,70.9,55.3,49.8,62.9,48.3,8.83,9,2,3,Cybersecurity,Machine Learning,Data Analyst
2207,49.8,62.5,55.2,49.7,56.1,52.1,56.6,46.3,58.7,52.6,43.1,54.5,57.3,49.3,72.9,58.2,40.2,50.3,34.2,21.3,31.6,40.7,31.9,43.0,46.2,57.8,51.8,8.96,4,0,5,Cloud Computing,Backend,Data Analyst
2208,62.2,54.0,45.2,60.6,46.5,58.6,43.9,58.4,45.1,53.2,59.8,65.5,63.5,59.5,67.1,63.0,67.2,65.1,74.0,76.1,63.8,68.1,53.3,53.6,56.7,62.9,57.9,8.96,6,2,2,Cybersecurity,Security,Data Analyst
2209,70.2,49.7,73.2,62.5,79.3,83.9,83.2,76.5,64.7,65.3,68.2,59.4,67.9,66.0,75.4,61.1,66.1,60.0,74.7,60.7,75.5,49.8,64.4,46.6,68.9,68.8,56.2,9.07,6,2,8,Cybersecurity,Frontend,Data Analyst
2210,14.9,14.7,18.0,35.1,25.5,36.8,15.6,32.2,27.8,23.3,32.8,11.0,17.0,30.6,31.1,37.9,34.3,31.6,13.1,41.1,32.4,33.0,30.9,26.7,13.7,9.7,39.8,9.08,2,2,2,Business Analytics,Cloud & DevOps,Data Analyst
2211,47.2,50.9,46.1,51.0,70.3,59.0,61.7,58.6,67.0,67.8,51.4,57.6,51.7,67.9,63.4,56.3,65.5,43.4,44.7,40.1,24.4,35.3,62.5,43.5,65.7,53.9,46.5,9.11,5,3,4,DevOps,Business,Data Analyst
2212,53.7,46.9,49.1,40.3,63.0,63.1,55.2,55.7,45.8,38.9,39.5,67.5,62.6,52.1,45.6,43.5,53.5,61.4,64.6,59.9,62.6,54.9,81.7,54.2,72.7,61.0,60.7,9.13,7,3,4,Web Development,Cloud & DevOps,Data Analyst
2213,63.6,77.9,69.0,63.6,78.7,77.7,75.5,81.8,75.5,69.8,59.3,61.1,61.2,61.4,68.0,76.5,71.4,83.0,60.8,64.3,58.6,54.8,73.3,71.0,71.9,65.6,68.3,9.32,10,3,3,DevOps,QA & Testing,Data Analyst
2214,67.6,70.4,76.6,67.5,38.3,47.4,42.7,44.4,42.9,53.1,55.3,68.7,58.1,63.1,64.7,59.5,59.6,76.1,83.8,87.1,75.2,79.4,68.0,78.6,58.4,51.3,72.3,9.51,2,2,7,DevOps,Mobile,Data Analyst
2215,46.5,61.2,37.0,65.1,48.8,39.5,39.9,40.0,50.6,72.0,59.2,44.8,57.3,73.5,62.6,70.1,52.7,44.9,29.0,72.8,77.3,46.0,73.6,44.5,76.6,57.4,37.3,9.75,4,3,3,DevOps,Business,Data Analyst
2216,36.7,43.5,43.5,9.2,35.8,39.8,41.6,44.2,35.5,28.8,28.7,35.5,14.9,30.6,16.6,43.0,30.0,43.7,50.6,29.3,24.3,40.7,48.0,47.5,18.7,26.7,58.1,5.5,6,0,2,Cybersecurity,Full Stack,Data Scientist
2217,38.0,23.2,36.0,51.1,20.8,8.9,14.8,10.3,31.8,21.2,42.3,34.6,23.7,34.0,26.0,27.0,27.1,48.1,43.8,38.0,35.8,42.9,32.6,32.5,52.1,34.4,30.4,5.5,5,2,2,AI/ML,Backend,Data Scientist
2218,56.8,44.5,46.0,38.4,15.5,33.9,28.1,37.3,49.8,56.9,49.8,34.4,42.6,60.0,51.5,44.0,54.3,38.1,54.6,37.5,41.9,39.9,42.3,59.2,49.1,41.2,40.2,5.5,7,1,4,Mobile Development,Backend,Data Scientist
2219,32.7,17.7,22.1,18.1,27.6,32.8,23.4,27.1,14.9,15.9,16.4,23.2,33.5,37.4,33.0,36.4,25.7,41.8,34.2,37.6,23.4,31.4,48.4,11.0,38.9,43.5,34.3,5.58,5,0,3,DevOps,Machine Learning,Data Scientist
2220,36.2,25.4,34.6,43.4,25.5,34.5,18.8,24.7,31.0,40.7,36.9,28.6,36.1,33.9,25.6,26.9,30.7,44.7,44.6,28.6,35.2,33.3,15.1,43.2,32.1,12.2,37.1,5.77,2,1,5,AI/ML,Mobile,Data Scientist
2221,36.5,35.2,27.8,35.2,34.3,32.9,22.3,40.8,25.6,13.6,28.8,38.6,44.5,41.2,40.3,40.7,29.2,44.3,57.4,34.8,38.3,42.7,32.0,31.3,34.8,36.5,37.6,5.79,5,1,1,AI/ML,Business,Data Scientist
2222,51.5,52.2,56.9,50.4,64.5,58.5,54.0,62.1,35.6,39.2,41.9,63.3,53.7,56.9,58.5,67.0,60.7,47.3,56.6,32.7,46.0,63.5,54.3,59.8,33.2,37.0,76.3,5.79,6,1,5,Mobile Development,Cloud & DevOps,Data Scientist
2223,48.4,34.8,41.3,28.0,24.4,19.6,30.3,19.2,32.8,34.3,32.3,30.8,21.7,26.0,40.4,27.1,32.7,54.2,45.8,42.1,41.9,46.4,36.2,26.0,20.8,25.7,35.6,5.85,3,1,0,AI/ML,Frontend,Data Scientist
2224,33.2,20.9,23.9,30.2,21.5,14.7,24.7,20.8,11.6,22.3,22.9,27.6,34.8,33.1,22.7,27.6,40.2,22.6,32.4,22.9,14.5,22.8,21.9,28.5,21.4,31.9,35.2,5.86,1,0,2,Cloud Computing,Data & Analytics,Data Scientist
2225,53.3,21.2,49.4,39.0,27.7,44.6,33.9,45.5,33.4,27.6,30.7,34.1,39.5,24.7,35.2,27.9,38.7,47.4,52.2,44.9,44.7,45.6,54.9,32.4,38.9,28.4,53.3,5.98,7,1,2,Data Science,Data & Analytics,Data Scientist
2226,22.1,25.9,39.1,20.1,21.1,25.7,21.3,27.0,36.6,21.6,32.4,21.9,41.6,29.4,22.5,34.2,23.1,15.0,20.4,8.8,9.0,31.4,33.5,27.8,41.3,17.3,41.2,6.0,3,1,2,Mobile Development,Data & Analytics,Data Scientist
2227,24.9,18.5,27.1,22.2,29.5,23.2,29.0,34.1,23.6,31.7,21.5,29.3,26.0,32.5,40.2,42.1,23.4,32.2,38.3,9.9,23.1,36.8,12.8,27.2,7.9,39.8,25.3,6.01,2,1,2,Cybersecurity,QA & Testing,Data Scientist
2228,45.3,49.9,44.3,59.6,36.5,29.8,43.1,24.9,53.6,53.0,55.4,50.5,36.0,54.0,38.9,60.7,48.9,51.5,36.6,40.7,45.0,36.4,30.6,25.6,21.8,33.3,43.4,6.01,5,1,3,AI/ML,Data & Analytics,Data Scientist
2229,26.1,37.8,25.5,36.0,40.4,65.5,39.8,43.7,33.3,35.1,31.7,40.9,14.0,20.4,16.2,40.3,36.2,32.6,26.3,21.0,27.7,31.9,36.8,33.1,42.7,41.0,38.9,6.02,2,1,3,Business Analytics,Frontend,Data Scientist
2230,36.3,29.0,33.2,28.7,39.9,45.1,38.7,45.9,17.1,33.0,28.5,30.9,28.9,22.0,31.7,27.8,28.7,37.5,36.5,31.4,41.8,41.0,38.6,23.0,40.2,58.8,38.7,6.03,8,1,3,Cloud Computing,QA & Testing,Data Scientist
2231,36.4,43.3,39.4,34.9,34.5,34.2,43.1,48.3,38.5,35.5,30.9,37.3,49.5,45.3,50.6,34.0,39.7,33.9,36.1,56.4,51.7,46.1,35.0,40.6,32.3,36.3,51.1,6.03,4,2,1,Business Analytics,Data & Analytics,Data Scientist
2232,46.0,36.9,36.8,40.9,49.9,35.7,33.1,37.2,13.9,42.4,29.2,41.1,40.4,42.1,35.1,34.9,29.1,34.9,41.3,62.7,69.7,28.6,41.5,52.9,47.5,38.3,41.9,6.04,4,0,1,Web Development,Data & Analytics,Data Scientist
2233,54.3,62.0,45.5,41.8,37.5,45.7,41.5,41.2,51.2,59.3,36.9,45.7,54.2,48.7,37.4,49.7,53.1,45.6,35.8,31.0,24.9,38.1,39.0,49.0,42.9,44.2,45.7,6.07,10,1,1,Business Analytics,Business,Data Scientist
2234,55.4,49.7,59.0,43.2,50.0,61.5,55.1,64.4,53.9,44.2,43.2,52.5,46.5,52.4,47.9,57.7,42.9,45.0,37.0,52.2,35.8,54.9,47.4,54.7,24.8,44.9,50.2,6.12,5,1,4,Mobile Development,Security,Data Scientist
2235,47.8,41.1,41.1,55.7,53.4,72.2,61.0,51.4,45.0,52.1,49.8,47.3,41.9,45.8,41.0,37.1,44.2,38.1,42.2,50.3,64.3,41.5,39.9,51.5,18.5,52.2,62.2,6.13,2,0,3,Data Science,Cloud & DevOps,Data Scientist
2236,59.7,51.2,44.6,51.4,53.4,64.2,62.2,73.3,49.1,59.8,62.6,54.2,43.8,44.3,52.6,49.3,38.1,36.8,44.6,37.3,54.9,40.9,41.0,46.2,51.2,47.1,38.7,6.14,9,1,3,Web Development,Data & Analytics,Data Scientist
2237,52.1,45.8,64.1,59.9,33.4,29.2,34.7,24.6,58.6,41.9,51.5,54.9,69.3,71.4,69.4,64.7,66.6,63.9,64.9,47.6,52.9,70.3,43.7,54.2,43.4,51.4,44.1,6.16,5,2,1,Cloud Computing,Machine Learning,Data Scientist
2238,30.3,45.6,31.1,39.1,42.6,19.8,39.4,31.6,41.9,52.5,48.6,44.2,42.0,60.8,43.5,54.1,38.4,27.2,29.2,44.7,52.9,21.5,56.4,46.5,49.9,49.6,43.5,6.18,4,1,1,Data Science,Machine Learning,Data Scientist
2239,48.2,41.1,44.2,25.9,49.6,49.4,35.9,29.5,39.0,33.0,53.8,45.8,46.6,27.3,29.1,23.8,30.6,41.8,48.5,55.8,47.9,49.0,38.7,46.7,39.5,34.8,58.6,6.18,5,1,2,Mobile Development,Data & Analytics,Data Scientist
2240,49.3,57.0,26.1,62.8,52.4,50.3,37.4,39.1,45.8,52.3,63.9,31.9,39.4,39.3,35.1,46.6,34.5,35.4,33.0,69.5,65.2,47.8,44.7,40.4,45.1,31.8,45.2,6.22,6,2,3,DevOps,Mobile,Data Scientist
2241,41.6,46.1,59.2,43.1,57.4,63.8,47.7,57.0,46.0,53.5,52.2,46.1,58.1,52.5,49.3,46.2,47.5,38.4,28.7,38.5,40.6,30.8,44.9,45.9,38.9,59.3,48.3,6.27,8,2,0,Business Analytics,Business,Data Scientist
2242,24.8,31.3,36.7,28.8,64.9,44.7,52.7,48.8,28.6,36.6,31.1,29.3,47.2,9.3,23.0,26.1,39.7,25.5,43.2,46.6,23.9,22.3,34.8,27.3,35.8,29.9,27.8,6.34,5,1,1,AI/ML,Data & Analytics,Data Scientist
2243,41.2,35.4,29.6,48.9,33.7,27.5,26.6,23.2,47.7,39.2,47.3,46.4,55.3,27.9,29.3,25.2,38.2,31.7,51.6,57.3,51.5,36.6,48.6,36.5,49.0,32.9,42.4,6.35,3,2,3,Data Science,Security,Data Scientist
2244,35.0,29.1,34.0,42.0,61.6,66.1,57.8,67.8,55.3,55.3,55.6,40.4,37.8,37.0,34.1,28.2,33.8,46.2,48.5,51.3,59.7,41.0,30.8,25.1,55.9,35.0,26.4,6.36,3,2,3,DevOps,Full Stack,Data Scientist
2245,51.7,53.3,54.6,52.7,43.1,45.5,37.6,52.8,61.0,68.5,59.6,36.9,43.3,51.4,43.8,54.5,49.3,48.7,46.9,42.2,54.1,41.7,61.8,39.3,68.3,52.8,48.6,6.37,4,2,6,AI/ML,Cloud & DevOps,Data Scientist
2246,19.1,20.2,27.2,19.1,29.6,17.5,34.8,27.5,24.5,9.9,15.9,5.5,23.5,12.4,9.6,23.8,22.0,18.3,16.1,17.4,5.9,31.3,24.5,41.8,22.1,10.9,27.9,6.38,2,1,0,Business Analytics,Mobile,Data Scientist
2247,49.1,43.4,60.2,21.2,28.4,26.5,30.8,30.1,25.8,20.7,36.5,35.1,43.2,33.5,44.9,38.5,44.7,52.2,55.3,36.5,44.6,43.9,28.4,60.2,39.9,44.9,49.8,6.38,3,0,2,Business Analytics,Backend,Data Scientist
2248,26.4,46.8,27.0,15.1,64.1,54.4,49.5,49.3,44.9,25.7,25.0,41.6,25.6,46.6,46.2,46.5,44.0,16.9,10.2,27.9,26.2,13.7,45.7,31.4,43.0,27.4,39.8,6.4,4,1,1,Mobile Development,Frontend,Data Scientist
2249,37.9,24.8,23.3,33.5,34.5,32.4,30.1,38.9,38.9,30.1,24.5,36.5,40.6,42.8,32.2,25.4,51.0,41.1,48.1,46.7,51.0,41.5,23.7,29.5,5.5,39.8,30.2,6.4,5,2,4,Mobile Development,Data & Analytics,Data Scientist
2250,39.2,41.6,43.0,50.4,47.5,39.5,58.2,49.0,52.4,66.4,53.4,49.1,52.9,44.4,44.1,51.0,61.2,33.7,34.9,46.7,19.6,41.9,25.2,52.6,27.5,38.2,35.1,6.42,4,2,3,DevOps,Cloud & DevOps,Data Scientist
2251,60.1,44.3,43.4,38.8,88.4,73.3,76.8,67.3,63.0,70.2,57.0,49.8,53.3,49.3,33.4,52.0,43.3,55.8,64.0,53.5,52.3,51.8,47.0,39.2,60.4,40.6,52.5,6.46,8,3,1,Cybersecurity,Machine Learning,Data Scientist
2252,33.7,31.4,40.2,31.2,19.8,24.0,30.1,30.8,24.2,34.7,26.6,44.5,28.5,45.4,45.7,48.9,39.2,61.9,70.0,45.3,43.7,44.6,43.4,35.9,28.1,22.4,54.6,6.49,4,2,3,Business Analytics,Cloud & DevOps,Data Scientist
2253,71.4,51.0,50.9,62.5,48.1,58.3,64.9,58.6,58.2,59.3,59.8,69.5,60.8,70.2,60.8,57.3,52.8,57.9,64.3,75.6,69.7,67.3,54.2,70.7,51.7,55.0,56.6,6.49,4,2,3,Mobile Development,Business,Data Scientist
2254,24.8,26.2,39.7,22.6,36.0,33.1,58.5,40.4,38.7,40.6,26.1,44.8,35.5,29.6,36.5,26.7,31.5,21.9,44.2,27.4,8.9,19.9,33.3,12.1,36.2,24.6,34.8,6.5,6,2,2,DevOps,QA & Testing,Data Scientist
2255,30.8,56.4,68.6,40.8,35.3,43.3,52.7,38.7,50.2,53.0,46.4,57.7,43.6,44.4,44.2,53.7,58.9,33.2,36.5,43.6,33.6,34.2,50.1,52.7,49.8,46.4,73.9,6.52,5,1,4,Cloud Computing,QA & Testing,Data Scientist
2256,31.3,25.2,27.4,30.2,37.1,54.5,37.3,43.7,32.6,25.2,21.3,35.8,22.4,35.4,30.6,29.5,36.4,42.7,38.7,37.5,30.7,40.9,23.2,40.0,31.8,36.8,20.2,6.55,4,2,0,Business Analytics,Cloud & DevOps,Data Scientist
2257,36.6,38.4,41.9,28.6,14.5,4.9,14.9,18.4,41.6,10.4,28.4,34.3,23.1,28.2,16.0,16.2,22.0,29.5,38.9,4.6,24.4,38.2,27.4,37.2,43.7,23.6,30.1,6.55,5,2,3,Data Science,Machine Learning,Data Scientist
2258,34.1,29.9,41.9,37.9,62.9,55.4,47.0,50.3,47.7,32.9,28.4,34.6,41.1,49.2,37.3,29.9,47.0,37.3,17.8,38.7,40.7,29.0,49.5,31.9,51.0,43.4,37.0,6.56,1,1,0,Cloud Computing,Security,Data Scientist
2259,43.6,31.1,36.0,48.7,64.7,63.9,58.2,70.5,56.9,47.0,48.4,43.5,42.9,43.3,34.7,34.1,37.6,22.2,47.5,50.3,40.6,27.0,61.6,41.6,74.2,44.1,26.1,6.56,2,1,3,Cybersecurity,QA & Testing,Data Scientist
2260,25.0,25.2,13.2,35.8,34.1,39.1,23.0,35.0,15.7,20.0,20.0,23.9,18.9,24.3,33.0,22.7,27.4,25.0,16.6,30.9,45.2,24.6,36.2,24.9,34.9,23.3,27.8,6.62,2,0,1,Business Analytics,Cloud & DevOps,Data Scientist
2261,42.2,65.6,59.6,37.5,23.3,25.0,50.4,37.5,38.5,37.5,38.9,48.3,45.4,38.8,45.0,43.7,56.6,45.7,50.3,24.1,34.6,48.0,52.6,59.7,39.6,32.6,53.4,6.64,2,0,3,Business Analytics,QA & Testing,Data Scientist
2262,43.9,42.2,47.2,46.1,26.0,31.6,31.7,34.0,35.3,28.1,39.4,38.0,51.7,41.4,37.6,55.4,35.3,69.3,53.1,38.7,33.9,59.1,49.9,53.6,50.1,37.5,59.3,6.64,3,2,3,Cloud Computing,Full Stack,Data Scientist
2263,53.5,47.6,36.3,42.9,35.0,39.3,47.8,31.8,42.6,53.1,48.1,46.3,45.3,37.3,47.0,39.5,47.4,64.6,58.7,66.3,76.0,54.6,42.2,34.2,60.8,50.7,57.8,6.64,3,1,2,Business Analytics,Business,Data Scientist
2264,22.1,46.9,20.3,33.5,57.7,48.8,44.8,47.9,44.4,42.3,31.5,28.0,37.6,37.3,47.5,46.1,28.8,27.6,18.4,30.4,23.5,25.2,20.6,40.1,11.8,28.3,24.4,6.65,2,0,2,Web Development,QA & Testing,Data Scientist
2265,41.3,41.2,26.7,54.5,47.7,55.1,51.6,53.4,41.4,50.6,43.9,37.3,41.0,33.0,42.9,23.7,44.7,44.5,24.3,57.5,49.1,35.0,60.2,39.7,39.5,40.5,34.5,6.68,6,1,1,Business Analytics,Machine Learning,Data Scientist
2266,61.2,72.5,58.5,64.5,43.5,54.5,34.2,49.9,65.9,58.5,61.0,61.2,54.5,53.9,59.5,53.9,56.3,69.9,80.0,57.1,52.6,50.8,45.2,52.9,69.1,57.6,62.6,6.68,5,2,4,Web Development,Machine Learning,Data Scientist
2267,49.5,35.0,51.7,34.8,40.8,46.2,39.6,43.9,45.8,39.0,27.9,42.4,41.4,55.4,49.1,50.7,31.3,37.3,43.0,29.2,29.9,44.8,49.9,42.7,37.1,45.1,47.0,6.69,5,0,4,DevOps,Data & Analytics,Data Scientist
2268,53.0,54.2,44.0,41.8,46.3,46.0,55.3,52.6,56.2,61.4,64.1,52.8,47.0,55.4,63.2,48.0,61.0,53.9,67.6,50.0,51.1,60.0,58.1,58.8,42.0,55.8,38.2,6.69,7,2,2,Cloud Computing,Data & Analytics,Data Scientist
2269,56.3,37.7,42.5,48.4,23.7,25.6,33.9,35.2,60.3,50.0,43.8,41.5,37.5,47.7,34.8,39.7,44.0,53.9,49.3,63.0,55.2,65.0,41.5,43.6,48.0,41.6,34.4,6.75,2,1,1,Data Science,Machine Learning,Data Scientist
2270,43.5,48.1,38.2,55.7,38.8,39.9,30.9,23.0,53.3,56.5,53.7,42.6,49.0,53.4,48.8,46.3,42.4,42.2,49.0,48.5,57.8,42.5,24.9,47.2,29.9,24.6,32.9,6.77,4,1,1,Cloud Computing,Mobile,Data Scientist
2271,50.2,37.6,40.1,53.4,22.9,33.7,27.5,29.7,39.5,48.0,43.5,43.2,30.9,47.2,39.4,54.2,34.6,51.3,50.1,48.9,41.8,49.1,23.3,45.5,31.1,28.0,54.1,6.77,5,1,2,Business Analytics,Machine Learning,Data Scientist
2272,37.4,44.8,35.4,34.4,42.7,57.9,50.1,52.2,48.8,37.0,36.2,50.3,44.5,54.6,41.3,50.8,59.3,34.4,33.2,32.6,52.2,40.0,36.0,51.7,21.8,39.2,61.9,6.78,4,3,3,Business Analytics,Business,Data Scientist
2273,25.0,37.1,25.1,30.9,56.5,43.7,26.0,44.1,39.5,33.5,33.9,31.6,38.2,34.7,24.8,33.3,40.9,35.5,46.6,45.3,44.7,50.2,35.5,34.6,30.5,32.6,35.6,6.79,2,0,0,Cybersecurity,Full Stack,Data Scientist
2274,41.1,43.9,35.0,43.1,41.6,39.0,48.9,54.9,35.2,42.8,35.7,43.6,37.2,25.9,30.1,29.8,38.4,30.2,44.3,55.9,43.5,39.4,38.1,47.4,20.6,18.8,48.8,6.79,5,2,3,Cybersecurity,Security,Data Scientist
2275,13.7,34.8,18.1,25.5,41.7,32.4,40.5,50.0,39.4,36.1,35.3,39.4,32.4,32.2,28.9,29.5,35.2,20.3,23.8,41.1,30.7,18.6,39.7,27.9,32.4,39.7,36.8,6.8,10,0,1,Data Science,Data & Analytics,Data Scientist
2276,57.6,39.0,38.9,47.1,31.9,32.0,34.9,28.6,50.7,50.5,39.6,36.2,37.5,38.1,45.6,50.7,44.7,57.5,61.2,25.2,36.0,34.3,37.7,50.0,38.6,33.0,50.4,6.8,8,2,3,Data Science,Machine Learning,Data Scientist
2277,39.5,33.7,39.1,37.7,46.8,47.1,35.0,56.6,32.2,30.9,33.1,42.8,29.1,36.2,22.6,19.1,36.8,52.2,68.3,41.7,30.0,39.4,37.1,27.8,62.4,31.5,46.1,6.82,10,1,4,Cybersecurity,Full Stack,Data Scientist
2278,42.1,51.6,54.6,36.2,38.4,44.8,47.5,42.7,61.2,53.0,54.1,52.0,50.6,61.9,63.2,57.9,62.3,29.9,38.8,35.3,28.8,29.1,37.7,50.7,56.5,50.2,35.4,6.82,6,3,2,DevOps,Backend,Data Scientist
2279,53.7,72.8,64.5,68.2,35.5,34.9,54.0,37.4,55.0,65.5,72.0,45.4,44.7,47.7,62.1,52.4,60.9,63.5,51.3,48.5,59.8,53.0,49.6,57.0,32.0,54.2,49.3,6.82,5,3,3,AI/ML,Data & Analytics,Data Scientist
2280,42.2,54.8,39.6,45.1,43.1,53.4,42.5,49.6,43.0,51.7,45.4,52.0,37.3,39.3,39.9,39.3,44.7,41.5,34.3,46.0,55.7,36.5,44.4,43.2,53.5,52.3,42.1,6.83,7,0,0,AI/ML,Frontend,Data Scientist
2281,43.3,43.4,50.5,56.6,35.3,28.1,45.9,45.0,36.3,31.7,48.2,36.8,44.2,66.5,43.8,50.7,50.3,43.3,58.4,40.7,36.1,26.3,24.8,56.8,17.8,47.0,46.5,6.83,6,0,3,Cloud Computing,Cloud & DevOps,Data Scientist
2282,48.6,56.8,64.1,49.5,71.2,68.0,63.2,72.9,51.8,67.9,52.5,47.0,39.8,52.1,50.7,54.0,43.2,44.1,48.3,32.6,30.9,46.6,36.4,42.2,26.9,37.4,47.4,6.83,2,2,1,Data Science,Security,Data Scientist
2283,53.5,61.7,49.7,40.6,30.8,20.4,30.9,28.0,49.5,41.0,59.1,38.2,33.3,37.8,36.5,34.7,40.9,50.8,44.5,44.5,37.3,62.3,51.0,54.5,30.6,27.9,43.1,6.85,5,1,2,Data Science,Machine Learning,Data Scientist
2284,44.4,31.5,40.0,46.3,49.3,44.7,28.8,43.3,44.4,56.1,37.9,53.4,42.2,33.8,57.3,38.8,52.6,35.3,48.9,49.6,41.7,36.8,29.1,34.7,19.2,25.0,59.0,6.86,4,3,4,DevOps,Frontend,Data Scientist
2285,36.0,30.1,39.3,45.8,26.1,18.2,28.5,36.4,17.2,37.2,41.9,37.7,38.7,27.3,20.8,26.4,40.1,39.4,36.2,44.2,70.4,51.9,49.4,44.6,47.0,37.2,37.6,6.87,1,2,2,DevOps,Backend,Data Scientist
2286,72.6,61.8,55.8,69.8,41.4,46.2,51.5,46.8,54.9,68.4,78.1,68.1,51.0,73.3,72.4,70.4,71.8,68.5,65.0,74.3,77.5,66.2,72.7,75.1,75.4,66.2,42.7,6.88,8,3,1,Cloud Computing,QA & Testing,Data Scientist
2287,30.3,25.4,21.8,25.5,47.4,44.5,40.9,46.3,41.5,31.1,33.1,37.8,23.1,11.3,7.0,21.0,25.8,27.3,29.4,24.4,26.0,29.3,25.3,30.9,21.9,32.7,31.1,6.89,1,2,3,Cybersecurity,Mobile,Data Scientist
2288,67.0,59.3,46.6,57.2,62.0,67.4,57.5,47.2,64.1,67.5,55.8,62.3,57.1,56.9,51.5,46.7,50.9,44.9,35.2,43.3,60.8,46.3,55.2,48.6,46.0,58.0,63.8,6.89,10,0,2,Business Analytics,Frontend,Data Scientist
2289,39.1,27.6,18.0,28.7,46.4,69.6,43.7,62.7,40.0,32.3,11.2,56.2,33.4,29.1,39.9,29.6,20.3,31.8,50.4,52.6,42.8,39.3,23.6,28.7,19.4,24.3,37.7,6.9,5,2,1,Data Science,Cloud & DevOps,Data Scientist
2290,32.2,38.4,44.4,32.0,24.3,26.5,18.8,23.5,27.2,34.3,38.5,49.2,38.5,43.0,34.5,34.7,46.3,31.1,28.8,40.8,48.0,28.7,37.7,39.4,22.7,34.5,52.3,6.91,1,1,3,DevOps,Data & Analytics,Data Scientist
2291,53.4,44.9,50.8,56.3,70.7,76.4,63.7,68.2,57.4,43.2,35.0,34.7,53.9,32.9,34.7,38.9,46.6,61.5,60.9,57.1,70.0,48.4,72.4,47.9,63.1,64.6,31.5,6.93,6,2,1,Cybersecurity,Business,Data Scientist
2292,27.1,34.9,33.1,38.8,53.8,51.6,40.1,38.4,20.6,38.5,51.5,19.3,28.9,11.7,31.9,34.2,34.2,31.6,35.8,45.6,54.3,28.0,47.3,25.0,41.3,56.8,35.4,6.94,6,2,3,Mobile Development,Machine Learning,Data Scientist
2293,35.7,44.9,36.4,32.2,58.6,61.0,50.4,55.8,55.3,36.6,31.2,48.9,62.3,62.0,57.5,61.5,48.6,31.9,44.9,26.1,41.9,40.7,54.8,51.5,48.5,38.4,49.9,6.94,1,1,3,DevOps,Machine Learning,Data Scientist
2294,43.1,33.4,24.6,32.0,35.5,29.2,21.4,17.9,22.5,22.0,31.8,26.6,35.5,35.5,27.7,35.3,37.3,49.1,55.7,46.6,48.2,54.9,50.5,27.6,66.9,35.2,32.0,6.94,5,0,2,Mobile Development,Security,Data Scientist
2295,48.4,51.7,47.5,28.5,43.9,35.2,46.1,32.8,50.4,26.6,45.5,44.4,39.6,55.5,57.8,47.1,52.4,49.1,46.9,47.0,47.5,65.3,56.3,51.9,54.1,65.0,66.0,6.95,8,2,2,Cybersecurity,Frontend,Data Scientist
2296,49.3,26.0,44.9,44.2,22.4,21.2,40.4,30.3,35.6,56.7,52.5,50.9,51.5,28.8,29.4,42.8,43.0,47.5,48.2,43.4,34.0,33.1,22.4,55.0,41.2,24.7,53.9,6.95,4,1,0,Cybersecurity,Data & Analytics,Data Scientist
2297,49.6,73.7,62.7,61.7,70.7,65.0,58.1,56.5,70.8,60.6,67.2,67.3,67.1,74.0,58.7,69.4,58.1,61.8,70.1,40.8,26.6,60.6,67.7,54.4,49.5,66.8,51.1,6.96,6,1,4,AI/ML,Security,Data Scientist
2298,48.8,47.5,57.6,25.0,32.9,35.0,32.0,39.6,44.9,24.6,32.4,33.4,38.2,24.9,50.4,50.8,45.2,57.9,58.1,32.0,23.9,62.6,35.2,48.7,28.3,24.7,51.5,6.97,5,1,3,Cybersecurity,Security,Data Scientist
2299,54.8,74.4,73.9,49.9,50.2,39.1,42.2,44.0,59.5,71.8,70.0,66.3,48.1,53.9,64.6,66.0,58.4,45.7,46.4,61.1,50.6,54.3,68.5,74.8,66.6,56.9,55.2,6.97,4,2,2,AI/ML,Frontend,Data Scientist
2300,25.3,31.7,50.7,31.2,46.0,35.0,42.1,37.0,44.4,45.4,39.3,43.5,26.3,43.0,40.2,38.9,29.1,14.4,25.0,31.7,32.3,26.9,23.5,30.6,15.6,36.1,54.2,6.98,2,0,1,AI/ML,Security,Data Scientist
2301,26.4,50.5,19.6,23.9,25.5,22.5,29.9,14.9,39.5,39.9,50.9,38.5,51.1,26.5,38.3,41.3,29.8,47.9,42.0,64.6,48.8,37.5,34.8,40.8,45.3,37.7,58.5,6.99,2,0,2,Business Analytics,Data & Analytics,Data Scientist
2302,49.4,46.8,58.5,50.4,61.4,71.6,39.6,63.7,51.1,58.5,47.1,50.2,38.3,40.9,40.3,44.7,46.6,51.2,44.7,56.5,58.1,43.9,56.0,66.9,34.1,39.6,52.5,7.0,7,1,1,AI/ML,QA & Testing,Data Scientist
2303,36.4,35.5,41.2,53.8,23.8,14.4,29.1,23.1,44.9,43.2,45.4,43.2,50.6,52.9,60.3,57.4,48.4,49.6,48.7,43.5,32.0,48.5,30.6,39.2,46.6,40.3,29.9,7.01,3,2,4,Cloud Computing,Mobile,Data Scientist
2304,49.9,48.2,41.6,33.0,36.1,50.1,42.3,35.1,33.6,44.8,46.4,43.1,24.9,39.5,43.8,42.4,35.1,47.1,33.4,65.5,62.8,39.0,59.8,33.1,58.0,55.0,38.5,7.01,1,1,3,Business Analytics,Data & Analytics,Data Scientist
2305,36.1,52.2,46.1,45.1,56.0,66.7,58.0,72.7,52.1,52.0,41.1,47.7,61.3,46.6,58.0,51.5,50.9,44.8,49.8,60.5,49.3,37.0,52.4,38.8,51.4,47.4,48.0,7.03,15,1,1,Cloud Computing,QA & Testing,Data Scientist
2306,54.4,59.4,62.3,57.3,55.7,45.7,58.0,50.5,70.2,50.1,60.9,65.0,59.3,55.7,64.1,59.1,58.1,50.7,57.0,72.5,66.0,59.4,66.0,53.9,72.5,94.4,63.5,7.03,9,2,3,DevOps,Security,Data Scientist
2307,32.5,54.3,55.0,54.4,70.8,75.0,50.1,66.5,54.5,41.8,40.5,59.7,55.7,60.5,51.3,47.0,46.2,38.6,34.9,43.6,39.1,38.5,37.6,56.5,30.3,70.3,65.5,7.04,4,1,1,Data Science,QA & Testing,Data Scientist
2308,37.1,48.3,65.4,48.1,73.9,77.0,52.8,67.9,48.5,40.3,39.6,51.7,50.8,56.4,61.7,55.4,59.0,52.9,58.5,55.7,54.0,69.1,40.2,44.2,65.3,55.7,47.0,7.04,8,2,2,Business Analytics,Frontend,Data Scientist
2309,41.8,21.8,39.2,25.8,35.7,53.6,36.7,46.2,27.9,23.8,26.8,36.8,27.9,28.0,26.6,19.6,21.3,47.0,40.5,27.9,34.1,45.6,18.4,41.7,31.5,41.8,42.6,7.06,4,0,0,Mobile Development,Data & Analytics,Data Scientist
2310,53.0,37.4,42.4,37.6,36.1,52.1,45.9,48.3,50.2,30.9,48.6,37.5,51.1,36.4,47.7,42.9,51.8,35.9,40.0,36.5,37.6,45.5,68.8,55.1,61.2,56.5,40.5,7.06,3,3,3,Cybersecurity,Machine Learning,Data Scientist
2311,39.6,40.5,46.2,42.9,44.2,39.4,28.6,50.2,37.4,26.1,32.9,56.6,36.6,49.0,40.3,43.1,44.5,50.4,43.6,36.5,51.6,46.8,53.1,36.5,51.9,76.7,41.1,7.07,4,2,2,DevOps,Frontend,Data Scientist
2312,55.1,43.9,56.3,52.3,52.2,46.2,48.9,59.9,42.9,39.5,41.6,43.5,60.9,52.9,44.0,41.6,53.1,65.5,63.5,53.9,72.1,74.9,39.5,51.6,58.1,37.1,74.2,7.07,6,3,2,AI/ML,Full Stack,Data Scientist
2313,46.8,46.3,51.2,40.5,26.8,23.9,34.4,46.0,49.1,34.4,43.9,47.2,40.7,56.9,53.0,49.4,48.0,37.1,57.2,50.8,49.2,44.2,35.5,54.3,48.9,55.7,44.1,7.08,5,2,4,Cybersecurity,Data & Analytics,Data Scientist
2314,47.2,40.4,39.3,50.1,61.2,54.5,48.1,54.7,55.1,52.2,52.9,48.0,57.6,46.0,35.4,43.1,37.8,42.8,41.2,63.4,44.0,33.1,38.8,41.6,46.9,51.9,34.4,7.1,12,2,2,Data Science,Full Stack,Data Scientist
2315,27.6,28.6,33.4,32.5,46.7,49.5,35.6,39.3,36.6,41.1,33.4,29.3,32.1,31.4,38.1,31.9,33.8,26.5,42.1,33.3,31.4,31.8,62.3,40.1,57.4,45.1,34.8,7.11,6,1,3,Cybersecurity,Backend,Data Scientist
2316,28.1,25.3,26.9,37.2,25.3,16.0,24.6,23.6,38.9,37.5,44.3,34.4,31.5,31.4,37.3,26.1,35.9,53.9,36.4,49.6,46.8,34.8,54.7,31.6,53.4,46.0,29.2,7.11,5,1,1,AI/ML,Machine Learning,Data Scientist
2317,34.2,52.9,64.1,47.1,40.5,50.0,47.3,41.4,44.4,53.3,58.6,44.4,56.9,52.4,65.3,61.6,57.5,45.1,53.9,58.1,63.1,62.5,62.6,58.3,56.5,42.7,54.3,7.14,9,1,2,AI/ML,Data & Analytics,Data Scientist
2318,46.7,32.6,41.2,51.3,48.9,53.4,41.9,47.0,31.5,38.8,36.6,51.2,50.7,41.5,34.3,33.1,68.5,65.6,68.0,42.7,44.5,51.6,28.2,46.5,47.8,48.1,44.8,7.14,8,1,2,Cloud Computing,Full Stack,Data Scientist
2319,52.3,40.4,31.1,44.5,74.2,62.6,55.2,70.4,54.7,65.1,55.7,42.6,58.4,35.6,54.5,44.9,52.2,54.9,27.8,58.4,57.9,45.5,45.1,38.6,45.3,57.8,30.2,7.14,7,2,5,Cloud Computing,Machine Learning,Data Scientist
2320,64.2,50.0,73.3,35.4,45.0,47.3,31.8,39.2,28.9,42.3,50.0,45.3,47.5,39.5,60.5,37.1,43.4,66.2,68.4,60.9,58.8,67.0,68.4,64.6,72.7,61.6,48.6,7.14,5,2,2,Cybersecurity,Mobile,Data Scientist
2321,26.7,54.7,59.3,53.0,36.5,29.6,42.0,33.6,55.4,41.3,35.9,46.2,40.7,34.6,51.8,50.8,33.0,47.8,39.4,24.6,33.0,44.4,35.6,40.3,32.3,25.1,44.2,7.15,4,1,1,Data Science,Backend,Data Scientist
2322,60.8,35.7,26.8,52.8,62.7,66.0,47.2,54.0,42.9,50.8,49.7,38.2,42.5,39.3,51.5,39.5,61.6,50.9,40.7,65.7,70.2,56.3,55.1,37.1,50.7,32.7,50.3,7.15,7,1,1,DevOps,Full Stack,Data Scientist
2323,32.7,31.1,18.6,30.8,47.4,40.1,42.7,49.3,20.6,45.7,33.4,34.8,26.9,32.6,27.4,27.0,28.3,22.4,32.6,25.5,38.1,31.0,19.5,30.7,32.4,30.9,39.2,7.16,7,0,1,Mobile Development,Mobile,Data Scientist
2324,37.1,38.0,38.3,29.8,68.7,71.1,51.2,71.4,48.6,52.9,35.3,51.3,57.8,64.1,64.9,49.6,67.1,46.6,38.7,45.7,43.0,41.5,66.9,34.1,44.0,40.0,49.4,7.16,4,1,4,Data Science,Machine Learning,Data Scientist
2325,45.2,33.6,28.4,48.8,21.5,24.4,32.4,23.3,30.6,42.1,45.2,38.8,44.3,41.2,24.9,34.5,53.5,59.1,59.1,57.6,45.8,55.1,71.9,37.2,61.9,67.5,47.1,7.16,5,2,6,Business Analytics,Business,Data Scientist
2326,73.0,59.3,53.8,77.1,67.1,59.9,80.0,69.4,70.8,71.7,80.8,72.7,60.7,82.8,71.3,69.9,64.5,69.4,84.2,76.5,72.1,64.2,34.5,59.8,40.5,63.4,75.5,7.16,5,2,4,DevOps,Backend,Data Scientist
2327,31.7,29.1,36.6,36.3,29.4,18.1,25.3,23.0,23.0,22.1,24.5,39.2,39.5,39.4,50.4,56.8,32.4,52.3,48.7,26.1,16.9,30.6,27.9,27.1,21.2,27.3,27.5,7.17,6,0,4,Cloud Computing,Backend,Data Scientist
2328,37.4,31.4,51.6,45.1,48.2,52.0,57.8,60.5,52.5,47.9,47.7,41.4,35.8,37.9,32.0,31.2,42.7,38.8,40.8,35.4,44.2,43.3,19.5,34.4,39.5,51.5,47.1,7.17,6,2,0,Business Analytics,Backend,Data Scientist
2329,57.9,54.9,73.5,56.8,53.9,35.7,47.6,36.8,39.1,54.1,47.3,58.8,61.8,51.6,50.4,55.6,40.7,72.6,64.0,68.8,64.9,69.5,66.6,73.0,38.6,43.4,68.3,7.17,5,2,4,AI/ML,QA & Testing,Data Scientist
2330,30.9,42.5,50.1,27.7,59.4,51.4,38.9,61.5,22.3,31.3,34.6,42.5,43.4,39.9,37.3,55.5,50.5,30.7,25.8,20.5,31.6,22.5,38.5,36.2,40.3,52.9,20.4,7.18,8,2,3,Business Analytics,Security,Data Scientist
2331,40.0,29.2,41.0,42.5,42.0,19.8,44.8,46.6,50.4,48.9,44.8,44.6,49.6,64.9,51.7,56.3,43.0,44.7,40.3,36.8,40.5,53.9,49.0,46.6,65.9,54.0,34.7,7.18,3,2,4,Business Analytics,Machine Learning,Data Scientist
2332,43.8,37.1,41.2,38.5,27.8,35.8,30.1,32.1,41.3,43.5,40.8,31.5,33.7,25.2,14.9,32.0,19.0,36.4,23.6,34.8,49.8,38.8,28.8,35.4,47.0,38.9,37.9,7.18,3,2,0,Cybersecurity,Machine Learning,Data Scientist
2333,44.2,53.5,53.9,43.5,63.0,65.3,60.6,62.9,43.4,55.2,47.5,38.8,49.9,42.5,54.1,43.8,55.4,47.7,31.4,41.5,52.4,40.8,45.9,45.7,47.2,46.5,32.9,7.18,6,1,3,Business Analytics,Frontend,Data Scientist
2334,47.4,60.4,54.4,57.9,69.2,59.0,72.9,62.2,71.9,57.3,61.9,47.2,67.1,57.4,68.1,67.9,50.2,46.4,44.3,47.5,46.0,43.6,64.5,44.8,60.8,61.0,46.2,7.19,3,2,4,Cybersecurity,QA & Testing,Data Scientist
2335,56.6,52.4,48.2,41.7,63.3,69.0,54.8,51.0,47.5,52.6,50.0,54.1,55.3,42.6,42.0,46.9,54.1,49.3,62.0,53.1,47.7,69.5,58.7,54.0,61.9,57.2,52.7,7.19,9,1,0,Data Science,Data & Analytics,Data Scientist
2336,28.7,26.9,20.6,49.6,32.7,28.9,31.3,40.9,31.4,33.3,24.3,21.6,10.2,37.3,29.0,20.8,28.5,33.6,10.8,24.1,31.3,23.6,9.9,22.2,21.7,5.5,29.1,7.2,5,1,2,DevOps,Business,Data Scientist
2337,49.5,32.8,19.2,26.3,28.6,23.6,29.1,37.0,20.9,22.6,33.9,34.7,46.3,22.4,27.5,23.0,25.8,62.1,47.2,68.6,64.4,50.6,64.9,29.3,61.7,41.3,47.9,7.21,4,2,2,AI/ML,Security,Data Scientist
2338,58.2,56.6,75.0,37.4,47.7,32.7,49.6,34.7,51.1,30.3,43.7,57.2,58.6,46.0,50.0,64.4,55.4,60.0,68.7,44.2,46.9,79.7,67.1,86.7,51.9,53.5,51.3,7.22,7,2,4,Mobile Development,Security,Data Scientist
2339,33.6,37.5,40.0,49.8,42.8,25.9,37.3,43.6,39.7,29.2,42.5,40.0,52.1,28.0,29.7,31.1,32.5,21.7,5.5,38.9,48.1,27.3,66.6,33.9,62.7,49.4,42.3,7.26,5,1,2,DevOps,Mobile,Data Scientist
2340,44.0,51.5,42.4,42.4,32.2,26.9,29.4,37.2,36.9,33.4,44.7,41.3,49.7,17.5,38.0,38.0,47.9,23.8,38.0,19.6,15.9,42.1,29.7,44.8,13.0,38.8,36.0,7.26,3,0,2,AI/ML,Machine Learning,Data Scientist
2341,53.2,51.4,50.2,48.9,41.3,36.8,46.6,43.1,48.9,49.8,53.9,53.9,43.6,38.7,37.9,34.1,38.7,40.0,26.3,47.2,65.9,49.8,38.7,51.2,42.4,55.9,43.6,7.26,5,1,2,Business Analytics,Machine Learning,Data Scientist
2342,24.3,21.5,28.8,30.4,42.5,33.7,21.1,32.7,28.3,27.7,45.8,24.4,39.3,27.6,21.9,23.5,36.8,44.4,39.6,58.7,59.5,40.6,41.7,46.6,21.3,30.4,45.3,7.28,5,1,0,Cloud Computing,Data & Analytics,Data Scientist
2343,35.7,31.9,50.3,26.6,49.9,34.5,28.1,33.8,39.8,51.0,38.0,39.3,30.8,39.2,40.2,30.1,39.8,47.7,33.8,22.5,34.1,20.9,39.1,34.7,52.4,27.0,24.2,7.28,3,1,4,Business Analytics,Full Stack,Data Scientist
2344,29.7,45.9,30.3,48.8,42.6,31.3,44.6,42.8,38.0,40.8,57.2,38.4,54.1,42.2,28.0,39.1,40.2,49.6,39.9,72.2,47.3,53.5,26.9,26.3,33.7,31.3,44.3,7.31,6,1,1,Business Analytics,Frontend,Data Scientist
2345,35.5,44.8,48.6,43.6,47.4,48.0,43.7,43.6,37.7,43.1,48.7,31.1,48.3,35.1,37.9,42.0,42.6,37.7,37.2,33.7,43.6,40.5,49.8,51.6,36.5,46.6,38.3,7.31,3,2,6,Business Analytics,Data & Analytics,Data Scientist
2346,50.3,65.0,65.0,61.7,74.0,60.7,51.7,49.4,50.5,48.2,68.8,61.6,63.8,44.1,49.2,44.5,54.2,65.5,49.7,63.2,65.0,63.0,74.3,55.7,65.2,60.7,51.7,7.31,6,3,3,Data Science,Full Stack,Data Scientist
2347,46.5,42.8,41.2,50.8,61.6,56.5,51.4,45.5,45.4,41.4,45.2,56.7,40.4,53.4,46.5,45.6,39.2,43.9,55.4,35.0,40.8,43.2,59.7,52.2,60.7,42.3,51.7,7.32,3,3,2,Mobile Development,QA & Testing,Data Scientist
2348,47.5,60.9,58.3,52.8,40.0,36.0,54.4,43.2,53.7,63.7,51.7,49.2,46.2,63.4,55.6,56.9,63.2,45.8,44.1,37.7,35.5,42.6,40.9,64.8,37.1,51.9,36.5,7.33,4,1,2,Data Science,Full Stack,Data Scientist
2349,64.2,55.9,75.6,62.1,37.9,48.1,50.0,30.6,56.4,48.5,52.6,62.3,64.2,66.1,48.3,63.4,52.5,57.1,81.7,49.3,33.2,61.9,63.2,57.8,25.6,46.1,80.1,7.33,7,3,5,Business Analytics,QA & Testing,Data Scientist
2350,67.7,74.0,49.5,63.5,53.5,39.6,58.6,54.8,64.1,65.1,79.2,68.5,69.2,55.0,53.6,60.1,60.6,77.4,63.2,62.1,71.8,68.9,37.8,72.3,29.9,37.2,62.9,7.33,9,1,3,Data Science,QA & Testing,Data Scientist
2351,47.5,53.1,49.2,52.3,27.6,36.3,36.6,43.3,48.6,39.0,52.6,43.4,55.0,52.2,59.4,55.1,46.1,67.8,63.3,48.5,45.1,58.0,42.7,64.0,71.1,47.7,51.7,7.35,8,0,3,Business Analytics,Security,Data Scientist
2352,51.2,44.3,45.8,37.6,33.4,44.3,55.2,44.5,53.9,49.7,46.8,39.9,60.8,35.9,61.5,53.4,61.8,45.6,49.2,36.4,42.5,49.4,45.7,53.0,29.2,26.6,34.1,7.35,4,0,9,Data Science,Cloud & DevOps,Data Scientist
2353,52.3,25.9,31.1,51.1,63.3,57.3,50.8,47.9,43.9,50.4,45.2,42.1,43.3,54.1,53.6,52.9,27.9,52.1,39.9,74.3,64.2,36.2,45.8,24.5,54.0,48.7,39.4,7.37,6,2,1,Cloud Computing,Machine Learning,Data Scientist
2354,63.3,47.1,44.0,65.6,62.1,65.0,52.3,69.0,51.8,62.7,62.1,57.7,40.5,65.5,54.6,65.7,54.4,68.1,82.7,67.6,73.7,65.6,47.8,51.5,49.1,39.7,43.5,7.37,1,0,1,Data Science,Full Stack,Data Scientist
2355,57.5,49.8,62.2,48.3,44.5,58.0,62.5,58.2,47.0,53.7,50.8,47.1,48.1,36.3,42.8,32.8,48.7,61.3,59.3,49.9,47.1,58.9,43.9,51.8,40.2,44.8,34.5,7.38,4,1,3,Mobile Development,Mobile,Data Scientist
2356,39.5,37.0,38.3,39.6,51.4,43.2,24.5,25.2,37.7,26.4,28.5,30.0,38.1,20.3,37.4,37.7,20.3,54.8,59.7,39.4,35.8,51.1,39.1,31.1,29.7,50.1,41.8,7.4,4,1,6,Business Analytics,Data & Analytics,Data Scientist
2357,44.2,56.4,51.8,51.6,43.0,44.2,57.9,37.7,47.0,49.8,65.1,50.8,47.4,37.8,45.4,44.6,30.8,53.3,52.1,45.7,45.1,54.8,58.6,48.3,62.4,48.7,63.7,7.4,10,1,2,DevOps,Business,Data Scientist
2358,44.6,30.7,29.5,50.6,26.4,20.3,25.9,10.6,40.0,39.5,39.6,32.8,29.5,24.6,22.7,15.7,35.3,37.0,33.4,43.9,31.0,42.8,42.3,51.8,18.4,34.4,39.7,7.4,6,1,0,Cybersecurity,Machine Learning,Data Scientist
2359,76.1,45.5,64.7,77.3,38.6,41.2,26.8,35.3,47.4,55.1,60.5,55.2,60.8,42.5,46.2,51.9,62.0,76.6,72.8,71.8,80.1,72.9,81.8,81.0,65.0,57.3,62.8,7.4,3,3,6,Data Science,Backend,Data Scientist
2360,33.1,37.5,29.6,39.1,32.2,50.6,34.6,35.9,38.8,51.2,47.9,40.9,46.7,44.3,30.4,38.4,45.6,41.7,45.7,46.3,37.2,43.5,46.1,26.6,67.5,53.7,36.7,7.41,6,0,3,Mobile Development,Machine Learning,Data Scientist
2361,33.6,39.9,30.3,45.8,36.1,9.5,32.7,31.2,48.9,42.8,39.7,44.2,43.6,42.9,48.9,51.4,38.5,50.7,44.0,44.3,40.4,42.1,36.7,49.7,57.0,40.2,51.2,7.41,3,2,3,DevOps,Cloud & DevOps,Data Scientist
2362,81.6,85.2,78.5,81.8,79.0,80.6,77.7,96.2,88.1,88.1,86.9,70.5,76.1,83.1,76.1,63.9,79.2,80.7,81.5,78.0,91.8,83.2,82.4,77.1,66.4,79.5,85.0,7.41,7,3,4,Data Science,Data & Analytics,Data Scientist
2363,39.3,43.1,21.1,52.1,55.6,63.3,43.5,58.7,44.4,33.5,50.3,33.5,39.4,41.7,41.1,42.9,35.1,48.2,34.8,59.3,67.5,43.7,50.9,24.0,51.5,53.8,28.2,7.42,6,0,0,Mobile Development,Business,Data Scientist
2364,69.0,51.3,56.3,62.0,51.6,55.6,60.2,48.7,46.9,46.5,40.6,64.3,62.9,78.7,70.8,56.0,62.0,76.2,69.8,74.6,66.3,69.8,42.7,53.7,46.2,53.8,54.1,7.42,4,2,2,Cybersecurity,Data & Analytics,Data Scientist
2365,74.1,66.1,69.0,52.4,49.4,45.7,63.6,53.3,55.5,44.7,49.7,40.2,55.7,63.7,60.6,64.5,76.8,50.2,48.9,60.1,50.2,58.4,58.0,51.4,50.7,56.0,56.6,7.42,8,2,3,Business Analytics,Security,Data Scientist
2366,46.9,33.8,42.7,48.1,37.2,51.4,44.3,52.3,50.1,52.7,46.7,59.1,46.1,31.2,25.9,45.4,26.4,45.2,43.9,61.1,44.9,54.7,30.0,50.3,58.1,61.3,52.4,7.43,5,2,3,Data Science,Backend,Data Scientist
2367,48.9,44.9,49.4,38.0,42.2,47.4,46.7,44.6,58.8,31.3,43.3,33.2,45.1,51.9,27.7,46.7,48.6,43.0,42.0,39.9,45.9,30.2,56.6,43.0,66.8,73.2,47.1,7.44,3,3,5,Data Science,QA & Testing,Data Scientist
2368,56.2,56.2,53.6,74.9,42.9,25.2,43.1,48.9,58.5,44.5,55.9,47.3,46.9,44.3,47.0,49.7,48.9,52.7,49.8,76.7,76.7,48.7,71.4,51.2,56.4,49.6,47.8,7.44,1,2,2,Mobile Development,Business,Data Scientist
2369,56.7,39.2,62.6,60.8,54.5,48.2,50.7,56.0,40.1,36.2,44.4,57.1,41.7,50.2,40.9,44.4,44.9,60.9,67.6,70.3,68.6,50.8,62.1,47.4,66.4,51.3,56.2,7.44,4,1,1,DevOps,Machine Learning,Data Scientist
2370,60.1,62.4,46.8,60.5,44.4,46.6,49.2,51.0,53.5,45.9,47.1,45.6,44.9,39.6,33.6,43.2,49.8,56.9,50.6,72.2,78.3,70.4,72.1,64.6,59.5,57.7,62.5,7.44,6,2,0,Business Analytics,Mobile,Data Scientist
2371,65.0,59.5,64.2,72.7,75.5,64.1,64.9,71.2,75.0,86.4,83.6,60.9,63.8,62.1,50.7,57.1,52.4,64.0,81.2,75.3,67.2,71.3,73.4,66.0,59.8,69.0,83.9,7.44,7,3,4,Mobile Development,QA & Testing,Data Scientist
2372,38.2,44.7,54.6,44.2,39.1,35.0,46.6,20.5,57.7,41.0,36.0,43.3,47.3,49.3,62.3,46.4,64.8,27.0,36.7,43.1,48.4,29.0,47.6,49.5,61.0,52.9,40.8,7.45,2,3,3,Mobile Development,Cloud & DevOps,Data Scientist
2373,44.0,41.9,35.1,44.5,23.7,26.1,35.8,22.3,45.2,31.4,51.7,31.5,28.5,46.2,51.4,47.6,51.4,47.5,51.6,38.7,54.1,41.8,74.7,54.1,47.0,58.4,31.4,7.45,8,0,3,Business Analytics,Security,Data Scientist
2374,57.4,64.9,67.6,73.4,75.9,56.8,58.2,76.8,43.2,69.0,69.7,48.5,56.7,64.5,54.1,47.1,51.1,52.1,63.4,80.7,74.1,68.9,51.9,65.6,48.8,37.3,58.5,7.45,7,3,3,Cybersecurity,Data & Analytics,Data Scientist
2375,61.3,61.1,51.9,59.0,48.4,35.7,38.4,40.3,61.0,42.4,49.4,48.5,53.5,58.3,57.3,52.7,57.9,55.9,60.7,53.2,52.2,61.8,33.6,68.4,29.7,40.4,57.1,7.45,10,0,3,Cloud Computing,Machine Learning,Data Scientist
2376,29.3,43.7,39.7,46.7,51.3,56.8,61.5,56.1,52.5,60.8,50.8,37.7,41.4,64.6,55.2,61.4,39.0,30.6,28.3,45.1,46.0,22.0,46.8,32.0,50.9,33.1,17.0,7.46,5,1,2,Cloud Computing,Security,Data Scientist
2377,34.4,25.7,22.5,32.2,28.4,24.0,24.5,19.1,33.5,36.6,47.0,40.4,28.6,39.1,51.1,45.8,43.6,24.1,36.6,43.2,38.6,37.4,29.5,37.2,2.9,30.6,30.6,7.46,7,0,3,Business Analytics,Data & Analytics,Data Scientist
2378,61.5,52.0,53.4,58.8,51.1,61.9,60.5,52.0,56.9,57.6,55.2,54.8,57.8,55.9,50.4,48.1,52.4,65.4,67.0,70.1,58.6,75.8,39.0,43.1,29.1,32.5,49.8,7.46,4,2,6,Business Analytics,Machine Learning,Data Scientist
2379,71.4,66.6,73.4,52.2,40.1,25.5,53.2,31.1,58.4,70.9,77.3,61.6,59.8,43.9,45.1,44.4,51.5,66.3,72.7,64.1,41.8,64.3,38.4,42.4,45.1,49.6,55.1,7.46,9,3,3,AI/ML,Backend,Data Scientist
2380,34.9,33.9,32.6,13.0,49.0,32.2,27.1,32.6,28.3,25.2,27.2,19.3,38.3,34.1,15.6,32.6,25.3,39.8,51.7,34.9,31.9,31.3,45.8,36.3,41.6,36.8,31.5,7.47,6,2,3,Data Science,Security,Data Scientist
2381,39.9,26.6,35.0,34.7,31.3,42.6,22.8,33.8,34.9,39.1,27.8,34.9,31.2,34.5,27.7,32.6,46.7,46.9,51.8,49.5,51.7,46.3,50.2,65.4,47.2,29.2,49.5,7.47,4,1,3,Data Science,Business,Data Scientist
2382,60.3,44.5,34.8,30.1,50.1,59.0,52.8,60.6,49.7,47.2,45.1,41.5,48.4,51.5,40.5,57.4,44.7,27.3,32.3,25.1,29.9,40.1,21.1,26.4,29.7,43.9,45.9,7.47,2,1,0,Data Science,Security,Data Scientist
2383,65.3,58.8,72.5,51.8,31.5,26.7,41.2,37.6,67.1,54.6,55.6,55.2,53.2,41.7,41.0,39.6,46.9,40.8,53.4,39.5,41.5,49.8,55.0,72.9,67.7,40.8,52.3,7.47,6,3,1,Mobile Development,Full Stack,Data Scientist
2384,46.2,31.3,23.4,25.6,45.4,51.3,35.2,40.6,46.8,41.3,36.0,38.6,33.8,32.9,31.3,32.9,25.0,21.7,39.6,41.1,36.9,41.3,29.1,33.6,22.7,34.1,24.0,7.48,5,1,1,Business Analytics,QA & Testing,Data Scientist
2385,49.5,57.9,53.3,48.2,43.8,48.8,59.0,55.5,57.9,56.6,37.5,59.7,48.6,46.9,53.8,51.9,57.9,51.6,40.9,27.7,36.0,46.5,39.4,45.1,48.8,41.4,35.4,7.48,4,1,3,AI/ML,Data & Analytics,Data Scientist
2386,53.0,56.0,59.0,45.1,45.5,33.1,57.6,46.4,70.3,42.9,45.9,36.4,52.0,67.3,46.3,47.3,47.1,52.6,57.9,56.4,51.5,67.1,36.3,54.9,41.3,36.5,52.3,7.48,9,0,3,Business Analytics,Mobile,Data Scientist
2387,54.7,52.0,42.1,61.8,49.3,46.0,54.3,50.8,52.1,51.5,66.2,33.7,44.7,40.7,40.9,42.6,29.4,46.9,50.0,52.4,46.5,57.8,50.5,42.6,37.6,49.3,47.7,7.48,8,0,2,Data Science,Full Stack,Data Scientist
2388,57.9,84.8,58.0,62.1,50.3,61.5,52.1,59.9,65.2,60.2,60.8,58.9,57.8,58.6,48.4,64.2,54.3,73.0,65.9,55.4,45.8,63.1,44.3,41.0,30.7,33.3,33.5,7.49,4,2,3,Web Development,Cloud & DevOps,Data Scientist
2389,46.9,62.7,47.4,52.1,51.5,43.6,36.2,45.7,41.7,55.0,64.3,47.3,59.1,53.8,54.9,38.6,50.2,50.4,38.2,43.6,63.8,55.0,61.1,37.0,45.9,46.7,45.3,7.5,4,1,2,Data Science,Machine Learning,Data Scientist
2390,38.4,42.3,40.9,28.1,39.2,41.3,49.1,41.4,55.5,45.6,37.8,46.8,30.9,31.1,37.4,30.3,38.8,34.3,28.7,30.5,17.7,30.4,37.5,49.1,46.8,37.7,30.0,7.51,3,0,1,Mobile Development,Full Stack,Data Scientist
2391,42.5,26.7,42.5,20.4,46.4,53.1,36.3,44.8,22.9,41.0,27.0,28.6,32.4,42.0,42.8,33.5,25.9,49.4,46.4,38.7,37.8,39.5,20.8,44.7,28.3,23.3,39.1,7.51,4,1,2,DevOps,Machine Learning,Data Scientist
2392,53.9,63.1,59.0,37.3,29.6,36.0,45.4,35.3,69.7,51.9,47.5,47.4,54.0,53.4,47.9,54.5,43.5,48.2,52.5,45.2,57.4,46.8,53.1,39.8,57.1,48.7,49.7,7.51,4,2,2,Business Analytics,Full Stack,Data Scientist
2393,54.1,48.3,45.9,69.8,58.5,79.9,59.3,77.8,61.8,65.7,69.2,55.3,49.1,45.3,47.8,42.3,49.0,50.9,35.7,53.9,60.0,39.7,36.3,39.1,45.9,71.9,53.4,7.51,4,0,0,Cybersecurity,Business,Data Scientist
2394,54.3,60.7,56.1,43.4,50.9,64.2,46.9,51.6,62.9,60.9,51.2,53.8,49.7,57.8,50.9,47.9,59.1,49.1,44.0,54.2,64.0,54.0,44.5,40.6,43.0,31.1,59.9,7.53,6,2,2,Business Analytics,Backend,Data Scientist
2395,28.4,43.5,36.4,39.0,43.3,49.9,39.6,43.8,45.9,53.3,42.3,37.9,49.3,23.3,37.2,40.1,38.4,41.9,38.8,58.2,42.6,35.8,52.8,31.0,63.8,49.5,47.4,7.54,2,0,1,Cloud Computing,Business,Data Scientist
2396,36.6,31.6,14.1,26.4,17.5,13.8,22.2,21.0,38.4,31.9,42.6,25.7,31.0,33.8,27.5,29.7,36.8,26.2,32.1,45.2,45.7,39.2,46.6,19.3,25.5,26.5,26.4,7.54,2,1,4,Data Science,Machine Learning,Data Scientist
2397,47.7,50.2,39.7,32.4,33.4,16.1,32.7,38.8,41.9,41.0,52.7,46.3,30.9,47.1,61.6,46.0,59.7,56.2,48.6,34.5,45.2,57.6,32.6,46.1,28.6,42.4,31.6,7.54,3,0,5,Cybersecurity,Frontend,Data Scientist
2398,70.8,69.6,77.9,74.6,58.7,58.0,56.3,68.4,69.6,76.3,70.7,61.2,73.3,56.8,68.3,65.7,83.3,70.5,57.7,62.8,80.8,54.9,58.3,51.1,70.9,55.1,80.0,7.54,5,1,3,AI/ML,Data & Analytics,Data Scientist
2399,49.6,48.9,44.8,59.0,45.2,44.4,39.4,41.8,50.5,38.2,40.3,40.1,38.6,39.8,49.6,28.8,53.0,54.9,51.5,42.9,56.0,45.2,29.0,34.0,11.2,52.6,65.9,7.55,5,0,4,AI/ML,QA & Testing,Data Scientist
2400,54.3,70.0,68.4,51.7,83.1,66.3,66.4,67.9,76.1,62.5,80.0,53.0,52.2,41.2,52.4,58.4,51.4,57.9,57.4,45.5,51.4,52.9,55.6,62.0,62.7,71.3,52.4,7.56,9,3,6,Business Analytics,Backend,Data Scientist
2401,34.3,60.1,51.4,37.0,54.7,62.4,55.3,47.5,52.1,27.6,39.0,53.9,45.5,51.3,69.8,64.4,61.5,29.1,35.9,21.8,45.7,43.5,55.3,44.1,52.2,67.7,48.7,7.57,4,0,4,Business Analytics,Data & Analytics,Data Scientist
2402,45.2,24.7,35.1,41.3,35.4,47.3,37.3,37.2,34.3,31.5,36.5,41.3,43.9,50.9,58.9,54.2,32.3,64.7,71.0,53.9,45.1,66.2,43.7,52.4,61.4,54.0,29.0,7.57,5,2,4,Cybersecurity,Frontend,Data Scientist
2403,57.6,53.2,52.4,40.7,53.9,48.9,48.1,51.1,45.4,48.6,45.6,53.4,59.7,59.1,68.1,69.0,44.7,63.4,38.9,30.1,40.3,50.3,34.8,46.7,56.0,33.1,64.3,7.57,5,1,6,Cybersecurity,Security,Data Scientist
2404,74.1,81.6,63.5,73.9,66.7,62.6,58.2,81.8,70.2,88.4,65.8,76.8,89.5,69.8,84.4,72.9,95.0,78.9,70.4,67.2,65.5,73.8,72.8,69.7,65.7,77.4,69.5,7.57,11,3,10,Mobile Development,Full Stack,Data Scientist
2405,27.9,29.8,21.5,24.6,30.1,28.3,30.0,28.2,31.0,19.0,30.7,33.5,17.9,41.3,17.6,37.4,23.6,29.2,23.5,25.7,15.7,21.8,37.8,15.6,40.4,17.6,28.8,7.58,4,0,1,Cybersecurity,Frontend,Data Scientist
2406,57.6,52.2,63.7,49.5,47.1,61.1,48.2,50.8,32.7,49.8,32.2,28.7,40.8,38.6,34.3,26.6,35.6,56.8,42.7,45.5,61.9,50.5,61.8,39.2,53.8,55.9,41.8,7.58,6,1,2,Cloud Computing,Business,Data Scientist
2407,25.3,29.0,31.7,45.8,38.3,40.7,39.7,39.0,42.9,39.2,36.4,37.3,41.9,41.2,48.0,42.8,40.1,31.0,35.8,34.2,25.8,45.8,25.9,36.8,27.9,48.6,35.5,7.59,3,2,3,Mobile Development,Cloud & DevOps,Data Scientist
2408,52.5,53.5,41.6,50.0,68.4,53.1,53.3,61.1,62.3,51.3,44.6,52.0,49.7,55.3,61.7,62.8,63.0,65.2,63.8,43.0,49.2,52.1,43.9,46.4,49.5,41.1,50.1,7.59,6,1,6,Data Science,Frontend,Data Scientist
2409,34.8,51.9,32.7,49.0,48.6,57.0,54.6,59.9,45.4,53.4,32.8,57.9,58.0,53.5,58.7,46.8,50.0,51.0,58.4,56.2,62.1,50.7,38.9,42.4,36.3,36.9,47.2,7.6,2,1,3,Data Science,Full Stack,Data Scientist
2410,58.2,57.8,49.3,50.3,47.7,50.3,50.1,53.2,52.9,52.4,54.1,54.1,56.2,48.8,47.9,57.4,54.0,40.3,44.5,33.5,29.1,29.7,47.8,54.1,44.5,41.6,64.2,7.61,11,1,1,Cybersecurity,QA & Testing,Data Scientist
2411,67.2,66.7,61.4,55.4,64.0,58.3,69.9,62.3,48.2,44.7,74.6,60.8,53.4,36.7,52.2,47.5,46.5,76.1,71.9,70.4,73.1,82.9,53.1,64.5,56.4,63.8,63.3,7.61,4,3,3,Data Science,Data & Analytics,Data Scientist
2412,35.5,37.1,37.1,24.9,23.6,23.5,29.2,37.4,21.8,30.9,20.3,31.6,27.5,33.0,32.7,29.3,29.0,28.7,48.4,23.1,32.0,43.7,41.3,35.2,25.1,5.4,36.7,7.64,6,1,1,Cloud Computing,Machine Learning,Data Scientist
2413,47.1,34.9,46.2,58.4,33.8,38.1,39.0,37.6,32.6,49.0,42.9,48.8,36.1,52.9,43.4,28.7,41.4,58.0,59.0,66.6,63.8,55.9,44.8,42.2,20.1,40.3,42.6,7.64,6,1,2,Business Analytics,Backend,Data Scientist
2414,51.2,49.9,56.1,34.5,43.6,49.9,49.9,63.8,46.6,34.0,37.0,51.9,48.5,46.7,35.4,43.2,49.9,56.6,58.9,31.2,47.6,59.0,35.7,43.1,55.1,41.3,67.1,7.64,3,0,3,Cybersecurity,Security,Data Scientist
2415,61.1,59.4,45.5,67.8,49.8,54.5,69.1,58.3,64.8,68.5,77.3,65.7,53.8,63.5,62.3,70.2,41.3,55.6,39.5,64.6,67.8,56.4,40.4,68.1,41.1,37.1,66.6,7.64,6,0,1,Cybersecurity,Data & Analytics,Data Scientist
2416,65.3,59.5,73.4,60.7,72.7,62.2,70.2,61.5,64.9,54.6,58.9,60.9,54.5,77.0,69.7,75.1,72.0,88.1,89.9,67.8,66.1,81.9,61.9,73.1,53.2,40.8,65.1,7.64,8,1,5,DevOps,Machine Learning,Data Scientist
2417,68.4,65.1,64.8,58.5,52.7,50.1,37.0,49.6,74.8,70.5,67.9,59.2,66.5,68.9,54.9,64.5,52.5,56.5,71.6,52.8,65.7,46.5,63.7,46.7,51.5,65.3,58.0,7.64,6,0,2,Data Science,Cloud & DevOps,Data Scientist
2418,35.6,44.8,29.6,47.5,33.9,28.7,33.6,41.3,40.5,56.7,50.8,33.7,43.8,59.9,60.9,52.3,49.0,30.6,41.4,69.7,73.4,43.3,38.3,41.5,32.0,59.6,54.3,7.65,10,1,3,Business Analytics,Cloud & DevOps,Data Scientist
2419,56.1,61.4,37.3,62.6,51.2,69.7,59.6,49.5,45.7,49.7,54.8,48.2,42.5,32.8,27.1,36.3,36.1,57.2,43.4,52.2,66.5,49.4,46.8,29.9,41.7,47.7,41.5,7.66,7,1,3,Business Analytics,Backend,Data Scientist
2420,70.4,72.7,80.4,75.2,82.0,87.9,75.2,73.3,68.3,75.1,73.1,79.3,76.0,72.0,60.6,77.2,68.8,75.7,69.5,71.1,72.4,73.8,66.6,67.1,55.4,70.3,86.0,7.66,4,3,3,Mobile Development,QA & Testing,Data Scientist
2421,60.2,60.9,56.8,46.6,48.0,54.4,58.9,57.8,46.3,56.9,47.2,60.9,59.3,58.9,56.7,60.8,52.4,45.3,55.9,66.2,66.4,55.7,61.1,54.5,64.4,64.5,63.1,7.67,11,2,0,AI/ML,Cloud & DevOps,Data Scientist
2422,48.4,39.4,66.3,36.5,34.2,35.9,42.7,33.9,32.4,35.9,51.3,46.3,49.3,36.0,22.5,34.4,43.0,53.2,51.0,49.2,38.0,39.3,35.6,48.2,38.4,36.0,47.8,7.68,2,1,0,AI/ML,Machine Learning,Data Scientist
2423,66.0,68.2,67.4,60.6,42.4,40.9,66.6,50.8,65.4,66.0,70.0,54.3,59.2,70.6,54.2,64.6,66.7,72.2,60.7,57.6,63.1,66.7,64.9,63.1,62.6,48.9,64.2,7.68,7,2,4,Business Analytics,Security,Data Scientist
2424,62.0,46.5,74.7,64.6,64.8,80.4,65.8,74.4,62.1,41.3,50.9,73.9,63.8,56.7,59.6,57.8,66.8,82.9,75.2,63.0,55.2,64.8,57.8,62.3,49.7,56.6,56.0,7.69,8,2,2,Web Development,Machine Learning,Data Scientist
2425,56.8,63.7,49.4,68.6,40.4,44.6,58.7,38.6,60.3,63.9,59.9,63.0,60.1,64.2,54.3,62.3,63.5,51.9,50.6,54.7,56.4,49.9,74.3,37.4,58.5,46.6,55.8,7.7,3,3,3,Cybersecurity,Data & Analytics,Data Scientist
2426,60.3,49.1,52.2,63.3,64.9,52.7,57.1,57.4,55.7,68.8,66.9,50.6,47.3,42.8,33.0,47.0,36.4,63.6,38.9,57.4,57.5,64.0,56.0,49.7,53.3,47.7,60.4,7.7,10,1,3,Cybersecurity,Frontend,Data Scientist
2427,26.8,43.1,44.3,31.0,36.5,27.9,34.0,30.2,46.0,32.5,36.5,35.3,43.9,65.6,53.7,44.6,47.5,40.7,26.8,28.7,15.7,21.4,34.1,40.4,30.3,42.5,29.0,7.71,4,1,8,Cybersecurity,Machine Learning,Data Scientist
2428,55.1,56.7,67.7,58.0,44.9,37.0,51.4,57.2,80.6,68.2,75.7,48.4,55.6,50.6,50.7,42.8,41.0,51.9,47.4,53.1,70.6,35.9,51.0,56.0,57.7,59.2,73.0,7.72,5,2,3,AI/ML,Backend,Data Scientist
2429,64.2,43.6,49.1,62.3,42.9,40.9,41.5,45.9,25.5,51.7,57.7,57.4,39.3,52.6,45.1,55.2,55.8,81.9,69.3,76.8,57.6,86.0,42.0,56.3,39.7,42.5,54.1,7.72,4,2,3,Cybersecurity,Mobile,Data Scientist
2430,30.4,34.8,26.1,23.7,60.8,41.3,41.4,56.1,31.5,32.9,26.6,25.0,37.4,25.5,38.8,37.6,44.3,17.4,21.2,25.3,6.4,9.5,27.6,32.4,22.9,34.2,22.0,7.73,4,0,3,Web Development,QA & Testing,Data Scientist
2431,38.8,38.7,22.4,56.3,44.2,49.6,41.8,48.1,42.5,41.2,42.5,59.2,44.3,42.9,59.6,52.8,42.4,44.5,24.8,54.3,48.5,45.9,45.2,29.4,32.2,43.4,33.6,7.74,5,1,2,Data Science,QA & Testing,Data Scientist
2432,35.3,47.4,37.6,30.5,51.3,73.2,44.0,48.8,36.5,43.9,32.3,49.1,35.3,44.5,45.1,52.7,64.8,63.7,55.4,28.1,32.0,53.6,46.6,38.8,49.5,45.0,35.7,7.75,6,2,5,AI/ML,Machine Learning,Data Scientist
2433,50.9,29.9,43.0,61.8,36.6,36.8,40.0,33.9,38.6,55.3,45.0,39.6,38.0,49.4,37.3,51.3,39.2,43.2,30.3,58.9,58.2,40.1,52.2,50.5,33.1,50.3,38.2,7.75,8,1,7,Business Analytics,Mobile,Data Scientist
2434,55.9,57.9,57.4,44.8,47.9,34.3,40.4,22.3,40.7,50.7,54.3,51.7,41.7,34.1,37.4,43.3,45.0,59.2,53.7,52.2,53.7,44.4,39.3,65.8,47.5,42.5,44.3,7.75,6,1,1,Cloud Computing,QA & Testing,Data Scientist
2435,37.4,26.1,35.2,29.3,31.6,22.9,23.0,35.3,23.0,34.4,38.9,36.9,11.8,14.7,39.3,33.3,43.3,27.9,27.3,42.9,39.9,47.4,37.5,21.9,45.2,33.7,42.4,7.76,4,1,1,Web Development,Security,Data Scientist
2436,39.4,46.5,42.1,49.4,19.1,31.7,31.5,23.6,41.9,55.0,61.7,37.8,40.2,34.2,31.2,22.0,29.3,40.9,36.0,52.3,37.4,58.9,39.7,41.8,42.6,33.5,44.0,7.76,3,1,2,Web Development,Business,Data Scientist
2437,50.8,62.1,78.2,67.6,63.1,46.2,50.7,55.8,51.2,51.2,67.0,60.9,60.0,52.2,65.7,53.7,62.3,78.9,64.5,69.3,64.8,72.0,75.6,64.8,75.6,60.3,62.6,7.76,9,3,3,AI/ML,Machine Learning,Data Scientist
2438,46.4,25.8,38.3,48.6,37.6,39.9,43.0,32.9,42.7,43.5,47.1,45.6,36.5,32.9,45.3,43.8,28.9,44.1,54.1,49.6,52.7,57.4,35.0,56.0,31.7,32.7,54.2,7.77,5,1,1,AI/ML,Mobile,Data Scientist
2439,87.0,72.9,75.6,55.4,81.7,93.4,79.5,87.6,69.8,77.6,70.0,72.8,80.2,60.1,72.1,55.6,59.4,63.7,52.5,60.1,50.3,74.3,50.8,64.4,63.5,63.3,89.6,7.77,8,2,0,Cloud Computing,Backend,Data Scientist
2440,29.7,46.8,32.0,49.1,16.4,33.1,33.2,24.5,49.0,35.2,27.7,41.1,49.9,42.6,45.4,46.4,35.0,46.1,40.4,38.0,29.7,39.5,55.3,53.5,58.6,27.3,30.1,7.78,0,0,3,Cloud Computing,QA & Testing,Data Scientist
2441,51.2,54.3,35.4,64.2,43.7,35.5,33.7,30.3,50.9,55.5,73.4,40.1,51.8,49.4,34.7,60.4,46.1,63.6,59.1,65.1,56.1,50.4,60.3,47.5,56.8,43.2,50.5,7.79,2,2,1,Data Science,Full Stack,Data Scientist
2442,34.6,25.5,35.3,16.5,38.5,45.0,43.6,46.7,29.6,33.9,24.3,38.6,30.8,34.5,27.0,33.3,23.3,45.0,52.1,17.5,37.5,36.2,35.0,56.9,40.3,22.7,40.2,7.8,3,1,1,Cloud Computing,QA & Testing,Data Scientist
2443,58.5,57.4,60.3,49.4,62.4,67.4,57.5,58.1,71.2,52.6,52.1,63.1,57.2,46.9,52.5,59.1,55.7,65.6,65.0,35.5,35.0,61.4,62.7,66.5,59.1,55.7,53.3,7.8,4,1,1,AI/ML,Cloud & DevOps,Data Scientist
2444,79.8,74.1,61.8,65.8,73.0,66.6,89.5,69.8,80.8,81.3,74.7,76.8,66.0,71.7,90.1,73.0,79.2,72.7,78.3,68.8,66.4,72.9,44.6,70.9,57.5,53.8,68.5,7.8,8,2,4,AI/ML,Frontend,Data Scientist
2445,82.4,63.7,73.8,63.1,72.8,77.0,59.7,77.6,56.6,71.2,56.2,69.2,61.4,73.2,73.7,67.7,52.1,75.2,78.6,73.3,57.7,83.2,62.1,48.7,56.9,47.0,68.3,7.8,13,3,3,Business Analytics,Business,Data Scientist
2446,57.0,56.8,67.9,52.3,39.1,46.3,48.9,52.0,50.0,57.7,72.3,57.8,60.9,54.6,60.3,69.4,60.3,69.3,72.0,41.6,58.1,53.8,52.0,61.5,72.6,49.7,60.1,7.81,7,3,3,Mobile Development,Backend,Data Scientist
2447,33.3,32.8,23.3,44.2,48.1,28.5,33.8,33.6,17.3,26.7,60.3,26.7,29.5,28.1,26.7,22.0,29.1,29.7,43.0,49.9,46.8,27.2,47.3,40.7,58.0,53.5,16.8,7.82,4,2,2,DevOps,Backend,Data Scientist
2448,40.4,75.1,40.8,79.0,39.6,28.0,37.2,28.6,46.9,47.4,63.3,44.0,35.1,50.7,50.3,41.2,49.0,50.9,50.7,60.0,69.4,56.5,60.0,49.7,41.2,53.2,44.9,7.82,4,2,4,Business Analytics,Security,Data Scientist
2449,42.1,24.7,42.4,33.4,39.7,37.9,44.0,49.2,27.1,44.9,39.6,39.6,44.1,45.6,29.2,58.4,30.1,45.9,58.5,27.5,28.3,49.3,36.9,52.2,47.3,31.9,39.3,7.82,6,1,2,Data Science,Machine Learning,Data Scientist
2450,47.5,34.1,64.6,33.7,25.9,18.4,22.8,34.1,33.0,34.6,31.0,45.2,47.4,35.6,35.1,46.5,49.2,48.5,62.4,23.8,25.3,54.5,23.6,46.8,31.3,44.9,58.1,7.82,1,2,3,Web Development,Full Stack,Data Scientist
2451,49.8,50.8,52.2,53.5,29.8,20.8,25.0,24.9,39.9,29.3,50.1,45.4,45.8,59.7,52.4,38.7,50.4,64.7,52.6,27.8,32.2,54.8,44.8,73.6,32.7,41.9,61.1,7.82,3,2,4,Data Science,Business,Data Scientist
2452,45.3,35.1,37.1,55.8,20.2,22.3,20.4,36.6,29.0,14.5,27.5,30.9,21.1,15.5,32.9,23.6,24.2,36.2,50.2,42.0,55.1,33.9,48.3,46.7,57.7,28.9,25.7,7.84,3,2,2,Cloud Computing,Security,Data Scientist
2453,54.8,54.4,58.5,41.0,32.8,32.8,30.6,28.3,47.1,52.0,69.5,40.9,51.1,55.7,35.7,52.9,58.6,51.2,40.3,43.4,42.5,52.7,64.3,60.5,62.0,50.5,42.8,7.84,2,1,1,Cybersecurity,Business,Data Scientist
2454,51.2,66.9,60.7,50.6,54.8,18.1,46.9,44.5,53.6,43.6,51.4,49.6,45.1,54.5,56.6,54.2,52.6,30.4,32.8,37.8,23.6,35.5,51.5,67.3,50.1,37.4,56.2,7.85,3,1,2,Web Development,Backend,Data Scientist
2455,63.9,60.8,68.3,71.7,57.7,65.8,59.1,59.7,61.2,62.2,65.2,59.2,63.7,64.7,67.6,61.2,62.1,56.7,58.2,59.4,75.8,51.0,58.0,71.2,64.8,54.3,53.9,7.86,4,3,9,Business Analytics,QA & Testing,Data Scientist
2456,48.1,64.5,58.0,67.1,71.7,63.0,58.6,59.1,73.8,51.6,66.0,67.2,70.4,48.9,56.3,58.9,58.9,52.2,50.7,63.1,66.2,56.0,73.5,73.0,84.1,65.8,72.9,7.88,7,2,5,Business Analytics,Security,Data Scientist
2457,49.6,30.0,41.2,50.0,21.3,33.1,36.3,27.8,18.1,39.4,41.7,39.3,34.9,38.2,24.2,35.5,29.3,43.2,51.7,53.2,53.7,59.2,48.0,44.1,58.2,66.8,40.1,7.89,4,1,1,Cloud Computing,Data & Analytics,Data Scientist
2458,29.9,52.1,47.2,38.4,51.8,56.2,47.1,40.8,48.2,35.9,41.5,34.3,40.9,45.1,45.1,51.9,40.5,27.1,30.6,47.5,25.0,33.1,54.0,45.4,59.5,44.4,53.0,7.9,3,1,3,Mobile Development,Business,Data Scientist
2459,51.6,49.1,52.1,69.4,41.6,34.5,47.2,46.0,48.5,49.1,61.1,52.9,41.2,33.0,40.5,33.2,46.0,42.0,53.8,58.0,42.1,37.4,30.4,30.0,48.6,35.1,60.8,7.9,3,1,1,AI/ML,Mobile,Data Scientist
2460,62.3,46.2,56.1,42.3,72.6,68.5,51.2,71.6,50.3,45.0,45.9,64.6,67.8,52.9,47.8,62.0,47.3,58.4,66.2,63.9,56.0,51.7,68.1,64.7,81.2,55.7,46.4,7.9,4,2,5,AI/ML,Security,Data Scientist
2461,35.6,28.0,24.1,38.1,31.5,19.3,38.4,32.4,40.8,50.5,49.4,36.5,34.0,30.7,60.0,35.6,42.0,54.5,50.1,46.8,48.0,53.5,42.2,32.8,52.0,39.8,47.0,7.91,5,2,2,Mobile Development,Security,Data Scientist
2462,37.1,32.9,25.7,35.4,17.8,25.1,32.1,15.4,35.7,43.6,30.5,32.7,26.5,38.7,37.4,30.6,26.1,46.3,25.3,44.5,49.9,38.6,48.2,27.4,44.7,47.0,45.1,7.92,3,0,2,Cloud Computing,Mobile,Data Scientist
2463,14.6,27.2,22.5,23.5,51.6,46.2,35.0,57.8,29.6,11.4,31.8,34.6,27.2,15.8,30.9,27.1,41.9,29.1,28.2,27.5,32.1,31.3,36.3,26.2,21.4,23.7,37.1,7.93,4,2,0,Data Science,Security,Data Scientist
2464,47.5,54.3,42.9,40.8,53.9,54.5,39.7,55.9,36.6,30.4,34.0,36.7,28.2,21.0,26.1,27.6,32.1,34.2,41.1,35.7,36.2,22.1,34.9,53.7,33.4,29.3,48.0,7.93,1,0,2,Cybersecurity,Machine Learning,Data Scientist
2465,60.9,47.0,51.7,61.9,60.2,66.6,58.1,66.3,44.6,41.5,52.2,66.2,42.7,63.2,56.1,54.5,45.4,54.1,55.0,75.3,72.4,59.2,48.7,58.9,48.5,63.1,47.7,7.93,5,2,0,Cloud Computing,Cloud & DevOps,Data Scientist
2466,39.5,35.5,35.4,44.8,39.2,42.5,36.9,47.7,39.4,29.5,31.4,48.7,28.6,51.8,46.8,33.5,48.6,36.0,33.8,39.7,40.5,46.4,50.1,41.5,34.3,52.5,47.4,7.94,6,1,5,Data Science,Mobile,Data Scientist
2467,49.9,51.1,53.0,44.8,40.1,37.7,59.2,29.2,52.9,38.6,54.4,42.6,31.2,41.8,45.6,42.4,50.0,43.3,37.5,30.1,45.4,36.7,45.3,48.3,56.0,49.6,30.7,7.94,5,0,1,Data Science,Data & Analytics,Data Scientist
2468,49.9,49.9,44.9,38.4,51.0,42.5,42.5,45.4,45.7,45.6,50.0,50.3,51.8,41.9,39.1,45.1,31.0,47.2,51.6,22.5,37.4,50.5,44.3,50.3,52.3,41.6,32.8,7.95,4,0,0,Data Science,Mobile,Data Scientist
2469,42.9,60.9,61.5,55.4,57.6,36.7,49.1,46.2,37.0,36.7,44.4,49.3,42.1,62.2,45.2,57.1,46.3,56.1,64.6,38.3,30.7,36.7,36.3,47.0,45.0,32.2,45.1,7.96,7,0,1,Data Science,Full Stack,Data Scientist
2470,50.2,75.6,47.2,52.3,44.3,34.4,55.8,33.2,49.6,44.5,66.7,77.7,49.3,64.1,62.2,58.5,55.6,69.0,63.3,69.4,77.0,53.5,54.4,52.6,82.6,65.8,47.2,7.96,4,3,3,Business Analytics,QA & Testing,Data Scientist
2471,55.3,52.1,60.4,39.0,36.9,30.3,41.0,19.0,55.9,56.7,44.4,50.6,34.9,50.0,49.6,61.2,53.4,45.0,48.8,34.8,35.4,47.5,49.4,52.8,54.8,45.7,46.3,7.96,3,2,2,AI/ML,Machine Learning,Data Scientist
2472,51.0,59.9,31.9,59.8,53.7,67.7,52.1,54.9,41.3,59.5,61.6,51.8,64.7,57.2,52.7,51.1,55.7,36.2,37.2,65.0,61.3,49.5,53.0,46.8,29.7,59.3,49.9,7.98,7,0,3,AI/ML,Mobile,Data Scientist
2473,41.7,25.9,52.4,39.9,44.9,41.0,35.3,47.9,56.0,41.8,27.6,44.3,42.4,43.0,41.2,18.2,47.3,40.3,42.4,33.5,38.7,34.2,59.5,49.6,57.3,45.2,33.7,7.99,9,1,4,AI/ML,Backend,Data Scientist
2474,51.9,41.8,67.1,43.8,44.8,63.1,51.3,62.2,55.7,46.0,46.8,57.6,72.8,57.3,39.1,48.9,54.7,70.9,70.0,55.4,58.3,60.0,64.0,68.1,52.1,52.7,49.2,7.99,4,1,3,Business Analytics,QA & Testing,Data Scientist
2475,63.9,52.8,62.7,53.2,59.6,50.4,46.5,52.0,65.5,64.3,71.2,45.7,69.3,72.0,48.0,55.5,47.6,65.1,68.5,55.2,51.1,59.0,76.7,72.4,48.6,54.7,73.4,8.0,7,1,3,Mobile Development,Machine Learning,Data Scientist
2476,54.8,44.9,53.9,54.0,65.8,67.4,52.2,62.0,41.2,52.3,38.9,47.1,60.3,36.1,29.1,34.1,52.2,63.9,50.7,73.9,72.5,63.0,45.0,56.0,49.4,27.6,46.5,8.01,5,1,2,Cloud Computing,Full Stack,Data Scientist
2477,48.7,45.4,40.5,36.8,27.5,18.4,24.0,38.1,23.2,50.6,18.8,49.2,42.8,48.8,48.0,50.6,45.6,50.3,55.3,34.7,32.9,54.5,35.2,52.2,43.9,44.6,64.3,8.02,2,1,5,AI/ML,Security,Data Scientist
2478,52.7,37.3,34.8,55.1,28.5,28.1,29.4,29.3,45.1,51.9,41.6,46.9,43.1,37.2,48.1,54.1,26.1,69.3,53.8,34.9,46.3,57.4,37.1,44.3,57.7,40.6,66.4,8.03,0,2,1,AI/ML,Business,Data Scientist
2479,62.4,48.2,56.9,50.3,36.2,36.6,38.4,39.2,67.6,54.0,58.0,53.1,48.5,52.3,61.3,48.6,50.4,55.8,65.3,46.4,47.5,56.8,56.9,71.6,68.2,43.8,59.6,8.03,3,3,3,Business Analytics,Machine Learning,Data Scientist
2480,52.2,82.4,63.4,64.4,43.1,43.0,49.2,35.9,58.8,65.3,88.7,62.4,73.5,53.9,66.2,55.9,63.4,57.0,56.1,70.7,68.7,50.1,62.8,61.1,71.4,57.3,62.1,8.04,3,2,1,Web Development,Frontend,Data Scientist
2481,48.6,48.9,55.3,60.1,56.3,71.6,53.3,64.2,51.7,73.5,68.4,49.6,45.2,59.1,54.5,55.5,54.0,55.7,39.9,65.5,69.8,65.9,64.3,47.3,46.9,65.2,61.7,8.05,8,1,3,Cybersecurity,Cloud & DevOps,Data Scientist
2482,52.6,24.9,28.6,50.0,41.1,36.8,32.4,56.0,36.2,46.6,42.9,38.7,35.8,32.7,31.3,30.4,50.4,55.3,44.4,64.0,51.8,46.5,25.4,37.4,25.4,13.6,31.5,8.05,7,0,4,Business Analytics,Machine Learning,Data Scientist
2483,53.8,57.3,67.6,55.9,45.9,59.3,51.0,50.5,41.0,54.6,60.8,55.2,49.3,60.1,59.1,60.9,57.7,71.4,62.7,41.9,51.8,59.1,52.9,56.8,37.9,61.1,49.4,8.05,14,1,4,Data Science,Backend,Data Scientist
2484,61.5,58.0,50.3,53.6,49.8,33.7,62.0,53.2,49.1,65.5,54.0,46.2,47.4,54.4,64.6,60.1,61.2,42.4,33.9,46.9,60.4,39.3,63.2,47.2,52.9,52.6,60.7,8.05,3,3,3,Cybersecurity,Backend,Data Scientist
2485,49.7,65.3,64.5,50.4,56.5,50.1,54.7,44.1,60.7,49.2,48.3,59.7,54.2,53.5,66.4,66.4,47.5,41.0,39.9,27.6,33.7,40.0,48.9,49.3,61.1,46.3,55.7,8.06,2,2,3,DevOps,Backend,Data Scientist
2486,45.0,32.1,46.1,38.1,59.2,59.5,75.9,55.3,47.6,40.3,25.1,61.6,38.1,38.5,50.2,54.5,38.1,48.0,52.4,49.9,46.1,40.1,61.5,48.7,73.6,61.1,45.4,8.08,4,0,4,Business Analytics,QA & Testing,Data Scientist
2487,50.4,56.0,60.3,61.2,67.4,74.6,72.7,64.6,42.1,49.5,60.7,57.2,47.8,61.0,62.8,64.9,51.5,58.9,52.3,59.6,49.5,54.9,53.5,67.7,46.2,34.4,67.4,8.1,5,0,8,AI/ML,Backend,Data Scientist
2488,61.8,60.4,56.1,32.9,68.7,55.2,56.5,36.1,56.1,50.3,32.5,57.2,60.3,47.1,59.4,62.0,57.0,58.1,67.4,50.3,46.5,68.5,46.0,50.1,53.4,54.6,70.0,8.1,6,0,2,AI/ML,Machine Learning,Data Scientist
2489,74.2,43.0,52.9,47.3,42.7,39.4,49.2,47.2,38.2,46.0,42.9,48.1,40.1,48.8,62.2,52.6,53.2,65.6,66.7,57.4,69.8,54.5,65.3,70.8,62.5,59.5,53.0,8.11,3,2,0,Business Analytics,Cloud & DevOps,Data Scientist
2490,48.3,36.2,40.8,39.4,38.0,33.6,54.3,33.4,17.7,29.9,31.7,30.6,44.5,35.9,34.2,24.9,35.2,61.8,55.0,52.6,49.5,51.9,38.0,32.5,33.8,34.1,37.7,8.12,4,0,0,Web Development,Machine Learning,Data Scientist
2491,57.7,39.6,38.6,58.7,39.0,47.7,43.4,42.5,42.0,59.6,52.7,69.3,52.4,60.5,42.4,50.2,41.5,63.1,77.3,64.4,50.9,58.0,52.5,52.1,60.4,36.9,60.6,8.14,7,2,3,Cloud Computing,Machine Learning,Data Scientist
2492,75.4,68.4,73.2,65.0,39.0,36.2,46.5,56.9,64.4,64.9,60.7,69.7,57.7,64.0,61.7,66.5,66.6,73.2,72.1,77.0,73.2,69.2,64.7,83.9,59.7,58.9,63.4,8.15,1,1,2,AI/ML,Machine Learning,Data Scientist
2493,56.9,48.7,67.0,53.4,38.9,35.8,37.7,38.6,32.6,35.0,48.2,40.9,44.1,43.0,48.1,51.6,57.4,55.1,70.7,54.8,49.7,63.8,62.5,56.5,49.4,64.7,48.6,8.17,2,1,5,AI/ML,Business,Data Scientist
2494,45.2,51.6,54.4,39.9,30.6,37.3,42.3,43.5,39.0,39.6,49.7,52.4,51.6,32.5,40.2,48.7,48.3,31.8,46.9,41.4,52.5,46.7,61.1,48.1,60.4,50.9,48.2,8.18,3,1,5,Mobile Development,Mobile,Data Scientist
2495,44.3,50.2,27.1,40.3,74.8,57.9,58.1,59.2,50.5,47.5,53.7,53.8,44.0,45.5,46.0,32.1,43.5,35.4,51.1,43.7,37.1,41.5,52.3,23.1,46.8,30.3,43.8,8.21,4,3,1,Data Science,Mobile,Data Scientist
2496,59.2,58.7,57.6,48.6,48.3,30.6,39.4,49.2,49.3,55.1,60.1,43.3,49.3,36.1,29.5,46.7,34.7,44.8,59.8,46.0,62.4,51.2,45.7,44.5,75.1,68.9,52.8,8.22,7,1,3,DevOps,Cloud & DevOps,Data Scientist
2497,45.2,58.2,71.2,65.4,44.2,41.7,43.5,42.1,55.9,36.4,63.3,46.6,55.0,39.8,28.5,34.0,66.9,50.1,48.6,63.8,55.4,63.7,68.7,71.4,56.0,57.6,50.0,8.23,6,3,2,Business Analytics,Data & Analytics,Data Scientist
2498,74.9,70.5,74.5,69.8,74.9,83.9,64.3,68.6,62.9,71.9,76.7,77.1,74.2,59.9,76.3,58.2,64.2,63.4,59.2,66.4,56.1,72.4,69.7,64.8,44.7,57.7,70.7,8.24,12,0,4,Web Development,Data & Analytics,Data Scientist
2499,49.6,36.3,32.6,39.1,64.1,66.7,58.4,43.0,47.3,51.2,50.3,42.7,38.0,44.0,37.0,43.1,39.4,51.0,46.6,65.0,65.8,62.0,59.0,16.1,80.7,49.4,28.3,8.25,5,3,4,Business Analytics,Machine Learning,Data Scientist
2500,33.3,41.7,39.6,49.8,52.0,60.9,50.7,53.5,50.7,41.9,45.8,43.0,31.0,28.7,35.6,30.8,32.1,34.1,18.7,47.4,38.1,38.3,13.5,26.6,16.4,23.7,56.0,8.26,3,2,2,AI/ML,Cloud & DevOps,Data Scientist
2501,48.1,49.4,51.1,36.3,56.4,66.9,56.0,49.0,57.9,39.0,42.2,46.4,53.9,36.7,32.2,24.3,26.7,47.1,52.8,40.0,36.2,56.9,57.1,56.5,54.2,52.3,61.9,8.26,4,1,3,Web Development,Full Stack,Data Scientist
2502,52.2,63.3,61.6,55.7,44.8,41.0,44.7,33.8,50.4,59.2,45.1,52.6,43.2,46.8,45.9,62.1,54.6,61.5,77.2,43.4,37.6,60.6,43.3,64.8,38.2,41.6,49.9,8.28,1,2,4,Mobile Development,Cloud & DevOps,Data Scientist
2503,52.7,69.2,69.4,78.5,54.1,41.5,45.0,46.1,64.8,64.9,58.2,38.8,50.9,34.9,45.1,55.5,69.1,48.2,58.7,63.5,57.7,66.7,60.8,60.9,67.9,78.1,53.9,8.28,6,3,4,Web Development,Data & Analytics,Data Scientist
2504,72.3,65.6,56.4,87.7,51.7,57.3,59.3,60.9,54.5,71.6,68.0,59.6,62.7,59.8,61.0,61.9,48.2,67.4,64.7,72.4,69.4,56.5,40.3,47.3,34.7,28.4,60.4,8.29,7,1,5,Business Analytics,Full Stack,Data Scientist
2505,34.5,47.1,23.9,47.2,31.8,51.7,36.2,35.0,49.7,49.7,62.9,44.4,42.3,52.6,47.4,60.6,48.2,51.3,39.5,53.0,56.2,48.9,53.0,40.2,54.4,50.5,42.4,8.3,4,3,2,Cybersecurity,Data & Analytics,Data Scientist
2506,41.2,44.9,31.5,36.5,57.1,65.6,39.2,58.3,31.5,26.4,38.7,39.7,50.0,51.0,43.0,40.2,45.5,22.9,37.3,46.6,68.1,30.0,60.2,41.3,58.0,47.6,44.6,8.3,2,1,2,Cybersecurity,Cloud & DevOps,Data Scientist
2507,59.6,63.1,50.4,62.8,39.5,36.6,66.0,57.1,69.0,74.3,74.9,48.3,64.2,49.4,71.9,64.4,48.1,71.0,60.6,64.1,62.3,64.5,58.0,64.7,43.9,40.7,57.3,8.3,2,2,4,Cybersecurity,Data & Analytics,Data Scientist
2508,54.8,44.5,37.6,56.6,54.8,63.1,55.4,64.4,64.0,32.1,42.8,44.5,52.6,54.6,43.8,40.7,45.3,58.8,76.2,47.2,35.4,47.6,47.3,48.6,61.1,59.4,33.4,8.32,4,3,2,Web Development,Full Stack,Data Scientist
2509,57.4,64.4,54.8,59.7,65.6,67.3,69.5,49.5,54.8,48.4,58.4,70.5,64.4,59.6,60.6,71.7,49.6,67.9,65.3,66.7,73.7,63.3,56.6,49.9,55.5,49.6,62.8,8.32,6,2,6,Cybersecurity,Cloud & DevOps,Data Scientist
2510,49.4,59.4,42.9,68.7,61.5,60.0,57.2,71.3,62.6,72.5,73.3,59.2,64.0,52.3,61.8,59.0,56.8,61.8,70.9,56.8,75.8,62.1,44.3,41.4,45.3,48.8,69.7,8.33,9,2,1,Cloud Computing,Mobile,Data Scientist
2511,60.8,53.5,35.7,59.8,36.2,32.8,37.8,33.0,21.5,48.1,58.7,47.7,40.6,64.6,57.6,56.1,49.0,54.6,58.3,65.2,63.2,52.5,30.0,33.5,48.5,44.4,48.6,8.37,5,3,5,Cybersecurity,Data & Analytics,Data Scientist
2512,55.2,33.4,26.2,48.7,19.7,9.9,27.8,15.0,35.6,26.1,34.8,30.1,34.1,37.7,40.6,38.4,33.0,45.8,45.4,49.2,51.8,49.5,37.7,45.9,36.7,43.7,36.0,8.39,6,3,2,Cloud Computing,Business,Data Scientist
2513,55.1,46.1,58.2,42.1,40.1,45.6,29.9,32.8,51.3,35.4,46.3,42.9,42.6,44.9,36.5,54.9,57.0,53.4,61.7,42.0,45.3,55.3,49.9,37.1,61.7,48.8,61.0,8.42,8,2,1,Data Science,Backend,Data Scientist
2514,60.8,48.6,43.1,54.0,58.4,47.7,40.6,50.9,56.3,53.2,45.9,49.0,48.8,56.6,45.4,51.1,32.8,49.9,38.6,35.5,35.2,31.7,51.0,52.6,56.0,62.1,42.9,8.42,5,2,2,Business Analytics,Backend,Data Scientist
2515,43.3,50.3,62.5,57.0,36.1,44.5,50.8,50.0,46.1,57.0,61.1,47.2,48.5,39.4,40.8,40.6,46.9,52.2,44.0,57.8,64.3,54.4,38.5,51.8,37.2,33.8,42.0,8.43,4,2,3,Data Science,Data & Analytics,Data Scientist
2516,76.2,92.0,81.0,88.5,96.9,89.8,96.9,88.4,86.5,90.3,97.1,69.6,89.2,89.6,76.1,81.4,85.8,74.5,59.4,82.7,79.1,74.9,83.3,80.0,75.5,92.5,86.3,8.44,8,2,3,AI/ML,Business,Data Scientist
2517,70.4,68.7,61.2,63.8,56.9,78.0,66.5,73.1,58.5,46.1,54.6,64.2,69.2,52.4,49.1,54.4,53.3,71.9,71.0,76.7,70.2,74.2,48.2,67.4,72.9,61.4,56.9,8.5,10,1,3,Cloud Computing,Cloud & DevOps,Data Scientist
2518,52.7,46.1,64.6,43.7,62.9,75.1,52.8,69.3,64.0,33.4,52.0,69.8,58.8,54.9,54.9,44.7,70.5,58.3,73.3,60.1,49.5,55.2,70.9,66.5,72.7,56.3,47.6,8.51,6,1,1,Data Science,Security,Data Scientist
2519,55.4,34.3,50.3,54.6,57.8,67.7,64.2,60.8,54.9,46.3,66.0,51.2,55.3,53.1,71.7,57.4,56.6,60.2,64.5,61.9,64.7,57.5,73.5,45.5,58.4,60.0,62.0,8.51,10,1,1,Cybersecurity,Frontend,Data Scientist
2520,50.0,57.8,59.1,53.7,77.8,76.6,82.1,62.1,51.6,58.9,54.9,38.7,58.4,54.0,60.5,60.2,35.3,42.2,46.4,48.6,44.1,42.5,52.0,38.1,68.1,59.7,53.8,8.52,4,1,4,Business Analytics,Frontend,Data Scientist
2521,51.6,50.6,48.2,50.1,37.6,38.4,56.2,31.8,63.9,49.6,62.0,60.2,49.0,52.1,64.9,63.1,56.6,61.6,48.8,44.3,38.5,42.5,57.3,46.7,57.3,50.8,37.7,8.52,9,1,5,Mobile Development,Data & Analytics,Data Scientist
2522,59.8,33.2,53.2,46.2,30.3,39.7,35.7,27.0,39.3,53.1,35.7,42.2,59.7,40.1,38.8,51.2,48.1,72.5,57.3,57.3,61.5,48.1,43.1,51.3,34.3,61.8,32.5,8.52,4,1,4,Data Science,Business,Data Scientist
2523,42.9,61.5,54.5,55.4,41.6,46.1,44.5,51.7,58.2,59.5,47.8,53.9,58.1,61.7,74.6,56.6,65.4,51.5,53.3,76.1,68.5,60.2,44.1,45.6,50.0,66.4,67.6,8.54,8,1,3,Cybersecurity,Security,Data Scientist
2524,53.9,34.0,40.3,50.7,31.9,21.0,34.2,35.7,30.8,35.4,57.2,34.9,34.3,23.4,18.7,27.9,33.4,53.9,64.5,43.0,54.7,35.5,36.1,53.5,42.6,55.2,58.4,8.55,2,1,1,Cybersecurity,Machine Learning,Data Scientist
2525,38.7,61.0,44.9,41.7,66.9,88.4,58.5,68.0,52.7,43.9,41.2,50.8,47.5,47.9,39.8,45.0,63.1,36.3,43.0,33.0,37.4,37.0,20.0,50.8,32.8,43.2,55.6,8.56,6,0,3,Business Analytics,Backend,Data Scientist
2526,76.9,62.9,77.7,68.4,59.4,69.1,69.3,68.7,71.7,77.6,69.5,76.9,75.6,70.0,67.5,67.8,80.7,83.5,91.6,66.5,67.8,66.6,55.6,82.7,66.5,57.5,75.0,8.58,3,3,5,DevOps,Cloud & DevOps,Data Scientist
2527,61.2,63.1,39.8,66.0,37.4,34.7,45.4,42.3,67.9,61.3,57.2,64.3,58.0,83.1,63.0,76.2,70.5,59.7,67.7,33.2,44.4,51.9,43.0,59.0,40.7,56.1,54.6,8.59,6,3,2,DevOps,Backend,Data Scientist
2528,81.1,71.9,71.9,74.3,71.6,85.8,64.8,78.0,74.3,72.7,78.2,74.8,83.3,75.0,71.6,74.0,73.0,75.8,68.1,90.6,92.4,89.6,74.9,70.7,86.7,80.2,63.9,8.59,5,3,2,Business Analytics,Backend,Data Scientist
2529,45.8,41.7,33.0,53.2,64.8,61.9,39.3,54.5,34.6,27.9,35.1,53.9,40.0,32.2,25.0,47.4,38.0,47.0,53.7,73.2,49.9,60.7,46.7,26.1,71.0,55.3,38.0,8.61,9,1,2,Web Development,Data & Analytics,Data Scientist
2530,38.2,65.8,43.1,58.2,56.5,65.3,47.4,70.9,59.7,68.9,48.1,43.0,54.6,81.5,57.4,66.7,74.9,38.9,37.6,40.1,32.7,36.9,62.7,45.7,37.9,59.1,42.6,8.62,11,0,3,Mobile Development,Backend,Data Scientist
2531,73.5,80.9,85.0,73.8,70.2,78.8,65.8,77.6,93.3,62.7,69.6,77.0,82.5,82.3,72.3,85.2,72.3,79.9,78.1,71.8,78.1,74.2,85.4,81.8,80.5,73.3,86.1,8.63,9,2,6,Mobile Development,Machine Learning,Data Scientist
2532,50.7,58.4,50.4,60.8,62.3,64.2,64.7,68.8,64.4,47.4,58.9,46.7,47.5,48.3,57.0,44.9,60.9,42.2,58.0,57.2,57.1,58.1,57.1,59.2,64.0,56.0,36.0,8.64,3,2,5,Mobile Development,Business,Data Scientist
2533,54.4,49.3,41.8,45.9,63.0,54.2,55.1,66.3,46.7,39.9,45.0,53.4,44.8,42.4,44.9,53.9,35.4,59.6,59.6,74.6,76.1,52.8,56.8,49.5,54.8,40.0,58.6,8.67,5,0,2,Mobile Development,Data & Analytics,Data Scientist
2534,28.1,35.6,21.9,41.1,30.6,22.8,15.2,18.4,33.0,42.2,35.4,38.1,17.8,32.5,22.2,27.6,33.9,38.8,35.3,42.6,58.0,48.2,36.4,16.0,18.9,30.5,29.8,8.7,2,1,1,DevOps,Mobile,Data Scientist
2535,61.3,59.0,46.1,66.9,52.4,40.3,55.2,46.2,70.1,55.6,69.3,52.9,51.0,58.3,59.4,72.4,62.6,56.0,29.4,69.0,59.0,46.4,57.6,62.6,85.3,43.6,47.1,8.7,4,2,5,Mobile Development,Data & Analytics,Data Scientist
2536,38.8,43.5,57.4,65.7,51.7,55.9,39.2,54.1,46.5,49.7,52.6,54.5,42.8,38.5,50.9,48.0,48.2,42.5,41.0,59.9,48.8,45.3,30.4,24.4,51.6,56.8,52.0,8.72,6,1,5,Data Science,Cloud & DevOps,Data Scientist
2537,66.8,56.8,68.4,60.3,67.7,61.6,66.5,80.0,79.2,57.0,51.6,65.6,58.0,54.6,60.6,53.8,55.4,61.9,73.3,40.5,51.6,61.0,55.0,70.5,37.6,56.1,34.5,8.82,2,2,1,Cloud Computing,Mobile,Data Scientist
2538,64.0,63.6,73.9,52.0,62.1,84.7,77.9,66.8,60.6,53.0,44.7,63.6,69.7,68.3,69.4,62.8,59.4,73.6,65.0,53.7,32.3,74.1,53.1,74.6,60.6,59.2,80.7,8.86,4,2,3,Data Science,Mobile,Data Scientist
2539,91.8,73.1,92.4,83.0,51.9,45.0,58.8,51.4,72.9,79.7,87.2,74.2,95.3,80.5,85.7,72.6,72.2,86.8,100.0,83.1,77.6,76.4,79.6,87.0,85.1,69.1,83.7,8.89,5,3,5,Data Science,Machine Learning,Data Scientist
2540,67.4,49.9,52.9,55.2,50.4,61.7,43.3,48.4,50.1,49.7,58.4,40.2,47.1,54.1,62.5,56.4,52.1,61.8,56.2,50.2,51.3,61.8,52.2,52.9,50.1,42.6,41.1,8.9,6,2,5,Mobile Development,Machine Learning,Data Scientist
2541,50.9,72.8,54.4,74.5,77.7,59.3,73.3,78.0,67.7,75.6,62.9,73.6,58.2,78.5,70.7,68.2,51.9,69.2,49.9,78.4,69.6,59.8,61.7,54.9,53.7,71.6,60.8,8.91,7,2,3,Cybersecurity,Cloud & DevOps,Data Scientist
2542,60.0,65.8,60.0,61.4,49.6,51.5,56.1,58.7,76.6,68.1,67.8,60.9,49.5,44.6,62.0,53.0,63.9,46.6,37.4,67.9,44.3,30.2,41.8,56.2,39.0,49.3,47.0,8.97,4,2,2,DevOps,Mobile,Data Scientist
2543,37.7,33.9,23.5,29.3,50.0,63.1,42.7,68.2,36.9,24.5,25.1,37.9,50.6,51.1,49.2,28.9,33.5,41.2,26.0,47.8,47.5,28.2,57.2,32.3,55.6,53.8,29.1,8.99,4,2,3,AI/ML,Security,Data Scientist
2544,72.7,76.2,86.1,67.0,80.2,97.5,81.6,96.9,89.4,77.5,69.0,70.8,72.1,74.8,76.3,74.9,67.0,60.2,65.4,72.6,80.8,59.1,87.9,81.5,90.6,91.9,75.3,9.0,5,3,6,Web Development,Data & Analytics,Data Scientist
2545,64.2,65.5,57.6,64.9,44.9,27.8,41.0,34.9,60.2,66.0,74.9,35.6,45.4,51.7,62.2,53.5,51.3,65.0,63.9,68.0,71.9,68.4,57.3,55.7,77.9,46.9,72.0,9.16,10,2,4,Business Analytics,Machine Learning,Data Scientist
2546,38.4,51.8,41.9,40.9,77.2,64.9,66.0,80.4,56.5,48.2,53.1,53.3,61.9,58.5,53.1,58.1,52.9,47.4,36.3,36.7,35.8,43.1,43.2,59.3,58.7,42.0,58.4,9.17,5,0,4,Web Development,Mobile,Data Scientist
2547,79.3,60.8,71.3,72.4,59.1,56.0,63.8,55.5,74.7,74.7,80.7,62.8,56.8,60.5,62.8,64.0,49.5,69.3,71.3,70.0,58.9,78.6,53.3,67.5,55.7,64.2,77.5,9.2,7,1,6,AI/ML,Business,Data Scientist
2548,65.4,65.5,56.9,51.7,61.4,61.2,59.5,54.4,65.8,60.2,69.6,65.5,66.2,58.7,61.3,64.6,72.0,63.5,56.3,68.7,65.1,70.8,81.3,57.8,68.0,59.1,73.1,9.52,9,1,3,Data Science,Mobile,Data Scientist
2549,20.1,44.2,12.9,23.6,21.7,16.2,14.8,4.3,32.6,25.3,17.5,39.8,26.9,31.4,31.2,30.6,36.4,22.3,29.8,28.5,18.3,20.5,21.0,30.5,46.1,20.4,39.6,5.5,0,1,4,Data Science,Machine Learning,DevOps Engineer
2550,21.6,22.8,15.2,24.5,26.5,6.3,26.2,20.6,14.5,12.1,8.7,16.8,17.7,9.9,19.0,12.3,11.5,29.5,36.3,0.0,0.0,10.2,9.4,18.5,5.5,8.8,0.0,5.5,3,0,1,DevOps,Machine Learning,DevOps Engineer
2551,30.3,39.4,31.2,26.0,27.4,50.1,31.3,26.6,42.1,27.5,35.4,38.6,41.3,31.2,43.6,32.8,42.4,28.6,8.7,22.4,17.6,24.1,14.3,36.8,19.9,25.6,33.1,5.5,4,0,2,Cloud Computing,Full Stack,DevOps Engineer
2552,36.8,42.8,47.8,25.5,50.1,65.1,57.9,64.1,45.2,50.3,30.5,32.5,40.0,45.1,60.2,40.5,50.3,32.2,23.8,33.7,28.7,31.6,51.4,53.4,58.0,37.7,39.4,5.5,7,2,2,Cybersecurity,Cloud & DevOps,DevOps Engineer
2553,38.3,42.8,41.3,23.9,24.4,30.2,21.0,36.9,23.2,24.6,24.9,42.7,50.5,40.0,47.1,37.5,40.9,35.0,36.2,51.8,41.9,31.2,35.5,37.3,26.5,46.8,43.0,5.5,5,1,0,AI/ML,Mobile,DevOps Engineer
2554,49.6,28.9,38.3,39.7,22.8,30.6,17.4,28.6,27.8,30.6,27.8,33.7,36.0,45.2,36.1,36.4,26.6,36.1,53.6,56.6,47.3,42.4,35.3,46.5,6.2,56.1,38.4,5.5,4,0,3,DevOps,Cloud & DevOps,DevOps Engineer
2555,43.3,30.4,33.1,41.7,51.0,42.6,48.8,37.8,49.4,45.1,32.9,39.7,41.5,42.0,54.3,54.8,47.7,46.9,47.9,35.1,31.0,32.3,65.4,57.6,62.3,59.5,32.0,5.65,7,1,4,Web Development,Security,DevOps Engineer
2556,40.0,59.8,50.6,39.7,32.6,15.9,42.7,19.1,43.9,39.9,41.0,43.4,42.9,39.8,36.5,58.5,38.0,25.8,24.1,35.5,24.5,27.5,44.4,51.9,70.6,46.2,49.6,5.68,3,1,3,Cybersecurity,Full Stack,DevOps Engineer
2557,48.8,18.2,27.0,44.9,17.5,17.2,21.9,23.0,40.2,36.2,32.4,31.8,40.2,29.3,26.6,20.6,37.3,52.6,55.6,31.9,24.4,39.0,45.9,23.4,33.1,44.4,36.5,5.68,4,1,2,Business Analytics,Mobile,DevOps Engineer
2558,47.7,40.8,53.7,24.2,33.4,26.9,33.3,41.3,31.1,41.2,42.9,36.5,39.7,36.0,55.3,41.2,48.6,52.6,47.8,27.4,25.5,37.9,24.3,49.1,23.3,19.9,44.5,5.85,6,1,3,Data Science,Mobile,DevOps Engineer
2559,36.5,32.6,9.7,33.8,25.8,19.1,28.8,16.7,33.7,39.4,43.3,34.1,40.4,36.8,30.1,27.0,32.1,35.1,54.6,34.6,23.2,30.7,28.6,38.4,10.9,16.5,27.8,5.89,3,0,3,Cybersecurity,Frontend,DevOps Engineer
2560,25.7,36.6,23.8,33.7,55.1,62.7,46.3,43.4,35.1,38.7,14.9,22.2,35.1,30.2,34.6,34.6,21.6,26.5,27.0,44.5,43.3,16.6,12.4,20.0,39.4,26.3,44.7,5.97,6,1,0,Business Analytics,Backend,DevOps Engineer
2561,28.6,23.8,12.7,13.3,28.1,14.7,15.8,12.7,17.8,24.7,13.9,24.7,15.6,27.7,34.5,21.8,24.2,30.4,8.1,35.8,27.6,26.9,35.0,29.3,17.1,21.5,16.0,6.01,1,0,2,Mobile Development,Mobile,DevOps Engineer
2562,34.5,37.8,18.3,16.7,35.4,34.3,34.0,19.4,16.6,14.9,18.3,23.8,30.7,40.5,24.0,38.2,34.7,45.4,30.2,21.4,21.8,25.4,56.5,30.1,42.3,22.0,26.5,6.04,2,2,1,Cloud Computing,QA & Testing,DevOps Engineer
2563,28.2,43.8,40.3,35.0,19.7,27.0,16.9,23.2,32.0,38.0,49.4,38.2,44.8,43.1,46.5,52.6,39.3,25.2,35.1,29.6,30.5,29.2,22.9,47.8,17.0,35.5,38.5,6.07,6,0,1,Cloud Computing,Business,DevOps Engineer
2564,32.1,36.9,32.9,29.2,52.5,55.2,29.9,47.7,33.4,34.7,46.8,34.3,32.3,34.6,24.0,16.6,25.2,24.6,42.9,40.4,29.2,54.1,46.8,42.2,43.3,33.9,19.2,6.11,2,3,1,Cybersecurity,Machine Learning,DevOps Engineer
2565,32.4,35.2,38.0,17.6,43.1,35.0,37.2,23.9,20.6,23.6,39.7,20.1,24.6,29.9,40.7,31.5,37.9,21.5,21.3,20.0,12.6,30.3,9.1,39.0,21.2,24.8,17.7,6.14,2,0,0,Data Science,Security,DevOps Engineer
2566,28.3,29.8,42.7,24.9,27.3,33.0,35.7,37.0,48.1,19.3,22.7,24.7,27.3,15.6,21.3,24.2,9.5,21.0,11.5,24.3,21.5,17.8,10.4,48.5,39.9,33.4,16.6,6.22,2,0,0,Web Development,Frontend,DevOps Engineer
2567,39.3,32.4,39.0,30.7,62.6,64.8,46.6,47.0,39.5,38.1,24.7,38.6,40.0,20.7,21.4,39.3,22.9,31.4,40.9,19.7,30.9,23.8,45.9,28.1,39.0,38.6,29.0,6.27,7,2,4,DevOps,Machine Learning,DevOps Engineer
2568,39.3,45.6,43.0,31.6,44.6,29.1,39.0,34.2,31.9,38.9,23.4,27.1,44.0,33.0,31.6,38.4,51.4,43.4,52.4,48.9,58.7,44.7,46.5,34.7,46.2,47.6,35.9,6.28,5,1,4,Cybersecurity,Mobile,DevOps Engineer
2569,26.6,33.0,48.3,17.8,23.7,37.1,46.8,34.2,32.4,47.6,31.8,34.3,33.8,37.0,30.3,32.2,33.4,30.3,29.8,28.7,34.4,39.7,39.2,51.8,42.8,42.4,37.3,6.33,6,0,5,Business Analytics,QA & Testing,DevOps Engineer
2570,27.4,40.2,24.7,54.8,58.8,50.3,47.3,46.2,41.0,48.4,53.6,36.7,22.8,44.1,43.5,47.3,35.8,42.4,36.1,53.0,49.7,38.7,33.0,26.4,35.3,50.3,29.1,6.33,6,0,1,Cloud Computing,Business,DevOps Engineer
2571,36.2,37.0,30.6,52.7,48.0,30.6,37.8,29.2,45.5,51.3,41.8,36.4,31.7,26.6,54.1,42.7,36.1,31.0,36.6,50.1,51.2,34.3,35.6,30.1,30.5,55.9,37.6,6.33,4,2,3,Web Development,Business,DevOps Engineer
2572,57.1,51.2,48.9,68.6,54.6,66.5,52.1,61.4,59.4,80.1,80.4,65.6,66.8,70.1,72.0,74.4,68.3,48.8,47.3,69.2,55.7,54.1,42.7,37.2,50.4,30.2,56.6,6.36,8,3,4,Business Analytics,Mobile,DevOps Engineer
2573,62.1,56.2,70.8,54.6,54.1,53.7,52.1,57.1,51.8,54.2,31.2,66.7,58.4,79.9,62.4,63.7,56.9,55.8,76.1,39.1,42.5,53.6,60.3,59.7,40.4,56.5,61.3,6.36,10,1,3,Mobile Development,Full Stack,DevOps Engineer
2574,52.2,36.8,50.6,54.1,28.4,33.4,36.5,23.9,35.8,54.0,51.4,50.8,49.2,57.5,44.3,51.4,51.6,56.1,68.7,49.1,53.2,48.4,34.3,47.0,44.3,39.8,45.0,6.37,3,1,1,AI/ML,Security,DevOps Engineer
2575,17.4,24.3,27.4,34.7,5.4,14.3,22.5,23.7,30.1,28.1,25.9,26.8,39.7,29.6,32.6,49.7,36.1,18.0,23.0,21.7,12.4,0.1,25.2,25.6,15.9,18.1,29.7,6.38,2,0,2,Business Analytics,Backend,DevOps Engineer
2576,27.5,32.6,43.2,24.9,45.2,59.1,65.2,65.7,51.5,45.0,33.0,41.3,41.5,30.3,31.8,45.5,36.0,28.7,18.5,35.9,41.5,19.2,40.0,41.5,38.1,34.8,38.9,6.39,5,1,6,Data Science,QA & Testing,DevOps Engineer
2577,36.8,23.7,28.8,35.8,35.1,42.9,39.6,44.7,49.9,55.8,39.6,31.4,34.5,27.4,17.9,28.3,34.4,14.2,13.8,29.0,35.5,41.6,21.1,31.9,27.8,26.1,29.9,6.39,4,0,2,Business Analytics,Cloud & DevOps,DevOps Engineer
2578,52.6,49.8,40.0,46.9,32.9,39.7,33.8,28.6,40.0,46.7,34.3,35.7,47.1,38.1,27.0,48.1,43.4,51.6,42.7,42.2,31.7,54.7,41.0,42.5,32.8,36.4,33.1,6.39,5,2,4,Cloud Computing,QA & Testing,DevOps Engineer
2579,21.3,32.9,38.0,28.0,28.3,30.8,26.1,35.4,38.2,31.3,24.7,34.8,50.0,37.5,53.5,30.2,38.4,34.0,47.9,28.1,38.3,33.0,42.2,31.7,62.6,31.4,29.4,6.41,7,2,1,Business Analytics,QA & Testing,DevOps Engineer
2580,43.7,38.7,42.6,30.1,64.2,53.9,41.5,45.7,41.7,43.8,33.8,36.5,54.5,33.1,38.4,37.7,39.9,27.8,5.3,29.6,26.3,24.9,36.8,33.5,41.2,36.7,51.3,6.41,4,2,1,AI/ML,Cloud & DevOps,DevOps Engineer
2581,39.5,40.9,35.6,31.9,22.4,25.3,22.5,17.3,42.4,29.3,32.7,27.9,41.1,36.2,37.7,40.0,38.4,20.6,28.5,38.2,25.8,26.6,24.2,24.8,25.5,26.1,20.0,6.42,6,0,3,Mobile Development,Backend,DevOps Engineer
2582,41.6,41.3,30.4,47.0,27.3,36.2,46.5,49.2,30.7,25.5,31.9,36.0,38.1,55.0,50.8,34.5,47.4,28.3,45.7,62.9,44.3,43.4,28.3,38.0,44.0,12.0,42.2,6.42,5,0,2,Cybersecurity,Machine Learning,DevOps Engineer
2583,54.3,56.1,35.4,42.1,33.1,27.8,30.0,43.8,37.1,40.4,40.5,51.5,45.3,41.6,55.0,57.0,60.7,56.1,54.8,50.8,55.8,54.5,67.7,32.5,71.4,56.2,38.7,6.42,6,2,2,Mobile Development,Mobile,DevOps Engineer
2584,30.9,28.4,46.2,43.8,15.3,19.1,16.4,19.1,9.1,16.6,29.7,23.3,28.5,25.3,35.4,12.4,13.9,44.0,35.0,55.6,33.4,42.8,11.7,30.5,31.6,41.8,30.8,6.44,2,1,1,Business Analytics,Backend,DevOps Engineer
2585,34.7,41.2,38.3,27.3,29.0,13.8,30.9,22.0,54.2,41.2,47.7,32.0,33.8,28.3,54.1,42.4,47.1,30.6,33.5,35.1,18.6,22.6,57.6,24.3,42.9,41.3,36.7,6.44,3,1,3,Business Analytics,Cloud & DevOps,DevOps Engineer
2586,42.8,57.4,50.7,54.5,64.5,57.6,61.4,58.3,63.4,42.6,61.4,63.4,53.3,66.9,53.0,51.4,61.9,53.4,59.9,42.0,51.9,51.1,59.9,51.3,67.7,64.1,56.9,6.44,6,2,7,Business Analytics,QA & Testing,DevOps Engineer
2587,50.3,45.2,37.4,42.2,30.0,42.6,42.8,28.5,31.0,27.4,43.9,50.4,23.1,20.2,26.4,31.2,38.8,38.1,46.0,56.6,68.0,46.8,52.3,52.8,72.1,37.7,55.0,6.44,7,1,4,Cybersecurity,Machine Learning,DevOps Engineer
2588,59.3,33.2,49.5,59.6,50.3,61.2,45.2,45.7,51.3,63.5,49.3,36.8,33.7,46.5,44.7,55.9,49.6,46.0,46.6,54.4,51.2,48.2,52.6,18.1,51.2,39.1,43.4,6.44,9,1,2,Mobile Development,Cloud & DevOps,DevOps Engineer
2589,30.8,42.7,28.2,57.1,50.8,56.4,52.1,59.8,42.9,49.3,37.6,35.3,35.7,37.4,35.1,30.2,25.3,28.4,30.9,73.2,46.0,29.0,43.8,45.3,43.6,39.9,46.2,6.45,6,3,2,Cloud Computing,Frontend,DevOps Engineer
2590,25.2,33.4,22.9,24.1,33.3,36.9,45.5,42.7,20.3,30.5,27.1,34.1,21.9,20.2,28.8,29.3,16.0,16.4,23.5,18.6,14.9,34.2,29.6,37.8,16.5,21.5,33.1,6.48,3,1,0,DevOps,QA & Testing,DevOps Engineer
2591,13.8,26.8,32.0,17.7,43.3,37.1,31.6,56.3,29.4,37.9,18.1,18.0,23.5,13.4,11.6,10.6,24.1,18.2,19.6,18.2,33.3,14.8,33.8,15.2,36.1,29.5,0.0,6.49,2,1,2,AI/ML,Security,DevOps Engineer
2592,38.7,43.8,36.5,44.0,12.5,30.3,29.6,33.0,45.0,51.4,49.9,39.6,36.3,17.4,26.4,27.6,31.3,31.6,30.7,44.8,33.9,32.5,36.1,51.5,13.9,32.4,30.5,6.51,7,0,2,AI/ML,Backend,DevOps Engineer
2593,40.3,33.5,7.6,31.9,37.4,25.7,26.0,38.4,33.0,37.1,39.8,40.3,45.6,33.4,46.9,49.8,19.0,53.9,51.2,37.5,44.1,59.1,22.2,38.2,29.8,53.4,56.4,6.51,6,2,0,Cloud Computing,Machine Learning,DevOps Engineer
2594,60.0,48.6,62.0,68.3,54.3,57.7,56.2,59.4,59.6,55.2,74.5,53.6,50.9,45.0,48.3,44.9,66.4,62.9,71.4,64.6,54.6,55.3,43.7,63.9,38.5,51.2,50.8,6.53,6,1,3,Business Analytics,Frontend,DevOps Engineer
2595,39.6,49.1,26.4,41.8,32.4,20.2,31.0,54.6,38.3,47.2,33.5,18.8,28.6,36.0,34.9,33.2,25.5,52.6,44.9,47.8,48.0,42.5,40.3,29.9,65.2,55.1,43.6,6.55,4,0,1,Mobile Development,Data & Analytics,DevOps Engineer
2596,26.7,21.9,35.2,32.5,25.4,30.3,34.4,23.5,29.1,28.6,29.8,22.9,25.6,48.3,47.4,45.9,44.4,16.1,17.6,16.7,5.5,15.0,19.7,16.0,17.3,26.8,23.5,6.57,5,1,0,DevOps,Business,DevOps Engineer
2597,32.4,17.7,25.3,36.5,34.7,24.6,14.4,20.0,21.3,14.4,13.5,20.1,20.5,18.8,33.4,30.2,36.4,23.0,27.8,10.8,13.5,25.9,0.4,27.9,12.2,22.3,18.5,6.57,3,0,3,Mobile Development,Business,DevOps Engineer
2598,51.0,45.3,47.2,43.9,48.9,45.2,37.6,41.4,40.1,47.9,48.1,47.5,48.5,38.1,34.1,38.6,48.4,57.9,56.0,32.1,45.6,42.4,48.3,39.5,63.5,56.1,58.3,6.57,10,0,3,AI/ML,Frontend,DevOps Engineer
2599,51.5,50.2,56.0,50.3,45.3,23.2,50.3,32.9,46.6,58.6,53.1,50.3,39.9,56.8,50.2,57.5,50.5,40.2,50.0,65.8,39.9,52.6,51.8,49.4,30.1,36.6,53.0,6.58,5,1,6,DevOps,Frontend,DevOps Engineer
2600,38.1,37.2,55.1,28.5,32.2,38.6,58.8,43.4,42.2,27.1,23.2,50.0,45.0,33.7,40.7,44.1,46.4,39.8,36.1,34.9,30.8,35.8,34.5,42.5,60.3,47.7,49.6,6.59,5,1,2,Cloud Computing,Cloud & DevOps,DevOps Engineer
2601,43.4,50.8,38.5,41.6,61.9,79.7,64.9,69.5,50.4,51.8,51.0,40.1,28.5,55.8,48.3,46.5,43.5,22.2,25.7,47.5,35.9,30.6,34.8,42.9,30.8,42.2,17.8,6.59,5,1,4,Cybersecurity,Mobile,DevOps Engineer
2602,25.3,24.7,17.5,33.7,33.2,27.5,22.2,21.4,29.2,27.5,29.6,29.6,24.2,33.1,26.4,40.2,40.3,31.8,26.6,26.5,28.1,24.1,21.7,26.2,24.8,37.8,33.6,6.6,3,0,1,Data Science,Frontend,DevOps Engineer
2603,49.4,34.6,34.2,42.7,17.9,17.3,19.0,21.3,35.8,39.3,38.7,23.6,21.9,33.9,25.2,20.0,24.2,33.2,37.6,49.0,52.4,42.5,47.9,45.3,42.2,33.3,37.8,6.62,2,0,2,Cloud Computing,Backend,DevOps Engineer
2604,45.2,52.6,47.0,36.0,38.2,36.3,53.7,43.8,47.0,46.5,44.2,39.5,35.9,38.4,25.8,34.4,55.2,51.6,33.9,36.3,26.5,40.4,43.0,40.9,20.6,29.5,43.4,6.64,8,1,4,Mobile Development,Cloud & DevOps,DevOps Engineer
2605,56.5,65.8,64.8,60.9,62.1,81.7,62.3,77.0,68.3,56.3,70.6,67.4,62.5,72.7,63.3,83.4,52.8,53.1,58.7,47.1,52.8,63.9,34.2,61.7,31.3,48.7,60.4,6.64,9,2,1,Cybersecurity,Data & Analytics,DevOps Engineer
2606,65.8,39.6,46.1,52.4,51.0,60.3,57.3,52.0,46.4,63.1,43.7,57.8,56.0,55.4,57.3,56.8,54.8,62.3,63.1,80.1,62.5,67.4,60.4,53.3,53.9,55.5,48.8,6.66,6,2,6,Mobile Development,Mobile,DevOps Engineer
2607,45.6,45.9,32.5,50.0,59.4,67.2,56.5,52.3,37.2,29.3,38.4,38.2,42.1,23.8,40.9,36.4,42.8,38.1,49.0,68.5,60.1,39.2,39.4,34.6,38.3,53.6,39.6,6.68,3,1,3,Business Analytics,Backend,DevOps Engineer
2608,18.6,38.2,24.7,36.6,44.5,45.6,39.0,37.6,36.6,45.4,53.0,48.0,43.5,38.5,52.9,30.2,37.0,47.0,43.6,61.2,52.1,33.7,50.3,53.6,65.7,41.3,38.6,6.69,7,3,2,Business Analytics,Machine Learning,DevOps Engineer
2609,65.2,54.1,52.4,37.6,39.0,44.3,44.6,54.4,53.0,50.1,50.5,43.4,48.6,34.5,27.0,42.4,23.3,56.3,61.2,44.8,43.9,62.1,40.2,58.1,46.1,43.2,57.2,6.69,4,2,1,AI/ML,Mobile,DevOps Engineer
2610,58.1,50.4,36.8,41.1,53.6,38.9,35.3,32.8,35.9,27.8,45.3,40.6,49.1,49.7,44.0,40.5,40.5,39.5,54.6,44.6,40.2,56.4,52.7,34.3,57.1,51.5,31.8,6.71,5,2,5,Business Analytics,Frontend,DevOps Engineer
2611,52.7,30.3,52.3,50.1,39.9,46.0,46.0,37.7,47.0,54.7,46.2,40.8,45.0,52.4,37.8,49.5,43.1,55.7,51.3,45.9,58.8,43.8,44.8,64.2,45.4,29.5,38.4,6.72,5,2,2,Cloud Computing,Backend,DevOps Engineer
2612,28.9,36.5,32.3,31.0,57.0,73.5,46.6,50.3,32.3,26.3,39.8,42.7,35.1,46.4,39.0,54.0,41.3,24.5,22.3,51.1,42.2,33.8,41.5,34.0,43.2,34.4,40.7,6.73,3,2,1,Business Analytics,Mobile,DevOps Engineer
2613,31.9,43.6,15.7,23.6,30.6,17.2,31.3,32.8,25.1,34.6,23.8,40.4,33.4,31.6,27.4,39.8,45.9,19.3,20.7,26.6,47.5,10.9,63.3,23.5,55.5,46.3,29.4,6.73,6,3,3,Cybersecurity,QA & Testing,DevOps Engineer
2614,46.8,41.3,47.8,25.1,61.1,56.0,61.0,46.3,61.6,57.1,48.8,41.2,54.9,57.1,50.4,56.7,72.3,17.2,27.0,32.4,27.4,26.7,32.2,30.9,27.4,34.6,35.6,6.74,4,1,5,Mobile Development,Business,DevOps Engineer
2615,52.6,44.2,51.6,53.0,57.3,44.4,53.8,40.2,37.3,49.6,39.0,42.6,55.7,51.4,56.1,50.2,45.0,60.1,45.3,59.6,35.7,46.9,46.3,45.3,38.8,56.0,49.0,6.74,3,1,4,Data Science,QA & Testing,DevOps Engineer
2616,18.4,22.7,12.7,10.4,53.7,52.4,42.4,47.4,24.7,28.1,23.1,25.1,30.2,26.1,30.4,35.2,25.6,23.5,19.7,26.5,27.5,8.7,37.4,21.2,48.3,37.8,16.7,6.75,2,0,2,Cloud Computing,Full Stack,DevOps Engineer
2617,36.7,27.9,43.6,44.3,34.7,18.9,35.5,39.0,42.3,44.6,43.5,34.4,29.3,31.7,35.8,41.9,33.0,20.3,29.5,21.9,29.7,20.8,36.1,29.6,18.8,41.3,28.5,6.75,5,1,5,Web Development,Frontend,DevOps Engineer
2618,38.8,57.6,51.6,48.9,50.3,57.3,47.4,40.3,53.6,50.3,51.9,52.9,51.2,48.5,54.4,40.9,50.3,63.0,37.2,51.6,67.4,49.0,43.5,40.5,52.8,54.4,47.3,6.77,1,2,2,Cloud Computing,Backend,DevOps Engineer
2619,43.1,63.1,48.3,55.2,64.6,70.3,46.5,51.0,74.5,53.5,41.1,58.6,62.6,65.4,69.8,70.6,66.9,55.0,46.9,37.7,44.6,46.8,52.9,52.2,66.3,57.5,47.2,6.77,6,2,3,Cloud Computing,Full Stack,DevOps Engineer
2620,42.3,36.6,38.4,27.2,38.2,17.3,36.5,16.5,34.3,32.9,42.9,41.7,34.1,30.0,45.1,29.5,19.8,15.8,15.1,38.5,53.3,17.3,36.4,39.7,57.4,34.0,43.8,6.78,5,1,4,Mobile Development,Frontend,DevOps Engineer
2621,56.1,61.9,50.5,65.8,43.8,58.8,51.7,36.1,77.5,80.1,82.4,57.1,50.4,64.3,70.0,54.9,51.7,52.1,56.3,78.6,65.2,46.9,58.0,57.2,65.8,82.1,53.7,6.8,7,1,4,Cloud Computing,Data & Analytics,DevOps Engineer
2622,23.2,20.8,29.2,14.6,38.0,40.7,32.8,36.8,33.7,17.3,9.7,31.1,42.2,24.3,19.4,24.3,11.9,25.4,28.0,17.5,12.5,38.0,22.6,15.1,35.0,40.9,21.1,6.81,3,1,3,Data Science,Frontend,DevOps Engineer
2623,37.8,55.8,50.4,53.6,32.3,9.8,42.8,33.3,34.1,44.1,51.4,42.1,42.2,53.8,45.0,43.9,39.3,45.3,55.2,31.6,40.6,49.6,50.6,39.0,15.5,42.0,46.1,6.82,7,2,2,Web Development,Machine Learning,DevOps Engineer
2624,35.0,52.0,37.9,37.6,41.7,34.9,34.9,36.7,46.2,34.6,38.0,49.9,38.0,65.4,56.0,56.5,60.7,38.5,25.7,42.1,47.3,44.5,40.1,34.7,38.6,48.4,42.0,6.83,6,0,3,Data Science,Business,DevOps Engineer
2625,32.2,33.8,43.2,38.5,37.3,35.3,28.0,34.0,31.3,25.0,30.8,36.8,30.0,29.9,30.5,26.9,26.4,55.7,60.2,42.4,51.1,48.4,20.0,33.6,31.4,35.7,51.3,6.86,4,0,1,Business Analytics,Full Stack,DevOps Engineer
2626,43.5,42.4,29.1,42.8,59.5,70.2,59.6,53.0,51.2,44.9,40.5,38.2,35.4,44.7,44.1,35.7,30.3,49.8,38.3,65.7,60.9,46.3,47.5,21.0,60.1,58.1,50.3,6.86,9,1,2,Cybersecurity,Full Stack,DevOps Engineer
2627,46.3,46.9,36.4,32.4,36.7,41.9,33.9,28.3,38.2,33.1,35.2,45.9,40.8,40.0,44.6,56.5,61.4,29.2,28.1,21.7,29.4,40.8,25.7,41.6,30.9,29.6,38.8,6.86,7,0,1,DevOps,Cloud & DevOps,DevOps Engineer
2628,47.0,35.2,38.4,43.3,35.0,44.9,33.1,48.2,25.2,34.9,35.6,40.3,27.5,33.0,22.3,22.2,33.1,52.1,38.0,35.5,39.3,42.8,50.5,41.5,26.8,33.3,52.9,6.86,2,0,2,Data Science,Business,DevOps Engineer
2629,51.5,64.7,58.6,57.3,56.2,64.3,59.0,56.5,60.4,48.5,55.3,68.3,51.2,68.3,55.2,64.3,71.6,58.1,44.3,46.0,29.0,51.9,47.4,63.1,61.6,56.3,59.2,6.87,5,2,5,Web Development,Machine Learning,DevOps Engineer
2630,36.5,50.9,39.2,40.4,41.1,32.7,42.1,36.9,47.0,39.0,42.5,46.2,39.1,51.9,46.2,51.7,43.8,29.3,43.3,27.0,32.4,34.5,34.6,36.2,48.3,45.6,36.4,6.88,5,1,4,Cybersecurity,QA & Testing,DevOps Engineer
2631,55.3,47.4,45.9,45.0,24.7,19.4,40.6,19.3,43.8,52.6,47.8,55.1,50.3,52.6,48.8,44.3,50.8,42.1,54.4,49.4,48.5,45.2,30.6,48.9,16.8,32.4,54.8,6.88,5,1,3,Cybersecurity,Backend,DevOps Engineer
2632,57.8,52.2,41.0,57.1,49.9,46.3,62.3,56.0,46.5,68.9,53.5,64.4,66.2,61.5,68.8,62.1,42.9,56.6,49.2,77.0,59.3,52.5,44.8,57.8,36.7,42.0,69.1,6.88,2,1,6,AI/ML,Backend,DevOps Engineer
2633,45.0,37.8,49.6,49.1,39.6,39.9,48.0,42.9,46.0,47.6,44.5,48.5,50.7,56.0,30.9,51.1,40.6,44.6,30.3,45.6,36.4,35.7,45.8,45.8,47.4,45.2,46.8,6.89,4,2,0,Business Analytics,Security,DevOps Engineer
2634,53.9,38.7,51.5,54.5,24.7,30.3,33.9,32.3,41.7,42.2,55.3,42.8,41.6,48.3,19.8,38.9,36.2,44.1,48.9,29.1,26.7,46.6,38.0,32.2,18.2,18.4,43.5,6.89,5,1,1,Data Science,Backend,DevOps Engineer
2635,56.6,55.3,58.1,51.2,45.0,39.6,45.1,39.3,50.3,44.3,41.2,63.1,50.5,61.3,68.8,55.4,55.1,62.7,75.1,37.7,34.6,54.3,47.9,48.7,32.4,40.8,74.1,6.89,6,2,4,DevOps,Machine Learning,DevOps Engineer
2636,26.7,43.1,42.5,30.4,28.8,15.4,35.5,34.4,50.6,36.1,53.9,20.8,37.1,44.8,56.9,26.0,46.3,29.4,19.4,15.0,23.9,29.6,26.5,35.4,37.0,29.3,28.1,6.9,8,1,1,Cloud Computing,QA & Testing,DevOps Engineer
2637,28.8,48.7,36.4,46.5,47.4,28.8,24.2,26.9,58.9,57.8,35.0,31.0,36.7,42.7,30.0,44.2,17.3,25.1,15.4,26.7,20.4,25.0,45.3,35.4,51.3,43.2,33.4,6.9,7,1,2,Mobile Development,Security,DevOps Engineer
2638,43.3,31.8,24.1,53.2,64.5,54.0,59.6,65.9,67.9,50.6,54.3,37.1,47.2,45.7,56.7,51.3,35.7,38.5,46.2,68.6,68.8,40.2,51.2,48.3,40.4,59.9,35.5,6.9,2,0,0,Web Development,Data & Analytics,DevOps Engineer
2639,59.7,41.3,29.5,46.4,36.5,38.6,28.4,34.6,34.4,31.8,31.8,43.1,41.0,30.5,43.2,40.5,36.4,47.3,38.9,49.5,52.4,37.3,51.5,35.9,55.5,31.2,33.0,6.9,2,0,1,Data Science,QA & Testing,DevOps Engineer
2640,53.1,39.6,37.5,51.7,49.8,50.5,39.3,37.9,61.1,47.1,41.2,41.2,44.1,36.1,44.4,40.3,43.4,42.0,50.4,43.9,32.2,36.6,37.8,45.0,60.0,53.2,50.6,6.91,6,1,4,Mobile Development,Business,DevOps Engineer
2641,38.0,25.0,30.7,29.2,36.0,41.3,18.7,27.4,26.2,16.8,24.5,16.3,33.5,21.7,26.1,22.6,28.0,25.3,25.4,18.1,37.3,33.3,49.3,35.9,37.4,30.9,31.4,6.92,3,0,4,Mobile Development,Backend,DevOps Engineer
2642,46.4,36.3,52.1,34.6,59.1,54.7,47.1,56.9,39.6,27.3,41.6,45.9,45.4,46.4,42.3,40.8,42.2,36.2,43.0,32.3,25.1,33.4,48.7,47.7,52.9,57.5,45.5,6.92,6,1,4,Web Development,Full Stack,DevOps Engineer
2643,24.9,13.8,20.1,27.1,35.1,34.9,33.5,29.2,27.5,28.4,25.2,22.1,31.3,40.4,29.7,25.5,25.7,23.3,37.0,36.7,28.8,34.4,37.2,32.3,46.0,24.9,14.5,6.93,8,1,2,Mobile Development,Cloud & DevOps,DevOps Engineer
2644,37.6,28.4,33.7,35.1,25.3,18.5,12.7,16.3,26.3,26.4,38.2,46.0,35.4,26.9,39.2,26.6,11.9,19.9,10.7,25.4,28.8,19.7,25.6,25.8,32.0,24.5,45.7,6.93,3,0,1,Mobile Development,QA & Testing,DevOps Engineer
2645,42.4,37.0,48.0,51.0,33.4,28.9,26.8,27.6,31.4,50.1,52.4,48.0,37.0,50.1,71.0,52.5,40.2,48.0,62.7,56.5,50.7,56.8,45.8,54.6,54.4,56.6,52.3,6.93,8,0,1,Cybersecurity,Machine Learning,DevOps Engineer
2646,35.6,51.4,28.3,52.8,54.9,65.0,54.3,56.0,59.0,63.2,58.0,50.7,40.0,30.8,55.7,35.5,33.5,44.1,41.1,50.0,58.7,47.3,55.0,42.7,47.4,45.3,47.6,6.94,3,2,1,Cybersecurity,QA & Testing,DevOps Engineer
2647,39.9,54.0,36.0,27.9,31.5,26.3,34.2,23.8,34.7,47.3,46.5,35.0,48.3,45.8,42.9,35.9,28.3,22.5,26.4,42.4,30.3,28.3,36.8,38.7,48.1,33.9,45.5,6.94,4,2,2,DevOps,Business,DevOps Engineer
2648,50.5,40.1,56.2,49.0,51.0,49.0,49.3,41.1,62.6,39.5,41.7,30.5,55.2,46.7,42.7,46.6,53.8,50.0,48.1,45.2,35.0,45.8,36.6,57.1,50.6,47.7,24.0,6.94,6,1,4,Data Science,Security,DevOps Engineer
2649,47.3,45.9,65.4,44.7,35.0,23.7,39.9,28.0,49.8,52.9,74.0,40.2,47.0,75.6,64.4,47.6,62.6,48.7,36.0,69.8,76.9,42.2,49.8,48.4,58.8,57.4,57.6,6.95,5,3,2,Business Analytics,Data & Analytics,DevOps Engineer
2650,38.5,32.2,32.6,56.5,23.7,36.8,20.7,18.3,18.7,42.9,46.9,38.0,30.8,38.4,28.3,43.2,30.9,44.9,35.8,55.9,60.4,30.7,43.4,30.7,39.3,41.6,43.3,6.96,1,1,3,Cybersecurity,QA & Testing,DevOps Engineer
2651,53.3,54.5,56.2,51.1,36.0,14.2,37.0,38.3,58.2,55.2,38.1,45.0,38.8,50.1,50.7,54.7,53.2,39.0,42.9,46.6,29.9,40.3,45.0,71.1,47.2,44.5,62.8,6.96,6,3,6,AI/ML,Cloud & DevOps,DevOps Engineer
2652,59.3,61.8,56.5,61.2,55.1,62.8,70.7,63.8,53.4,61.1,59.4,58.9,55.0,55.2,37.5,54.3,52.0,59.5,54.3,61.8,63.7,58.0,50.6,58.9,54.0,51.9,55.4,6.96,7,2,2,Data Science,Frontend,DevOps Engineer
2653,57.9,43.5,65.2,51.1,53.9,56.7,45.1,71.7,52.6,57.4,62.0,48.3,57.7,28.9,43.0,37.8,50.8,38.5,48.6,58.8,43.6,35.7,38.2,63.2,50.7,47.6,70.0,6.97,7,1,2,Data Science,Mobile,DevOps Engineer
2654,56.5,52.0,47.6,48.4,80.0,72.3,64.8,78.6,55.0,54.1,39.1,60.1,61.0,48.2,55.7,37.7,60.1,57.9,71.7,52.9,66.5,61.2,47.1,35.5,79.0,59.4,61.2,6.99,5,3,3,Mobile Development,Data & Analytics,DevOps Engineer
2655,39.1,33.3,40.8,28.8,31.9,17.2,25.1,32.4,34.4,33.8,10.6,43.8,34.5,30.8,36.7,27.4,40.3,31.6,31.9,41.2,27.8,40.9,20.9,38.8,21.5,31.3,45.2,7.0,3,1,4,Cybersecurity,Business,DevOps Engineer
2656,42.9,45.3,51.6,46.3,54.4,59.5,56.5,55.8,54.9,45.8,53.4,50.0,56.9,48.6,44.8,48.5,43.6,43.7,50.8,64.6,69.1,59.3,66.2,54.4,52.8,54.6,50.7,7.05,3,3,5,Business Analytics,Mobile,DevOps Engineer
2657,43.9,50.6,42.3,42.3,29.8,25.0,43.9,29.6,47.8,60.1,51.8,47.0,39.9,43.1,37.1,49.4,38.8,40.3,30.8,43.1,49.6,31.3,23.9,55.2,36.9,31.4,39.6,7.06,3,1,3,Cybersecurity,Backend,DevOps Engineer
2658,33.8,23.7,39.3,22.3,22.0,22.1,15.1,23.2,28.0,28.8,41.1,13.0,21.9,45.0,41.0,35.3,35.8,23.6,41.9,47.3,33.7,55.1,22.8,10.2,22.1,14.2,39.9,7.07,1,1,3,DevOps,Security,DevOps Engineer
2659,41.3,60.5,58.4,45.1,60.8,35.9,45.4,43.9,41.4,39.1,48.5,58.3,47.2,48.2,41.8,63.8,45.9,31.2,38.0,30.1,32.2,43.9,42.9,55.8,41.6,57.6,49.3,7.07,4,0,2,Mobile Development,Security,DevOps Engineer
2660,45.1,55.5,36.0,22.1,52.7,52.6,48.5,53.9,41.9,25.3,29.7,38.4,43.0,36.2,45.6,43.7,55.8,34.5,37.5,28.1,12.7,21.9,38.9,47.5,39.8,35.7,42.9,7.07,4,0,1,Business Analytics,Frontend,DevOps Engineer
2661,19.5,43.0,17.4,36.7,26.4,25.7,44.9,43.1,29.7,28.4,14.4,27.7,34.2,5.6,14.9,21.7,9.5,36.4,22.5,22.0,37.2,38.8,33.7,40.1,5.9,23.0,36.9,7.08,4,1,0,AI/ML,Backend,DevOps Engineer
2662,49.8,55.3,69.7,56.9,29.5,46.6,55.7,53.8,45.1,35.2,57.3,38.6,52.4,49.8,33.5,40.0,44.0,48.8,51.1,44.0,55.9,48.8,51.3,59.3,62.7,66.5,43.2,7.08,10,1,3,Cybersecurity,QA & Testing,DevOps Engineer
2663,50.8,34.8,29.4,27.0,29.8,24.2,22.9,24.9,24.5,18.8,21.2,33.3,17.1,30.7,30.0,41.4,27.9,52.5,57.8,31.8,34.0,58.9,26.1,33.9,13.9,41.5,25.9,7.08,1,1,0,DevOps,Frontend,DevOps Engineer
2664,60.3,60.0,78.7,50.5,71.7,69.0,57.8,57.4,47.4,59.4,55.9,53.4,45.2,48.5,44.3,42.5,47.1,59.4,66.0,53.7,47.7,62.4,71.1,64.9,64.0,59.5,55.8,7.08,8,0,5,Business Analytics,Frontend,DevOps Engineer
2665,30.1,46.1,42.5,25.4,60.5,35.7,56.7,46.2,48.5,36.8,20.9,47.2,38.0,38.4,41.9,46.1,35.7,21.4,30.1,28.9,37.8,31.2,59.4,38.5,49.1,62.5,38.9,7.09,2,0,2,Cloud Computing,Machine Learning,DevOps Engineer
2666,34.3,53.7,38.3,38.5,55.0,41.1,49.9,55.9,67.2,46.9,44.2,46.5,29.3,52.8,36.3,41.4,42.9,33.2,24.3,45.6,17.2,22.1,41.8,32.0,60.9,33.2,50.3,7.09,2,1,2,Web Development,Data & Analytics,DevOps Engineer
2667,42.5,33.2,26.9,29.8,40.3,40.4,41.4,42.8,36.3,41.7,36.2,36.2,41.3,51.9,39.3,31.7,36.2,36.9,46.9,37.5,42.5,46.8,44.4,35.6,37.2,41.7,30.2,7.09,5,2,2,AI/ML,Cloud & DevOps,DevOps Engineer
2668,58.1,61.8,61.4,38.6,39.9,43.1,48.3,56.3,48.4,55.0,42.2,49.8,53.4,39.1,51.8,48.9,45.3,68.6,57.3,50.3,42.9,63.0,73.1,59.5,65.1,50.0,65.0,7.09,5,2,1,Data Science,Mobile,DevOps Engineer
2669,72.1,60.4,64.8,60.5,64.1,73.8,57.8,69.0,73.0,72.1,66.8,62.9,72.4,65.6,68.8,60.7,68.7,65.9,65.4,62.6,73.3,70.7,61.0,77.9,84.9,72.2,75.3,7.09,3,2,3,AI/ML,Mobile,DevOps Engineer
2670,74.0,49.9,37.3,67.2,29.2,20.3,34.4,28.8,58.2,55.8,68.0,55.6,48.3,55.2,61.9,61.6,61.8,62.1,65.7,63.0,57.5,54.6,47.2,56.1,60.7,61.3,45.4,7.09,5,2,2,Data Science,Machine Learning,DevOps Engineer
2671,34.9,25.5,32.0,21.4,46.4,48.0,38.6,25.2,25.9,38.7,26.1,30.0,24.1,39.1,31.1,24.9,29.8,39.3,40.5,30.9,11.9,34.2,29.1,26.0,33.7,35.0,36.9,7.1,9,0,2,Cybersecurity,Full Stack,DevOps Engineer
2672,32.5,23.0,34.8,20.6,33.7,28.6,34.4,37.1,39.9,41.6,30.3,23.9,26.1,30.8,43.1,20.9,31.7,23.6,30.9,20.7,20.9,27.4,38.1,40.7,35.2,29.7,21.5,7.11,2,1,0,Web Development,Security,DevOps Engineer
2673,57.3,54.0,54.7,64.9,44.8,38.6,42.9,41.8,57.8,71.4,66.4,41.2,50.0,61.3,64.7,61.8,57.4,62.8,42.3,41.0,61.6,44.3,67.0,48.0,65.0,59.9,36.8,7.11,2,0,4,Data Science,Data & Analytics,DevOps Engineer
2674,30.0,36.2,34.6,15.6,16.2,29.4,15.7,24.8,18.6,18.2,19.0,31.5,33.9,46.2,31.2,37.6,32.5,48.1,43.1,29.1,35.0,51.3,38.9,24.5,48.7,40.9,39.3,7.12,1,1,3,Cloud Computing,Cloud & DevOps,DevOps Engineer
2675,38.6,26.5,40.1,35.3,23.7,28.7,30.7,25.9,31.0,22.9,35.7,26.7,23.7,31.6,29.5,22.2,22.2,62.6,57.3,35.2,53.0,49.3,27.8,24.5,41.6,23.3,44.2,7.12,5,2,0,Mobile Development,Machine Learning,DevOps Engineer
2676,42.3,28.5,39.8,45.5,19.1,27.0,36.6,30.0,30.5,35.2,31.5,30.8,35.3,54.7,57.9,51.1,41.3,47.4,54.0,37.0,38.8,45.9,63.9,35.4,39.3,34.7,34.3,7.12,3,1,1,DevOps,Full Stack,DevOps Engineer
2677,41.4,46.0,50.7,25.2,32.1,33.7,22.7,32.4,44.5,35.0,30.9,31.6,32.4,35.9,44.2,43.1,35.4,42.5,48.3,37.6,16.4,47.7,22.7,52.1,23.8,18.1,58.2,7.14,3,0,3,DevOps,Backend,DevOps Engineer
2678,44.3,27.3,32.3,39.5,13.0,11.5,18.4,10.6,31.8,33.0,38.8,38.3,31.6,49.6,43.1,35.6,33.5,30.5,29.8,26.6,8.2,46.1,38.1,47.8,15.1,29.7,36.0,7.14,8,0,1,Data Science,Full Stack,DevOps Engineer
2679,65.1,49.9,55.3,61.0,46.2,48.1,63.8,50.5,51.2,46.9,61.0,53.4,50.8,54.4,68.4,61.8,67.7,64.5,57.4,51.5,68.1,63.6,49.0,59.5,60.3,46.9,57.5,7.14,7,1,3,Mobile Development,Machine Learning,DevOps Engineer
2680,48.1,62.1,70.7,49.1,52.7,49.8,37.1,53.4,46.7,50.4,47.0,38.4,53.2,37.6,26.7,47.3,50.1,51.6,49.3,43.2,43.4,52.3,61.2,43.7,45.6,49.9,52.0,7.15,6,1,2,Mobile Development,Backend,DevOps Engineer
2681,39.5,36.4,40.0,42.9,53.4,58.4,56.6,56.0,52.5,32.9,27.0,47.9,49.3,33.9,49.4,54.7,35.5,59.5,37.5,41.8,24.1,54.6,25.4,42.6,25.0,35.8,58.8,7.16,7,1,4,DevOps,Frontend,DevOps Engineer
2682,48.7,52.3,55.7,36.2,45.5,39.8,35.2,41.7,36.5,52.5,40.8,57.7,53.4,54.8,56.3,44.4,53.3,44.9,41.7,39.8,34.5,56.4,64.2,67.7,67.0,56.1,49.6,7.16,7,1,1,DevOps,Security,DevOps Engineer
2683,36.7,33.4,33.1,44.9,56.7,64.5,65.0,55.8,43.3,36.1,36.6,34.8,29.7,52.2,44.3,40.9,42.3,60.5,48.8,51.0,54.1,58.9,32.3,37.4,40.1,38.0,49.6,7.17,4,1,1,Business Analytics,Business,DevOps Engineer
2684,42.3,64.1,38.9,35.9,50.6,40.0,58.8,49.7,69.3,46.9,55.7,70.7,58.0,65.5,68.1,59.7,61.9,28.3,37.1,54.2,41.4,23.5,44.9,51.6,53.6,51.1,37.9,7.17,5,3,7,AI/ML,Backend,DevOps Engineer
2685,48.3,38.9,51.8,39.7,18.7,23.5,23.8,23.0,38.4,38.2,42.1,39.4,37.0,34.1,30.5,32.4,31.7,51.5,61.6,35.8,44.8,40.3,35.2,39.7,42.4,29.8,46.0,7.17,5,1,4,Mobile Development,QA & Testing,DevOps Engineer
2686,58.8,55.2,61.3,60.9,32.4,29.5,38.0,45.6,62.9,63.6,67.7,65.1,54.9,69.9,59.0,66.1,58.5,58.6,62.4,54.2,63.6,57.0,64.2,78.3,52.3,48.3,45.3,7.18,9,2,3,DevOps,Security,DevOps Engineer
2687,48.9,38.6,27.0,47.0,31.8,40.6,24.4,26.9,29.9,34.4,31.0,39.6,43.7,36.8,26.8,32.4,29.2,35.7,34.5,57.8,62.5,44.8,20.9,40.8,24.3,27.2,37.3,7.19,4,2,4,Cloud Computing,Security,DevOps Engineer
2688,36.7,68.9,66.4,40.1,53.2,45.8,53.0,50.8,59.4,47.7,37.4,53.5,52.5,59.6,67.0,67.9,62.1,33.5,43.7,33.1,27.3,39.7,54.5,63.0,54.0,64.0,54.3,7.2,2,2,0,Cybersecurity,Backend,DevOps Engineer
2689,33.0,39.4,36.1,44.0,44.8,34.7,47.0,47.7,31.3,48.8,44.9,50.8,49.2,59.0,54.5,54.8,42.1,52.5,61.1,49.3,55.8,56.7,65.2,34.6,62.6,51.1,54.4,7.21,8,3,2,Cloud Computing,Cloud & DevOps,DevOps Engineer
2690,40.9,38.5,25.4,54.0,45.3,49.0,59.1,56.0,42.7,35.8,52.2,44.2,42.9,43.9,52.6,44.6,34.7,30.7,38.6,65.8,64.6,43.8,48.1,41.3,59.8,62.4,50.5,7.21,6,0,2,Mobile Development,Machine Learning,DevOps Engineer
2691,37.0,45.8,42.1,48.3,34.3,33.4,18.5,35.0,27.6,32.3,38.2,38.6,45.8,44.7,45.7,51.3,53.4,65.7,55.8,62.2,70.8,55.6,21.5,35.7,36.6,15.5,41.9,7.22,6,0,3,Business Analytics,Business,DevOps Engineer
2692,41.4,40.8,38.6,42.5,64.1,54.3,46.1,48.8,50.1,58.4,43.5,43.4,47.2,62.3,58.5,62.5,47.0,52.2,49.1,55.9,56.3,37.1,62.4,36.8,50.7,53.5,28.8,7.22,3,0,0,Web Development,Security,DevOps Engineer
2693,45.0,33.3,38.3,36.9,39.5,58.5,38.7,44.9,27.7,28.8,39.0,28.0,42.7,41.1,57.4,19.5,36.3,60.4,44.6,55.9,43.7,43.5,42.1,40.9,61.9,58.3,29.9,7.22,5,2,1,Data Science,QA & Testing,DevOps Engineer
2694,28.8,29.8,37.3,31.1,38.3,32.8,37.8,46.5,27.7,40.4,22.0,46.4,23.5,35.6,30.8,41.3,40.6,33.2,25.2,22.5,35.2,28.6,50.1,34.9,44.0,61.8,33.3,7.23,2,2,0,Mobile Development,Frontend,DevOps Engineer
2695,57.8,63.1,51.2,54.6,33.0,23.8,34.9,21.2,35.9,31.1,44.8,30.3,39.9,36.3,39.0,35.0,40.4,44.7,60.8,36.2,38.3,52.3,30.2,45.7,34.4,46.1,48.3,7.23,5,1,2,Mobile Development,Backend,DevOps Engineer
2696,27.7,48.2,35.8,32.5,7.8,14.5,24.3,22.8,36.7,47.5,37.6,34.2,33.7,39.0,42.6,41.0,42.2,45.1,30.6,43.8,36.8,41.9,42.0,25.6,39.1,37.6,39.0,7.24,1,1,2,Cybersecurity,Business,DevOps Engineer
2697,52.7,57.4,50.4,46.4,46.7,41.6,41.6,36.2,58.4,44.6,55.8,63.8,38.4,49.7,45.5,50.4,44.1,39.6,50.2,52.2,43.6,38.6,33.2,67.7,27.7,61.2,54.3,7.25,6,2,2,Web Development,QA & Testing,DevOps Engineer
2698,64.7,65.1,68.4,51.7,54.1,54.2,43.1,56.5,62.8,61.7,45.3,57.6,67.6,49.6,65.7,50.8,55.7,51.1,75.2,47.1,55.7,64.4,47.2,68.9,62.6,53.3,74.1,7.25,7,2,4,AI/ML,Business,DevOps Engineer
2699,62.7,62.4,80.3,50.3,50.6,45.0,64.4,50.6,74.9,66.5,53.9,60.8,59.5,73.6,69.8,54.6,68.5,58.8,51.4,48.6,56.4,43.8,76.3,65.2,74.9,73.1,61.7,7.26,11,2,9,DevOps,Backend,DevOps Engineer
2700,20.1,30.6,42.0,31.9,25.0,17.8,31.5,8.9,28.8,38.8,40.1,37.7,39.6,17.4,43.4,16.1,32.5,21.0,17.3,16.3,29.9,16.5,33.5,30.6,25.7,35.5,19.4,7.27,2,1,3,Data Science,Backend,DevOps Engineer
2701,36.4,25.6,24.5,31.2,38.8,56.2,36.6,53.2,22.2,24.4,21.0,20.7,33.6,31.8,31.6,26.8,19.7,41.8,36.0,36.4,29.6,40.6,57.3,26.5,49.6,37.7,41.0,7.27,4,3,3,AI/ML,Mobile,DevOps Engineer
2702,32.5,29.4,63.9,43.9,33.9,37.1,30.0,33.3,32.5,28.2,38.6,45.6,24.5,21.4,20.6,28.7,35.5,31.7,38.4,38.8,46.2,45.3,35.5,61.0,8.6,9.1,44.1,7.29,2,0,0,Cloud Computing,QA & Testing,DevOps Engineer
2703,59.8,33.8,44.9,57.8,35.2,34.9,43.1,40.0,61.5,61.8,55.7,52.8,41.8,24.0,37.2,47.4,50.4,57.2,54.3,55.7,51.6,54.0,32.9,37.0,38.8,38.9,36.8,7.29,5,2,3,AI/ML,Business,DevOps Engineer
2704,28.2,30.6,41.5,25.5,27.0,16.3,29.0,20.3,29.9,23.3,20.3,22.2,39.5,25.9,45.5,30.6,36.2,21.9,23.8,26.3,26.1,11.2,32.1,37.4,24.1,41.5,47.5,7.3,6,0,2,Cybersecurity,QA & Testing,DevOps Engineer
2705,49.0,50.9,48.4,53.6,43.3,33.2,42.1,49.0,40.5,35.2,35.8,38.3,54.1,50.4,52.5,52.3,55.2,58.5,52.7,64.1,42.0,65.6,81.0,49.0,46.6,56.1,51.6,7.3,11,1,5,AI/ML,QA & Testing,DevOps Engineer
2706,56.3,48.2,55.0,65.9,21.4,30.4,39.6,16.5,53.4,44.2,65.7,50.4,46.8,46.1,59.5,50.6,56.8,61.3,44.9,60.1,55.7,50.9,66.9,61.7,74.1,50.6,42.6,7.3,9,2,5,Business Analytics,Data & Analytics,DevOps Engineer
2707,44.2,39.8,45.5,52.4,36.5,40.4,40.0,27.4,35.8,40.6,46.8,37.1,22.6,40.4,35.4,30.8,38.9,33.4,33.1,53.9,51.7,36.3,47.4,50.1,45.1,41.3,53.7,7.31,2,1,0,Data Science,Backend,DevOps Engineer
2708,52.0,53.4,65.3,47.8,46.6,51.4,59.2,57.5,54.6,40.4,29.3,56.6,51.6,63.8,57.4,56.4,68.7,59.8,41.5,41.3,48.0,43.5,34.2,45.1,34.7,51.1,58.6,7.31,3,2,4,DevOps,Mobile,DevOps Engineer
2709,52.9,41.6,37.4,61.1,32.6,44.6,39.9,45.0,50.2,35.5,42.7,37.6,60.3,52.4,55.5,37.8,49.9,48.9,67.3,53.9,48.6,47.5,53.3,46.1,45.3,40.3,49.0,7.31,4,2,3,Cybersecurity,Cloud & DevOps,DevOps Engineer
2710,19.1,32.9,26.5,30.8,46.4,33.6,42.8,60.6,30.3,35.5,40.9,34.3,31.3,20.8,41.2,34.6,33.2,30.5,23.2,39.6,50.4,21.9,61.3,21.7,49.4,65.3,44.3,7.32,9,1,2,Cloud Computing,Frontend,DevOps Engineer
2711,47.0,64.1,37.3,30.9,53.2,42.5,33.5,47.0,43.7,47.9,41.2,40.1,37.3,47.8,47.8,44.7,42.6,31.9,17.3,26.6,29.0,25.1,35.5,52.5,49.2,40.4,53.7,7.32,6,0,5,DevOps,Mobile,DevOps Engineer
2712,63.6,48.4,45.0,58.9,39.0,37.3,34.0,33.8,43.9,31.4,40.8,43.4,36.4,50.8,54.1,58.0,45.1,57.6,47.7,48.3,42.5,63.5,41.9,47.9,47.4,50.2,65.1,7.33,6,2,1,Web Development,Frontend,DevOps Engineer
2713,56.1,53.4,38.3,52.9,32.5,45.8,36.1,54.0,46.8,52.3,51.5,35.9,37.0,42.8,41.3,38.7,46.8,30.9,29.2,59.3,42.2,33.5,21.9,38.4,32.5,29.0,31.2,7.34,5,2,1,Web Development,Security,DevOps Engineer
2714,44.2,60.0,50.3,54.7,64.8,77.5,66.8,71.0,44.9,47.8,64.9,45.4,69.3,48.4,37.0,35.4,48.2,46.4,42.8,59.9,60.2,41.8,45.4,65.9,61.3,51.3,64.5,7.35,3,3,3,Mobile Development,Data & Analytics,DevOps Engineer
2715,49.3,51.1,53.3,45.6,54.2,43.7,51.9,56.2,52.4,41.4,54.8,45.5,48.8,48.3,55.4,56.7,40.7,52.9,50.1,44.7,41.6,49.6,46.5,52.7,41.2,35.9,46.5,7.35,6,1,0,Web Development,Cloud & DevOps,DevOps Engineer
2716,51.4,43.5,46.7,46.5,57.6,54.9,56.7,52.3,32.8,53.6,48.3,62.5,59.3,54.2,45.4,48.2,56.7,60.7,61.5,49.6,45.9,67.7,65.6,70.5,71.9,58.9,43.2,7.35,1,2,3,Web Development,Frontend,DevOps Engineer
2717,57.6,65.4,48.8,42.9,48.9,59.2,64.6,44.2,62.5,50.5,67.9,60.5,45.2,33.8,51.3,41.8,47.1,61.0,58.9,45.8,64.7,52.0,59.2,60.8,61.5,59.5,39.6,7.35,5,2,0,Mobile Development,Frontend,DevOps Engineer
2718,20.7,35.3,49.2,36.2,45.6,29.5,39.1,44.2,57.8,60.4,37.7,35.5,47.6,53.1,42.6,50.1,39.4,37.2,24.6,26.1,24.2,30.5,44.4,32.2,37.0,26.0,41.2,7.36,2,0,1,Cybersecurity,Machine Learning,DevOps Engineer
2719,45.7,45.3,55.4,56.3,57.8,56.2,55.8,62.2,68.4,61.7,50.8,62.5,47.5,44.9,51.3,37.3,47.3,37.4,35.9,60.5,58.3,48.5,35.2,61.8,28.9,53.9,43.4,7.36,6,1,2,Cloud Computing,Security,DevOps Engineer
2720,46.7,33.9,22.4,24.5,44.4,33.0,27.3,28.3,33.5,25.8,29.6,48.5,29.0,35.5,47.0,47.4,35.7,30.3,49.0,29.1,30.0,29.0,25.4,35.3,35.7,53.1,23.5,7.36,3,0,1,Business Analytics,QA & Testing,DevOps Engineer
2721,56.0,64.5,66.1,40.9,51.6,53.7,59.4,62.4,43.7,51.9,54.7,56.5,46.7,58.6,57.5,50.6,60.2,57.8,66.8,53.3,53.8,41.8,60.3,56.4,55.8,39.9,48.6,7.36,4,1,4,DevOps,Backend,DevOps Engineer
2722,33.9,50.2,48.7,30.1,47.4,47.0,52.9,55.9,35.9,11.1,38.2,49.1,49.5,46.6,38.2,34.8,30.6,32.1,28.3,18.8,13.8,25.6,23.1,56.2,44.8,29.7,55.6,7.38,2,2,8,Data Science,Cloud & DevOps,DevOps Engineer
2723,46.3,43.7,53.8,46.1,55.8,59.3,37.1,52.1,33.3,50.8,52.3,41.2,50.3,37.3,47.2,47.2,35.9,35.5,28.1,51.2,62.2,44.8,54.4,56.2,55.7,45.8,46.8,7.38,8,0,2,Web Development,QA & Testing,DevOps Engineer
2724,59.3,41.2,46.4,63.2,38.9,32.8,28.9,40.7,37.8,57.5,51.5,57.3,67.4,44.6,39.6,41.3,57.7,51.4,62.7,56.9,63.8,61.2,55.5,53.0,44.2,36.9,65.8,7.39,8,2,6,Cybersecurity,Backend,DevOps Engineer
2725,44.7,56.8,65.4,46.9,42.9,38.7,63.7,33.0,55.2,48.1,60.0,66.0,54.6,75.6,56.2,70.7,76.1,41.4,56.9,15.3,39.2,43.4,46.7,68.9,49.3,53.1,60.8,7.41,4,1,4,Cybersecurity,QA & Testing,DevOps Engineer
2726,47.0,58.4,48.8,60.2,65.6,48.3,46.2,55.8,64.7,46.3,68.3,44.9,61.4,65.3,57.2,49.2,63.8,52.7,42.2,57.2,45.8,49.7,52.1,54.4,60.9,44.5,43.4,7.41,5,2,3,Business Analytics,Frontend,DevOps Engineer
2727,56.0,62.5,47.5,61.9,71.1,81.3,78.1,61.5,71.0,59.8,54.8,66.7,66.8,67.9,74.2,70.9,53.2,70.0,72.7,55.9,51.3,52.9,79.9,53.1,68.3,70.6,31.4,7.41,11,3,3,Data Science,Data & Analytics,DevOps Engineer
2728,27.4,52.1,51.6,37.2,72.9,77.8,65.4,67.7,49.3,29.7,38.4,44.6,54.9,54.2,60.4,51.1,40.5,37.4,34.4,38.8,37.5,33.4,65.4,52.5,41.6,38.2,69.9,7.42,5,2,2,Business Analytics,Mobile,DevOps Engineer
2729,69.3,51.4,54.6,44.3,42.7,51.1,58.3,44.8,43.0,49.8,39.0,64.7,48.0,65.2,65.1,66.5,64.2,63.1,69.3,62.7,70.3,54.9,47.2,43.3,48.1,50.7,46.4,7.42,10,2,7,DevOps,Business,DevOps Engineer
2730,37.6,39.0,40.7,46.4,42.8,40.8,42.3,28.3,56.4,35.9,60.8,45.1,39.2,39.0,27.0,39.2,37.0,56.8,60.0,28.7,49.3,47.0,45.0,30.9,46.5,32.6,40.4,7.43,7,0,4,DevOps,Frontend,DevOps Engineer
2731,46.9,62.0,62.3,59.0,38.3,22.9,36.0,27.0,61.0,56.0,54.6,43.9,44.3,42.4,40.2,49.9,53.1,47.2,52.6,36.5,27.6,51.6,26.1,57.6,38.8,43.6,55.2,7.43,7,1,4,Cloud Computing,Security,DevOps Engineer
2732,37.2,40.8,59.5,29.1,34.9,32.8,35.4,24.0,39.8,24.5,36.8,40.4,28.9,24.8,29.9,41.1,45.0,40.8,41.0,37.4,33.2,13.6,45.1,63.5,33.5,38.2,57.9,7.44,2,1,0,AI/ML,QA & Testing,DevOps Engineer
2733,52.6,44.8,34.5,48.5,52.9,54.4,48.2,50.5,31.8,44.1,47.5,34.1,37.1,44.7,37.2,35.9,44.4,43.0,33.6,41.1,38.1,33.2,41.2,37.3,46.8,39.9,57.5,7.44,4,1,2,AI/ML,Data & Analytics,DevOps Engineer
2734,56.9,47.7,59.4,34.4,57.1,55.2,48.9,41.2,42.3,42.6,51.0,58.2,39.2,40.3,34.6,52.7,44.8,55.1,38.3,57.7,47.1,58.6,32.5,53.6,50.7,50.0,38.5,7.44,2,1,1,Mobile Development,Data & Analytics,DevOps Engineer
2735,38.1,51.8,37.8,39.4,50.8,54.2,48.6,52.8,49.2,60.3,43.3,43.6,58.7,57.3,39.6,54.3,57.5,15.6,29.0,41.9,35.1,19.9,65.9,42.5,50.8,66.8,66.1,7.45,6,1,4,Cloud Computing,Full Stack,DevOps Engineer
2736,40.7,37.4,60.2,34.9,39.1,35.4,32.7,30.8,34.2,34.0,35.3,46.2,35.6,40.7,59.3,48.4,39.6,30.4,44.0,34.7,41.9,34.4,42.2,38.7,59.7,46.5,35.4,7.45,7,0,1,Data Science,Business,DevOps Engineer
2737,49.1,44.3,49.1,41.5,52.6,56.3,45.5,59.0,42.1,52.5,48.5,51.7,49.7,59.5,67.3,48.3,68.4,43.3,38.2,52.4,62.4,56.8,42.3,58.0,60.7,61.6,46.7,7.45,4,1,3,AI/ML,Data & Analytics,DevOps Engineer
2738,28.8,30.4,17.5,33.1,19.0,22.8,19.1,31.9,28.0,40.8,49.4,33.3,19.5,27.8,24.7,11.7,35.2,18.0,14.8,49.2,39.7,22.6,15.5,33.0,20.6,25.7,17.8,7.46,2,1,0,AI/ML,Cloud & DevOps,DevOps Engineer
2739,46.1,48.4,53.8,42.1,22.6,40.1,31.2,32.9,33.4,32.5,44.3,46.1,39.4,49.5,50.7,48.6,54.7,49.8,36.8,35.7,41.1,53.8,42.6,44.5,40.8,46.5,30.1,7.46,1,1,2,AI/ML,QA & Testing,DevOps Engineer
2740,45.6,44.5,44.9,19.6,32.5,29.0,25.5,20.3,31.1,28.2,18.5,44.5,30.9,49.8,47.8,50.0,48.8,34.3,36.9,33.1,32.5,36.8,46.2,39.3,42.0,41.2,34.6,7.47,3,1,5,Mobile Development,Frontend,DevOps Engineer
2741,38.7,51.9,39.0,45.8,24.0,16.3,31.3,6.4,45.0,36.1,41.7,42.8,38.6,27.3,48.8,42.8,54.3,40.3,33.0,29.5,26.9,33.6,45.4,38.8,51.9,33.9,41.7,7.48,5,1,2,Business Analytics,Backend,DevOps Engineer
2742,40.9,50.5,51.4,29.4,34.2,30.3,34.5,33.1,41.9,25.3,29.8,41.8,42.8,12.9,38.1,22.2,42.1,42.8,50.7,27.1,19.6,34.4,23.0,36.0,30.8,38.4,24.0,7.49,5,1,6,DevOps,Machine Learning,DevOps Engineer
2743,53.1,78.5,50.9,44.2,58.1,42.1,55.1,40.4,68.1,60.3,49.8,59.6,58.6,71.9,58.4,60.3,62.8,43.3,49.6,39.2,35.4,47.7,60.7,60.7,49.9,60.2,55.3,7.49,7,1,2,Business Analytics,Machine Learning,DevOps Engineer
2744,54.9,33.3,37.4,29.7,40.8,49.0,35.3,46.6,30.1,40.1,40.2,54.2,33.5,36.7,36.7,32.2,30.9,52.6,61.2,43.1,51.9,69.1,40.1,46.8,45.5,32.8,63.3,7.49,3,1,1,Business Analytics,Frontend,DevOps Engineer
2745,72.0,57.4,52.3,63.3,56.5,75.1,58.9,64.2,47.3,57.0,51.1,56.1,66.4,69.0,73.4,71.4,61.5,69.7,60.8,69.6,73.7,70.9,71.0,47.9,83.4,65.7,68.5,7.49,3,3,5,Cybersecurity,Business,DevOps Engineer
2746,27.0,30.0,30.3,49.0,52.4,54.0,34.8,56.9,40.0,33.4,44.4,48.6,39.5,33.5,33.7,26.2,22.9,36.6,30.2,68.0,56.3,48.0,41.4,53.6,40.8,48.3,30.5,7.5,2,0,3,AI/ML,Backend,DevOps Engineer
2747,42.6,54.8,57.6,44.8,68.5,66.9,61.8,54.8,59.2,56.3,49.6,66.5,42.1,47.7,51.5,50.6,52.9,39.3,33.8,24.1,32.2,37.5,45.6,46.6,42.8,50.2,43.9,7.51,3,2,1,Web Development,Data & Analytics,DevOps Engineer
2748,67.8,56.6,53.1,55.1,39.4,29.1,46.1,31.7,59.1,69.7,63.4,53.9,58.0,77.4,64.3,67.5,75.4,64.3,46.7,51.6,63.3,52.9,70.4,65.5,55.0,46.7,46.1,7.51,8,1,4,Cloud Computing,Machine Learning,DevOps Engineer
2749,23.8,30.4,44.2,16.5,29.6,32.0,34.4,38.4,29.0,31.8,17.0,38.8,41.6,36.8,31.1,31.1,31.2,25.5,31.6,16.1,12.1,40.1,24.4,29.2,18.7,49.6,41.3,7.52,0,1,1,Web Development,Mobile,DevOps Engineer
2750,50.7,54.9,60.7,34.7,44.3,43.1,46.2,34.9,38.5,32.9,44.5,50.1,49.7,55.3,41.4,56.9,48.1,39.8,38.5,38.5,41.8,34.2,47.6,50.3,73.8,65.1,59.5,7.52,2,2,4,AI/ML,Frontend,DevOps Engineer
2751,59.4,51.4,42.5,47.8,36.8,43.5,37.1,48.6,42.9,57.5,60.4,57.0,48.6,62.9,42.3,50.7,54.9,43.5,74.3,46.4,59.8,60.6,64.5,53.3,54.8,54.6,52.2,7.52,5,0,4,Data Science,Mobile,DevOps Engineer
2752,33.7,41.1,53.1,42.4,50.7,53.7,57.0,61.7,47.7,34.1,37.3,39.2,57.4,48.3,38.4,51.2,50.8,25.0,38.3,34.4,33.8,31.5,50.0,38.8,35.0,63.9,53.1,7.53,2,1,6,Data Science,Cloud & DevOps,DevOps Engineer
2753,63.8,60.4,70.4,63.9,70.0,52.6,58.0,49.9,57.1,67.4,69.4,71.0,55.3,44.2,49.8,43.9,49.6,74.5,67.9,66.8,71.4,78.3,49.1,62.2,28.3,41.0,46.5,7.54,3,2,9,Web Development,Frontend,DevOps Engineer
2754,64.2,46.3,37.6,59.1,43.4,42.4,43.5,55.6,52.4,59.3,52.9,42.4,54.9,52.5,57.9,51.0,45.8,64.5,62.7,65.1,74.0,71.4,33.3,42.1,35.0,56.6,50.1,7.55,5,3,5,Data Science,QA & Testing,DevOps Engineer
2755,43.2,52.2,34.3,63.8,42.4,41.9,53.5,57.6,42.4,59.1,39.9,54.5,51.1,67.9,55.7,54.9,47.3,42.6,25.1,41.7,45.7,46.0,42.3,34.4,43.4,45.3,48.1,7.56,7,1,1,Mobile Development,Cloud & DevOps,DevOps Engineer
2756,62.1,60.5,61.7,67.5,64.0,62.4,60.4,51.6,56.2,70.3,73.6,62.8,54.4,39.2,48.1,57.2,52.9,63.4,61.6,80.3,71.8,54.3,58.5,61.7,44.0,65.4,69.5,7.56,4,1,2,Data Science,QA & Testing,DevOps Engineer
2757,34.9,42.9,43.1,48.6,39.1,25.4,22.2,29.7,42.6,35.2,28.2,37.6,32.2,45.3,44.4,33.2,47.5,31.7,41.5,32.0,28.3,39.0,31.1,50.3,32.9,39.5,36.4,7.57,2,1,1,Cybersecurity,Data & Analytics,DevOps Engineer
2758,36.1,29.5,41.2,35.7,42.5,13.8,33.0,23.1,25.0,31.1,37.8,31.3,41.2,33.3,36.7,40.5,33.5,42.1,37.7,56.1,49.5,32.9,62.9,30.0,62.1,40.5,35.0,7.57,0,1,4,Cybersecurity,Security,DevOps Engineer
2759,42.7,51.2,43.5,35.5,55.6,52.2,41.0,45.3,39.0,39.6,44.4,61.7,45.0,49.3,32.9,40.6,57.1,39.1,2.9,50.7,61.4,25.2,63.8,22.0,59.4,49.2,26.4,7.57,1,2,2,DevOps,Data & Analytics,DevOps Engineer
2760,49.8,42.0,46.0,38.7,55.8,54.2,55.5,64.2,48.3,62.5,30.4,45.9,46.9,23.4,35.7,26.8,40.4,32.5,34.1,49.0,28.4,42.3,37.9,50.4,37.8,65.4,49.8,7.58,6,1,0,DevOps,Frontend,DevOps Engineer
2761,33.6,37.9,37.1,41.6,45.4,53.4,36.1,39.3,37.0,43.0,27.4,25.8,38.0,42.3,24.4,26.9,36.7,29.9,41.0,38.7,45.6,36.5,8.5,51.6,30.0,35.8,36.5,7.59,2,1,1,Data Science,Security,DevOps Engineer
2762,36.3,37.3,39.8,56.8,46.3,49.3,57.5,45.2,38.0,59.0,55.1,53.3,56.2,62.7,74.4,64.5,52.1,38.4,55.8,52.0,58.7,35.3,39.4,62.9,35.0,29.4,51.5,7.6,6,1,4,Cloud Computing,Cloud & DevOps,DevOps Engineer
2763,49.5,36.5,34.8,34.3,55.2,44.4,45.1,53.0,48.0,31.6,25.8,40.0,26.6,20.9,33.3,50.9,27.4,47.8,59.4,43.1,25.1,47.0,43.1,43.5,44.5,47.9,48.4,7.6,8,1,1,Business Analytics,Frontend,DevOps Engineer
2764,37.8,41.5,37.2,28.3,34.6,23.5,40.8,30.4,22.9,26.2,23.2,27.3,36.0,28.0,22.4,36.9,12.9,35.3,52.8,37.6,49.2,52.8,52.2,48.5,42.9,40.6,37.6,7.62,7,1,2,AI/ML,Backend,DevOps Engineer
2765,41.8,54.2,41.7,53.5,40.3,64.0,45.5,48.8,37.8,40.3,49.5,55.7,44.8,54.3,44.6,45.3,53.2,39.5,41.1,71.6,69.5,50.8,56.7,59.8,35.1,58.6,71.3,7.63,2,0,4,Data Science,Cloud & DevOps,DevOps Engineer
2766,51.0,45.9,46.9,50.3,32.3,34.4,33.5,36.6,53.5,63.2,50.1,38.2,37.9,52.8,41.5,40.3,45.1,47.7,43.9,45.6,32.3,45.0,50.2,39.5,35.9,39.7,42.7,7.63,8,2,1,Web Development,QA & Testing,DevOps Engineer
2767,29.1,36.3,20.2,40.2,27.7,19.3,26.6,22.3,23.8,41.7,45.2,38.1,17.2,33.2,43.1,32.7,34.7,27.0,38.3,29.7,32.1,37.4,23.9,30.0,33.4,29.1,31.1,7.64,6,2,1,DevOps,Mobile,DevOps Engineer
2768,39.7,32.2,43.5,34.6,54.8,62.7,47.8,50.4,55.0,41.3,43.1,43.3,54.8,36.0,34.2,32.3,37.1,36.4,45.1,35.4,49.6,40.3,43.4,42.1,56.8,40.2,24.9,7.68,1,2,3,Cybersecurity,Backend,DevOps Engineer
2769,42.5,48.5,48.5,46.5,29.7,45.6,49.4,32.0,38.2,62.2,56.3,52.2,50.4,59.6,52.1,62.1,50.2,51.0,48.7,55.2,66.2,45.8,37.9,46.9,36.3,63.3,52.3,7.7,2,0,2,AI/ML,Cloud & DevOps,DevOps Engineer
2770,47.2,55.6,58.5,44.4,59.2,43.3,52.9,37.1,49.9,45.5,45.1,56.8,60.4,55.3,55.4,56.6,52.9,50.0,48.3,47.0,38.4,47.0,41.0,40.8,31.3,50.6,37.3,7.7,6,0,3,Mobile Development,Machine Learning,DevOps Engineer
2771,48.5,41.8,63.6,32.9,66.7,61.0,66.0,61.5,52.3,48.1,53.0,55.9,62.3,58.7,57.5,56.8,47.5,46.2,44.5,40.7,44.4,47.1,50.9,49.2,36.5,49.1,48.6,7.7,7,2,2,DevOps,Frontend,DevOps Engineer
2772,52.3,27.4,67.0,53.6,53.6,66.3,50.5,69.8,54.9,37.9,48.7,43.9,58.0,45.9,32.7,46.4,45.9,52.3,64.4,45.7,45.4,62.2,66.2,58.3,47.9,73.7,58.0,7.71,6,0,3,Cloud Computing,Mobile,DevOps Engineer
2773,56.7,70.7,61.1,56.2,63.7,77.6,67.8,53.6,53.6,47.7,48.3,70.0,70.9,69.9,60.9,57.3,57.8,63.4,45.9,47.7,44.1,58.1,74.7,57.8,51.7,60.1,57.2,7.71,6,1,7,Cybersecurity,Data & Analytics,DevOps Engineer
2774,52.9,43.3,43.2,47.4,39.2,52.7,49.8,47.8,44.3,41.2,61.6,46.5,46.5,43.5,53.2,56.5,38.2,63.8,70.9,58.9,52.4,58.3,54.5,40.4,49.2,62.5,67.5,7.74,3,3,3,Mobile Development,Full Stack,DevOps Engineer
2775,50.2,61.8,55.1,55.6,44.6,36.1,63.7,46.7,55.3,60.5,52.2,65.1,57.0,57.7,40.6,38.6,41.3,37.2,36.1,66.2,69.3,52.7,91.5,61.7,68.2,58.7,60.3,7.76,8,0,4,Data Science,Backend,DevOps Engineer
2776,50.4,48.7,74.6,42.6,51.2,38.8,37.3,28.2,35.4,51.8,60.5,54.0,56.3,45.7,45.5,52.3,60.1,55.2,50.8,36.8,28.4,45.0,34.8,50.1,40.5,50.0,57.1,7.77,4,1,5,Mobile Development,Mobile,DevOps Engineer
2777,69.4,82.0,67.7,66.8,56.1,61.9,73.6,50.5,62.4,68.9,64.0,62.5,49.7,48.1,60.2,50.2,45.5,49.6,45.3,55.7,61.0,45.9,60.6,65.9,55.1,60.4,55.5,7.77,10,2,2,AI/ML,Backend,DevOps Engineer
2778,24.3,39.1,29.3,47.4,22.6,29.9,24.0,18.0,43.5,53.9,49.7,49.7,32.4,58.9,52.5,58.2,40.6,43.6,37.3,47.4,52.6,34.7,25.5,44.5,38.3,40.6,38.9,7.78,5,1,6,Cloud Computing,Business,DevOps Engineer
2779,36.5,39.5,40.4,35.2,20.2,17.9,35.7,21.1,33.0,48.9,32.5,43.6,38.8,46.1,48.4,46.3,55.8,25.0,16.3,26.8,24.5,34.7,45.7,43.6,46.6,30.1,37.3,7.78,3,1,6,DevOps,Cloud & DevOps,DevOps Engineer
2780,48.3,52.4,63.3,35.0,68.1,64.4,50.9,60.7,59.1,57.1,64.8,56.6,54.9,47.9,53.0,46.7,56.7,41.2,38.9,34.9,30.8,42.7,39.3,47.4,36.2,46.5,40.4,7.78,8,1,5,Mobile Development,Mobile,DevOps Engineer
2781,54.2,48.1,66.7,32.2,34.0,40.5,51.9,48.9,49.7,36.8,36.3,47.3,41.4,52.4,50.6,48.1,59.6,49.9,63.1,26.2,29.4,35.5,39.6,57.5,57.0,53.3,61.5,7.79,6,1,4,Web Development,Frontend,DevOps Engineer
2782,31.0,45.8,62.9,28.0,39.7,21.2,42.1,21.8,28.8,21.5,28.4,24.3,34.0,50.6,22.3,15.9,37.0,15.8,21.9,21.3,27.8,31.9,21.2,30.6,15.9,30.1,49.6,7.8,4,0,5,DevOps,Frontend,DevOps Engineer
2783,21.0,24.3,11.7,28.3,31.0,39.0,17.6,8.1,25.8,24.5,22.3,23.2,28.2,38.7,39.6,37.0,28.0,20.2,21.2,31.4,26.1,17.2,40.3,22.1,38.3,15.1,14.0,7.83,5,0,2,Data Science,Backend,DevOps Engineer
2784,58.6,43.6,54.0,42.6,41.7,48.6,50.9,66.3,50.0,61.5,59.9,53.1,63.1,63.6,68.2,58.6,58.2,61.5,56.8,52.5,51.0,50.8,34.9,49.9,61.7,52.9,38.8,7.83,6,1,6,Data Science,Cloud & DevOps,DevOps Engineer
2785,44.6,45.9,38.4,51.3,60.1,37.8,48.8,53.9,46.1,61.2,52.3,44.2,35.4,62.3,55.1,61.7,51.0,25.1,32.0,24.5,30.0,34.0,32.1,40.3,28.6,59.3,29.0,7.84,3,1,3,Business Analytics,Machine Learning,DevOps Engineer
2786,57.8,41.7,39.4,54.1,83.4,95.1,63.0,71.9,43.4,67.8,47.7,62.2,59.2,67.3,50.1,41.4,59.1,72.1,72.6,77.0,70.1,75.2,72.7,58.3,78.6,64.1,50.4,7.84,11,2,4,Mobile Development,Machine Learning,DevOps Engineer
2787,36.9,41.6,31.2,53.7,53.5,52.4,51.6,51.6,48.2,51.7,65.9,56.5,45.4,49.0,58.5,47.7,51.0,55.3,50.9,53.1,66.8,45.2,40.5,41.8,29.1,34.8,47.8,7.85,7,2,5,Web Development,Backend,DevOps Engineer
2788,42.5,54.7,61.5,40.5,47.5,54.5,36.8,55.9,48.0,55.0,46.9,44.2,45.3,42.4,33.3,30.0,38.4,50.6,52.1,38.1,38.3,49.8,56.8,47.5,53.3,49.7,48.5,7.85,8,2,5,Cybersecurity,Cloud & DevOps,DevOps Engineer
2789,43.0,44.2,34.6,49.9,44.2,49.8,29.0,45.4,33.7,44.6,51.4,35.5,48.3,43.1,48.7,42.0,48.2,34.8,28.9,56.4,58.6,34.6,28.6,38.5,52.5,38.1,28.4,7.86,1,1,1,Data Science,Mobile,DevOps Engineer
2790,67.7,58.5,57.9,55.1,69.9,81.1,57.2,70.5,59.8,53.1,52.8,70.2,60.7,79.3,78.1,59.8,62.9,73.4,84.7,64.2,64.4,64.7,88.1,48.9,88.7,76.6,45.4,7.86,9,1,10,Business Analytics,Security,DevOps Engineer
2791,33.4,40.5,38.2,34.2,24.5,21.1,23.7,27.7,32.5,37.9,31.8,33.7,40.0,51.0,61.1,50.1,48.5,39.0,49.0,42.8,47.7,44.2,32.8,35.0,55.3,20.4,20.1,7.87,4,1,4,DevOps,QA & Testing,DevOps Engineer
2792,59.6,61.0,76.5,55.3,66.3,72.3,55.0,76.0,69.2,47.6,51.1,75.0,69.0,67.0,61.8,72.5,64.7,69.4,60.4,62.8,47.8,65.5,43.0,61.4,39.8,43.2,75.9,7.89,5,0,2,Cloud Computing,Mobile,DevOps Engineer
2793,64.3,51.8,54.6,59.0,59.0,63.9,67.4,66.4,62.7,64.7,61.9,64.0,56.9,65.0,61.5,57.8,61.5,38.5,41.9,46.6,63.8,57.9,69.7,63.5,43.3,52.2,57.5,7.89,6,2,7,Mobile Development,Business,DevOps Engineer
2794,69.5,82.5,64.2,69.7,57.8,52.1,59.3,67.2,72.4,63.8,64.3,60.2,65.1,70.5,71.4,63.4,82.0,64.4,57.7,57.3,60.8,68.4,77.3,57.3,61.9,49.4,47.9,7.9,4,1,7,Cybersecurity,Full Stack,DevOps Engineer
2795,34.2,37.6,39.2,38.8,60.1,62.1,45.8,68.9,56.6,45.9,33.7,48.4,41.4,48.8,62.1,57.0,54.4,51.5,39.9,40.5,29.1,38.6,36.7,45.2,43.8,40.6,37.6,7.92,5,0,5,DevOps,Cloud & DevOps,DevOps Engineer
2796,41.2,49.6,52.8,54.6,36.0,37.5,49.9,44.2,46.0,55.7,39.1,54.2,57.2,72.7,59.7,65.3,70.6,22.3,29.6,37.2,46.1,15.9,44.7,38.2,58.3,70.7,48.5,7.92,9,2,3,Cybersecurity,Cloud & DevOps,DevOps Engineer
2797,49.9,42.6,55.1,32.9,57.6,49.5,64.0,53.9,64.8,61.6,45.5,46.4,38.5,40.4,56.0,50.4,35.7,44.9,35.3,37.4,37.5,34.5,36.3,53.3,38.0,62.3,41.8,7.92,9,1,3,Cybersecurity,Machine Learning,DevOps Engineer
2798,58.9,64.4,66.7,57.4,54.1,65.6,62.2,66.1,52.1,64.1,57.6,50.4,54.3,59.0,50.1,55.0,45.5,52.5,52.2,63.8,62.1,56.7,62.3,52.4,64.1,74.6,47.2,7.92,6,0,3,Mobile Development,Data & Analytics,DevOps Engineer
2799,60.0,66.9,54.2,71.9,87.5,98.1,85.3,97.5,72.4,61.5,72.9,72.5,83.2,81.9,66.4,72.0,76.0,62.0,50.9,87.9,84.7,74.7,70.7,72.0,66.9,90.6,68.0,7.93,7,2,3,Web Development,Machine Learning,DevOps Engineer
2800,36.8,36.1,35.3,41.4,32.2,41.8,41.3,51.3,38.4,37.6,37.6,39.9,40.2,70.0,60.8,65.2,56.4,38.8,38.4,29.7,31.1,31.8,50.4,43.7,51.9,67.4,44.2,7.94,3,1,6,Cloud Computing,QA & Testing,DevOps Engineer
2801,40.5,29.4,40.8,32.9,35.1,16.3,25.1,34.9,33.2,25.4,30.4,37.0,36.6,43.3,41.5,23.5,28.7,34.1,25.8,46.4,28.5,37.9,35.1,25.8,53.5,35.0,56.0,7.94,3,0,2,Web Development,Backend,DevOps Engineer
2802,61.2,51.6,58.7,60.8,55.9,70.8,49.3,70.2,60.6,57.7,57.2,50.8,66.5,61.7,58.9,77.9,64.1,49.6,61.5,48.9,50.8,54.8,49.0,80.1,33.3,39.3,46.4,7.95,10,2,2,DevOps,Security,DevOps Engineer
2803,39.1,49.6,79.4,33.0,71.3,45.5,52.9,67.2,44.9,32.1,32.6,59.6,68.2,56.8,45.8,48.9,52.6,43.5,53.9,31.3,21.8,56.2,46.0,47.0,42.2,37.9,48.2,7.97,5,2,3,DevOps,Frontend,DevOps Engineer
2804,54.9,40.7,52.8,55.6,57.4,50.2,32.4,60.3,49.6,39.5,47.5,51.1,53.2,39.7,28.2,35.7,52.1,59.6,53.1,51.6,44.2,59.4,43.6,50.7,39.9,28.8,64.2,7.97,8,2,3,Cybersecurity,Mobile,DevOps Engineer
2805,61.2,32.2,30.5,52.6,52.8,61.3,56.2,53.8,47.1,40.3,59.9,36.8,44.4,54.4,42.8,52.6,41.6,52.7,51.7,44.1,55.4,44.0,58.1,37.0,42.4,41.3,33.0,8.0,6,0,3,Cloud Computing,QA & Testing,DevOps Engineer
2806,59.6,62.4,34.5,56.5,79.6,82.0,77.3,80.1,66.3,55.4,53.5,68.1,67.7,47.3,48.3,63.0,68.4,56.3,66.6,79.4,68.4,65.2,61.6,59.6,49.6,70.9,57.8,8.01,6,2,6,Web Development,Security,DevOps Engineer
2807,76.4,77.2,71.4,78.1,78.2,62.9,66.3,72.2,79.8,73.9,61.5,71.8,80.8,82.4,61.5,72.3,78.7,67.3,86.4,49.9,53.5,66.2,57.0,80.2,51.5,60.6,63.8,8.01,6,2,3,Cloud Computing,Cloud & DevOps,DevOps Engineer
2808,40.7,42.2,46.8,28.8,27.1,46.3,38.2,41.6,31.1,36.7,37.9,31.1,27.0,51.6,41.9,47.0,57.8,33.5,34.1,41.7,30.2,29.0,32.8,57.5,45.7,48.8,30.4,8.02,2,3,5,Cybersecurity,Security,DevOps Engineer
2809,46.7,34.3,45.4,47.0,36.8,23.6,33.3,17.2,29.5,34.2,44.7,45.1,37.7,39.5,33.0,46.7,40.0,58.7,62.7,53.1,62.7,25.0,69.0,26.7,60.8,47.2,28.8,8.02,6,1,2,Business Analytics,Cloud & DevOps,DevOps Engineer
2810,50.9,63.1,53.3,48.6,56.6,72.5,53.6,63.9,41.5,53.5,53.3,50.0,45.3,51.2,49.1,50.9,54.9,50.0,44.0,51.9,64.7,42.8,77.2,58.8,72.0,56.3,52.1,8.02,8,3,3,Data Science,Full Stack,DevOps Engineer
2811,42.8,33.1,43.1,40.5,50.0,58.3,44.2,53.1,43.6,52.9,43.4,50.6,45.4,53.5,57.0,48.6,40.2,39.4,46.7,21.8,29.8,46.3,56.9,47.7,51.0,43.5,62.7,8.03,5,2,3,Mobile Development,Frontend,DevOps Engineer
2812,49.6,52.2,55.2,60.1,52.3,54.1,51.1,48.9,56.9,33.7,39.5,45.7,63.1,58.9,55.6,42.9,61.2,53.4,65.6,50.1,48.0,63.2,63.4,59.2,63.5,57.5,53.6,8.03,7,1,1,DevOps,Cloud & DevOps,DevOps Engineer
2813,64.8,57.4,70.3,67.8,58.4,67.6,61.1,56.1,59.7,59.5,64.0,61.1,68.6,64.3,43.9,64.0,61.1,60.3,84.0,61.7,67.3,75.8,50.7,78.2,60.5,70.2,62.1,8.03,5,3,6,Data Science,Data & Analytics,DevOps Engineer
2814,53.2,65.3,45.7,55.4,78.8,77.6,72.3,71.0,63.8,63.1,52.3,58.5,67.8,67.7,69.4,75.3,55.9,43.6,50.0,59.6,56.8,33.4,76.0,72.5,71.5,61.9,58.6,8.04,12,2,3,Cloud Computing,Frontend,DevOps Engineer
2815,39.3,30.3,36.0,45.2,30.0,27.5,26.7,36.9,45.8,42.4,42.9,39.4,44.5,54.6,50.5,47.4,53.4,43.4,31.2,49.2,30.9,42.4,33.4,36.0,36.4,33.6,34.2,8.06,2,1,6,AI/ML,Backend,DevOps Engineer
2816,46.7,51.9,67.8,50.8,48.8,36.8,61.7,42.9,57.3,48.8,47.5,51.8,51.9,55.1,37.2,43.8,48.0,55.9,49.3,42.2,36.3,52.7,33.6,46.2,41.7,52.0,59.7,8.06,3,2,3,Mobile Development,QA & Testing,DevOps Engineer
2817,60.7,66.3,70.7,67.9,65.4,50.6,59.8,63.5,45.9,74.7,70.5,66.3,62.1,45.0,56.5,40.1,53.0,73.4,44.4,78.8,69.2,61.9,64.4,70.4,70.8,37.2,56.3,8.06,3,1,1,Business Analytics,Data & Analytics,DevOps Engineer
2818,79.1,53.7,63.2,60.3,30.2,43.7,48.9,36.4,50.6,56.5,54.0,55.7,54.4,47.1,74.2,57.1,69.1,91.7,92.3,73.4,67.5,80.4,66.5,76.9,71.4,46.4,85.1,8.07,7,3,5,Cybersecurity,Security,DevOps Engineer
2819,28.1,46.5,38.9,31.4,31.5,30.9,16.8,39.1,38.5,26.1,26.0,30.5,34.6,52.3,49.5,22.7,23.6,30.6,17.2,16.1,30.6,33.5,12.4,43.4,25.8,30.7,47.7,8.09,4,0,0,Mobile Development,Security,DevOps Engineer
2820,40.7,62.2,36.8,39.0,49.9,74.3,56.9,47.1,54.7,51.2,37.9,48.6,48.4,48.1,53.1,59.5,53.7,28.0,33.6,18.8,34.2,23.6,19.9,35.3,33.7,42.1,51.7,8.12,8,1,3,Cloud Computing,Business,DevOps Engineer
2821,55.4,35.7,39.0,44.1,70.8,76.3,67.1,58.8,56.2,51.5,44.3,49.0,53.8,47.2,49.0,46.3,41.6,79.5,73.2,68.9,68.4,69.8,55.6,43.8,88.5,51.1,57.7,8.12,9,2,3,DevOps,QA & Testing,DevOps Engineer
2822,51.7,56.3,48.7,42.8,52.3,38.1,28.6,23.6,41.2,55.9,62.5,55.5,64.4,73.5,50.5,52.5,53.1,55.2,54.0,51.3,78.9,75.1,40.9,61.5,33.8,49.6,47.4,8.13,9,2,0,Cloud Computing,QA & Testing,DevOps Engineer
2823,52.6,49.5,38.7,51.4,46.2,59.5,41.6,51.2,43.5,52.8,67.7,52.3,49.6,55.0,45.2,59.8,49.0,54.5,56.5,60.2,56.5,50.6,48.5,48.5,41.6,42.5,42.7,8.13,5,2,0,AI/ML,Data & Analytics,DevOps Engineer
2824,49.4,37.3,40.4,44.5,53.2,50.2,32.8,58.3,39.2,25.4,22.4,32.6,42.4,35.7,34.7,38.5,41.9,52.1,42.3,47.6,51.2,39.4,37.9,48.1,40.4,33.7,40.8,8.17,6,1,0,Business Analytics,Cloud & DevOps,DevOps Engineer
2825,56.4,61.7,38.7,59.9,55.9,57.1,39.4,37.1,54.5,32.6,59.0,58.9,54.0,47.7,48.9,56.6,55.4,69.0,61.2,70.9,63.0,56.0,57.1,57.9,52.7,61.5,48.1,8.17,6,1,4,AI/ML,Frontend,DevOps Engineer
2826,49.9,51.8,31.6,39.1,47.8,18.5,57.3,36.0,45.0,44.6,47.6,29.9,33.1,46.2,30.9,41.5,32.8,43.7,58.1,34.9,42.7,51.2,40.1,48.0,38.9,21.9,31.8,8.18,4,1,0,Web Development,Cloud & DevOps,DevOps Engineer
2827,63.3,70.0,53.3,49.4,48.4,53.2,56.9,49.7,58.4,54.3,49.0,52.6,66.4,57.6,76.6,69.1,61.1,59.4,53.7,69.3,53.6,52.7,74.4,60.8,55.1,54.7,64.3,8.2,2,2,3,Cloud Computing,Security,DevOps Engineer
2828,52.5,40.2,29.8,46.4,42.7,41.1,41.6,30.6,48.5,48.0,45.3,46.4,19.3,40.9,34.2,43.8,46.9,59.4,54.4,54.0,40.0,53.1,57.4,22.0,40.6,44.6,41.7,8.21,11,2,8,AI/ML,QA & Testing,DevOps Engineer
2829,64.1,79.2,46.6,77.7,51.2,48.3,48.2,37.8,65.0,61.4,62.5,50.4,43.8,47.6,49.5,55.7,51.7,58.1,48.0,65.3,54.4,60.6,36.6,67.7,49.5,41.0,73.4,8.23,10,2,3,Business Analytics,Full Stack,DevOps Engineer
2830,63.9,59.3,53.7,54.5,72.5,69.4,63.3,82.4,49.7,48.9,47.8,55.0,62.8,49.5,55.5,46.8,33.3,72.9,71.0,69.4,78.8,68.1,75.3,53.5,60.1,61.4,60.0,8.24,6,3,4,AI/ML,Machine Learning,DevOps Engineer
2831,60.2,63.0,22.0,63.4,60.2,53.1,59.8,52.2,67.8,64.5,58.8,44.3,48.7,41.6,56.9,57.9,45.6,58.2,58.6,52.8,56.9,59.3,41.6,63.2,54.0,49.1,57.7,8.28,6,2,0,DevOps,Cloud & DevOps,DevOps Engineer
2832,40.2,28.9,51.1,50.1,27.5,31.7,30.7,25.9,30.0,24.8,38.7,30.5,39.1,25.8,20.7,25.3,35.0,39.6,37.2,50.9,32.4,52.2,57.2,47.1,56.1,38.5,34.9,8.29,3,0,1,Web Development,QA & Testing,DevOps Engineer
2833,42.8,47.3,55.0,27.6,39.6,23.4,31.4,42.1,39.0,19.1,36.3,59.4,41.3,22.4,31.0,28.7,47.0,43.3,54.0,30.0,45.1,32.5,41.7,32.7,41.0,61.5,52.3,8.29,4,0,1,Web Development,Full Stack,DevOps Engineer
2834,43.1,45.6,28.8,34.8,53.1,43.9,39.6,59.8,64.3,50.7,39.4,42.1,52.0,45.6,58.8,52.1,52.5,45.6,39.0,40.7,35.3,29.2,33.7,22.2,43.8,42.9,47.4,8.3,4,1,3,DevOps,Cloud & DevOps,DevOps Engineer
2835,56.0,47.6,44.4,48.3,71.0,76.3,52.1,68.6,37.3,45.7,54.8,48.3,55.8,50.5,63.0,57.6,56.4,43.8,51.8,41.6,47.7,52.9,37.4,41.8,53.5,54.2,60.6,8.32,8,0,1,Cybersecurity,Business,DevOps Engineer
2836,43.9,55.4,54.4,55.2,38.9,29.5,30.5,32.4,45.0,35.2,53.8,43.0,47.2,50.8,47.2,43.4,43.5,51.0,43.5,49.6,53.5,44.6,53.3,52.5,54.7,46.9,45.8,8.36,3,3,6,Business Analytics,Business,DevOps Engineer
2837,57.3,66.8,49.8,53.3,48.9,62.7,50.0,52.6,63.6,55.3,41.0,61.0,61.7,46.8,49.3,56.6,49.0,61.0,46.5,35.6,52.8,47.8,59.0,59.8,63.5,61.8,53.3,8.43,5,1,3,Web Development,Machine Learning,DevOps Engineer
2838,57.7,45.6,56.9,51.5,47.2,58.2,52.5,54.0,51.6,50.9,57.1,46.7,47.5,40.9,53.0,47.4,57.3,49.5,45.8,53.4,53.6,31.2,66.0,68.0,60.6,54.1,56.8,8.44,4,1,3,Cybersecurity,Business,DevOps Engineer
2839,47.9,37.2,26.0,45.1,41.0,37.6,34.8,37.4,25.8,35.9,41.6,43.9,47.5,49.4,58.6,54.1,49.6,66.4,66.8,56.9,61.4,52.2,55.3,46.1,64.2,59.4,49.3,8.5,4,2,4,Data Science,QA & Testing,DevOps Engineer
2840,55.0,67.8,55.9,41.1,75.9,69.9,76.1,76.2,51.3,50.4,56.1,55.6,68.3,71.7,67.8,64.0,59.2,44.4,56.4,57.9,67.1,53.9,73.8,68.9,84.0,55.9,70.7,8.51,4,2,8,Business Analytics,QA & Testing,DevOps Engineer
2841,73.1,64.9,80.9,79.8,71.7,74.8,76.2,73.5,62.2,73.6,80.3,73.6,71.0,60.9,65.7,44.1,72.4,79.7,79.1,72.8,74.7,80.4,87.7,74.2,81.6,79.1,63.4,8.57,12,2,4,Business Analytics,Cloud & DevOps,DevOps Engineer
2842,64.1,54.4,61.3,62.3,58.0,59.5,54.4,52.3,45.2,34.8,62.4,52.5,51.2,45.1,50.0,41.5,45.1,53.4,51.4,68.1,58.7,73.3,43.7,53.8,59.2,52.1,71.4,8.58,7,1,2,Data Science,QA & Testing,DevOps Engineer
2843,51.2,42.1,50.1,48.3,65.9,64.6,60.5,60.4,54.8,51.7,52.2,55.8,64.1,41.5,49.6,44.7,46.6,71.2,66.0,49.1,44.8,60.3,51.5,54.8,51.6,44.9,57.6,8.62,6,1,6,Cloud Computing,Mobile,DevOps Engineer
2844,52.4,65.8,40.7,57.0,69.7,55.1,62.9,73.5,46.4,69.9,58.0,45.1,64.0,41.6,50.0,41.5,41.0,62.6,45.5,58.7,68.8,48.5,66.3,41.5,41.6,70.5,60.5,8.63,9,2,1,Web Development,Data & Analytics,DevOps Engineer
2845,35.9,50.1,43.4,30.8,54.2,50.1,34.3,35.5,38.0,34.9,38.8,43.4,41.3,43.9,46.2,39.6,50.1,41.1,42.6,30.0,41.4,44.7,55.1,52.8,44.7,61.0,44.2,8.66,1,1,0,Cybersecurity,Mobile,DevOps Engineer
2846,76.0,69.4,78.9,63.1,40.5,44.9,52.4,19.1,55.2,75.7,79.3,55.1,52.9,41.2,55.1,51.6,58.6,68.5,71.2,64.2,69.5,70.7,75.8,79.6,66.1,59.5,69.0,8.73,6,2,3,Mobile Development,Machine Learning,DevOps Engineer
2847,64.9,63.5,82.6,60.1,55.5,80.3,70.0,73.4,69.5,59.6,59.0,70.7,59.9,61.5,51.3,66.9,73.5,55.7,66.2,64.5,60.6,63.6,82.7,62.7,75.0,75.1,51.0,8.76,9,2,6,Business Analytics,Backend,DevOps Engineer
2848,50.3,61.1,62.3,67.1,64.7,58.3,55.7,53.7,53.9,55.1,69.7,64.4,56.1,32.9,43.7,56.1,57.2,55.9,44.1,64.4,48.0,55.1,41.9,68.4,36.1,42.3,52.5,8.77,4,2,2,Web Development,QA & Testing,DevOps Engineer
2849,62.0,67.8,51.7,74.7,52.0,37.2,61.7,56.7,60.9,71.7,70.6,60.9,53.9,68.3,70.7,59.6,64.8,56.8,68.6,77.6,90.2,70.9,62.6,56.0,43.2,70.9,56.1,8.78,2,3,6,AI/ML,Business,DevOps Engineer
2850,73.6,76.3,68.6,49.5,66.0,75.9,70.7,64.8,65.4,53.4,54.0,64.9,61.5,70.4,67.6,64.1,73.9,51.9,60.0,55.8,58.8,59.2,59.9,52.4,76.3,63.0,77.2,8.79,6,2,4,Cybersecurity,Cloud & DevOps,DevOps Engineer
2851,49.5,51.6,50.8,54.0,45.4,36.1,51.2,56.4,58.1,69.3,52.1,44.7,43.5,67.6,36.8,59.3,52.3,44.1,29.3,60.0,57.2,45.6,49.4,40.2,52.2,61.4,45.7,8.81,5,1,7,Data Science,Frontend,DevOps Engineer
2852,50.2,38.4,43.5,43.4,67.0,55.0,55.1,67.1,38.6,42.2,50.6,52.8,40.7,53.1,54.5,50.4,49.5,54.7,33.1,60.0,58.9,49.6,65.3,45.7,73.3,71.4,59.9,8.84,2,2,3,AI/ML,Backend,DevOps Engineer
2853,34.8,64.7,68.9,30.6,55.2,52.9,59.2,44.5,49.5,44.1,39.2,57.9,45.8,54.4,34.1,47.8,53.7,43.0,29.0,32.4,14.3,28.8,39.9,36.9,52.4,52.1,54.5,8.95,5,1,1,Cybersecurity,Mobile,DevOps Engineer
2854,44.2,42.9,36.0,33.4,52.7,70.3,54.7,64.0,50.7,44.3,39.6,50.8,46.5,52.4,51.1,58.7,54.5,50.0,57.5,60.8,46.7,65.2,40.1,47.4,30.2,36.2,43.5,8.96,8,2,9,Business Analytics,Frontend,DevOps Engineer
2855,64.1,65.3,46.5,54.1,75.6,85.0,67.6,73.5,47.5,51.2,55.9,62.7,58.3,52.7,54.2,61.4,63.8,59.7,59.5,50.5,56.5,63.2,71.2,54.4,63.7,64.2,68.0,9.0,5,2,3,Business Analytics,Mobile,DevOps Engineer
2856,47.3,36.8,33.5,48.3,47.7,43.3,37.5,38.4,44.0,39.0,38.2,49.0,34.1,48.2,53.3,63.0,53.3,53.6,62.1,37.9,47.1,51.8,64.9,30.1,51.0,53.9,45.0,9.02,3,2,2,Cloud Computing,Full Stack,DevOps Engineer
2857,71.0,67.1,69.5,57.5,52.2,66.7,57.1,50.2,48.4,39.4,53.4,64.5,53.4,54.6,73.5,58.2,67.1,69.6,76.6,63.6,53.2,55.8,39.1,64.3,51.5,57.2,60.9,9.06,3,1,2,Data Science,Security,DevOps Engineer
2858,69.5,53.5,61.5,62.1,49.1,57.3,53.1,54.6,46.2,42.7,43.2,61.9,57.5,52.7,63.4,50.0,54.0,74.8,72.1,72.5,70.3,76.2,71.1,73.2,62.4,64.2,73.3,9.11,5,1,8,Cloud Computing,Business,DevOps Engineer
2859,55.8,61.2,55.0,69.3,47.5,43.3,52.4,45.7,61.9,62.8,75.7,55.5,75.5,73.3,77.4,64.4,52.8,37.4,42.9,78.9,92.8,54.5,70.2,62.4,56.1,77.0,69.4,9.18,1,1,2,Mobile Development,Business,DevOps Engineer
2860,51.2,78.9,81.1,67.9,72.6,66.3,62.4,81.6,78.2,73.0,69.0,75.3,87.6,79.6,74.6,68.0,70.0,59.4,62.4,72.2,82.3,49.0,78.7,52.4,81.6,77.2,68.3,9.49,11,2,8,Cybersecurity,Backend,DevOps Engineer
2861,48.0,45.4,49.1,39.0,43.0,44.4,53.7,41.6,42.1,52.0,63.6,39.4,45.7,59.1,53.5,68.5,44.6,35.7,52.0,26.7,32.8,40.1,45.5,48.7,39.5,36.0,52.7,9.8,1,2,3,AI/ML,Machine Learning,DevOps Engineer
2862,25.4,39.5,41.6,49.4,58.5,54.4,35.8,51.3,43.9,36.2,40.2,47.1,42.4,43.8,37.5,20.6,36.3,45.9,52.8,56.2,44.1,51.9,40.1,46.0,40.6,28.2,43.0,5.67,5,2,4,Web Development,Full Stack,Frontend Developer
2863,24.9,49.3,21.5,21.1,46.9,36.6,26.1,53.1,13.5,10.9,8.2,28.6,19.0,9.5,10.3,24.9,2.4,28.8,25.0,33.9,11.1,13.8,22.5,15.8,32.5,23.9,24.5,5.74,5,0,0,Mobile Development,Machine Learning,Frontend Developer
2864,28.9,68.5,55.9,45.7,47.1,49.8,55.6,41.8,45.8,46.2,36.1,46.6,57.7,61.2,62.3,47.8,50.7,30.0,37.8,20.2,19.8,30.4,29.7,57.9,42.8,37.1,48.1,5.74,7,1,5,Data Science,Mobile,Frontend Developer
2865,37.0,42.7,50.6,32.6,30.7,49.4,57.5,64.4,36.6,49.5,36.6,55.7,39.3,58.8,53.4,58.5,43.0,41.0,24.7,31.2,41.2,32.9,30.5,41.3,29.2,32.5,50.6,5.88,5,2,2,AI/ML,Full Stack,Frontend Developer
2866,25.6,15.9,1.4,11.9,19.9,21.3,23.1,24.6,17.3,8.4,10.7,16.5,19.4,35.7,33.7,35.4,22.7,28.4,24.0,14.9,18.1,11.2,1.8,10.7,26.4,20.7,15.2,5.91,2,0,1,Web Development,Mobile,Frontend Developer
2867,40.9,47.8,29.3,39.0,39.3,9.7,43.9,25.7,33.6,43.7,35.6,56.2,37.2,53.8,41.7,43.7,32.6,11.6,25.5,24.8,31.9,26.4,25.7,39.7,31.4,32.8,37.8,5.91,6,1,2,Cloud Computing,Mobile,Frontend Developer
2868,36.6,27.4,26.2,49.8,34.9,51.6,37.7,50.9,38.3,43.0,23.0,40.3,28.9,33.4,43.3,47.5,50.7,43.1,41.3,38.3,30.7,31.4,28.0,33.4,28.4,51.0,30.6,5.92,1,2,3,Data Science,Security,Frontend Developer
2869,40.4,46.5,55.2,43.5,48.0,47.3,45.1,39.6,34.6,43.0,38.2,58.7,55.0,49.0,49.4,40.2,47.5,62.5,52.3,46.4,53.1,46.6,60.8,46.7,78.0,39.5,41.6,5.97,4,1,0,Cybersecurity,Frontend,Frontend Developer
2870,49.5,53.4,32.2,57.2,44.7,34.2,55.0,34.3,48.6,67.9,46.4,34.0,39.4,61.4,44.4,56.9,52.2,71.0,63.4,62.6,69.0,57.8,39.7,34.6,38.4,41.2,46.0,5.98,9,3,5,Cybersecurity,Cloud & DevOps,Frontend Developer
2871,20.6,20.2,11.1,33.5,39.2,36.3,33.8,28.9,26.3,25.5,15.4,23.7,29.4,30.0,12.2,33.2,24.5,7.3,14.9,18.6,25.0,3.7,32.0,13.7,23.3,16.8,14.3,6.02,6,1,3,Cloud Computing,Full Stack,Frontend Developer
2872,44.1,22.2,40.4,30.1,41.0,44.0,38.7,52.3,24.9,39.4,26.2,21.9,44.7,27.4,30.3,18.6,25.5,35.6,39.3,43.0,33.1,46.6,41.6,30.2,47.5,36.5,37.1,6.04,5,0,1,Cybersecurity,Machine Learning,Frontend Developer
2873,11.5,31.0,18.5,19.0,31.3,41.2,48.6,32.7,39.3,33.8,32.6,17.6,34.7,20.2,15.8,19.8,31.3,8.2,20.8,23.4,23.8,9.0,11.5,19.3,5.9,23.8,25.8,6.09,2,0,1,Data Science,Mobile,Frontend Developer
2874,48.9,26.5,40.3,23.4,45.7,36.5,30.3,41.1,19.4,33.4,33.0,31.9,31.5,30.9,31.0,44.6,38.8,45.1,23.7,50.9,54.2,41.1,52.2,37.2,67.6,61.9,38.6,6.09,8,2,1,Mobile Development,Mobile,Frontend Developer
2875,14.8,29.2,43.3,30.4,12.5,19.6,18.0,4.4,28.3,33.7,19.2,21.7,38.1,41.7,26.9,28.6,38.9,19.0,23.2,26.1,20.8,19.4,35.5,24.9,17.9,29.3,29.4,6.1,6,2,2,Data Science,Full Stack,Frontend Developer
2876,17.8,35.6,37.3,20.9,29.3,19.0,29.5,25.0,20.6,30.0,17.3,23.5,28.9,31.3,29.3,33.9,28.4,39.2,39.3,21.8,24.2,32.5,47.3,32.0,33.6,46.2,38.8,6.13,4,0,4,Business Analytics,Business,Frontend Developer
2877,30.0,25.7,38.8,40.5,38.8,32.7,30.2,48.4,49.4,41.3,38.1,28.8,35.5,35.8,48.9,39.3,36.2,25.8,28.8,40.5,40.2,31.5,28.2,24.7,30.5,24.4,33.7,6.14,4,2,2,Cloud Computing,Full Stack,Frontend Developer
2878,47.9,41.7,42.2,37.4,46.1,45.9,42.1,48.4,28.8,27.6,40.7,39.9,41.7,37.1,38.4,38.0,55.1,51.6,57.9,26.1,27.8,44.9,35.9,38.5,34.2,20.4,36.6,6.14,6,3,2,Cloud Computing,Cloud & DevOps,Frontend Developer
2879,37.1,24.7,31.1,29.7,13.7,24.9,33.6,26.6,36.7,13.0,13.5,42.1,39.1,34.9,34.5,51.5,33.6,28.4,56.4,11.9,18.1,26.3,45.6,26.3,14.5,38.6,37.1,6.17,5,1,0,Web Development,Full Stack,Frontend Developer
2880,33.7,38.4,50.4,37.7,38.3,35.5,28.5,44.1,46.4,38.2,33.5,44.9,40.9,43.5,44.4,49.3,58.4,37.9,42.5,19.9,18.4,29.8,22.3,16.0,25.6,39.1,27.8,6.18,1,2,2,AI/ML,Cloud & DevOps,Frontend Developer
2881,33.7,42.1,35.3,19.5,30.1,19.7,36.9,30.8,26.2,12.1,17.3,25.2,42.9,24.7,26.4,18.2,30.6,28.5,29.3,33.7,40.9,37.6,52.5,51.6,46.7,37.3,49.7,6.23,7,1,0,Business Analytics,Business,Frontend Developer
2882,23.6,33.0,27.6,25.3,29.9,36.6,35.3,33.6,31.7,30.2,22.2,33.0,31.8,37.1,35.5,43.8,23.1,17.0,21.1,25.0,29.4,13.3,15.1,19.7,35.1,32.3,42.2,6.24,3,0,2,Web Development,Data & Analytics,Frontend Developer
2883,33.0,35.9,44.5,27.4,34.3,16.4,29.1,37.5,11.0,28.8,24.7,31.4,37.3,30.4,37.5,27.0,22.5,35.8,48.4,37.6,40.3,55.7,33.6,37.5,46.5,41.4,41.1,6.25,2,2,1,Mobile Development,QA & Testing,Frontend Developer
2884,35.9,24.9,42.3,19.9,12.6,25.6,17.0,19.8,23.0,7.8,22.2,36.0,27.6,23.6,25.9,42.6,36.8,32.9,26.6,31.7,27.2,34.7,34.2,52.9,53.3,17.8,22.0,6.25,3,2,1,Data Science,Cloud & DevOps,Frontend Developer
2885,47.7,43.1,29.0,40.1,58.7,55.0,45.2,45.2,41.9,42.4,49.4,48.6,29.3,39.9,38.5,48.1,44.1,40.0,40.8,42.9,50.7,30.7,44.6,50.3,47.7,49.2,29.9,6.25,5,2,3,Mobile Development,Backend,Frontend Developer
2886,40.4,26.3,43.4,60.6,55.6,51.8,39.6,63.1,42.1,39.6,40.1,58.8,43.2,50.2,45.6,45.1,45.4,49.9,37.9,42.3,57.9,40.0,63.6,39.9,58.6,64.3,59.3,6.26,5,2,5,Data Science,Security,Frontend Developer
2887,45.0,42.7,26.9,64.1,29.5,27.0,41.0,15.0,40.8,38.6,44.9,28.5,34.9,27.3,40.6,29.9,54.4,37.6,18.5,31.8,38.8,35.0,23.9,29.0,33.9,22.1,32.8,6.28,5,1,3,Cybersecurity,Security,Frontend Developer
2888,48.8,29.7,34.3,27.1,38.2,54.7,37.6,53.2,26.4,33.5,16.6,45.2,38.6,36.0,47.3,37.5,35.1,42.4,52.7,35.5,30.0,38.5,37.6,28.5,19.2,30.2,45.6,6.29,1,0,1,Web Development,Frontend,Frontend Developer
2889,44.7,70.2,43.7,48.4,55.8,52.1,50.9,56.1,55.5,44.7,56.0,45.3,44.1,36.5,40.0,38.6,40.9,62.8,45.6,49.5,47.3,58.3,32.8,60.1,31.5,28.2,34.4,6.3,6,3,4,Business Analytics,Machine Learning,Frontend Developer
2890,34.3,28.2,31.9,24.7,43.9,53.9,48.4,53.5,32.5,37.6,17.9,34.3,45.6,26.1,28.7,34.1,35.8,26.7,24.8,11.1,17.5,19.6,24.7,30.1,32.9,12.3,24.5,6.31,4,1,0,DevOps,Cloud & DevOps,Frontend Developer
2891,33.3,39.3,38.9,33.2,40.6,32.0,27.6,28.0,44.5,41.3,36.6,50.7,34.7,36.2,27.8,34.1,31.7,33.6,27.7,44.8,30.2,35.0,51.6,34.0,66.1,46.0,41.2,6.32,5,1,2,Mobile Development,Frontend,Frontend Developer
2892,27.8,33.8,39.9,50.4,43.1,35.5,43.0,31.4,44.3,47.3,44.9,38.0,32.0,31.5,28.1,39.8,34.3,35.2,23.5,24.3,24.4,24.0,24.0,26.1,41.0,37.4,30.0,6.33,2,0,0,AI/ML,Machine Learning,Frontend Developer
2893,39.7,49.6,43.1,64.3,47.4,28.5,37.4,49.1,56.4,57.9,59.8,46.3,52.3,69.6,64.8,51.7,48.1,51.2,50.2,68.9,70.2,39.6,44.6,38.4,41.2,36.9,35.2,6.34,5,2,1,Data Science,Business,Frontend Developer
2894,27.8,49.3,32.1,52.9,61.8,51.7,48.0,40.7,45.8,51.1,48.6,46.4,31.6,29.8,26.4,46.6,24.3,32.3,30.5,64.8,60.0,37.7,61.4,33.7,56.2,44.9,41.7,6.36,5,1,2,DevOps,Business,Frontend Developer
2895,14.5,32.4,44.7,24.2,31.8,13.4,19.3,20.8,13.7,17.0,11.6,26.0,19.5,19.6,15.4,27.3,19.6,32.4,32.6,31.5,26.4,22.7,37.5,29.0,42.2,40.2,19.3,6.37,1,1,2,Cybersecurity,Mobile,Frontend Developer
2896,62.2,45.4,46.1,61.2,43.3,43.8,37.2,55.4,62.8,72.4,55.8,43.8,46.2,42.9,36.3,40.3,39.3,57.5,62.0,57.4,62.9,51.4,41.7,61.9,45.3,48.2,54.6,6.37,4,1,5,Mobile Development,Data & Analytics,Frontend Developer
2897,39.6,32.7,28.8,48.7,34.4,52.1,42.2,49.4,49.7,48.0,43.8,33.8,42.0,34.4,51.3,28.5,46.7,44.2,35.6,45.2,44.2,27.6,50.5,35.2,38.3,35.4,31.5,6.38,7,0,1,Data Science,Backend,Frontend Developer
2898,60.9,51.4,50.2,75.4,47.6,60.5,56.8,54.0,55.3,68.1,71.0,48.4,68.7,50.8,61.8,50.5,52.4,55.8,59.3,68.8,61.3,67.2,60.4,83.7,62.8,66.9,46.2,6.38,4,1,6,Cloud Computing,Frontend,Frontend Developer
2899,24.9,21.2,40.2,15.5,29.8,31.2,28.4,44.8,25.8,17.1,18.6,23.7,29.7,27.9,16.0,24.5,21.7,40.4,34.7,18.2,17.8,28.3,42.6,27.8,30.3,37.6,40.6,6.4,5,1,3,Data Science,Data & Analytics,Frontend Developer
2900,34.8,29.6,23.3,49.5,63.4,62.2,61.1,56.8,53.8,41.1,41.8,41.2,24.1,15.9,29.9,34.6,33.8,39.2,39.5,43.9,53.7,33.8,17.9,14.1,56.7,55.6,30.9,6.41,9,2,1,DevOps,Full Stack,Frontend Developer
2901,34.9,40.4,50.1,31.7,53.8,43.8,30.5,30.4,48.8,39.8,34.5,36.8,37.2,21.0,28.5,19.7,17.7,20.3,33.0,22.9,42.9,31.9,38.9,23.3,42.0,34.1,31.7,6.41,2,1,1,Business Analytics,Frontend,Frontend Developer
2902,50.0,51.1,72.7,45.7,36.3,41.9,38.7,34.8,55.5,52.6,64.2,39.8,49.5,36.7,35.6,36.9,46.3,53.6,47.5,48.7,48.6,55.6,60.4,61.6,60.3,53.9,61.9,6.43,5,2,1,Business Analytics,Data & Analytics,Frontend Developer
2903,19.4,33.1,39.6,25.9,44.3,36.7,45.5,52.7,44.1,36.2,36.2,31.3,46.9,31.0,50.2,45.3,43.2,31.2,25.8,19.4,19.4,40.0,40.0,32.8,45.0,42.9,37.4,6.44,7,1,2,DevOps,Security,Frontend Developer
2904,40.0,31.4,32.5,32.5,21.3,15.0,21.1,23.3,22.0,20.6,29.5,40.0,39.0,39.7,42.5,53.7,55.8,37.3,36.5,24.2,23.6,37.4,25.9,20.8,37.5,28.9,49.3,6.44,4,1,5,Mobile Development,Cloud & DevOps,Frontend Developer
2905,46.5,38.2,60.4,51.3,44.9,55.3,55.0,58.5,64.2,56.1,42.5,37.4,47.2,37.9,34.1,35.7,36.5,50.0,52.3,30.5,36.8,68.0,33.9,59.9,39.6,48.9,55.8,6.46,4,1,1,DevOps,Security,Frontend Developer
2906,17.1,16.9,19.5,21.9,34.0,24.3,26.2,34.5,14.0,16.8,24.9,30.2,21.7,21.8,24.2,25.2,15.3,33.8,26.3,30.1,28.0,39.7,26.0,21.0,9.8,16.0,25.8,6.49,1,0,0,Cloud Computing,Data & Analytics,Frontend Developer
2907,40.9,36.6,35.7,39.0,36.7,32.2,35.9,35.8,34.8,44.4,24.9,38.1,39.4,30.7,40.3,38.2,41.5,34.2,45.1,21.7,26.1,30.6,15.9,25.0,25.8,54.5,24.8,6.49,1,1,4,Mobile Development,QA & Testing,Frontend Developer
2908,47.0,36.6,31.5,44.8,42.5,41.7,31.9,53.6,42.2,50.9,53.8,31.2,46.2,48.5,54.0,57.0,41.5,37.7,36.4,63.4,59.8,41.8,40.1,56.8,27.9,33.7,38.2,6.51,3,2,3,Web Development,Frontend,Frontend Developer
2909,43.4,33.3,32.3,30.2,43.7,62.9,43.5,43.7,39.2,22.7,30.5,46.1,30.0,43.2,39.5,44.5,33.1,35.8,40.1,37.0,45.8,28.2,44.1,37.0,60.2,49.2,42.9,6.52,3,0,4,DevOps,Business,Frontend Developer
2910,33.2,36.9,32.8,39.0,43.9,58.3,27.5,45.4,37.5,39.8,35.6,58.2,49.1,46.7,52.2,48.1,48.0,33.4,35.4,28.3,49.1,34.0,38.6,37.0,10.4,44.3,46.3,6.53,2,1,3,Mobile Development,Security,Frontend Developer
2911,33.3,36.1,22.6,47.7,41.9,46.2,38.7,34.0,42.8,43.1,33.0,44.0,28.6,45.9,56.3,41.0,41.2,55.0,52.0,48.4,33.5,51.1,18.2,42.1,27.4,31.3,32.2,6.53,2,2,2,Web Development,Mobile,Frontend Developer
2912,39.9,32.2,28.2,33.7,36.5,16.5,28.4,22.1,31.9,35.1,38.6,34.5,39.0,30.0,35.8,42.9,25.7,53.5,52.7,27.1,22.4,37.9,29.1,25.4,24.7,35.0,42.6,6.54,3,1,1,Cloud Computing,Backend,Frontend Developer
2913,25.9,49.0,35.4,21.2,41.2,45.3,41.2,32.2,29.5,26.2,25.3,29.2,43.7,45.1,53.1,32.1,42.0,28.6,30.8,21.5,14.1,19.9,53.3,38.7,28.5,38.5,26.1,6.55,6,2,1,DevOps,Frontend,Frontend Developer
2914,42.4,61.5,57.7,37.5,48.4,50.6,42.8,54.4,56.6,53.8,40.8,48.6,52.9,53.0,54.4,40.6,49.2,35.5,44.3,34.4,44.6,34.4,44.6,50.5,58.1,49.8,43.1,6.56,5,1,1,Web Development,QA & Testing,Frontend Developer
2915,38.3,21.6,30.5,32.6,33.0,55.5,28.1,35.6,18.6,43.0,32.8,21.1,39.1,24.3,19.7,18.5,22.8,42.6,41.8,25.5,38.9,38.0,26.5,28.5,37.5,44.0,35.8,6.57,3,0,3,DevOps,Full Stack,Frontend Developer
2916,52.5,33.3,36.4,26.2,33.0,47.5,31.0,34.9,46.2,27.6,36.5,36.4,28.6,47.1,58.1,50.4,38.7,40.6,51.9,38.1,25.4,25.7,38.3,29.4,51.8,46.2,35.4,6.57,2,1,3,Mobile Development,Machine Learning,Frontend Developer
2917,58.9,44.3,47.1,52.0,63.0,84.7,58.2,61.3,53.2,55.9,48.2,52.2,53.9,43.4,45.2,44.2,48.2,56.6,65.5,58.1,55.6,70.5,62.7,60.4,61.0,60.7,60.2,6.6,6,2,1,Mobile Development,Frontend,Frontend Developer
2918,26.2,20.5,25.9,32.0,47.0,51.6,32.8,42.4,42.4,19.8,30.0,40.3,44.6,46.8,25.7,26.0,30.2,31.6,38.6,36.2,36.8,38.7,47.1,34.6,48.9,37.1,36.9,6.61,5,1,2,Cybersecurity,QA & Testing,Frontend Developer
2919,26.5,37.2,15.4,32.1,44.8,42.9,38.1,46.1,34.2,31.5,32.9,41.6,37.2,31.0,28.6,33.2,38.3,26.0,12.7,17.7,24.4,19.9,25.7,16.3,20.3,27.9,28.3,6.61,2,1,3,AI/ML,Full Stack,Frontend Developer
2920,40.8,35.3,39.2,34.4,42.0,35.0,45.5,29.8,36.8,52.4,35.0,47.9,37.7,37.1,32.7,32.4,28.0,42.5,35.6,34.3,35.5,41.9,26.2,44.5,25.3,38.3,23.8,6.61,5,0,4,DevOps,Machine Learning,Frontend Developer
2921,32.0,42.6,36.0,44.3,36.9,31.8,40.7,29.1,52.3,43.1,50.4,43.2,47.0,29.8,35.1,29.1,26.1,36.0,38.5,40.8,44.1,60.1,21.2,43.7,30.3,37.5,17.5,6.63,5,1,2,Data Science,Mobile,Frontend Developer
2922,35.7,29.2,47.3,48.3,52.1,57.9,64.6,51.3,49.0,47.9,30.5,35.3,43.3,24.3,34.9,44.3,40.2,17.3,19.5,33.3,42.3,27.0,27.9,31.3,37.8,47.9,33.7,6.65,3,1,5,Cloud Computing,Security,Frontend Developer
2923,31.8,38.7,47.8,21.2,23.3,21.3,35.0,26.5,28.9,25.9,30.1,28.1,37.9,43.0,33.3,22.4,32.9,33.3,8.4,23.5,27.0,23.3,1.2,35.9,26.2,30.7,38.5,6.66,3,0,2,Data Science,Full Stack,Frontend Developer
2924,20.6,31.6,21.7,29.8,26.2,25.2,18.4,26.1,34.5,22.7,27.9,28.7,15.9,18.2,18.0,4.6,24.7,15.0,24.2,25.2,48.0,22.4,53.3,24.9,37.9,47.8,19.3,6.67,3,2,1,Business Analytics,Data & Analytics,Frontend Developer
2925,15.3,24.2,15.2,15.5,33.6,31.7,27.0,41.0,22.3,33.4,1.2,27.5,21.3,25.2,27.1,37.6,21.4,22.9,38.9,15.3,32.6,20.8,17.4,38.9,14.8,25.9,23.6,6.68,4,0,0,Cloud Computing,Business,Frontend Developer
2926,13.6,17.1,20.5,26.5,16.7,10.9,13.4,11.3,14.7,17.0,23.2,38.3,31.0,29.1,28.3,20.2,23.2,30.6,27.1,7.7,11.8,37.1,23.4,20.0,35.3,27.7,35.9,6.69,3,0,1,Data Science,Cloud & DevOps,Frontend Developer
2927,27.3,34.7,21.8,26.1,19.8,32.9,29.5,33.6,19.1,24.0,16.0,26.7,41.0,23.9,16.6,23.9,19.0,22.2,38.7,19.0,32.3,32.3,34.1,28.3,30.8,45.9,22.5,6.69,2,1,1,Mobile Development,Data & Analytics,Frontend Developer
2928,33.5,23.4,34.1,31.4,54.3,62.2,42.8,36.9,48.9,29.5,39.8,42.0,44.0,48.9,43.1,50.3,38.9,41.9,31.8,28.7,21.9,34.7,23.3,26.0,27.9,15.4,39.2,6.69,2,2,5,Cloud Computing,Business,Frontend Developer
2929,22.6,35.9,31.1,25.3,28.2,38.3,30.8,32.1,16.3,33.5,32.8,26.1,29.7,17.2,15.9,19.4,16.8,40.6,29.3,26.6,47.2,24.6,24.5,34.8,5.5,23.4,23.3,6.7,5,0,0,Cybersecurity,Machine Learning,Frontend Developer
2930,34.8,38.7,42.4,26.6,55.5,41.0,34.2,35.2,47.9,37.4,32.7,44.5,32.8,35.0,39.1,26.7,30.2,50.0,48.8,31.0,24.3,37.9,36.4,53.8,57.8,31.9,44.8,6.7,4,0,3,Cybersecurity,Backend,Frontend Developer
2931,36.9,25.9,26.1,13.8,21.2,34.5,31.5,35.8,25.3,15.6,22.2,40.7,19.0,20.7,4.1,18.3,21.7,29.1,25.8,13.9,22.7,24.8,33.2,20.8,54.5,33.7,30.3,6.7,3,1,0,AI/ML,Cloud & DevOps,Frontend Developer
2932,48.5,44.7,34.7,58.7,23.4,13.8,41.5,16.6,41.6,40.2,60.4,44.5,39.7,42.0,33.3,49.1,39.9,38.2,41.5,58.3,61.3,34.4,56.8,27.4,33.3,46.2,33.8,6.7,5,1,0,Mobile Development,QA & Testing,Frontend Developer
2933,30.0,46.4,37.5,21.0,28.4,36.5,39.1,33.2,39.4,40.6,34.3,39.5,24.0,38.1,32.6,49.0,44.4,19.9,21.7,18.5,20.8,37.9,34.8,34.6,12.8,27.8,38.4,6.72,5,1,4,Data Science,Security,Frontend Developer
2934,18.4,12.4,27.3,26.9,12.7,26.3,13.3,24.7,20.5,15.8,27.0,24.9,13.7,11.8,28.3,18.4,35.1,34.5,10.8,9.4,27.0,16.1,33.4,20.9,22.2,27.0,4.2,6.73,6,1,1,Mobile Development,Frontend,Frontend Developer
2935,29.0,38.6,35.1,28.2,31.8,44.1,30.8,49.7,25.4,31.9,35.7,35.4,32.0,28.5,41.8,19.4,43.1,24.7,34.6,41.5,39.5,40.4,41.5,30.4,38.4,34.7,31.0,6.75,3,1,2,Mobile Development,Backend,Frontend Developer
2936,41.3,27.2,42.8,47.3,48.5,37.9,40.4,47.5,33.4,35.9,43.9,48.2,43.1,43.1,43.9,42.3,35.3,56.3,54.3,40.6,59.7,57.7,53.1,49.6,58.5,50.0,52.6,6.75,8,1,0,DevOps,Data & Analytics,Frontend Developer
2937,44.0,43.3,31.9,32.7,55.5,44.3,47.9,47.1,55.3,50.3,43.7,37.4,51.8,66.1,54.6,53.1,34.8,36.7,36.0,22.4,37.7,9.8,37.7,36.3,45.1,48.3,53.4,6.75,2,1,3,Business Analytics,Backend,Frontend Developer
2938,46.7,30.1,30.3,19.9,62.8,54.7,50.2,47.3,36.8,42.5,50.5,40.7,38.3,41.5,44.5,44.9,34.4,37.6,46.0,51.1,41.8,43.2,27.3,46.3,33.9,37.7,40.7,6.75,5,3,3,Cybersecurity,Mobile,Frontend Developer
2939,50.6,42.5,47.9,57.3,53.4,38.6,56.8,47.4,49.3,53.1,55.1,43.1,48.2,50.3,43.4,39.0,36.8,63.0,40.9,47.1,55.8,43.5,65.3,40.4,53.4,55.3,39.3,6.75,8,0,0,Cybersecurity,Frontend,Frontend Developer
2940,25.2,15.5,30.0,28.7,42.6,48.4,46.3,41.4,37.1,20.0,31.3,38.4,38.7,15.7,26.4,33.3,12.4,34.8,35.3,28.5,24.4,32.0,23.0,37.3,19.9,29.3,28.6,6.77,9,1,3,Mobile Development,Full Stack,Frontend Developer
2941,39.0,34.2,46.2,41.2,34.7,54.2,44.3,43.4,25.3,33.6,37.5,38.0,38.5,46.3,48.4,38.2,32.9,53.7,44.7,26.0,32.8,50.9,19.0,49.4,21.3,16.4,49.7,6.77,5,2,1,AI/ML,Frontend,Frontend Developer
2942,41.9,44.7,48.9,53.8,69.4,67.3,60.5,55.9,44.6,50.7,49.8,46.7,48.3,43.5,44.3,35.1,47.6,37.2,25.7,56.7,41.9,34.9,58.3,44.5,50.0,59.1,54.8,6.77,4,1,5,Web Development,Full Stack,Frontend Developer
2943,45.4,52.1,56.6,35.9,62.2,61.1,41.8,52.1,39.7,36.5,26.0,62.1,35.6,30.5,33.2,45.3,40.5,22.7,29.8,48.1,36.3,36.2,42.5,54.8,35.5,39.8,64.1,6.77,5,0,2,Mobile Development,Full Stack,Frontend Developer
2944,34.4,50.7,51.8,34.9,62.6,75.8,65.6,46.2,63.3,49.3,40.0,35.0,43.9,36.4,39.7,62.3,44.0,22.8,16.8,36.8,38.2,29.0,34.8,55.0,29.8,49.9,51.5,6.79,4,1,1,Cybersecurity,Mobile,Frontend Developer
2945,37.3,43.4,58.0,48.8,65.4,57.7,55.7,56.9,56.0,64.7,52.6,46.6,56.0,56.6,44.4,61.8,55.6,30.8,35.4,46.4,43.2,44.8,63.8,41.1,64.9,72.2,35.6,6.79,6,3,4,Business Analytics,Full Stack,Frontend Developer
2946,51.1,44.3,43.2,39.1,35.2,38.7,27.1,25.2,54.2,40.1,42.4,46.5,41.2,48.7,44.6,40.9,31.3,48.4,55.3,43.7,21.6,50.2,51.4,46.5,36.2,37.7,48.4,6.79,2,2,1,DevOps,Full Stack,Frontend Developer
2947,47.6,49.6,53.3,36.0,35.0,27.5,45.7,40.6,47.4,57.3,58.0,62.0,42.3,39.7,37.1,37.1,43.3,43.7,57.4,48.2,59.4,58.4,24.5,50.1,27.5,36.0,61.3,6.82,7,0,3,Cybersecurity,Security,Frontend Developer
2948,53.8,23.1,42.5,47.5,68.9,58.6,60.8,76.3,46.7,45.1,53.8,55.6,50.8,55.2,52.5,40.5,54.3,59.3,52.8,33.0,28.1,50.7,31.9,52.8,31.5,36.0,30.8,6.82,4,1,2,DevOps,Machine Learning,Frontend Developer
2949,58.4,71.6,59.8,53.4,64.2,69.0,71.0,61.5,37.3,38.9,77.6,69.6,65.1,44.2,59.0,69.0,66.8,47.1,37.2,56.6,65.6,47.0,65.1,66.3,55.3,58.5,71.6,6.82,4,1,3,Web Development,Business,Frontend Developer
2950,22.0,24.9,31.6,25.3,12.1,33.9,27.8,27.8,30.1,26.8,23.5,23.6,11.5,11.3,22.9,25.5,24.5,27.1,16.9,25.9,21.6,20.4,6.0,43.6,28.2,15.6,34.2,6.83,2,1,1,Data Science,QA & Testing,Frontend Developer
2951,42.6,42.8,29.6,35.8,38.7,39.7,42.0,34.8,39.2,35.3,46.3,45.4,39.3,31.3,35.6,34.1,41.6,41.4,47.7,34.1,45.6,39.7,29.7,45.7,31.0,29.7,43.1,6.83,4,0,1,AI/ML,Security,Frontend Developer
2952,44.9,40.8,45.7,32.4,43.5,57.5,39.9,42.8,34.4,38.6,25.3,38.9,50.7,55.2,49.1,58.4,50.9,38.1,38.1,52.7,44.3,52.4,63.2,47.3,56.1,73.1,43.7,6.83,5,0,1,DevOps,Machine Learning,Frontend Developer
2953,47.4,50.4,58.7,52.5,30.9,24.9,52.8,36.6,52.4,45.5,60.3,50.4,29.8,38.3,43.4,53.2,44.2,64.1,53.7,47.7,52.8,60.9,41.7,50.2,36.5,45.7,61.0,6.83,5,1,6,AI/ML,Business,Frontend Developer
2954,42.1,32.3,17.5,35.9,47.0,45.3,29.4,27.1,34.1,54.2,45.5,33.4,35.9,25.2,36.3,47.2,31.6,30.8,31.3,38.7,49.6,27.3,34.4,26.9,34.0,39.7,31.6,6.84,2,0,1,Mobile Development,Mobile,Frontend Developer
2955,45.3,56.6,42.3,62.8,52.3,64.4,56.3,49.9,74.6,53.2,51.6,37.2,53.4,56.3,59.0,58.6,39.3,45.5,50.0,39.3,34.7,46.2,22.9,57.0,40.9,38.0,43.9,6.84,8,0,2,Business Analytics,Frontend,Frontend Developer
2956,24.4,14.8,23.2,21.3,41.8,25.3,21.2,13.9,31.2,22.9,33.4,16.1,23.0,20.0,13.0,25.2,25.3,33.5,49.5,18.4,24.3,32.6,24.9,0.0,33.0,17.0,18.2,6.85,3,1,1,Cloud Computing,Data & Analytics,Frontend Developer
2957,37.8,42.2,47.5,18.4,21.0,34.8,25.3,18.3,32.4,39.3,29.9,31.7,47.9,43.4,42.6,32.4,46.5,33.1,46.6,37.4,20.1,35.5,57.8,41.8,34.4,44.4,35.8,6.85,10,2,2,Data Science,Machine Learning,Frontend Developer
2958,38.9,39.1,44.1,24.9,65.7,49.9,56.3,64.9,42.3,38.3,23.7,37.5,56.4,37.5,42.1,46.1,24.1,33.2,50.8,21.1,37.5,46.0,38.8,42.0,50.3,45.8,40.7,6.85,3,0,1,Mobile Development,Mobile,Frontend Developer
2959,35.8,47.2,55.2,41.2,44.4,37.1,39.3,46.6,41.8,31.1,34.2,48.4,42.2,46.1,65.9,50.1,49.8,50.4,50.5,55.6,59.3,65.5,59.4,50.1,57.5,46.6,52.1,6.88,2,2,1,DevOps,Business,Frontend Developer
2960,42.2,34.9,35.9,29.6,49.7,54.1,42.5,34.7,38.4,39.3,25.7,36.2,29.0,50.2,47.1,33.1,46.9,43.4,51.4,29.7,23.6,34.4,25.6,33.8,31.2,30.2,29.8,6.88,6,0,0,Cloud Computing,Data & Analytics,Frontend Developer
2961,43.6,52.8,43.4,40.5,56.9,68.8,53.2,56.6,57.1,46.5,34.6,64.0,36.3,36.6,32.6,38.5,41.4,46.5,27.3,40.4,34.3,56.7,61.1,47.3,48.5,50.5,34.5,6.88,7,2,2,AI/ML,Business,Frontend Developer
2962,45.6,45.0,30.6,48.0,74.8,78.4,56.3,78.5,56.8,51.0,54.1,37.9,42.3,34.8,41.8,44.5,45.8,44.1,19.9,47.9,67.0,35.8,55.4,48.3,69.6,59.9,35.2,6.88,10,2,1,Cybersecurity,Business,Frontend Developer
2963,41.9,41.1,63.0,38.7,56.9,48.7,63.6,57.6,53.0,38.3,38.3,60.1,47.0,49.8,52.5,38.7,52.9,57.4,67.9,39.0,45.6,60.9,74.8,65.6,75.1,70.4,54.1,6.89,4,1,2,Data Science,Frontend,Frontend Developer
2964,39.0,37.2,43.1,50.5,22.5,30.6,46.5,40.9,35.9,38.3,39.7,36.4,41.9,43.0,31.7,35.0,31.8,52.4,61.2,38.2,28.4,60.2,27.0,52.9,38.3,18.9,35.2,6.9,6,1,2,DevOps,Machine Learning,Frontend Developer
2965,32.0,45.4,42.8,25.3,47.3,51.6,42.9,45.2,46.7,38.8,44.0,40.9,41.1,39.2,23.6,32.3,29.9,24.2,31.3,11.7,23.4,32.4,11.2,33.9,33.5,45.2,37.1,6.91,6,2,2,Web Development,QA & Testing,Frontend Developer
2966,35.6,27.4,50.5,25.3,59.2,62.9,55.1,60.1,26.3,39.9,27.5,39.7,36.6,33.3,18.9,30.7,28.3,32.2,29.1,32.2,38.7,41.7,51.1,47.2,68.0,42.9,47.9,6.92,4,2,2,Mobile Development,QA & Testing,Frontend Developer
2967,42.0,43.9,54.1,47.8,50.9,58.8,43.6,55.4,48.5,45.6,42.1,39.1,46.4,35.8,46.8,33.8,60.4,49.1,36.5,40.2,34.0,47.2,52.1,45.9,19.7,40.1,68.6,6.92,3,0,4,AI/ML,Security,Frontend Developer
2968,30.1,38.1,32.6,46.8,44.0,52.8,53.8,41.9,37.2,41.5,33.7,51.7,40.1,44.4,38.9,47.8,41.6,32.7,45.3,53.7,50.7,33.7,45.3,20.4,36.7,53.8,48.1,6.93,5,1,1,Cybersecurity,Backend,Frontend Developer
2969,34.8,44.3,43.2,45.5,40.8,41.7,35.4,42.3,39.4,48.8,43.0,38.1,51.5,55.5,56.2,37.8,54.3,31.4,39.1,40.1,36.9,40.3,42.8,26.5,34.1,45.0,30.2,6.93,8,1,5,Web Development,Full Stack,Frontend Developer
2970,40.8,51.3,53.2,67.0,34.6,22.0,55.9,44.6,59.5,59.9,78.6,52.7,51.7,45.7,49.9,44.3,59.5,56.4,52.1,57.8,63.7,40.1,47.4,60.0,65.7,42.3,42.5,6.93,6,2,5,AI/ML,Full Stack,Frontend Developer
2971,44.9,33.2,43.4,28.4,41.0,29.5,46.5,25.5,53.6,40.5,48.2,48.0,25.5,35.2,35.4,40.4,36.5,21.8,33.9,27.8,20.0,37.6,38.7,35.4,55.3,42.9,28.7,6.93,2,1,5,Data Science,Full Stack,Frontend Developer
2972,47.2,25.4,39.1,45.0,24.2,27.0,31.7,18.6,27.9,34.6,44.4,40.7,36.1,34.5,42.3,47.0,29.9,62.7,40.6,61.8,58.4,53.9,57.1,51.2,63.0,31.5,37.1,6.93,1,1,2,Data Science,Full Stack,Frontend Developer
2973,60.2,42.1,35.7,35.5,47.8,60.5,49.3,47.4,66.0,48.6,32.9,46.6,46.0,50.5,57.6,50.2,49.6,38.5,58.7,44.9,41.0,50.6,44.2,37.2,43.0,66.9,35.7,6.93,7,0,6,AI/ML,Full Stack,Frontend Developer
2974,30.7,30.9,25.3,22.8,55.1,62.5,29.0,57.3,26.4,36.4,28.1,39.8,31.9,46.0,36.8,50.3,45.6,26.6,29.6,25.5,20.4,30.9,39.8,24.5,32.6,39.4,21.5,6.94,3,0,1,Cybersecurity,Full Stack,Frontend Developer
2975,31.8,24.0,23.6,29.0,29.7,41.2,37.8,37.5,28.6,31.8,24.3,30.0,35.7,15.5,32.0,27.1,32.6,39.0,25.3,19.2,13.3,31.3,29.5,44.2,26.3,29.3,23.4,6.94,2,1,3,Cybersecurity,Machine Learning,Frontend Developer
2976,41.7,37.2,36.4,38.4,22.4,40.6,21.0,29.9,20.5,28.8,42.8,38.3,41.7,33.9,18.0,24.7,40.1,46.8,34.6,68.0,40.8,24.3,48.8,42.9,39.9,45.7,35.0,6.95,1,3,2,Mobile Development,Data & Analytics,Frontend Developer
2977,53.1,52.6,34.7,52.5,51.1,39.5,45.7,38.2,44.1,43.8,40.0,52.8,28.1,54.0,55.6,50.7,46.5,51.4,45.6,44.2,51.7,44.0,59.6,28.5,46.2,64.5,43.5,6.95,7,2,2,Business Analytics,Backend,Frontend Developer
2978,26.2,14.9,15.9,36.7,19.8,14.1,16.3,15.0,13.4,32.5,20.7,27.4,35.9,37.5,48.8,27.7,22.7,18.2,39.9,24.5,51.4,45.5,39.5,18.2,22.5,36.9,26.7,6.96,1,1,2,Cybersecurity,Cloud & DevOps,Frontend Developer
2979,30.6,42.3,20.7,47.6,50.0,63.2,73.2,70.3,49.2,55.6,46.8,40.6,63.4,41.3,37.1,39.8,48.9,43.3,23.4,60.2,67.5,31.3,44.2,37.3,43.2,49.0,46.9,6.96,8,1,0,Cloud Computing,Mobile,Frontend Developer
2980,48.2,37.0,62.5,22.3,39.4,27.5,31.4,39.6,34.8,26.7,28.8,42.5,40.8,35.1,22.7,33.7,29.3,52.5,42.0,37.4,36.1,38.2,46.3,53.1,33.9,24.4,42.7,6.96,2,0,3,Web Development,Business,Frontend Developer
2981,59.4,50.4,31.2,64.2,40.8,42.8,35.6,39.1,42.0,43.6,64.5,42.5,47.0,59.7,50.8,42.1,58.4,53.3,46.4,57.9,72.0,43.8,70.0,38.0,68.5,45.6,52.2,6.96,8,2,5,AI/ML,Frontend,Frontend Developer
2982,69.2,55.3,48.3,64.2,68.7,57.2,59.7,61.6,58.3,61.9,64.5,63.0,48.2,54.7,62.0,58.8,61.2,59.5,53.9,34.4,37.4,50.3,41.4,67.8,47.7,34.2,51.7,6.96,3,2,0,Web Development,Full Stack,Frontend Developer
2983,51.5,41.3,61.9,48.8,38.0,14.3,35.2,20.8,41.4,39.6,37.3,29.9,37.2,37.3,38.7,43.1,41.3,44.9,49.5,24.1,29.6,60.7,39.8,37.4,63.4,42.3,56.4,6.97,5,1,1,Web Development,Cloud & DevOps,Frontend Developer
2984,53.5,40.4,36.8,62.1,44.6,41.6,55.5,58.8,53.5,46.7,43.0,33.0,34.7,27.5,34.9,48.4,30.3,46.4,48.0,46.9,45.1,53.3,37.9,50.2,56.2,29.2,38.7,6.97,4,1,2,Web Development,Data & Analytics,Frontend Developer
2985,48.6,45.2,34.0,50.1,61.0,55.0,45.3,37.0,45.1,47.8,45.5,54.8,47.7,52.8,56.7,48.4,42.8,47.7,53.2,47.6,56.8,47.6,31.1,39.7,30.7,53.2,40.9,6.98,3,1,2,AI/ML,Mobile,Frontend Developer
2986,42.4,31.2,45.1,27.0,73.7,58.7,58.8,77.0,27.8,34.8,25.2,29.2,45.5,21.5,29.0,37.5,43.8,40.0,47.5,32.6,32.3,53.8,35.2,36.1,39.6,26.8,49.8,6.99,4,2,3,Mobile Development,Mobile,Frontend Developer
2987,46.5,50.0,46.1,50.3,41.9,49.3,49.8,44.6,46.4,54.5,37.7,39.9,47.2,38.4,46.7,39.9,40.5,51.3,50.4,61.8,63.5,50.2,56.7,39.3,49.8,65.8,71.2,6.99,4,3,2,Web Development,Security,Frontend Developer
2988,48.3,40.6,51.9,39.3,39.1,48.2,51.9,73.2,44.2,47.8,41.4,48.5,52.2,43.7,51.8,43.5,44.3,60.3,56.3,42.8,52.3,66.6,66.6,47.0,54.2,49.3,36.9,6.99,7,3,4,Cloud Computing,Mobile,Frontend Developer
2989,24.7,33.7,40.6,45.3,36.2,25.6,43.6,39.2,19.1,37.5,34.4,36.4,46.3,44.3,41.2,42.6,38.1,27.0,25.9,39.7,28.6,26.7,57.7,38.7,48.7,41.0,20.4,7.02,5,0,1,Data Science,Business,Frontend Developer
2990,47.4,53.7,57.2,52.7,41.6,56.4,37.8,43.2,54.4,37.5,39.5,53.3,46.1,31.1,47.6,39.5,51.3,60.9,49.1,27.5,34.5,34.2,31.1,60.0,32.4,30.6,59.7,7.02,6,2,0,Cloud Computing,Frontend,Frontend Developer
2991,59.1,70.6,63.2,48.8,61.7,81.9,82.7,69.8,68.1,65.6,60.5,69.9,59.6,47.6,43.2,55.4,51.7,53.4,42.2,46.8,57.3,48.4,63.8,62.5,64.5,56.6,52.9,7.02,2,1,4,Web Development,Mobile,Frontend Developer
2992,21.2,40.6,31.9,54.6,30.8,15.2,23.3,27.6,37.9,43.5,58.4,28.1,32.9,35.9,37.9,37.4,31.9,51.5,35.9,47.1,48.8,32.8,36.3,41.8,46.0,40.6,33.3,7.03,4,1,0,Business Analytics,Data & Analytics,Frontend Developer
2993,27.8,29.8,39.4,25.6,59.1,56.5,49.5,49.6,29.3,32.0,23.4,50.9,43.8,41.4,40.5,52.4,28.7,49.4,38.0,23.3,28.5,26.3,51.3,28.0,47.4,55.7,33.1,7.03,1,0,3,Web Development,QA & Testing,Frontend Developer
2994,37.7,46.1,46.0,29.1,38.6,35.0,36.6,30.1,39.5,40.7,31.5,48.4,43.2,12.1,27.3,46.4,34.1,40.0,52.9,17.1,32.0,41.5,30.6,30.9,25.3,10.5,36.0,7.03,5,1,2,Cloud Computing,Frontend,Frontend Developer
2995,45.6,52.1,45.9,59.2,60.1,57.7,60.2,61.0,48.0,45.1,56.8,41.5,55.3,49.8,37.6,45.5,48.3,49.0,36.9,44.4,46.6,44.6,51.5,36.1,48.5,40.8,61.0,7.03,10,2,2,Mobile Development,Backend,Frontend Developer
2996,27.3,29.8,26.7,36.0,34.5,36.0,33.2,34.6,20.4,22.2,24.6,19.8,17.9,5.6,19.4,19.8,19.2,31.0,34.2,25.8,45.9,32.6,31.0,29.1,17.2,34.2,18.1,7.04,6,0,0,Business Analytics,Frontend,Frontend Developer
2997,29.0,17.1,22.2,19.6,47.2,44.7,37.7,39.2,44.2,38.6,22.7,38.8,44.6,40.1,27.1,38.8,28.6,16.8,17.0,32.8,19.7,12.3,34.6,32.9,55.0,38.4,42.2,7.04,5,0,3,Cybersecurity,Cloud & DevOps,Frontend Developer
2998,48.4,33.3,44.8,48.9,29.7,54.2,25.1,34.4,39.9,48.1,35.6,39.5,30.0,32.1,40.5,41.9,35.1,45.9,47.9,14.6,23.8,37.1,32.8,45.7,36.8,35.2,29.7,7.04,6,0,3,Web Development,Data & Analytics,Frontend Developer
2999,50.1,58.1,46.9,37.2,60.1,53.9,58.8,55.4,46.3,48.9,44.7,50.2,37.7,57.6,56.0,50.0,66.3,59.6,33.8,54.1,44.6,50.0,50.3,44.9,37.9,34.2,46.1,7.04,6,1,3,Mobile Development,QA & Testing,Frontend Developer
3000,62.4,53.8,58.1,56.0,44.2,52.2,48.4,61.9,54.4,41.7,53.5,45.1,63.1,55.2,66.8,61.7,50.5,64.5,77.6,45.5,61.3,59.1,31.2,48.7,41.5,39.4,40.9,7.04,8,0,4,AI/ML,Data & Analytics,Frontend Developer
3001,45.4,48.9,30.2,37.5,65.1,60.6,49.2,58.2,45.2,42.2,49.1,42.2,48.1,39.8,63.5,51.8,56.4,56.2,57.1,60.2,62.7,45.9,46.0,42.6,50.0,66.7,49.5,7.05,6,3,4,Cybersecurity,Full Stack,Frontend Developer
3002,48.3,70.0,59.3,64.5,68.3,73.0,55.3,57.6,58.3,56.6,61.4,57.2,57.8,50.1,51.8,60.7,52.4,35.2,49.5,48.6,54.4,54.0,59.7,58.3,51.6,60.8,55.3,7.05,5,2,3,Cybersecurity,QA & Testing,Frontend Developer
3003,48.7,53.4,51.4,40.7,72.7,58.9,60.7,73.3,51.6,55.8,39.9,52.2,50.2,49.1,42.5,47.6,57.1,57.3,49.9,35.6,35.3,48.1,39.2,58.3,47.8,23.7,50.4,7.05,5,1,2,Mobile Development,Frontend,Frontend Developer
3004,53.0,64.7,62.0,66.7,57.7,56.6,50.5,64.7,64.4,46.4,57.5,64.9,55.1,47.1,46.8,44.7,45.3,58.7,54.6,59.2,70.0,63.0,55.3,66.0,46.5,52.2,48.5,7.05,3,2,4,DevOps,Data & Analytics,Frontend Developer
3005,29.5,27.0,30.1,33.5,34.3,34.4,26.9,25.0,46.0,23.0,25.1,41.3,30.4,40.2,45.4,22.6,45.9,30.5,12.2,27.3,30.8,30.8,15.6,36.8,22.7,18.9,26.3,7.06,6,1,2,DevOps,Security,Frontend Developer
3006,34.2,49.0,38.7,51.1,29.9,37.7,34.0,31.0,27.7,30.1,43.5,36.3,47.2,51.5,33.0,43.6,38.6,38.5,25.0,47.9,37.1,32.0,20.2,52.2,34.2,10.1,47.5,7.06,1,1,1,DevOps,Data & Analytics,Frontend Developer
3007,50.1,47.0,53.1,46.1,33.8,29.4,43.1,32.9,44.0,50.5,49.7,51.3,46.1,50.0,58.8,56.7,39.4,40.8,48.4,40.8,40.3,59.7,35.4,62.6,30.9,34.5,52.4,7.06,2,1,3,Cloud Computing,Full Stack,Frontend Developer
3008,32.7,37.8,52.9,32.2,51.3,48.2,47.8,51.4,47.2,20.0,31.9,37.7,37.9,24.7,34.6,40.1,29.8,35.4,26.2,36.8,32.2,36.2,31.3,47.0,16.9,23.6,42.5,7.07,1,1,1,Mobile Development,Frontend,Frontend Developer
3009,38.2,49.1,31.2,49.6,24.3,17.9,48.3,21.6,39.7,39.4,54.9,43.9,32.7,43.1,37.2,32.8,45.4,35.4,16.5,67.6,51.6,39.3,53.2,40.5,36.9,25.8,28.2,7.07,3,3,1,AI/ML,Business,Frontend Developer
3010,54.7,48.5,44.5,75.7,44.7,47.9,60.8,63.3,40.8,66.1,62.0,47.0,52.2,36.5,48.5,50.5,48.6,47.9,58.8,64.9,54.6,48.4,65.1,62.2,62.1,48.4,40.4,7.07,7,0,2,Mobile Development,Full Stack,Frontend Developer
3011,61.5,49.3,67.6,46.4,47.7,49.6,45.7,38.0,47.6,50.9,41.4,47.3,52.3,38.7,48.1,47.7,52.3,44.7,42.0,52.9,40.9,37.2,50.6,57.0,57.4,42.9,62.8,7.08,3,2,1,AI/ML,Data & Analytics,Frontend Developer
3012,41.8,28.5,38.2,24.1,39.7,38.5,38.9,38.2,26.4,35.8,39.5,28.1,35.9,19.4,23.5,26.3,35.0,20.0,27.6,47.2,44.1,42.9,28.5,49.0,19.8,38.7,41.0,7.1,3,2,0,Mobile Development,Data & Analytics,Frontend Developer
3013,49.7,47.2,47.2,50.3,53.4,31.9,40.7,51.0,52.4,43.2,50.2,40.6,43.9,37.7,39.8,54.1,43.4,44.5,55.2,39.3,40.9,52.9,59.8,47.6,59.2,52.8,38.4,7.11,7,0,2,Business Analytics,QA & Testing,Frontend Developer
3014,50.5,34.2,50.9,26.5,45.3,55.8,54.5,53.9,30.3,30.8,38.1,48.7,55.2,62.1,51.4,41.2,60.3,48.7,60.7,38.5,33.6,57.3,39.4,47.1,31.9,28.4,63.7,7.11,5,2,4,Cybersecurity,Frontend,Frontend Developer
3015,53.4,42.8,52.9,46.0,61.6,69.5,53.4,45.7,51.7,47.5,38.2,55.2,44.3,55.3,46.8,54.7,48.3,41.4,25.9,53.5,48.7,48.1,56.2,35.4,71.6,64.0,37.9,7.11,4,2,1,Mobile Development,Full Stack,Frontend Developer
3016,42.3,37.7,58.7,40.4,40.2,30.9,39.8,56.1,53.4,51.3,55.7,41.5,32.9,51.9,41.8,47.6,47.0,47.7,43.3,48.0,70.4,47.4,37.0,61.9,40.0,43.1,48.5,7.13,5,0,5,Cloud Computing,QA & Testing,Frontend Developer
3017,52.1,41.9,33.5,49.6,55.7,71.5,67.2,61.8,50.4,47.0,52.4,53.5,45.4,52.1,49.5,51.4,36.5,44.9,41.9,41.4,48.2,36.5,38.5,44.1,41.9,43.2,36.1,7.14,4,1,1,Mobile Development,Data & Analytics,Frontend Developer
3018,28.7,41.6,33.8,35.3,45.8,74.3,71.5,62.1,58.3,43.1,37.6,45.7,58.8,67.0,46.4,53.2,38.2,39.6,48.5,48.6,52.7,30.7,81.0,29.2,64.4,53.9,36.6,7.15,2,1,4,Data Science,QA & Testing,Frontend Developer
3019,29.1,36.7,36.7,21.6,39.1,38.3,46.9,45.5,29.6,35.3,23.3,41.6,38.0,50.9,48.7,50.0,44.5,28.2,24.5,32.3,23.6,19.3,27.1,37.4,17.4,27.0,41.6,7.15,3,1,1,Mobile Development,Machine Learning,Frontend Developer
3020,46.1,56.9,63.2,53.4,55.4,53.9,55.8,57.9,50.4,52.3,57.1,70.4,47.4,43.0,44.5,50.4,41.0,41.4,55.9,8.6,34.4,52.3,53.1,44.1,35.4,47.3,60.6,7.15,5,2,5,Mobile Development,Cloud & DevOps,Frontend Developer
3021,29.4,41.8,43.0,40.6,26.8,22.8,27.3,35.9,31.9,18.8,33.2,32.2,34.3,13.6,16.1,11.2,26.1,44.4,48.4,27.8,35.9,42.1,19.5,40.1,20.3,30.8,30.9,7.18,5,1,1,AI/ML,Machine Learning,Frontend Developer
3022,59.3,46.0,38.9,63.5,46.7,40.8,57.3,42.2,55.4,66.8,63.4,52.2,50.0,46.5,49.3,38.3,57.6,44.5,51.1,57.4,61.9,53.1,68.0,67.1,60.9,57.4,58.5,7.18,10,1,2,Cybersecurity,Data & Analytics,Frontend Developer
3023,28.5,46.6,37.1,44.2,55.1,47.9,46.0,51.9,43.9,43.2,39.1,48.7,47.4,69.5,71.1,59.8,72.9,20.8,22.7,28.6,21.2,27.7,34.9,35.4,53.8,36.1,37.2,7.2,5,2,5,DevOps,Security,Frontend Developer
3024,44.8,25.8,38.7,59.0,49.9,63.9,51.2,65.4,49.5,31.6,54.4,51.0,45.3,51.2,54.9,47.0,40.0,59.4,59.8,72.2,59.7,77.5,47.8,50.3,34.6,41.9,47.6,7.2,6,1,2,Mobile Development,Frontend,Frontend Developer
3025,66.4,59.5,71.3,54.4,27.6,43.9,42.6,30.5,36.0,43.5,51.6,43.1,53.0,47.4,44.1,35.5,55.2,59.8,49.7,66.6,58.3,61.1,58.6,43.3,65.1,57.1,59.4,7.21,5,1,3,Web Development,Data & Analytics,Frontend Developer
3026,14.5,29.4,41.2,35.3,26.4,22.3,29.7,34.7,25.8,25.3,27.2,39.6,36.8,28.0,47.7,40.3,42.1,24.0,29.6,18.9,14.5,18.0,22.7,18.8,21.0,22.2,37.2,7.22,2,0,3,Data Science,Data & Analytics,Frontend Developer
3027,22.0,37.7,18.3,27.9,37.2,41.7,34.2,25.0,28.7,23.9,23.7,35.8,38.1,29.5,17.5,27.2,37.5,10.6,12.8,9.4,21.1,5.1,26.8,22.1,13.5,20.7,13.1,7.22,4,3,1,AI/ML,Mobile,Frontend Developer
3028,27.3,17.4,30.3,21.9,69.5,60.9,55.0,48.2,43.0,27.1,21.9,36.1,43.7,41.8,33.7,41.4,37.2,47.9,47.8,49.7,46.0,46.2,43.8,45.0,38.9,40.0,44.0,7.22,4,1,2,Cybersecurity,QA & Testing,Frontend Developer
3029,29.8,28.7,34.9,33.1,46.9,50.5,52.0,39.5,59.0,48.9,38.8,42.7,37.5,38.6,62.1,47.3,47.6,32.6,23.3,18.8,14.3,29.5,29.3,28.2,13.8,34.8,34.2,7.22,6,0,3,Web Development,Security,Frontend Developer
3030,35.0,46.4,45.1,56.9,45.3,55.2,40.6,45.1,55.9,42.4,67.4,52.7,44.9,20.0,47.5,50.9,32.1,74.0,49.3,67.6,62.3,53.7,40.2,48.3,28.5,48.8,45.2,7.22,7,3,1,AI/ML,Frontend,Frontend Developer
3031,45.1,64.8,68.1,68.1,48.5,60.5,75.3,56.9,60.6,67.9,78.6,52.4,64.1,58.0,49.1,60.8,59.8,47.8,36.6,60.5,56.8,59.2,44.8,60.2,48.6,53.8,58.8,7.22,5,1,4,AI/ML,Data & Analytics,Frontend Developer
3032,45.5,46.8,38.1,33.1,34.1,37.3,35.9,30.0,53.1,40.1,57.1,37.1,39.9,54.9,41.2,57.8,51.8,25.9,32.1,31.6,28.7,32.9,53.5,46.0,61.4,47.8,15.0,7.22,2,2,1,AI/ML,Machine Learning,Frontend Developer
3033,29.1,27.9,31.6,22.3,39.5,52.9,30.2,44.1,35.3,29.6,30.7,31.7,34.3,25.8,15.9,17.2,33.2,36.3,41.6,33.7,27.4,43.4,37.2,26.2,49.8,29.4,44.3,7.23,9,1,0,Web Development,Backend,Frontend Developer
3034,54.6,49.5,42.0,56.4,37.3,40.6,37.0,28.3,51.3,41.4,45.4,60.0,51.2,41.7,35.2,43.6,43.9,52.8,54.0,66.0,55.8,43.0,36.0,24.8,36.5,40.1,55.6,7.23,8,0,1,AI/ML,Frontend,Frontend Developer
3035,33.7,25.3,13.3,36.8,29.7,43.0,21.2,44.8,27.7,41.3,35.5,28.1,32.8,29.4,29.9,26.3,26.6,36.7,34.0,65.0,59.4,42.8,58.7,24.2,50.6,38.6,28.9,7.24,4,1,2,Business Analytics,Business,Frontend Developer
3036,41.4,8.8,34.0,20.4,55.0,43.1,42.0,59.4,31.8,27.1,36.8,21.7,30.6,20.1,27.8,20.1,22.7,30.6,33.9,32.4,36.4,30.7,29.1,19.4,32.3,12.5,21.4,7.24,3,1,0,Cloud Computing,Mobile,Frontend Developer
3037,19.8,12.2,26.7,19.3,23.6,38.0,22.8,39.7,28.6,16.5,17.9,25.4,32.6,16.0,17.9,15.7,22.7,21.8,22.5,34.6,26.2,47.7,38.8,18.7,27.5,33.3,44.6,7.25,1,1,1,Web Development,Security,Frontend Developer
3038,29.5,41.0,47.5,29.5,60.7,49.9,41.0,48.6,47.2,32.5,40.4,40.7,48.7,35.4,25.2,26.6,28.5,28.0,13.8,48.3,48.4,37.0,43.4,34.0,60.8,42.7,31.9,7.26,8,3,3,Cloud Computing,Data & Analytics,Frontend Developer
3039,31.6,27.7,35.4,23.4,28.2,47.4,19.6,48.4,35.2,26.1,37.8,46.6,34.6,37.0,30.0,40.8,44.7,27.6,16.1,30.9,24.1,34.1,27.1,27.5,30.4,32.7,37.7,7.26,6,1,2,Cybersecurity,Mobile,Frontend Developer
3040,38.4,42.7,34.9,54.1,43.5,48.5,53.7,37.8,47.4,46.6,46.1,42.4,43.9,27.8,57.0,36.6,57.3,39.5,39.1,49.6,49.4,47.4,51.4,42.2,47.5,50.9,36.6,7.26,3,3,5,Data Science,Backend,Frontend Developer
3041,43.4,57.9,63.9,40.7,60.5,53.5,49.1,65.9,63.9,41.3,45.3,54.1,53.7,51.6,48.7,65.6,38.5,45.0,41.7,44.0,37.7,41.7,58.8,58.4,59.1,58.9,40.8,7.27,4,2,2,Cloud Computing,Full Stack,Frontend Developer
3042,26.7,50.9,35.7,37.8,41.3,28.6,34.5,41.6,40.5,44.7,28.8,33.5,31.5,28.0,20.4,42.3,34.0,36.0,28.5,23.4,18.2,24.3,30.8,25.9,35.7,38.0,28.2,7.28,3,0,1,Web Development,Full Stack,Frontend Developer
3043,55.9,31.6,39.9,37.0,31.1,27.6,21.1,12.4,23.8,39.7,27.3,25.5,32.4,48.4,31.3,30.0,49.5,51.2,44.5,39.6,30.4,43.7,24.9,50.5,46.3,25.3,44.4,7.28,2,1,2,Data Science,Security,Frontend Developer
3044,45.0,46.4,45.2,34.5,42.2,36.8,37.1,57.0,35.2,27.5,39.9,33.5,35.5,37.7,41.9,50.6,47.4,46.8,34.4,49.1,58.0,41.5,57.6,47.0,58.1,58.4,59.4,7.3,4,1,5,Web Development,Backend,Frontend Developer
3045,47.0,45.4,70.6,41.8,52.5,68.5,58.1,73.3,58.4,61.2,34.2,49.8,65.0,64.1,36.9,40.3,54.2,61.6,30.4,47.1,46.2,55.4,66.6,75.3,52.2,63.2,51.4,7.31,5,3,2,Business Analytics,Mobile,Frontend Developer
3046,49.4,52.6,47.4,38.6,45.9,36.8,39.6,31.4,60.1,39.4,47.7,45.8,56.3,65.8,51.8,56.7,57.7,43.7,64.6,34.8,31.4,54.8,66.7,59.5,59.5,57.7,38.9,7.31,5,1,6,DevOps,Full Stack,Frontend Developer
3047,38.2,38.2,42.2,30.0,45.5,33.4,24.8,33.6,40.6,50.5,33.2,54.0,35.6,40.6,46.6,49.3,53.1,43.5,48.3,41.4,10.9,41.5,26.3,45.5,34.6,31.8,39.2,7.32,1,0,4,Cybersecurity,Data & Analytics,Frontend Developer
3048,39.1,23.9,35.8,38.6,37.2,24.5,27.3,36.9,20.7,34.3,35.3,24.7,44.6,37.6,34.0,43.2,35.7,33.7,44.5,41.8,26.8,58.8,46.2,39.3,40.6,41.9,47.5,7.32,4,2,3,Web Development,Frontend,Frontend Developer
3049,68.7,63.4,61.6,62.7,61.0,64.3,64.2,70.1,56.8,59.1,62.2,72.0,65.2,81.4,71.6,75.6,74.4,54.5,51.2,67.0,67.8,57.3,66.3,60.3,59.7,54.5,72.2,7.32,5,1,4,AI/ML,Mobile,Frontend Developer
3050,60.8,45.8,53.0,39.5,47.5,48.6,56.3,58.4,45.0,29.3,20.5,49.7,49.6,53.1,61.1,56.1,43.3,60.4,33.4,28.2,24.8,48.0,39.8,54.3,50.3,57.1,27.2,7.33,2,0,2,Mobile Development,Machine Learning,Frontend Developer
3051,45.6,33.1,56.4,38.2,53.6,57.5,53.5,51.9,41.5,36.1,49.5,52.3,52.1,43.0,31.8,46.5,50.8,30.1,58.9,55.2,59.1,51.8,62.5,53.0,54.3,38.5,66.7,7.34,5,1,2,Cybersecurity,Backend,Frontend Developer
3052,47.1,53.0,20.1,57.5,38.3,61.3,61.4,57.4,67.9,61.5,52.9,50.3,49.8,56.8,69.6,57.7,57.3,50.4,44.4,43.3,38.9,43.8,31.1,33.4,38.3,27.1,35.9,7.34,3,0,4,AI/ML,Business,Frontend Developer
3053,34.0,41.2,33.9,24.4,55.2,41.8,44.0,51.0,43.4,42.8,45.6,62.7,33.5,55.5,42.4,54.2,46.9,31.3,34.4,50.8,47.5,44.7,38.2,38.2,57.1,50.5,43.1,7.35,3,3,1,Mobile Development,Backend,Frontend Developer
3054,76.3,78.9,74.6,67.0,88.7,96.9,91.6,77.2,81.5,76.1,58.8,82.4,71.9,56.7,55.8,59.1,73.0,88.7,72.8,67.9,61.8,84.0,72.2,76.9,63.2,77.8,79.2,7.35,5,2,4,Cybersecurity,Full Stack,Frontend Developer
3055,44.3,39.3,39.8,45.1,57.9,50.6,54.2,65.0,35.3,34.9,28.3,56.3,45.7,37.7,43.1,47.2,38.9,53.9,45.4,30.1,45.5,43.1,17.1,15.7,15.1,30.2,42.3,7.36,4,1,0,Cybersecurity,Mobile,Frontend Developer
3056,57.4,46.7,70.6,47.3,65.1,72.6,66.4,62.4,42.0,49.3,54.5,64.7,45.9,56.5,45.4,38.3,76.5,47.7,51.2,59.2,66.5,50.4,52.7,54.6,58.7,57.5,58.3,7.36,9,1,1,Cloud Computing,Frontend,Frontend Developer
3057,53.7,48.0,65.0,48.4,62.9,55.0,52.0,58.6,54.1,51.6,42.3,44.1,40.3,43.2,33.8,43.7,38.2,48.5,60.3,40.0,49.1,62.4,44.9,60.7,28.9,44.7,64.8,7.37,8,2,1,Mobile Development,Cloud & DevOps,Frontend Developer
3058,25.1,26.1,28.7,25.9,53.2,48.3,43.4,51.3,25.8,19.3,35.6,30.6,34.4,33.4,42.1,50.3,44.1,19.5,39.9,33.0,38.1,32.8,42.8,43.8,41.8,35.2,36.6,7.38,5,2,3,Data Science,Backend,Frontend Developer
3059,47.1,46.4,36.3,45.2,52.8,54.7,57.6,57.9,48.1,56.7,55.8,33.1,49.8,39.3,34.4,40.7,30.0,62.6,58.1,47.1,48.3,39.7,49.9,38.3,42.6,58.6,54.0,7.38,9,2,2,Cybersecurity,Mobile,Frontend Developer
3060,34.0,41.9,51.1,43.1,34.8,39.5,30.6,30.9,36.0,45.7,39.2,52.1,36.2,36.8,29.6,32.8,32.4,26.3,27.1,43.2,38.4,35.6,45.5,29.9,43.5,47.3,50.6,7.39,6,2,1,Mobile Development,Security,Frontend Developer
3061,34.5,42.6,40.9,36.4,58.2,67.5,51.4,49.4,53.3,47.0,47.7,40.5,48.1,50.1,53.9,56.1,51.9,36.0,50.4,26.6,34.0,33.9,49.9,52.3,46.2,60.0,42.2,7.39,2,3,2,AI/ML,Frontend,Frontend Developer
3062,43.9,24.1,30.0,40.5,38.5,55.0,46.4,51.3,29.5,45.9,20.4,50.5,40.8,19.2,22.5,32.2,47.1,39.3,34.1,54.3,45.1,38.6,46.6,44.5,57.2,43.2,44.5,7.39,6,1,0,Cybersecurity,Backend,Frontend Developer
3063,52.5,39.3,45.3,44.3,73.3,73.3,50.2,68.3,54.5,42.1,51.0,65.4,63.6,72.4,57.4,49.7,48.7,61.8,62.6,53.3,46.8,74.8,56.0,63.6,65.9,61.0,56.8,7.39,5,1,4,Cloud Computing,Machine Learning,Frontend Developer
3064,33.9,14.2,32.9,33.3,10.1,30.6,19.0,36.9,24.9,35.2,40.5,23.8,29.9,36.5,30.1,21.6,38.5,29.6,20.5,61.0,36.1,27.7,34.4,33.8,35.6,30.8,38.5,7.4,6,0,1,Mobile Development,Machine Learning,Frontend Developer
3065,43.1,45.9,45.2,26.1,55.1,72.3,56.4,58.6,47.9,38.6,39.2,42.5,48.2,34.5,36.0,44.3,40.9,47.1,48.1,43.5,41.2,35.6,37.9,52.3,52.9,38.7,50.4,7.4,6,1,4,DevOps,Backend,Frontend Developer
3066,55.6,63.0,57.9,47.1,43.9,44.3,54.0,34.4,40.1,40.8,42.4,51.4,48.5,42.6,43.5,46.3,39.8,33.5,42.9,49.0,25.3,57.4,49.8,63.6,48.2,31.7,47.0,7.4,6,2,4,Cloud Computing,Frontend,Frontend Developer
3067,65.3,62.0,47.5,71.6,59.6,47.7,41.5,45.4,51.8,47.8,74.2,48.6,62.5,69.9,62.9,56.1,55.8,52.1,66.3,66.2,61.5,72.4,67.9,46.4,65.4,67.3,47.3,7.4,7,1,3,Web Development,Frontend,Frontend Developer
3068,73.5,52.3,45.3,66.2,36.9,58.3,55.8,47.0,54.0,51.7,70.6,57.2,62.0,64.9,76.4,55.5,49.4,57.3,72.0,58.0,60.1,60.3,72.1,60.6,54.5,45.5,70.3,7.4,6,2,1,Business Analytics,Security,Frontend Developer
3069,74.0,67.5,72.4,52.0,59.9,66.4,59.1,61.0,49.1,59.9,50.7,74.6,54.9,46.8,48.8,49.5,47.8,59.6,64.7,45.9,43.4,58.5,40.1,60.6,57.9,55.1,71.6,7.4,6,2,2,AI/ML,Full Stack,Frontend Developer
3070,39.1,40.8,45.1,38.9,44.9,46.9,42.7,50.2,50.6,39.2,40.3,46.0,53.7,45.1,47.1,39.2,55.4,22.4,26.6,56.0,55.5,45.9,46.0,46.9,39.1,33.7,37.7,7.41,6,2,4,Mobile Development,Mobile,Frontend Developer
3071,47.3,33.9,49.6,20.9,27.0,28.6,31.7,27.1,18.9,45.5,50.4,37.3,50.6,46.6,25.8,37.3,50.3,38.1,36.3,42.5,33.6,24.1,34.8,43.6,43.0,37.2,48.6,7.41,3,1,3,Data Science,Mobile,Frontend Developer
3072,32.1,40.7,48.4,32.0,55.3,46.8,55.3,42.2,44.5,46.0,37.5,50.8,39.0,21.2,44.7,31.0,43.5,27.8,31.4,29.2,22.5,13.5,22.8,43.3,29.0,17.3,39.5,7.42,0,1,5,DevOps,Backend,Frontend Developer
3073,37.4,61.5,63.8,49.1,51.8,38.8,41.1,52.2,54.7,60.2,52.7,38.3,49.1,65.5,52.5,58.4,51.8,48.2,38.7,41.2,41.1,43.7,35.3,60.1,45.9,48.4,55.6,7.42,5,1,6,Web Development,Data & Analytics,Frontend Developer
3074,45.6,46.4,47.5,42.8,56.4,55.9,49.5,53.0,44.9,51.5,31.8,42.9,46.3,39.8,43.8,37.7,34.7,52.5,56.8,41.6,41.2,53.3,51.5,56.7,33.7,38.1,49.8,7.42,3,0,2,Web Development,Full Stack,Frontend Developer
3075,53.8,45.3,54.2,30.6,49.1,48.7,60.1,60.5,45.8,41.3,43.3,36.9,48.0,49.2,41.8,44.7,57.9,44.5,65.4,27.2,27.9,39.4,56.7,44.1,45.4,58.9,46.5,7.42,2,1,4,Cloud Computing,Machine Learning,Frontend Developer
3076,34.2,48.6,19.4,54.7,50.9,62.3,46.1,46.4,50.8,49.0,42.2,45.0,55.1,33.3,40.3,35.0,49.2,31.6,36.6,38.8,43.2,33.2,43.9,27.0,31.3,38.7,24.5,7.43,7,1,3,Web Development,Backend,Frontend Developer
3077,42.8,57.2,56.2,58.6,62.2,71.9,71.6,68.0,60.7,61.6,62.5,55.8,50.6,51.8,60.6,71.5,53.9,48.3,49.4,28.9,35.2,47.6,47.4,60.6,47.6,48.3,55.5,7.43,4,2,3,Web Development,Mobile,Frontend Developer
3078,48.5,56.9,40.4,53.2,61.2,57.4,47.3,58.4,49.6,46.8,47.6,51.6,52.3,41.6,55.6,38.3,27.2,17.4,26.0,50.3,38.6,34.7,59.8,27.4,61.2,56.3,40.1,7.43,8,1,2,Web Development,Backend,Frontend Developer
3079,60.3,62.9,58.2,64.0,67.3,67.9,62.7,69.8,72.7,59.5,58.1,68.6,64.3,66.9,56.2,67.6,76.3,56.9,62.4,60.3,50.9,49.5,43.3,63.7,29.2,54.8,60.4,7.43,7,1,3,Business Analytics,Machine Learning,Frontend Developer
3080,46.3,32.0,49.7,48.3,58.8,74.0,55.4,69.3,58.5,51.3,30.8,43.9,39.3,42.3,37.4,41.1,38.4,57.6,63.7,59.3,47.0,50.4,46.7,53.3,27.9,47.5,46.5,7.44,8,1,4,Data Science,Machine Learning,Frontend Developer
3081,46.6,71.1,46.9,58.7,64.4,61.8,69.0,64.4,74.2,74.7,58.5,57.9,53.6,70.5,72.3,59.6,55.0,45.5,37.6,49.6,38.2,35.7,45.9,53.5,53.2,37.1,45.6,7.44,9,3,6,Mobile Development,Frontend,Frontend Developer
3082,52.2,39.0,31.2,44.9,48.5,28.9,52.9,56.2,32.8,47.6,44.7,49.8,42.9,38.9,46.4,55.6,31.0,62.9,55.4,57.3,60.1,51.9,45.5,45.2,56.9,45.8,52.1,7.44,5,1,3,DevOps,Data & Analytics,Frontend Developer
3083,35.7,35.6,29.7,22.4,32.9,46.2,26.9,50.7,16.7,41.0,35.0,34.0,39.2,42.7,40.2,44.2,33.7,42.4,37.7,23.4,37.8,38.2,34.2,47.1,45.5,40.0,34.8,7.46,2,1,1,Mobile Development,QA & Testing,Frontend Developer
3084,50.3,37.7,51.7,41.2,42.2,34.1,40.6,40.8,37.1,43.9,34.6,43.3,44.8,31.7,36.8,47.1,33.0,43.5,53.7,53.5,45.7,59.9,40.5,55.3,41.5,67.1,74.0,7.47,3,2,4,Business Analytics,Frontend,Frontend Developer
3085,56.6,41.1,35.6,40.0,54.0,36.9,42.2,31.7,53.8,45.4,38.2,46.2,53.4,33.3,35.3,51.8,44.5,30.1,23.2,33.2,40.5,34.6,43.1,36.3,60.1,46.7,44.1,7.47,5,1,2,AI/ML,Cloud & DevOps,Frontend Developer
3086,37.3,31.5,43.9,36.8,45.1,57.6,49.8,41.9,16.8,27.0,31.6,46.0,44.6,50.4,60.5,55.3,43.5,38.3,48.5,22.6,21.9,48.6,34.1,36.1,42.0,50.1,50.9,7.48,7,2,2,Web Development,QA & Testing,Frontend Developer
3087,38.3,36.0,38.5,39.8,19.9,30.4,31.3,30.3,32.8,32.5,37.9,28.8,33.4,31.3,42.6,33.7,38.2,53.5,45.5,48.7,42.5,52.9,29.3,46.1,5.9,24.4,45.0,7.48,2,1,2,Cybersecurity,Backend,Frontend Developer
3088,40.7,30.6,42.3,31.2,23.1,34.5,28.8,20.8,29.1,35.8,29.8,38.5,44.2,39.7,43.7,50.9,52.2,38.9,48.9,29.6,36.1,32.4,45.4,25.8,41.3,23.3,26.1,7.49,2,1,1,DevOps,Full Stack,Frontend Developer
3089,46.2,67.7,72.5,47.8,39.6,39.8,50.0,48.9,54.1,51.2,71.9,45.2,59.1,67.2,55.0,60.3,46.7,43.0,48.7,42.6,44.3,55.3,60.3,63.4,47.9,32.1,58.1,7.49,1,2,5,Web Development,Business,Frontend Developer
3090,17.1,33.2,14.6,24.7,56.1,70.6,69.7,68.7,34.3,41.2,20.7,48.2,56.3,36.7,41.9,38.7,22.5,31.6,28.4,26.2,11.3,12.4,39.4,12.5,32.9,35.4,28.1,7.5,9,1,1,Web Development,QA & Testing,Frontend Developer
3091,37.9,60.0,48.5,49.0,72.6,71.0,59.9,61.7,58.5,57.6,54.2,65.1,44.1,47.8,43.3,40.8,41.4,43.1,32.0,45.4,34.7,49.5,47.2,55.4,35.0,48.2,50.0,7.5,2,1,4,Mobile Development,Mobile,Frontend Developer
3092,51.5,53.7,38.9,44.9,48.7,46.2,51.4,59.7,30.8,46.9,47.0,40.6,45.5,33.3,30.0,39.6,25.4,34.3,30.5,53.3,39.8,30.3,28.5,36.6,27.2,16.8,31.0,7.5,7,0,1,Mobile Development,Backend,Frontend Developer
3093,58.5,39.6,43.7,40.8,53.6,50.2,46.8,57.5,50.4,54.0,36.6,39.8,40.8,45.0,55.5,48.6,51.2,60.2,40.0,43.9,48.4,40.1,50.9,52.4,52.6,36.2,50.0,7.5,7,1,2,AI/ML,Frontend,Frontend Developer
3094,44.0,41.9,29.4,45.6,27.7,31.0,35.3,31.7,22.0,43.6,45.2,16.6,41.5,48.5,46.3,38.4,42.1,29.0,23.7,40.9,43.9,37.1,46.2,36.5,52.8,52.0,36.7,7.51,1,0,0,Business Analytics,Frontend,Frontend Developer
3095,71.9,56.8,51.3,61.4,58.1,77.6,57.4,55.4,59.2,55.9,41.4,59.9,57.7,64.9,45.8,45.8,54.6,81.4,73.9,69.6,66.1,72.6,63.9,81.5,63.1,64.2,66.6,7.51,11,2,4,Mobile Development,Full Stack,Frontend Developer
3096,46.4,44.2,51.8,40.7,47.2,65.7,40.7,58.5,56.6,54.4,49.7,53.3,42.5,35.5,35.1,38.9,44.8,50.0,31.8,57.8,46.4,51.8,55.2,52.3,50.5,34.8,45.6,7.55,3,0,3,Web Development,Cloud & DevOps,Frontend Developer
3097,62.0,55.9,58.6,54.7,93.7,86.6,73.1,74.8,64.3,56.2,64.0,55.3,61.5,42.7,47.6,44.9,57.9,64.2,67.9,61.3,51.7,86.5,48.5,68.1,45.0,59.5,57.8,7.55,6,0,2,Web Development,Machine Learning,Frontend Developer
3098,20.9,32.4,34.5,31.3,54.7,67.5,58.3,56.2,32.6,42.9,29.1,37.4,37.3,50.0,48.1,33.6,47.0,48.7,50.6,28.9,36.6,43.1,59.0,43.9,53.5,55.3,24.7,7.56,11,1,1,AI/ML,Frontend,Frontend Developer
3099,23.0,41.0,33.6,28.7,37.3,25.4,46.1,42.4,33.3,44.7,38.7,37.5,41.6,31.1,27.0,33.2,33.0,29.0,26.5,23.6,19.8,32.3,29.6,46.4,24.5,38.9,28.5,7.57,9,0,0,Data Science,Machine Learning,Frontend Developer
3100,34.8,28.0,23.5,37.5,36.7,50.0,40.1,39.4,37.1,28.3,19.0,47.7,46.9,38.2,40.2,41.8,15.5,40.9,51.8,37.9,25.7,41.6,35.0,44.0,33.9,11.0,42.2,7.57,2,2,1,DevOps,Machine Learning,Frontend Developer
3101,74.6,48.2,55.3,35.9,40.3,44.1,59.9,54.2,50.9,54.7,30.5,63.9,51.7,46.2,54.1,44.3,50.4,60.4,71.1,56.7,35.0,71.3,46.7,52.1,73.0,48.2,59.7,7.58,9,1,6,Cybersecurity,QA & Testing,Frontend Developer
3102,24.8,25.6,27.2,42.3,26.8,14.5,26.3,22.0,40.4,32.6,41.5,35.0,43.5,43.6,32.7,52.8,34.1,52.1,44.6,45.4,47.8,28.3,31.3,36.2,55.6,29.4,39.6,7.59,4,2,1,Business Analytics,Business,Frontend Developer
3103,42.2,43.3,35.6,39.3,32.4,44.7,46.8,30.4,23.2,20.8,34.0,35.5,30.5,45.0,38.6,27.2,49.6,32.1,33.8,49.2,45.3,42.0,34.6,50.7,30.7,29.5,33.0,7.6,4,0,0,Cloud Computing,QA & Testing,Frontend Developer
3104,52.9,40.6,48.0,43.1,33.4,19.3,31.5,23.0,37.9,32.2,46.6,33.1,39.7,54.0,56.3,57.2,39.6,42.4,51.5,51.3,40.9,50.2,33.7,53.6,35.4,55.6,48.7,7.6,4,1,2,AI/ML,QA & Testing,Frontend Developer
3105,55.6,41.1,40.4,65.1,66.7,76.0,62.5,73.4,53.3,50.2,49.3,58.9,48.6,42.8,50.8,45.2,54.2,31.9,38.6,55.9,64.5,55.1,63.3,42.6,59.8,65.2,50.7,7.6,8,3,2,Cybersecurity,Mobile,Frontend Developer
3106,34.6,43.3,34.1,36.8,32.3,23.9,18.9,24.6,40.6,22.1,29.3,45.2,39.9,45.4,55.5,45.1,44.6,56.1,35.4,27.7,38.4,40.6,36.7,34.4,61.9,42.2,35.8,7.61,4,0,2,Cloud Computing,Cloud & DevOps,Frontend Developer
3107,39.4,42.5,40.1,43.0,40.3,38.7,38.9,43.3,32.2,54.0,38.1,40.3,35.9,20.6,37.8,36.9,19.5,40.1,42.1,23.8,21.8,33.6,19.5,29.1,19.6,30.5,28.6,7.61,3,2,2,Cybersecurity,Business,Frontend Developer
3108,22.1,38.4,32.7,27.4,60.2,55.5,31.4,73.7,37.0,30.8,15.5,33.0,44.7,36.5,28.3,43.0,27.1,43.5,38.5,35.7,30.3,38.5,34.3,43.4,39.4,26.6,20.9,7.62,9,1,2,Business Analytics,Full Stack,Frontend Developer
3109,27.7,51.1,36.8,28.8,34.8,33.3,23.8,48.4,36.8,16.9,17.1,32.6,41.3,33.6,28.1,35.8,50.1,29.5,12.7,16.7,24.0,29.8,48.0,39.0,40.6,19.9,36.3,7.62,3,2,2,Cloud Computing,QA & Testing,Frontend Developer
3110,28.0,21.1,26.2,32.2,33.4,23.0,24.9,20.0,29.7,27.2,22.4,13.3,35.7,29.9,43.2,20.5,41.0,31.3,23.9,11.7,23.5,36.3,40.0,22.4,49.3,38.4,11.9,7.62,2,0,0,Cybersecurity,Business,Frontend Developer
3111,33.9,19.0,29.3,30.2,24.1,22.7,32.4,13.4,34.1,25.6,27.1,13.1,29.4,30.9,42.9,26.5,46.6,31.3,34.2,37.8,25.9,23.3,5.9,36.0,38.1,18.3,31.5,7.62,2,0,3,DevOps,QA & Testing,Frontend Developer
3112,40.5,39.1,21.7,56.8,38.3,33.9,35.9,33.0,46.0,58.8,54.3,52.7,52.8,48.9,64.4,60.4,57.4,30.6,34.9,67.1,53.5,43.9,43.6,28.4,44.9,49.3,41.5,7.63,3,1,3,Cybersecurity,Cloud & DevOps,Frontend Developer
3113,48.3,45.7,44.9,40.2,49.8,53.0,52.5,49.0,42.6,36.0,38.1,46.3,39.4,34.8,38.3,51.6,46.6,49.6,44.2,38.2,55.7,53.1,59.5,35.5,64.6,50.0,47.0,7.63,6,2,1,Mobile Development,Cloud & DevOps,Frontend Developer
3114,52.9,35.1,41.2,52.9,33.5,32.4,49.8,46.6,38.6,42.2,48.5,41.1,42.0,20.1,24.8,52.4,46.7,44.1,35.8,24.9,30.0,28.0,22.8,40.3,34.3,26.2,42.9,7.63,7,1,1,Mobile Development,Business,Frontend Developer
3115,42.3,43.1,38.8,54.8,58.1,64.8,56.6,52.2,30.5,57.2,46.4,42.0,43.2,32.2,40.4,41.1,37.0,52.4,50.1,53.0,46.5,47.3,42.3,49.3,39.9,36.3,38.5,7.65,4,1,6,Business Analytics,Security,Frontend Developer
3116,44.2,26.8,23.6,43.0,38.6,53.7,49.9,46.1,19.9,46.2,42.6,29.8,44.2,12.1,37.2,20.2,19.2,25.5,31.0,59.8,54.9,48.9,33.6,41.5,37.5,19.3,42.5,7.65,5,2,2,Mobile Development,Data & Analytics,Frontend Developer
3117,52.1,63.7,56.6,37.7,49.0,45.0,57.2,62.6,45.4,45.7,41.4,44.9,57.8,57.8,65.3,34.4,45.0,44.4,48.4,32.9,35.9,45.2,54.9,51.9,58.4,56.7,44.3,7.65,2,0,2,AI/ML,Mobile,Frontend Developer
3118,48.5,45.1,54.9,50.7,60.5,67.2,69.0,66.3,64.6,52.4,42.3,34.9,46.0,38.7,35.2,40.6,42.0,53.3,53.2,46.5,40.5,51.2,41.2,46.2,43.2,41.4,53.3,7.67,4,0,0,DevOps,Security,Frontend Developer
3119,49.0,40.4,47.0,53.2,47.8,44.2,46.7,53.2,42.8,37.9,41.2,47.6,51.5,36.3,38.4,38.2,27.0,55.5,70.7,70.4,58.3,60.7,54.8,28.1,73.8,49.9,36.5,7.67,4,1,2,Cybersecurity,Business,Frontend Developer
3120,63.9,71.9,64.5,59.2,66.8,70.1,74.8,61.9,74.4,54.0,42.0,76.7,62.2,68.0,57.7,59.3,59.6,60.0,54.0,42.3,38.9,61.4,65.3,55.7,64.1,58.7,55.5,7.67,6,1,2,Cybersecurity,Full Stack,Frontend Developer
3121,32.2,55.8,45.5,44.0,44.2,53.4,46.8,44.9,39.0,39.0,31.4,35.1,43.2,44.0,47.8,37.3,53.7,47.9,37.0,55.1,54.6,36.7,57.2,33.3,64.2,59.4,38.2,7.68,4,0,2,Web Development,QA & Testing,Frontend Developer
3122,38.9,35.8,46.4,42.9,25.5,31.7,23.6,32.2,37.3,24.5,35.2,33.5,36.2,54.7,35.2,36.8,36.6,60.6,51.6,38.0,44.6,47.9,48.7,45.1,51.0,41.0,44.8,7.68,3,1,3,Data Science,Business,Frontend Developer
3123,43.0,55.1,26.5,46.3,40.1,47.0,37.5,39.4,44.9,65.4,62.8,47.8,59.8,54.5,35.9,36.2,36.6,58.5,64.8,59.6,64.6,56.4,55.7,51.7,30.5,51.7,44.2,7.68,6,0,4,Cybersecurity,Security,Frontend Developer
3124,58.0,55.8,53.0,44.0,51.6,55.9,49.7,64.0,59.5,48.9,56.0,61.1,63.5,48.0,41.4,48.1,52.4,25.8,45.6,48.5,50.4,39.0,58.8,41.9,55.6,59.8,51.8,7.68,7,1,4,AI/ML,Frontend,Frontend Developer
3125,19.3,51.9,36.0,39.7,33.0,22.0,34.5,28.4,37.7,28.3,37.0,15.6,37.4,35.1,29.5,28.8,28.8,28.2,22.5,9.4,16.3,21.2,28.0,43.0,34.3,34.6,30.1,7.69,2,1,0,Web Development,Cloud & DevOps,Frontend Developer
3126,28.9,36.3,43.9,28.8,39.3,34.7,19.7,29.2,37.8,30.1,33.2,37.6,31.2,42.3,27.3,35.6,35.0,25.2,22.8,27.7,22.7,19.8,39.3,30.2,42.4,47.2,30.0,7.7,5,1,0,Cybersecurity,Frontend,Frontend Developer
3127,35.8,67.8,45.4,29.9,46.9,48.6,45.8,43.9,49.8,47.5,34.4,38.8,43.1,49.6,49.6,44.9,52.1,26.1,22.5,28.7,35.2,38.3,24.9,43.4,42.6,42.6,31.4,7.71,4,0,4,DevOps,Security,Frontend Developer
3128,26.4,33.8,47.5,27.9,30.1,23.7,37.0,38.3,32.2,29.6,24.3,38.9,35.4,33.5,40.3,34.4,38.9,18.5,18.8,26.0,22.5,16.7,35.8,30.4,32.5,42.5,47.1,7.72,4,0,2,Cloud Computing,Full Stack,Frontend Developer
3129,51.5,55.0,47.8,58.4,58.4,70.7,68.9,66.5,64.8,49.7,56.3,49.8,64.4,73.3,78.3,68.3,62.4,53.6,51.6,26.4,39.9,58.5,62.8,39.2,62.6,69.8,34.9,7.73,7,1,3,DevOps,Security,Frontend Developer
3130,33.6,47.4,42.8,42.1,38.5,20.2,29.1,24.7,38.0,26.0,59.2,24.4,39.4,41.5,45.2,37.5,42.4,53.9,49.2,44.9,45.8,43.0,39.2,23.7,49.5,61.0,23.0,7.75,6,1,0,AI/ML,Backend,Frontend Developer
3131,40.7,38.2,29.7,32.0,42.6,38.3,25.2,46.0,19.6,26.7,27.9,26.0,31.9,35.6,46.9,42.3,41.4,29.8,17.2,45.6,32.3,23.8,50.3,18.1,41.4,41.0,15.4,7.76,3,0,1,Mobile Development,Frontend,Frontend Developer
3132,41.6,51.4,50.2,34.0,37.1,40.4,40.6,48.9,38.8,46.4,28.2,50.7,43.7,37.4,38.5,42.2,51.8,54.9,53.4,49.5,48.4,57.7,53.3,44.3,55.5,59.0,26.9,7.77,3,1,1,AI/ML,QA & Testing,Frontend Developer
3133,31.0,67.7,60.5,28.8,45.6,42.9,53.5,45.5,47.4,37.2,49.8,38.5,68.3,59.9,66.7,54.3,58.4,42.9,26.1,44.7,53.7,47.5,60.4,54.3,58.8,55.8,37.6,7.78,7,1,3,Cybersecurity,QA & Testing,Frontend Developer
3134,46.9,56.5,73.2,51.5,44.4,30.3,46.1,59.6,29.7,31.8,43.8,41.3,47.0,42.7,43.5,38.9,33.9,61.1,63.9,50.5,64.1,61.3,61.0,55.4,57.8,47.5,60.6,7.78,7,1,0,Web Development,Business,Frontend Developer
3135,48.0,36.9,27.7,48.6,55.6,65.4,49.5,57.7,35.5,46.3,34.5,39.3,45.2,56.7,59.2,40.4,56.9,59.0,65.3,61.4,52.0,54.5,47.3,51.1,44.6,44.2,34.5,7.78,6,2,2,Web Development,Mobile,Frontend Developer
3136,31.1,23.5,23.4,23.0,61.3,56.3,38.5,68.6,30.9,36.9,45.2,32.0,30.2,24.2,27.5,34.3,29.1,33.5,23.2,47.8,52.3,27.3,60.2,37.8,45.3,37.1,9.0,7.79,5,0,3,Business Analytics,Machine Learning,Frontend Developer
3137,58.4,46.0,55.6,57.7,57.8,57.2,52.1,61.1,37.8,66.5,52.9,45.2,58.5,45.4,46.2,54.3,41.0,40.6,46.5,53.6,53.9,47.7,48.5,63.9,39.8,34.9,52.2,7.79,8,2,0,Data Science,Business,Frontend Developer
3138,69.2,65.2,40.1,56.4,62.4,75.8,56.6,59.5,61.4,48.2,43.0,52.5,50.4,50.6,44.2,45.3,48.0,54.6,83.6,77.3,63.9,51.7,58.0,59.0,58.8,58.1,49.4,7.79,12,3,2,Web Development,Machine Learning,Frontend Developer
3139,34.7,61.9,51.3,60.6,36.9,36.7,50.5,36.9,47.0,50.8,50.6,49.1,45.6,45.7,46.1,34.9,63.9,38.0,34.0,48.2,66.5,39.1,54.6,56.0,57.5,50.2,57.2,7.8,4,2,2,Data Science,Backend,Frontend Developer
3140,35.2,64.2,54.2,28.3,64.5,30.9,45.4,54.6,30.7,34.1,26.5,38.1,43.9,22.8,28.1,37.7,28.3,27.0,19.1,14.7,30.1,33.1,27.8,38.4,29.9,29.5,35.8,7.8,5,1,5,Mobile Development,Frontend,Frontend Developer
3141,49.7,60.6,56.6,54.5,72.9,62.9,64.4,70.8,59.7,55.8,51.4,52.7,63.3,65.5,46.9,45.0,51.5,41.1,35.9,43.5,37.2,47.4,42.1,29.5,26.3,42.2,37.2,7.8,7,0,2,Business Analytics,Mobile,Frontend Developer
3142,33.6,61.8,42.5,50.1,53.8,53.0,48.5,48.6,38.1,54.6,48.5,53.6,51.2,68.3,62.3,60.0,49.8,32.6,30.7,49.7,74.0,47.1,61.2,54.8,80.8,67.1,51.9,7.81,8,2,7,AI/ML,Business,Frontend Developer
3143,40.2,37.5,33.0,28.9,61.8,62.3,56.1,61.2,52.8,49.7,42.1,59.6,46.4,51.3,47.7,43.9,37.6,44.1,44.2,42.8,40.6,39.8,61.6,30.1,70.4,49.5,45.7,7.81,7,2,4,AI/ML,Mobile,Frontend Developer
3144,43.6,42.3,35.7,44.4,39.4,34.9,23.7,34.5,34.0,31.9,36.2,28.9,41.4,28.2,25.1,25.0,16.8,39.9,30.1,31.4,32.2,43.8,21.4,42.5,40.9,40.0,27.1,7.81,7,0,3,Mobile Development,Full Stack,Frontend Developer
3145,64.5,53.8,67.8,63.1,63.3,69.5,78.7,65.7,59.3,54.2,72.7,65.2,58.1,48.7,43.4,47.3,44.0,67.3,65.7,72.2,75.8,64.0,50.6,58.4,48.9,55.7,66.7,7.81,4,1,2,AI/ML,Data & Analytics,Frontend Developer
3146,38.2,55.3,55.0,41.7,54.1,50.3,49.2,63.9,24.4,38.5,46.1,37.1,40.8,32.1,47.2,52.0,42.4,35.2,22.4,49.8,54.0,46.5,65.0,59.0,46.0,67.4,49.3,7.82,5,0,6,DevOps,Full Stack,Frontend Developer
3147,43.2,35.0,47.9,33.0,33.1,48.3,42.9,24.5,57.2,51.4,29.6,49.1,41.2,40.0,43.7,37.8,40.7,28.6,32.7,33.0,26.9,36.8,36.6,42.1,43.8,31.0,39.9,7.82,11,1,2,Business Analytics,Full Stack,Frontend Developer
3148,60.3,81.0,64.0,70.4,73.3,83.8,87.1,61.9,84.2,86.3,62.1,56.4,56.9,55.1,40.7,45.5,45.4,59.1,64.3,53.2,68.5,57.8,60.2,64.8,64.3,83.8,65.1,7.82,6,2,1,Web Development,Mobile,Frontend Developer
3149,57.9,45.6,43.3,40.9,44.2,38.2,41.7,45.5,58.2,58.4,47.2,41.0,48.7,55.8,57.6,64.4,72.4,52.8,53.6,38.0,33.7,45.9,46.0,40.0,42.4,45.4,30.5,7.83,11,0,1,Cloud Computing,Data & Analytics,Frontend Developer
3150,25.4,32.0,34.1,43.4,30.2,32.6,45.1,35.9,37.4,30.2,44.0,40.1,39.6,28.4,38.4,37.1,34.3,22.8,16.7,48.5,46.5,18.8,61.5,35.4,43.8,26.7,32.5,7.84,7,0,2,Mobile Development,QA & Testing,Frontend Developer
3151,39.1,38.6,41.6,55.8,79.2,81.0,61.7,77.5,72.5,50.0,49.3,49.3,47.7,48.7,50.1,51.4,36.6,27.7,39.8,43.4,62.1,50.2,84.0,34.8,76.6,73.9,48.2,7.84,9,2,2,Web Development,Frontend,Frontend Developer
3152,60.8,74.9,59.5,55.6,72.9,65.5,77.5,67.9,61.4,67.1,63.2,69.9,69.6,46.0,47.3,48.8,48.7,50.5,54.8,62.9,58.6,49.0,52.7,58.6,64.5,53.6,63.8,7.84,1,3,0,DevOps,Backend,Frontend Developer
3153,37.8,25.1,33.7,28.6,43.5,61.7,53.7,51.5,36.0,30.1,26.5,33.0,33.4,24.0,33.5,32.8,27.3,42.3,49.7,33.1,44.2,59.4,27.6,25.7,44.2,22.6,31.5,7.85,12,2,1,Mobile Development,Frontend,Frontend Developer
3154,50.9,43.9,45.3,40.6,62.7,86.3,68.1,67.7,59.1,63.2,40.8,64.5,78.3,32.0,44.9,50.5,36.8,45.4,49.3,61.1,51.6,51.2,79.2,56.5,63.4,76.4,52.2,7.85,4,1,2,Mobile Development,QA & Testing,Frontend Developer
3155,58.4,44.2,66.1,49.6,33.5,50.4,46.0,45.5,48.6,39.8,56.7,40.0,54.4,46.7,49.5,40.6,42.3,40.7,36.6,52.0,48.6,51.3,36.6,50.2,40.0,35.3,51.1,7.85,6,1,4,Mobile Development,Business,Frontend Developer
3156,39.4,44.6,31.0,46.3,59.6,84.0,47.3,68.2,54.7,43.3,37.6,61.8,47.7,58.7,48.0,46.8,41.9,27.0,47.8,64.1,52.4,28.4,60.1,42.8,51.0,53.2,43.7,7.88,4,1,3,AI/ML,Full Stack,Frontend Developer
3157,39.8,36.3,42.2,45.1,44.1,48.9,49.6,46.4,35.7,37.4,46.2,31.8,46.6,34.9,52.1,38.9,27.2,40.5,43.1,46.0,54.3,64.6,50.7,38.5,27.8,33.3,51.8,7.88,0,3,3,Cybersecurity,Security,Frontend Developer
3158,47.5,54.8,32.8,33.3,41.4,38.8,33.1,52.5,37.1,37.3,37.5,42.8,46.8,43.9,29.5,39.0,41.0,28.6,33.5,32.2,43.5,45.0,43.6,39.9,41.5,52.5,37.9,7.89,9,0,2,Mobile Development,Frontend,Frontend Developer
3159,53.4,51.5,43.3,29.2,62.1,51.1,62.8,62.9,41.6,51.3,54.2,53.9,46.2,52.8,47.8,51.2,40.5,44.0,39.4,48.1,41.7,35.4,41.5,56.9,34.7,40.0,41.5,7.91,3,1,1,Web Development,QA & Testing,Frontend Developer
3160,41.9,35.6,42.1,27.7,25.1,23.0,37.4,27.8,31.9,33.7,27.3,26.6,29.2,41.2,36.8,48.9,25.2,36.2,31.5,24.3,25.2,45.5,37.7,37.8,33.4,27.7,46.4,7.92,0,1,4,Mobile Development,Machine Learning,Frontend Developer
3161,45.3,55.5,41.1,59.0,64.5,68.8,73.8,65.2,57.9,69.8,57.3,58.7,46.7,49.2,50.0,51.2,45.5,33.8,28.3,51.7,65.2,40.8,49.3,52.0,64.8,63.0,61.8,7.92,10,0,0,DevOps,Frontend,Frontend Developer
3162,50.8,49.4,48.9,58.7,76.7,76.0,56.8,62.5,61.2,51.1,53.3,61.6,62.8,59.0,56.2,66.8,41.3,69.1,68.1,58.0,53.5,61.0,32.7,50.0,53.5,40.6,62.8,7.93,8,2,3,Data Science,Business,Frontend Developer
3163,29.3,18.7,24.0,35.7,39.3,56.6,31.2,45.3,28.7,22.4,9.8,29.5,22.0,19.3,20.7,33.1,23.4,27.6,18.5,33.0,25.2,19.7,35.4,30.3,22.4,50.6,30.8,7.95,2,1,1,DevOps,Data & Analytics,Frontend Developer
3164,45.2,55.4,41.2,46.7,67.9,84.9,64.1,65.1,54.0,57.2,49.5,47.7,53.5,53.4,53.2,47.7,47.4,59.1,69.4,50.2,48.3,59.4,49.0,50.8,76.4,62.3,39.7,7.95,4,1,1,Mobile Development,Frontend,Frontend Developer
3165,45.3,36.2,22.9,46.3,40.3,23.7,39.8,26.1,55.4,57.2,44.1,30.1,27.9,45.8,31.4,44.8,41.8,31.8,34.8,33.3,19.3,25.0,23.9,44.0,38.6,28.8,25.2,7.97,6,1,3,DevOps,Full Stack,Frontend Developer
3166,51.1,50.1,37.9,57.0,48.2,42.6,42.8,42.7,55.6,49.3,50.4,44.7,29.0,65.3,57.7,49.0,68.7,55.7,50.6,58.1,51.4,54.2,31.4,56.1,42.3,32.0,34.0,7.97,4,1,8,Cloud Computing,QA & Testing,Frontend Developer
3167,55.0,42.8,46.4,37.5,65.1,70.7,68.4,64.5,53.3,59.0,40.0,37.0,47.3,52.2,56.1,62.7,53.2,29.4,40.2,37.3,35.4,41.5,55.5,47.2,44.5,61.0,49.7,7.97,9,2,2,Mobile Development,Full Stack,Frontend Developer
3168,31.7,38.7,55.6,42.6,47.1,32.8,34.4,43.1,34.6,42.5,23.7,33.4,47.1,28.8,29.2,37.6,34.4,44.5,54.8,34.6,40.5,52.7,44.5,55.2,52.5,57.5,30.6,7.98,5,2,1,Data Science,Mobile,Frontend Developer
3169,36.2,44.6,23.5,30.8,40.2,43.5,49.1,44.7,47.9,34.1,38.6,44.0,38.6,23.4,46.3,49.2,45.5,33.7,30.3,33.1,27.4,30.6,31.9,30.8,62.9,62.7,34.3,7.99,4,2,2,Web Development,Frontend,Frontend Developer
3170,37.0,53.3,36.8,37.7,30.9,34.5,43.5,38.7,61.5,53.0,32.7,50.8,41.1,60.3,43.1,55.0,55.4,26.2,41.8,44.9,34.0,36.5,61.9,35.3,51.6,56.7,52.1,7.99,8,1,2,Cloud Computing,Frontend,Frontend Developer
3171,72.2,56.8,71.3,58.8,49.2,63.7,59.7,67.3,75.6,68.1,63.6,70.2,47.4,81.4,66.4,67.6,58.3,59.7,78.0,45.9,45.0,61.5,68.4,69.4,48.6,58.2,54.2,7.99,8,3,2,AI/ML,Mobile,Frontend Developer
3172,44.3,45.1,54.0,51.9,60.6,76.4,48.0,73.2,49.2,39.5,58.4,52.2,43.6,29.4,37.3,25.1,45.1,44.9,63.1,63.6,49.7,62.0,36.7,34.3,54.1,62.9,55.5,8.0,11,0,1,Web Development,Full Stack,Frontend Developer
3173,47.2,67.2,74.5,53.0,68.7,70.3,73.5,73.7,58.5,50.2,56.2,55.1,76.5,66.9,64.8,55.6,66.4,48.2,53.9,37.3,53.7,42.4,56.1,59.0,37.4,52.7,67.3,8.01,5,3,2,Cybersecurity,QA & Testing,Frontend Developer
3174,55.8,41.7,29.6,44.4,19.8,8.6,36.3,23.5,29.4,29.8,33.0,42.6,50.1,36.7,32.2,34.8,27.9,59.4,61.7,52.8,54.5,59.5,33.7,51.1,33.9,24.1,31.5,8.01,6,3,2,DevOps,Business,Frontend Developer
3175,58.4,55.3,53.9,65.2,66.8,59.2,63.2,73.0,58.2,60.8,56.2,56.8,47.5,36.2,44.9,37.0,43.9,70.7,68.0,44.4,32.5,61.4,42.2,61.0,49.0,57.1,59.0,8.01,11,1,4,Cloud Computing,Security,Frontend Developer
3176,65.2,55.3,59.1,57.4,23.8,43.8,57.2,32.8,45.5,65.9,61.0,41.8,49.4,44.5,49.6,41.6,42.8,63.6,66.0,59.6,68.0,54.9,27.3,56.1,44.5,42.1,67.4,8.02,7,3,1,Mobile Development,QA & Testing,Frontend Developer
3177,36.3,42.5,40.3,42.9,49.8,30.1,41.9,40.9,40.3,43.8,53.0,34.6,23.9,26.5,33.0,28.0,42.5,12.3,28.5,32.1,30.2,40.0,40.0,28.1,52.0,40.9,36.5,8.03,2,2,0,Cloud Computing,Backend,Frontend Developer
3178,39.8,40.5,45.7,43.0,63.4,61.8,62.6,62.0,55.6,37.2,36.7,54.2,55.0,46.3,58.1,57.0,63.1,46.7,40.9,38.6,36.7,42.4,52.0,58.0,49.7,44.3,63.6,8.03,7,2,3,Web Development,QA & Testing,Frontend Developer
3179,60.8,48.4,33.0,39.9,46.4,57.3,49.7,50.5,43.8,40.6,32.3,46.7,45.8,55.1,45.2,59.0,50.8,46.7,70.1,33.3,37.0,55.5,56.9,37.7,70.5,62.7,58.2,8.03,7,0,8,Business Analytics,Data & Analytics,Frontend Developer
3180,48.9,51.8,46.2,47.7,65.2,68.4,65.9,55.5,52.0,49.4,56.1,49.3,61.9,57.5,54.5,57.0,57.4,46.8,37.0,47.3,52.4,55.9,72.3,34.4,59.2,50.5,37.4,8.06,4,1,6,Cloud Computing,Cloud & DevOps,Frontend Developer
3181,34.8,42.4,46.1,28.3,45.4,43.5,36.6,54.6,49.7,39.8,29.2,44.8,37.2,49.8,48.0,38.9,49.3,35.0,15.3,32.5,40.7,21.4,16.6,61.8,9.7,34.0,48.9,8.08,5,2,5,Web Development,Frontend,Frontend Developer
3182,38.3,55.9,57.7,63.2,74.5,76.9,66.7,62.7,60.7,53.4,75.2,52.4,44.5,44.7,41.9,36.2,57.0,35.5,28.9,66.2,65.5,46.5,69.2,52.3,59.8,72.8,46.9,8.08,7,1,7,Web Development,Business,Frontend Developer
3183,55.0,55.3,41.8,40.4,71.6,75.3,59.3,79.5,59.8,45.6,43.2,50.8,51.2,47.2,45.3,41.3,45.2,54.7,49.5,56.1,58.5,54.5,56.3,45.4,61.6,57.3,39.5,8.08,3,2,6,AI/ML,Backend,Frontend Developer
3184,31.7,44.3,34.9,21.9,31.2,29.5,33.7,39.5,33.3,34.3,23.1,42.3,50.7,39.3,27.6,39.9,48.1,51.2,62.4,39.5,39.4,59.0,53.2,49.3,51.2,49.0,48.0,8.09,0,1,1,Cloud Computing,Full Stack,Frontend Developer
3185,28.3,53.9,52.7,33.1,36.4,50.5,60.6,60.3,57.1,56.1,53.9,42.4,46.5,39.0,40.5,44.4,38.4,28.8,30.3,32.7,43.2,29.6,44.4,39.0,42.7,50.1,32.9,8.1,3,1,3,Mobile Development,Full Stack,Frontend Developer
3186,32.5,27.4,25.1,51.9,37.6,34.9,37.8,45.7,42.8,39.9,43.2,27.6,36.7,34.5,27.9,40.3,41.0,24.8,16.8,46.7,60.4,33.5,46.0,32.1,39.0,53.3,50.8,8.11,2,3,2,Cloud Computing,Data & Analytics,Frontend Developer
3187,53.5,61.9,56.0,57.5,63.1,56.5,58.0,49.7,67.6,63.3,74.1,40.7,47.5,35.2,38.5,41.2,45.5,51.8,44.7,64.7,58.2,65.2,36.7,63.7,49.5,34.5,40.9,8.11,6,1,0,Data Science,Machine Learning,Frontend Developer
3188,67.4,59.7,57.0,46.3,78.0,77.6,89.4,79.0,66.2,65.5,59.0,70.2,69.7,62.5,51.9,54.1,65.0,53.4,62.9,53.7,44.1,67.6,68.1,57.1,80.0,62.1,63.8,8.11,9,2,1,AI/ML,Mobile,Frontend Developer
3189,33.8,35.7,36.9,51.7,58.1,57.2,55.1,53.2,46.7,37.4,47.6,53.7,49.6,60.4,58.7,59.6,59.0,40.7,41.4,36.1,51.6,34.2,38.9,22.9,28.0,40.6,33.8,8.12,6,3,9,Cybersecurity,Data & Analytics,Frontend Developer
3190,41.2,54.7,61.9,49.2,63.6,56.8,59.9,68.0,60.9,52.3,41.1,62.2,63.0,59.1,74.0,58.6,57.2,41.9,34.7,26.0,28.7,32.7,33.7,52.6,44.2,56.4,42.5,8.12,7,1,0,Cybersecurity,QA & Testing,Frontend Developer
3191,16.9,27.3,14.4,38.5,41.2,45.0,28.3,42.5,33.1,22.0,20.7,29.2,24.5,18.7,15.8,16.0,29.3,23.6,27.0,30.1,34.2,33.9,40.9,35.9,52.6,52.7,13.1,8.13,8,1,1,Mobile Development,Machine Learning,Frontend Developer
3192,55.0,53.0,38.2,69.5,74.6,74.6,54.3,66.1,59.3,59.4,63.3,41.5,39.4,44.9,46.3,52.4,50.0,57.6,42.6,60.0,72.3,51.8,37.3,49.2,47.6,54.9,46.5,8.13,8,2,5,AI/ML,Frontend,Frontend Developer
3193,56.6,51.4,62.9,43.9,42.8,56.5,41.5,27.4,46.9,66.8,29.6,80.4,59.7,53.7,54.1,59.7,62.1,56.6,40.8,48.1,48.2,39.9,57.1,65.1,68.3,71.8,69.1,8.13,2,2,2,Cybersecurity,Security,Frontend Developer
3194,42.6,39.6,56.1,45.3,59.5,60.5,42.8,60.0,44.2,41.9,39.2,58.1,57.9,43.6,46.4,55.7,57.4,60.2,48.8,47.4,47.0,45.4,43.1,50.5,54.1,55.8,60.4,8.14,8,1,3,DevOps,Mobile,Frontend Developer
3195,51.6,56.3,49.0,60.9,37.3,26.8,46.6,32.5,54.9,72.1,69.7,60.8,44.0,69.6,53.4,62.6,65.4,64.4,64.2,54.6,53.5,50.1,53.9,36.5,67.2,61.6,49.2,8.14,5,3,2,Cloud Computing,Full Stack,Frontend Developer
3196,43.4,50.0,52.4,34.9,60.7,62.0,59.6,57.0,69.7,57.8,37.8,46.4,53.5,48.1,63.5,50.8,53.1,54.4,41.4,50.2,42.9,38.6,66.4,38.4,51.4,46.5,31.3,8.18,2,2,4,Cloud Computing,Full Stack,Frontend Developer
3197,44.6,45.9,52.0,58.5,61.4,65.7,59.4,62.5,44.0,51.4,38.3,60.3,61.0,72.1,62.2,51.3,55.6,52.7,58.7,49.9,48.0,59.4,49.2,58.2,40.0,43.6,44.7,8.18,10,0,7,Web Development,Mobile,Frontend Developer
3198,53.3,46.9,40.5,58.7,52.1,45.4,34.2,46.6,49.3,46.7,51.2,49.4,40.2,26.0,33.2,43.7,41.0,50.1,55.1,77.6,72.3,58.9,72.6,41.2,39.2,57.5,40.0,8.18,4,3,3,Data Science,Frontend,Frontend Developer
3199,75.4,55.2,45.4,62.1,58.6,82.8,69.1,65.2,64.4,60.6,66.8,53.8,62.3,59.8,57.7,57.4,63.4,61.8,64.1,66.4,68.5,59.8,77.4,57.5,54.6,77.9,59.8,8.18,6,1,6,Business Analytics,Security,Frontend Developer
3200,37.7,44.7,29.3,21.9,24.5,30.2,38.2,37.8,26.9,44.9,44.3,19.3,37.0,50.8,35.6,42.8,43.3,25.7,27.8,26.3,18.7,18.7,45.7,37.8,47.3,53.2,32.7,8.19,3,1,3,AI/ML,QA & Testing,Frontend Developer
3201,66.6,59.9,51.0,62.8,75.9,66.0,72.5,71.3,61.4,68.6,64.1,72.9,64.2,90.3,82.2,76.8,68.5,75.3,66.3,60.1,74.3,69.5,62.6,46.7,58.3,65.3,53.4,8.19,12,3,3,Cybersecurity,Security,Frontend Developer
3202,36.0,30.5,33.1,63.5,64.8,57.7,52.6,52.1,42.0,38.8,46.7,51.0,46.0,45.5,21.2,24.8,34.6,52.3,50.0,54.6,44.3,53.2,34.5,46.4,16.9,38.0,47.9,8.22,10,0,3,DevOps,Security,Frontend Developer
3203,34.0,42.6,30.0,33.0,25.8,22.8,27.6,32.8,33.6,34.0,22.7,47.2,36.8,42.1,33.6,46.4,28.3,42.4,49.9,23.3,18.3,40.0,40.9,27.9,48.2,45.5,37.6,8.23,2,1,2,AI/ML,QA & Testing,Frontend Developer
3204,56.2,59.6,68.4,70.3,66.3,63.7,71.5,62.5,57.5,56.5,54.0,64.0,69.1,58.1,59.5,50.7,60.3,51.4,47.0,51.2,63.1,53.9,63.4,60.4,64.4,58.6,67.8,8.23,8,3,2,Cybersecurity,QA & Testing,Frontend Developer
3205,38.8,28.4,39.3,41.9,28.1,23.6,22.5,28.8,33.1,39.1,41.0,40.1,40.9,40.1,36.4,35.1,40.1,57.6,50.6,53.5,62.3,52.8,34.6,44.4,25.2,27.9,20.0,8.24,4,1,1,Business Analytics,Machine Learning,Frontend Developer
3206,50.9,35.1,35.2,35.7,41.5,55.6,31.1,54.9,29.5,40.2,52.8,50.1,43.5,44.3,58.2,47.4,47.4,69.4,56.3,46.6,52.7,46.6,57.8,40.7,65.1,52.9,59.0,8.26,3,1,0,AI/ML,QA & Testing,Frontend Developer
3207,63.3,47.7,53.0,62.6,54.7,64.5,71.1,72.4,40.9,55.6,53.4,56.5,47.8,54.4,52.5,41.5,52.9,64.1,60.2,64.7,71.3,56.8,61.4,33.8,62.1,71.3,58.5,8.28,6,2,1,Cybersecurity,Business,Frontend Developer
3208,51.9,54.8,61.9,51.6,37.0,44.8,45.9,52.0,30.1,57.4,47.6,52.7,36.7,40.7,35.3,50.9,41.8,49.2,45.1,45.5,61.2,46.2,67.3,51.6,71.7,69.9,56.8,8.29,3,1,4,Data Science,Machine Learning,Frontend Developer
3209,39.1,38.3,52.9,57.3,63.7,75.8,65.1,63.2,49.5,43.5,61.4,42.8,53.4,51.8,60.3,44.0,65.0,52.4,64.1,61.9,74.7,61.6,37.4,63.6,39.2,36.9,52.6,8.31,2,0,5,Mobile Development,Mobile,Frontend Developer
3210,64.4,59.4,59.7,60.9,82.6,64.8,58.7,71.3,50.7,59.0,58.6,64.5,62.5,62.7,55.6,57.3,58.4,53.7,73.8,51.1,64.8,71.7,63.8,58.1,63.7,53.3,74.7,8.32,8,3,2,Cloud Computing,Business,Frontend Developer
3211,62.1,59.2,65.0,71.8,82.6,82.4,72.5,87.7,72.2,63.1,64.9,76.3,62.6,58.6,68.4,63.0,61.5,59.6,80.1,55.5,65.9,58.1,77.2,64.3,62.8,67.6,54.6,8.35,14,1,2,Business Analytics,Backend,Frontend Developer
3212,45.3,52.4,77.0,54.4,72.7,89.0,74.6,75.2,61.8,47.8,58.4,61.5,61.8,70.9,62.4,53.1,60.2,53.2,41.3,46.9,65.8,55.1,60.6,61.3,67.1,71.5,69.5,8.37,11,2,4,DevOps,Business,Frontend Developer
3213,54.0,65.7,49.3,54.0,63.2,89.9,69.1,68.3,74.2,57.6,63.4,66.6,52.9,47.3,47.7,48.6,44.2,49.3,48.1,57.2,57.6,63.3,52.0,54.0,73.0,46.8,63.0,8.39,9,2,4,Cloud Computing,Mobile,Frontend Developer
3214,41.4,39.3,53.5,39.6,70.5,73.0,61.7,66.3,54.2,52.0,44.9,48.2,50.7,52.6,68.2,71.2,69.6,45.7,52.1,44.5,33.4,47.1,31.0,52.4,40.5,52.8,40.1,8.4,3,2,0,Cybersecurity,Full Stack,Frontend Developer
3215,41.8,39.2,45.4,42.9,61.0,44.6,61.7,65.2,24.3,46.2,27.7,43.0,51.6,52.9,62.7,50.5,46.5,62.7,54.9,51.4,48.3,52.1,46.6,37.3,28.2,28.3,25.7,8.43,5,2,1,AI/ML,Machine Learning,Frontend Developer
3216,50.7,42.7,30.8,37.7,18.0,22.0,29.8,20.8,26.6,26.6,41.6,21.9,34.2,43.0,32.4,35.9,45.1,49.9,38.7,52.6,34.2,44.9,57.4,34.3,48.7,39.6,44.7,8.43,6,3,1,Cloud Computing,Data & Analytics,Frontend Developer
3217,60.2,50.4,60.4,69.4,44.2,40.3,37.3,45.9,49.0,53.7,66.3,50.0,48.3,66.6,48.5,63.6,50.1,41.1,55.2,70.2,66.9,47.8,69.0,48.4,72.7,57.9,51.3,8.43,9,2,8,Mobile Development,Data & Analytics,Frontend Developer
3218,61.6,40.7,49.3,61.6,65.1,63.6,68.3,55.0,58.4,60.2,70.0,45.9,44.8,65.6,48.6,54.1,38.5,59.4,55.3,69.6,64.9,45.5,58.7,42.3,63.0,64.5,51.8,8.46,9,1,3,Mobile Development,Frontend,Frontend Developer
3219,46.2,53.0,57.8,59.3,66.4,68.0,55.8,53.1,51.6,31.1,57.0,51.2,42.8,35.3,36.5,32.3,46.3,57.0,52.0,67.6,57.1,53.6,61.1,69.1,51.8,33.6,66.2,8.49,7,3,2,Mobile Development,Data & Analytics,Frontend Developer
3220,25.8,36.0,39.3,28.1,40.8,51.0,44.1,46.4,42.8,34.2,37.3,31.4,52.6,41.7,36.6,43.6,40.2,22.0,19.7,41.0,31.4,12.1,53.5,50.9,49.2,48.3,32.3,8.54,6,1,2,Mobile Development,Cloud & DevOps,Frontend Developer
3221,41.4,34.4,38.8,52.6,60.9,78.4,63.8,77.9,44.6,32.7,36.8,32.3,48.8,48.2,33.0,30.2,32.8,43.3,43.2,61.2,67.1,49.9,45.3,22.6,23.5,32.1,50.1,8.6,6,2,1,Mobile Development,Security,Frontend Developer
3222,71.3,52.9,52.6,42.3,67.2,72.7,59.5,67.7,54.8,47.7,46.1,46.4,61.0,39.5,55.7,54.5,50.4,68.5,64.7,41.4,44.6,53.8,35.7,52.0,41.5,44.1,63.1,8.62,2,1,3,Cybersecurity,Full Stack,Frontend Developer
3223,45.3,57.8,57.2,58.2,52.7,60.6,56.2,50.8,53.2,60.7,59.6,49.8,49.1,61.4,66.6,56.4,62.3,54.7,52.0,69.8,61.8,38.6,50.9,49.9,49.8,48.8,52.6,8.65,7,2,2,Mobile Development,Cloud & DevOps,Frontend Developer
3224,52.6,58.0,45.0,63.3,73.4,74.9,61.8,65.5,69.3,57.9,49.6,64.6,55.5,68.0,75.7,71.5,54.5,57.6,51.3,59.4,58.7,49.4,64.8,45.6,95.1,52.2,38.8,8.67,8,3,4,Cybersecurity,Security,Frontend Developer
3225,59.7,65.6,56.1,48.0,48.7,42.8,50.2,43.7,59.8,46.8,42.7,54.4,54.1,46.7,66.3,43.7,52.1,56.1,63.8,23.9,45.4,58.2,55.9,45.3,60.1,39.8,60.8,8.73,8,0,4,Web Development,Data & Analytics,Frontend Developer
3226,40.6,48.1,59.1,38.2,30.9,37.2,37.6,28.6,39.5,31.2,52.6,50.6,54.0,42.5,54.8,47.0,54.5,53.0,49.3,44.6,52.2,51.5,43.9,55.2,42.5,53.9,62.8,8.75,0,2,1,Cloud Computing,Frontend,Frontend Developer
3227,43.7,51.9,41.5,71.3,41.5,35.6,51.4,35.2,57.1,42.9,55.0,50.2,53.6,34.2,33.4,44.3,35.0,37.2,39.4,52.7,47.1,31.5,57.5,29.0,56.9,42.4,58.4,8.79,7,0,1,DevOps,Data & Analytics,Frontend Developer
3228,48.9,59.1,50.9,63.6,79.5,80.7,66.5,80.7,71.7,60.7,51.8,80.1,60.3,61.2,53.6,48.9,62.6,63.4,67.8,54.2,48.2,63.0,55.6,45.3,35.3,52.9,55.6,8.82,6,1,1,AI/ML,Frontend,Frontend Developer
3229,40.7,60.2,60.0,56.7,56.8,59.0,57.2,53.8,68.0,57.2,49.7,50.4,57.3,73.3,76.2,64.1,55.0,50.0,43.7,25.3,11.7,36.0,39.5,47.8,47.2,41.7,56.3,9.23,9,1,0,AI/ML,Mobile,Frontend Developer
3230,42.0,34.6,33.1,45.7,44.9,64.7,55.0,70.0,40.7,42.1,38.6,40.3,40.1,30.3,39.8,25.5,22.7,58.1,64.6,58.3,73.4,54.6,36.3,38.6,27.3,54.3,46.8,9.23,5,1,0,Cybersecurity,Mobile,Frontend Developer
3231,56.4,38.0,58.6,70.3,65.8,84.1,66.4,58.2,67.3,59.7,60.1,58.7,51.6,61.2,42.5,35.7,47.5,47.6,49.4,54.8,64.3,37.1,49.3,44.6,26.0,55.6,43.5,9.28,3,2,0,Cloud Computing,Full Stack,Frontend Developer
3232,50.7,59.3,59.2,67.9,38.1,46.6,29.4,48.5,39.7,62.0,66.2,53.0,54.8,51.2,51.7,44.8,65.5,62.6,48.6,62.9,68.9,62.4,60.1,51.5,46.4,48.0,67.8,9.83,4,1,6,Web Development,QA & Testing,Frontend Developer
3233,39.2,34.1,50.0,48.6,58.5,66.8,53.3,62.4,46.1,41.0,31.0,54.9,52.2,33.9,39.3,27.9,36.5,33.2,36.8,50.8,34.0,50.1,34.3,38.3,23.1,25.5,48.0,5.5,2,2,2,Cloud Computing,Frontend,Full Stack Developer
3234,42.1,40.3,38.1,36.5,48.4,38.9,46.2,33.2,46.4,34.1,42.4,44.5,34.0,23.7,54.6,37.2,42.8,25.2,22.2,47.1,41.6,17.4,46.5,33.6,15.1,37.3,26.2,5.5,3,1,1,Web Development,Frontend,Full Stack Developer
3235,44.5,36.5,29.9,49.3,51.5,52.2,59.8,53.8,40.7,42.0,47.5,49.0,50.8,39.5,38.1,51.0,43.0,39.7,36.2,35.8,26.7,33.0,21.9,32.2,33.2,37.5,41.9,5.5,3,2,2,Data Science,Full Stack,Full Stack Developer
3236,41.2,42.8,34.2,55.2,42.0,28.7,47.7,35.5,51.7,49.0,55.5,37.2,42.2,48.6,40.6,58.8,31.9,45.9,37.9,48.7,52.9,40.5,39.9,39.6,47.4,36.4,42.3,5.55,2,3,2,AI/ML,Frontend,Full Stack Developer
3237,42.9,48.2,55.5,40.1,52.0,33.4,33.2,26.6,43.5,50.8,45.7,40.3,56.2,31.0,47.0,38.6,59.2,25.6,34.6,22.1,40.5,30.3,29.7,46.0,34.7,46.8,53.3,5.75,6,1,2,Cybersecurity,Cloud & DevOps,Full Stack Developer
3238,40.8,14.8,36.7,48.6,24.0,27.1,33.0,30.8,27.3,41.9,45.0,32.0,31.1,25.2,32.5,38.2,22.9,61.7,40.2,43.8,61.1,57.5,44.2,37.2,26.9,33.9,28.8,5.79,3,1,1,Data Science,Frontend,Full Stack Developer
3239,21.8,13.2,20.1,31.3,8.3,13.0,25.4,17.4,23.4,28.9,28.7,16.0,24.8,22.8,29.6,14.2,27.0,28.0,14.6,0.0,10.7,27.5,25.9,9.7,17.8,16.1,34.6,5.84,3,0,2,Cloud Computing,Backend,Full Stack Developer
3240,29.7,40.3,39.4,44.7,40.9,38.8,49.2,54.7,42.4,34.4,39.6,45.9,56.4,53.6,36.3,40.0,22.2,31.7,24.6,40.2,21.5,28.2,26.1,41.3,41.4,18.8,49.7,5.87,5,1,3,Cloud Computing,Cloud & DevOps,Full Stack Developer
3241,49.7,45.9,48.3,37.7,48.4,38.1,45.0,29.6,50.2,48.0,34.5,48.2,58.7,32.2,25.8,37.9,43.4,35.4,42.7,17.7,31.7,33.3,44.1,40.9,37.4,51.9,46.2,5.91,9,1,1,AI/ML,Full Stack,Full Stack Developer
3242,49.0,47.8,36.7,69.8,64.3,82.1,53.1,71.0,36.5,26.9,56.5,52.0,45.6,19.2,39.5,41.9,32.1,51.5,42.3,58.9,67.4,38.8,63.5,54.0,65.3,65.7,52.2,5.93,11,3,3,Business Analytics,Data & Analytics,Full Stack Developer
3243,37.4,16.7,33.7,21.5,22.8,15.4,18.9,14.9,18.9,33.5,30.7,25.7,28.4,25.6,35.0,24.8,22.7,13.6,28.5,18.5,35.7,27.1,37.0,27.4,19.0,31.7,35.3,5.94,3,1,1,Cloud Computing,Backend,Full Stack Developer
3244,41.5,41.7,47.4,26.3,39.0,42.4,30.6,30.2,29.5,29.4,45.1,26.0,25.8,34.9,28.0,40.0,23.1,37.1,32.6,29.8,14.6,42.0,25.8,37.7,18.1,17.5,43.2,5.95,4,0,1,AI/ML,Machine Learning,Full Stack Developer
3245,37.8,46.3,55.1,45.3,74.2,72.3,71.8,74.5,61.0,61.4,63.3,52.8,48.5,44.2,29.5,54.2,56.9,38.2,42.4,45.1,37.0,34.6,45.0,42.3,55.0,56.1,65.8,6.06,6,1,4,Web Development,Frontend,Full Stack Developer
3246,48.4,47.3,35.3,42.4,62.6,72.8,62.3,58.2,38.7,39.5,51.8,47.3,52.3,45.5,51.1,34.3,50.4,55.8,63.4,69.8,61.9,48.7,69.6,39.6,67.0,56.2,49.1,6.18,5,3,0,Data Science,Frontend,Full Stack Developer
3247,24.6,24.7,29.6,21.5,21.5,22.8,28.2,30.4,14.7,12.3,27.6,21.8,18.9,37.2,16.1,18.9,24.5,30.6,24.7,13.2,19.5,41.0,36.8,29.9,32.0,33.5,27.4,6.19,2,0,1,AI/ML,Machine Learning,Full Stack Developer
3248,43.1,27.0,43.3,43.6,52.8,63.2,43.0,61.9,40.5,25.2,28.3,34.8,30.4,30.2,32.0,33.6,26.9,40.8,37.4,30.2,26.3,31.1,20.8,36.8,43.9,28.4,31.6,6.22,3,0,0,AI/ML,Business,Full Stack Developer
3249,43.3,24.8,16.5,43.4,47.6,49.1,41.0,31.2,44.0,40.7,45.6,35.3,45.4,47.6,53.5,52.5,40.8,34.7,30.4,43.2,44.3,38.4,29.5,27.2,20.5,20.3,11.9,6.22,6,1,3,DevOps,Backend,Full Stack Developer
3250,48.8,52.0,39.5,26.1,35.8,36.9,30.8,27.0,28.5,39.1,18.8,45.7,39.5,36.7,25.7,26.4,37.9,38.4,43.3,15.4,20.4,35.0,45.8,30.2,43.3,40.0,55.0,6.23,1,0,5,Data Science,Mobile,Full Stack Developer
3251,22.8,26.5,30.0,20.9,23.6,8.2,17.3,19.5,26.7,21.2,36.7,21.0,26.4,30.8,38.9,32.3,33.5,28.1,23.1,28.9,34.9,24.0,54.4,34.1,43.3,28.8,37.8,6.26,2,0,0,Cybersecurity,Frontend,Full Stack Developer
3252,52.1,41.0,40.5,29.4,37.0,35.9,56.9,44.9,56.6,48.5,44.1,45.4,50.3,49.1,35.2,48.1,61.9,23.9,23.5,30.3,36.3,26.9,49.5,44.1,67.0,43.1,29.5,6.27,6,2,4,Cybersecurity,Backend,Full Stack Developer
3253,34.2,41.9,45.1,38.4,58.2,50.3,52.1,59.4,52.8,47.5,34.2,49.7,33.7,46.7,51.1,39.8,35.2,36.1,49.2,57.2,49.0,48.4,49.4,58.8,42.5,45.2,39.6,6.28,4,1,2,Business Analytics,Cloud & DevOps,Full Stack Developer
3254,30.7,35.5,52.8,40.9,21.8,16.2,33.5,34.9,40.7,44.9,47.7,43.5,37.2,45.4,40.9,44.6,35.8,38.9,19.2,44.6,34.7,29.2,40.0,35.0,29.8,11.5,34.3,6.29,3,2,0,DevOps,QA & Testing,Full Stack Developer
3255,40.5,46.0,51.6,26.4,47.6,45.8,47.6,47.4,42.4,26.3,34.2,43.4,65.2,36.3,28.4,38.6,24.2,37.0,46.3,33.8,29.7,47.8,40.9,39.1,39.2,54.2,39.8,6.29,5,1,2,Data Science,Mobile,Full Stack Developer
3256,30.0,33.4,25.6,18.4,39.2,44.6,38.4,35.4,22.0,22.6,29.5,14.9,34.2,26.1,28.9,27.1,8.9,39.5,23.4,30.2,34.1,21.7,17.0,31.1,21.1,39.5,25.3,6.31,2,1,0,Data Science,Security,Full Stack Developer
3257,8.6,27.5,29.4,24.1,38.9,34.9,29.8,36.4,27.7,16.9,24.2,19.8,26.5,23.1,19.6,23.3,28.6,20.7,23.3,27.2,20.7,26.6,35.6,29.3,38.1,34.7,21.1,6.32,8,0,1,Cybersecurity,Cloud & DevOps,Full Stack Developer
3258,61.1,43.5,52.3,37.9,64.4,63.4,61.3,41.4,49.3,43.7,52.3,57.0,54.6,46.4,57.8,48.4,46.3,57.3,53.1,40.9,31.4,48.7,43.0,37.5,31.5,33.8,51.7,6.32,10,0,2,Cybersecurity,Security,Full Stack Developer
3259,55.8,36.7,34.7,54.1,47.0,37.8,52.0,37.3,52.3,63.2,54.0,61.9,58.7,47.1,50.3,54.6,50.6,51.2,45.3,61.2,43.6,34.3,62.6,37.4,44.4,65.3,29.2,6.37,6,1,3,AI/ML,Machine Learning,Full Stack Developer
3260,39.4,48.4,34.8,61.8,39.2,35.2,38.5,28.3,36.1,44.5,52.6,46.8,27.1,49.8,41.1,42.3,39.6,36.0,25.9,38.6,41.8,43.7,14.3,33.5,0.0,23.0,31.6,6.39,4,1,1,Web Development,Security,Full Stack Developer
3261,37.9,30.1,62.4,16.9,31.1,25.0,37.2,23.2,18.4,30.1,21.5,38.2,22.7,18.8,17.3,14.9,18.6,43.5,48.7,17.9,42.0,39.8,37.3,27.0,46.6,20.3,38.0,6.4,5,2,3,Cloud Computing,Backend,Full Stack Developer
3262,55.9,65.5,46.8,66.9,68.7,64.7,75.5,61.2,61.7,69.2,54.7,52.2,56.3,42.4,44.6,52.4,54.6,62.6,46.5,72.9,71.8,52.2,49.1,51.5,55.2,67.2,61.6,6.41,3,1,4,Web Development,Data & Analytics,Full Stack Developer
3263,47.0,54.6,40.1,45.1,46.0,38.4,31.1,30.2,35.4,50.4,51.8,43.0,37.4,47.9,57.8,58.8,45.6,32.2,31.0,57.1,49.2,41.2,45.9,33.5,57.5,47.6,30.7,6.43,5,0,4,AI/ML,Cloud & DevOps,Full Stack Developer
3264,50.5,53.4,46.8,50.6,53.9,60.3,45.0,44.6,62.1,42.3,48.2,52.2,63.1,45.9,45.9,49.2,40.4,50.0,48.8,45.1,47.1,46.6,56.8,59.4,50.8,62.5,46.0,6.43,2,1,5,Data Science,Security,Full Stack Developer
3265,29.7,31.3,18.1,27.9,56.6,65.4,54.8,52.4,40.5,42.0,47.6,36.1,37.7,59.4,37.1,48.6,57.0,21.7,26.0,32.6,37.9,28.4,52.3,30.0,60.7,65.9,39.0,6.44,5,1,2,Web Development,Backend,Full Stack Developer
3266,38.4,42.8,40.0,54.1,49.5,46.5,39.7,53.3,39.8,39.2,42.7,42.3,29.3,33.3,35.9,31.8,32.4,47.1,40.7,63.9,59.8,41.2,19.8,57.1,46.6,46.4,32.1,6.45,2,0,2,Data Science,Full Stack,Full Stack Developer
3267,40.1,44.0,43.8,46.5,28.6,25.3,31.9,19.9,36.2,43.6,43.3,43.1,48.4,50.9,42.9,33.7,42.7,38.1,45.1,40.5,39.6,57.6,44.9,55.0,47.2,49.7,35.6,6.45,7,1,0,DevOps,Backend,Full Stack Developer
3268,41.7,33.9,16.0,44.6,44.4,23.0,44.5,28.4,31.3,32.9,36.1,29.4,40.7,33.8,39.3,36.7,30.3,43.7,45.2,34.8,41.3,28.1,25.5,36.2,19.8,15.2,35.3,6.46,4,0,2,DevOps,Full Stack,Full Stack Developer
3269,52.7,60.3,48.9,48.0,74.7,74.6,65.0,67.2,60.2,41.4,42.9,53.9,55.8,44.7,35.8,39.9,39.3,47.5,48.6,44.3,45.0,37.3,49.0,36.7,37.8,41.8,48.1,6.46,5,1,5,Data Science,Frontend,Full Stack Developer
3270,35.8,49.6,29.3,41.2,45.5,45.0,41.3,44.9,56.5,60.7,46.9,33.9,35.9,20.7,33.1,29.9,24.8,34.5,8.2,42.3,54.1,38.4,34.2,43.5,49.9,31.2,37.8,6.5,1,1,3,Web Development,Cloud & DevOps,Full Stack Developer
3271,39.5,65.0,49.0,44.4,43.1,52.2,44.9,41.7,49.7,57.1,52.3,55.4,59.9,58.7,45.6,55.4,41.1,39.5,28.6,33.2,32.2,35.3,42.2,41.1,40.4,33.4,56.4,6.5,7,1,3,Web Development,Data & Analytics,Full Stack Developer
3272,43.5,58.0,40.5,54.4,34.3,39.5,38.6,53.8,48.9,55.8,67.8,49.0,58.6,53.0,54.8,57.5,46.6,38.7,40.6,59.2,48.0,45.4,40.6,54.3,44.0,25.5,60.5,6.5,3,1,2,Cloud Computing,Mobile,Full Stack Developer
3273,54.0,56.8,52.1,67.7,32.8,15.9,29.6,38.0,43.1,57.6,59.7,50.1,44.9,43.1,38.8,53.9,49.7,41.0,48.4,62.8,59.6,50.9,57.0,52.8,35.4,45.9,59.6,6.52,6,2,3,Cloud Computing,Full Stack,Full Stack Developer
3274,25.3,45.6,33.7,35.9,43.1,47.7,32.7,32.0,38.6,37.4,45.0,21.6,39.8,32.8,40.0,29.8,16.6,20.3,10.4,46.1,44.6,40.6,39.5,39.4,38.8,31.0,24.2,6.53,1,3,2,Cybersecurity,Business,Full Stack Developer
3275,36.2,44.2,49.1,46.0,42.3,46.7,37.8,26.8,46.2,41.8,45.4,41.2,44.1,36.7,42.2,38.8,40.0,59.3,38.6,34.2,31.6,45.6,45.2,38.5,36.1,48.1,42.3,6.55,2,1,3,Data Science,Backend,Full Stack Developer
3276,29.0,32.2,26.0,38.0,58.9,50.2,37.6,56.3,33.4,27.4,33.3,36.6,44.3,34.7,37.7,46.0,20.8,29.8,42.3,29.1,36.6,27.0,35.6,26.5,18.5,33.2,26.9,6.56,8,1,1,Data Science,Backend,Full Stack Developer
3277,38.8,70.5,63.0,38.5,68.9,69.1,60.1,75.5,72.1,63.7,56.8,49.5,48.7,54.2,50.3,50.3,47.8,33.6,25.6,48.8,45.3,24.5,54.7,72.7,63.0,41.8,50.1,6.56,10,2,4,AI/ML,Frontend,Full Stack Developer
3278,52.4,68.3,56.3,52.8,71.5,68.9,76.9,62.6,74.8,52.9,44.9,64.7,66.1,70.6,59.4,65.9,69.7,47.3,30.3,40.5,41.8,39.9,46.3,43.0,65.6,56.2,49.6,6.56,11,2,2,DevOps,QA & Testing,Full Stack Developer
3279,41.5,43.5,42.3,52.0,48.4,39.5,61.6,46.3,51.4,62.6,65.4,45.6,60.8,50.2,63.8,55.3,46.8,41.2,41.4,69.9,57.3,38.0,52.3,41.7,52.0,41.9,46.7,6.57,10,0,2,Business Analytics,Frontend,Full Stack Developer
3280,36.4,39.6,17.0,57.5,39.5,27.5,30.8,29.8,41.8,40.6,53.9,41.6,42.1,50.4,43.4,45.4,44.6,27.5,37.8,66.2,65.7,34.2,40.8,42.2,27.3,34.7,31.3,6.59,3,1,1,Cybersecurity,Cloud & DevOps,Full Stack Developer
3281,40.3,23.3,22.3,49.3,57.3,59.2,42.3,47.2,36.5,24.5,37.9,38.9,42.1,21.8,31.7,27.2,36.1,41.3,43.4,58.4,46.3,36.3,30.1,45.7,53.7,38.2,30.3,6.59,2,0,2,Web Development,Data & Analytics,Full Stack Developer
3282,40.9,62.9,55.0,53.2,54.4,62.6,51.1,59.9,56.6,46.3,49.0,53.6,44.2,54.0,57.8,52.0,57.9,52.0,45.9,62.8,70.4,49.7,70.7,56.8,73.0,76.1,62.0,6.6,6,2,1,Cybersecurity,Full Stack,Full Stack Developer
3283,58.7,74.3,78.6,68.3,67.8,47.7,60.2,56.6,59.2,69.4,61.0,60.0,57.0,55.5,57.7,82.2,63.3,53.3,42.8,73.3,59.0,65.5,73.2,79.8,60.3,58.0,53.4,6.6,8,3,6,AI/ML,Security,Full Stack Developer
3284,34.1,58.6,25.4,25.1,51.8,68.0,62.9,61.1,42.8,37.9,26.1,55.7,44.5,49.0,53.4,57.5,45.9,27.8,33.6,37.0,31.8,24.8,41.5,47.4,51.5,35.0,52.4,6.61,7,2,2,Mobile Development,Security,Full Stack Developer
3285,41.1,56.1,75.0,52.1,41.5,36.3,56.8,54.6,65.2,47.8,59.7,47.2,48.0,46.8,58.7,43.6,59.9,58.4,52.7,62.3,43.4,42.8,39.4,56.9,51.0,29.7,54.2,6.61,4,1,2,AI/ML,Data & Analytics,Full Stack Developer
3286,50.6,50.8,56.1,50.4,44.4,30.6,33.0,31.7,55.8,48.9,63.2,39.3,37.0,45.6,34.9,46.8,47.8,39.8,41.9,47.3,52.9,60.4,31.6,54.1,32.9,35.2,47.0,6.61,2,1,1,Cybersecurity,Full Stack,Full Stack Developer
3287,56.6,46.2,50.3,48.6,32.2,38.6,36.5,28.2,44.1,45.1,46.9,40.9,56.7,51.3,43.9,54.4,35.7,53.1,50.5,62.0,53.6,47.6,49.7,40.7,32.9,39.4,58.1,6.61,2,1,3,Web Development,Data & Analytics,Full Stack Developer
3288,50.1,59.2,61.7,68.3,72.1,72.1,55.8,64.0,57.8,49.5,71.0,54.3,69.3,60.5,59.3,54.4,66.7,56.1,50.5,64.9,59.4,49.8,61.0,74.2,63.8,59.1,62.2,6.62,9,1,6,Cybersecurity,Frontend,Full Stack Developer
3289,47.6,30.7,49.2,18.9,42.5,35.8,42.7,45.2,26.6,40.2,39.0,50.8,44.2,33.4,39.2,38.6,43.8,49.3,61.4,49.4,50.4,56.2,23.3,42.4,17.7,38.6,44.5,6.63,6,1,3,Data Science,Machine Learning,Full Stack Developer
3290,40.1,42.7,24.0,26.6,49.3,46.4,21.6,44.8,36.0,37.5,36.5,32.8,35.0,51.8,54.8,29.7,44.1,41.7,35.2,54.6,68.1,47.9,40.2,31.8,49.5,51.1,28.2,6.65,5,1,3,Cybersecurity,Data & Analytics,Full Stack Developer
3291,26.5,33.7,24.9,34.7,49.2,56.7,43.8,56.3,44.0,44.0,34.4,49.9,37.9,45.7,40.4,47.3,36.2,22.3,23.4,15.0,31.9,17.7,35.1,37.7,39.7,35.8,31.8,6.66,3,1,1,Cloud Computing,Frontend,Full Stack Developer
3292,35.8,66.6,41.5,44.9,34.0,16.8,44.0,29.8,48.0,51.8,48.5,43.0,34.7,37.8,31.5,21.7,40.8,38.4,36.7,51.8,43.1,37.0,45.1,36.8,20.0,33.8,54.3,6.66,8,1,2,Cloud Computing,Backend,Full Stack Developer
3293,43.5,28.7,37.5,39.7,35.7,53.0,41.7,57.7,33.7,47.3,18.4,38.7,21.3,20.3,37.2,22.3,19.3,26.9,32.4,43.5,41.2,34.1,23.1,23.5,41.6,34.1,40.9,6.66,2,0,3,Cloud Computing,Full Stack,Full Stack Developer
3294,60.1,61.0,49.3,80.1,59.7,70.3,64.9,60.0,66.8,71.0,59.4,55.1,68.3,50.7,53.1,61.2,46.7,53.0,70.2,61.5,71.9,64.1,44.2,60.3,42.5,41.1,64.9,6.66,8,2,3,Web Development,Security,Full Stack Developer
3295,28.8,36.6,31.4,23.5,44.1,36.3,40.7,37.3,40.0,22.8,19.6,26.6,31.3,24.0,16.7,42.7,35.1,3.1,24.5,17.5,33.6,11.6,43.0,27.5,46.7,32.6,25.4,6.67,2,1,1,Web Development,Frontend,Full Stack Developer
3296,34.9,12.7,28.3,36.0,54.6,74.5,37.3,54.6,45.8,39.0,33.4,39.9,35.9,35.0,36.0,34.8,30.7,24.2,12.3,39.9,51.2,38.6,42.0,26.7,51.4,34.7,42.4,6.67,5,1,3,Business Analytics,Mobile,Full Stack Developer
3297,48.0,36.5,41.2,43.1,35.3,60.1,39.5,41.4,43.0,45.2,42.9,52.5,41.4,45.6,32.5,35.9,41.5,43.1,42.4,38.6,36.0,37.3,70.0,38.0,61.1,37.3,40.4,6.68,8,1,4,Business Analytics,Cloud & DevOps,Full Stack Developer
3298,60.5,68.3,72.2,53.4,44.6,47.2,49.5,47.8,68.5,48.8,53.7,45.1,48.6,48.3,55.7,53.0,54.1,59.0,57.4,52.8,44.7,72.0,51.3,57.0,49.7,46.3,71.7,6.68,9,0,4,DevOps,Full Stack,Full Stack Developer
3299,62.4,31.6,39.3,56.3,67.5,69.9,64.4,60.4,52.9,38.9,55.2,63.2,54.1,57.0,57.9,64.3,42.3,61.7,50.3,56.8,52.9,49.7,70.9,38.6,75.5,75.2,52.9,6.68,7,1,9,DevOps,Business,Full Stack Developer
3300,45.1,60.2,49.7,43.6,46.7,40.4,52.1,49.7,40.2,50.9,44.9,42.3,45.3,59.6,59.6,57.2,62.5,56.7,25.7,47.5,39.7,36.8,25.5,56.3,29.0,51.1,64.4,6.69,4,3,4,Cloud Computing,Backend,Full Stack Developer
3301,20.5,46.9,53.0,22.1,31.2,33.9,27.2,55.0,37.4,25.7,43.6,46.1,34.4,34.4,54.4,42.5,39.2,32.8,33.5,35.9,29.9,38.8,55.7,42.6,48.4,56.6,45.8,6.7,6,1,0,AI/ML,Security,Full Stack Developer
3302,36.6,56.3,46.9,54.6,33.0,48.9,47.7,42.5,38.0,50.0,57.3,47.6,58.7,40.4,29.2,35.7,50.0,35.5,33.3,30.5,31.6,37.4,53.9,52.7,62.6,51.7,32.0,6.7,3,1,1,Cloud Computing,Full Stack,Full Stack Developer
3303,46.8,57.2,56.3,37.5,54.6,56.8,56.1,58.4,54.0,54.9,49.2,49.2,33.5,37.1,34.6,32.3,38.0,47.6,37.1,54.3,56.6,30.2,52.8,35.5,50.7,43.4,32.6,6.7,4,3,1,Business Analytics,Machine Learning,Full Stack Developer
3304,53.2,59.0,68.5,67.4,43.4,42.6,58.7,52.3,49.6,49.5,53.9,49.5,58.9,48.1,66.6,64.7,61.5,62.3,52.0,63.4,81.2,69.4,45.0,56.9,69.1,55.9,67.8,6.7,10,1,4,Data Science,Data & Analytics,Full Stack Developer
3305,57.2,57.8,55.1,53.8,63.4,70.6,56.8,63.5,60.8,53.3,57.3,45.2,59.4,58.9,63.2,74.2,66.9,35.5,80.1,62.2,44.7,60.4,45.4,44.8,54.7,59.7,47.8,6.7,6,1,4,Cloud Computing,Backend,Full Stack Developer
3306,34.0,40.2,34.9,36.3,40.5,58.9,57.7,43.2,45.3,47.3,27.9,30.9,43.9,31.4,43.7,26.4,28.5,31.9,15.7,19.2,26.8,28.8,35.0,28.4,26.7,45.9,37.0,6.73,4,0,0,Mobile Development,Machine Learning,Full Stack Developer
3307,36.9,65.7,65.7,56.1,61.9,61.5,52.1,65.5,47.6,37.0,49.8,54.6,55.8,54.2,55.5,41.0,49.7,55.2,43.0,40.9,44.5,41.1,47.7,43.1,49.9,51.4,47.4,6.74,5,1,6,Cloud Computing,Machine Learning,Full Stack Developer
3308,61.3,50.8,45.8,71.7,63.4,51.9,66.3,71.5,63.5,69.5,59.6,53.5,63.2,40.1,40.3,50.7,61.9,42.4,50.9,61.1,61.4,63.9,63.2,53.6,66.1,56.9,55.7,6.74,3,3,1,Mobile Development,Data & Analytics,Full Stack Developer
3309,43.8,54.7,41.3,26.1,51.4,59.0,55.6,38.6,44.3,34.6,43.6,36.3,37.7,49.9,33.0,50.3,48.5,46.2,25.0,34.9,23.0,35.1,26.9,38.2,39.0,39.3,31.3,6.76,9,2,6,AI/ML,Full Stack,Full Stack Developer
3310,40.1,51.3,53.2,39.6,59.3,59.6,57.5,60.5,70.0,47.9,48.2,54.7,44.0,49.1,38.7,36.6,44.6,21.4,44.8,31.4,33.7,33.0,52.9,54.0,56.1,52.0,41.7,6.77,9,2,3,DevOps,Frontend,Full Stack Developer
3311,40.6,33.9,30.0,37.5,58.8,47.2,56.4,51.8,51.6,46.9,37.8,53.9,43.5,52.0,52.1,45.6,31.8,42.7,62.4,37.6,30.9,39.9,46.0,30.4,31.7,39.7,25.9,6.78,8,0,1,Cybersecurity,Security,Full Stack Developer
3312,42.8,62.2,58.3,42.1,41.0,36.4,47.7,36.2,50.9,49.7,47.7,51.1,55.4,47.3,54.9,58.6,50.8,55.2,44.6,33.8,30.9,42.4,39.5,54.3,43.4,48.0,31.2,6.78,5,2,5,Cloud Computing,Backend,Full Stack Developer
3313,36.1,44.0,33.9,25.7,57.8,64.5,65.2,64.1,50.2,33.0,35.6,32.0,45.3,36.6,48.5,48.6,32.2,21.3,20.3,30.6,43.1,32.3,52.9,45.5,40.9,44.1,43.8,6.8,3,1,1,Cybersecurity,QA & Testing,Full Stack Developer
3314,36.5,49.7,39.3,51.6,48.1,39.4,53.3,54.4,59.2,61.9,57.4,50.7,42.9,27.3,37.2,34.9,37.8,51.0,39.5,56.9,53.5,51.9,48.0,27.1,46.9,43.7,37.3,6.82,5,2,0,Web Development,Data & Analytics,Full Stack Developer
3315,57.6,47.1,60.4,44.1,64.4,67.0,63.7,54.3,49.9,48.0,35.4,53.3,72.9,46.5,51.7,42.7,63.9,42.2,60.1,47.8,44.6,59.6,42.7,56.8,36.0,51.7,49.3,6.82,2,3,0,Web Development,Full Stack,Full Stack Developer
3316,43.0,45.1,22.9,43.6,47.6,44.7,41.8,48.6,43.4,37.3,43.9,48.0,33.8,34.9,29.6,48.2,42.8,48.6,35.0,42.9,38.9,44.5,44.5,43.7,27.0,59.4,49.7,6.83,5,1,4,Cybersecurity,Full Stack,Full Stack Developer
3317,57.3,30.9,28.9,47.6,56.5,47.5,36.2,31.2,29.4,24.7,38.1,20.5,38.7,19.2,32.2,40.8,29.2,44.3,53.4,44.5,53.8,47.4,40.3,41.8,31.1,32.7,41.9,6.83,5,1,2,Data Science,Business,Full Stack Developer
3318,59.1,39.5,55.8,49.6,81.5,78.3,52.1,68.6,74.2,55.6,42.4,55.9,67.5,47.9,46.5,53.2,51.6,52.5,46.4,45.5,55.8,38.4,73.5,59.7,58.5,76.1,39.5,6.83,13,3,2,Mobile Development,Full Stack,Full Stack Developer
3319,44.5,44.2,56.4,36.1,38.3,33.8,37.4,31.4,42.3,41.5,39.6,48.7,31.9,41.2,34.6,41.5,38.3,44.6,41.7,24.8,32.8,27.4,36.7,45.5,43.5,43.0,22.2,6.84,4,2,3,Mobile Development,Security,Full Stack Developer
3320,54.6,50.4,35.9,43.8,37.9,37.3,34.7,44.3,31.8,40.5,59.2,36.4,54.2,26.8,36.8,36.4,50.0,33.6,55.4,49.0,50.8,53.1,46.3,51.6,67.0,58.7,42.9,6.84,7,0,1,Data Science,Business,Full Stack Developer
3321,48.5,49.4,50.7,37.4,35.5,41.7,41.1,34.4,44.6,40.6,47.3,56.3,48.2,41.3,31.9,35.0,34.3,38.7,48.2,35.1,49.2,52.2,41.7,55.6,39.8,45.2,45.0,6.86,7,1,4,Business Analytics,Full Stack,Full Stack Developer
3322,42.3,42.7,36.9,24.7,21.3,42.1,38.7,45.4,52.8,13.9,38.3,34.2,40.8,39.5,34.5,35.8,45.5,64.8,40.2,28.7,28.5,40.8,29.1,45.2,42.6,27.1,36.4,6.87,3,2,3,Cloud Computing,Mobile,Full Stack Developer
3323,65.0,56.6,57.7,46.1,67.7,72.8,73.9,68.9,64.3,58.3,51.2,66.6,63.3,70.8,63.2,49.3,47.9,41.8,55.8,40.6,28.2,54.2,32.6,50.1,49.3,46.0,48.7,6.88,6,1,8,Data Science,Frontend,Full Stack Developer
3324,34.4,47.4,47.4,61.4,59.4,73.8,55.1,68.8,64.8,46.7,55.5,54.2,42.4,46.6,39.6,38.0,39.5,42.4,47.8,59.1,74.7,44.3,53.5,47.4,37.0,64.1,50.9,6.89,6,2,1,Mobile Development,Machine Learning,Full Stack Developer
3325,35.9,40.1,22.2,50.6,41.5,21.7,39.8,25.9,37.8,41.8,44.5,32.6,42.8,44.6,40.7,48.3,42.5,34.7,36.2,27.2,46.7,40.5,28.8,33.9,38.7,36.8,50.2,6.89,1,1,2,Cybersecurity,Machine Learning,Full Stack Developer
3326,48.5,38.4,45.0,38.0,55.4,49.0,52.1,52.2,50.6,36.4,50.3,38.0,43.9,37.3,38.3,49.1,53.8,38.0,23.8,40.1,46.6,43.4,32.4,42.4,35.2,17.5,51.1,6.89,3,0,4,Mobile Development,Machine Learning,Full Stack Developer
3327,62.6,60.6,32.5,54.5,57.7,73.1,52.6,68.0,48.0,58.1,50.5,64.0,50.6,43.5,48.6,47.8,58.4,49.1,45.5,68.3,66.0,57.7,66.5,54.9,76.3,48.2,55.3,6.91,10,2,6,Cloud Computing,Frontend,Full Stack Developer
3328,48.1,49.9,68.1,57.9,50.5,43.4,48.8,60.8,49.4,55.9,58.7,46.9,44.5,32.5,45.7,43.0,42.0,53.5,46.0,63.3,73.5,46.2,60.4,65.0,45.0,48.3,55.0,6.92,8,1,1,Data Science,Backend,Full Stack Developer
3329,32.6,41.7,28.7,37.9,26.7,31.2,31.6,23.8,45.7,45.0,50.3,51.9,37.1,43.4,52.7,41.1,42.3,22.9,14.6,42.8,39.1,13.7,53.9,25.4,51.8,50.1,30.6,6.94,2,0,8,Mobile Development,Full Stack,Full Stack Developer
3330,47.2,54.9,37.1,49.8,56.2,55.6,39.0,59.3,46.9,56.9,45.8,54.2,53.0,51.4,42.2,44.9,42.5,60.9,61.9,60.4,71.4,49.0,62.3,51.0,38.8,40.8,48.3,6.94,7,2,1,AI/ML,Security,Full Stack Developer
3331,39.1,35.7,30.9,31.7,59.3,55.6,49.5,56.7,29.4,26.9,37.8,41.4,41.8,46.2,35.3,36.3,36.0,51.4,49.9,35.9,50.1,47.9,46.4,28.2,30.8,45.9,41.0,6.95,5,1,1,Cybersecurity,Data & Analytics,Full Stack Developer
3332,40.1,46.5,50.6,38.3,61.6,58.7,55.7,58.8,44.3,29.9,39.1,59.5,60.6,47.6,43.8,35.1,30.6,42.1,37.8,14.1,25.7,21.3,45.3,51.4,46.3,49.3,31.6,6.96,4,2,2,Mobile Development,Frontend,Full Stack Developer
3333,52.2,43.5,61.1,47.1,60.6,47.8,55.2,57.4,46.8,53.4,49.6,45.2,57.1,53.0,30.8,31.4,47.8,59.7,48.0,68.4,61.8,71.9,58.5,52.5,57.3,52.9,59.3,6.96,4,2,4,Data Science,Machine Learning,Full Stack Developer
3334,52.1,51.4,58.8,43.8,42.8,24.1,36.1,58.7,58.1,40.1,47.3,41.5,52.2,47.9,57.2,45.6,55.0,60.7,60.5,40.9,38.0,61.2,58.4,54.8,51.3,48.2,60.4,6.97,2,1,5,DevOps,Machine Learning,Full Stack Developer
3335,37.1,7.3,24.2,11.0,48.6,58.6,35.2,47.7,38.0,26.7,29.5,28.9,32.2,24.2,9.8,10.2,30.2,56.5,50.1,48.3,27.7,46.8,49.5,28.5,40.9,35.9,15.4,6.98,5,2,2,Web Development,Machine Learning,Full Stack Developer
3336,30.6,52.5,46.9,36.6,32.6,35.3,33.8,38.7,43.7,34.4,52.0,52.3,43.9,39.3,37.9,50.1,49.2,42.3,19.6,28.7,30.2,45.2,28.7,57.6,18.6,13.6,53.0,7.0,6,1,4,DevOps,Data & Analytics,Full Stack Developer
3337,35.1,45.0,36.0,35.5,32.2,8.9,26.5,10.6,33.3,34.2,29.0,31.0,41.8,41.3,36.7,54.6,42.0,21.3,48.4,30.0,36.2,37.3,23.2,31.2,28.6,23.9,43.0,7.0,2,1,0,DevOps,Mobile,Full Stack Developer
3338,56.6,58.1,72.3,45.6,38.6,27.3,34.8,36.7,51.2,46.9,46.1,45.0,40.5,35.7,29.9,47.4,43.4,35.0,68.1,39.7,27.7,50.4,47.4,67.5,24.1,45.3,62.2,7.01,5,2,1,Business Analytics,Machine Learning,Full Stack Developer
3339,67.7,56.7,53.9,40.1,55.1,59.3,66.8,51.6,68.9,47.8,52.3,62.5,55.0,63.1,52.8,71.8,68.0,60.4,74.9,58.8,43.9,71.9,62.4,63.7,61.1,57.8,56.8,7.01,4,1,4,AI/ML,Data & Analytics,Full Stack Developer
3340,33.7,57.1,43.5,53.0,48.3,33.4,39.4,19.2,52.6,57.0,65.3,43.0,52.5,68.0,54.2,48.6,56.8,33.4,21.6,46.7,59.6,33.0,49.8,48.9,53.3,47.1,49.0,7.05,5,1,0,Cybersecurity,Cloud & DevOps,Full Stack Developer
3341,54.9,62.1,60.0,47.3,70.9,63.6,70.7,67.3,65.0,67.8,61.1,54.0,58.0,46.9,47.7,42.7,64.4,39.0,40.3,55.9,64.1,53.6,80.7,69.6,68.0,75.1,59.6,7.05,1,2,1,Cybersecurity,QA & Testing,Full Stack Developer
3342,41.8,32.5,29.8,31.5,74.3,63.8,58.0,44.5,38.3,41.6,26.3,65.0,40.8,46.2,31.8,33.2,33.0,47.2,71.7,51.2,22.1,52.7,28.3,48.6,46.4,24.6,38.7,7.06,7,3,1,Web Development,Frontend,Full Stack Developer
3343,56.8,48.5,43.2,49.1,37.4,36.3,35.9,51.3,44.5,42.8,40.6,38.2,41.4,37.6,32.1,39.7,37.7,57.2,62.5,31.5,39.1,64.9,45.3,51.5,56.8,61.9,49.7,7.06,5,1,2,Cloud Computing,Full Stack,Full Stack Developer
3344,32.8,36.3,32.3,35.4,41.2,39.1,28.6,36.4,35.1,30.3,29.9,33.0,44.1,41.7,35.4,46.6,19.3,37.2,69.0,42.0,30.8,49.8,22.9,53.9,36.2,24.1,42.3,7.09,7,1,3,Mobile Development,Business,Full Stack Developer
3345,55.0,56.9,69.8,39.1,41.9,48.6,58.0,52.4,50.3,60.1,32.3,56.6,57.6,77.9,67.9,66.9,77.8,55.2,60.2,29.8,40.4,41.9,38.1,69.6,41.7,49.2,70.1,7.09,5,2,2,Mobile Development,Cloud & DevOps,Full Stack Developer
3346,24.2,15.6,35.5,18.2,14.5,28.2,20.1,12.8,10.9,12.4,16.3,13.1,10.7,16.5,20.9,23.3,33.1,38.0,30.7,28.6,24.9,25.0,23.8,14.0,28.8,31.1,25.0,7.1,3,0,0,Business Analytics,Backend,Full Stack Developer
3347,33.2,44.3,34.7,35.6,34.1,45.6,40.6,35.4,26.8,30.3,39.9,29.6,41.2,27.9,37.5,27.5,36.5,33.4,29.0,38.5,49.8,37.4,35.3,29.3,39.5,37.9,56.3,7.11,7,0,4,Cybersecurity,Data & Analytics,Full Stack Developer
3348,57.8,59.3,43.5,46.7,68.4,78.1,64.5,71.3,50.5,51.5,55.5,50.5,47.4,53.8,48.5,48.6,48.9,46.0,36.9,53.8,60.1,46.1,55.8,49.9,52.4,72.6,45.1,7.11,7,2,2,Mobile Development,Backend,Full Stack Developer
3349,37.3,22.9,23.0,41.5,60.9,54.1,57.0,53.1,49.7,34.9,41.1,46.3,30.1,38.9,31.5,30.5,27.6,49.6,48.2,43.1,46.8,54.9,33.5,29.0,27.1,27.7,24.0,7.12,6,1,9,AI/ML,Security,Full Stack Developer
3350,44.3,32.2,28.7,42.5,64.4,57.4,57.2,60.3,26.3,32.6,30.4,57.8,42.3,39.1,44.3,21.2,31.3,30.8,35.6,49.8,64.0,44.0,60.0,42.9,56.8,46.6,39.8,7.13,3,3,4,Web Development,Full Stack,Full Stack Developer
3351,40.0,41.9,38.6,30.8,13.2,42.5,18.9,35.3,41.1,53.0,36.9,35.0,41.5,53.2,52.8,42.8,53.6,41.4,29.7,23.6,24.5,26.8,27.1,33.0,22.4,24.3,15.7,7.14,1,1,0,Mobile Development,Full Stack,Full Stack Developer
3352,51.9,44.8,38.4,42.8,77.5,75.2,81.9,61.6,37.9,41.7,45.5,48.0,49.6,55.3,45.5,51.4,55.0,47.7,35.0,44.2,50.7,30.9,48.4,46.1,37.0,41.4,36.8,7.14,3,2,3,Cloud Computing,Full Stack,Full Stack Developer
3353,56.6,43.7,62.9,60.9,64.0,61.4,63.4,61.8,55.2,52.0,53.3,54.1,61.2,56.9,43.6,55.8,57.7,55.0,52.4,48.6,59.5,48.7,48.7,48.3,47.3,58.6,62.2,7.14,7,0,2,Business Analytics,Backend,Full Stack Developer
3354,66.9,41.2,64.0,60.5,66.7,57.7,47.5,62.7,49.7,56.5,63.3,56.6,50.0,56.1,61.4,54.8,43.9,56.0,66.4,64.1,70.9,66.7,66.8,70.0,65.9,75.8,54.1,7.14,12,1,1,Cloud Computing,Business,Full Stack Developer
3355,46.4,51.6,50.2,52.9,17.9,23.1,35.6,28.4,38.9,45.4,43.0,42.2,40.1,34.7,48.0,45.5,38.9,51.5,69.2,53.4,46.8,58.9,49.2,55.3,40.9,30.7,58.0,7.16,7,2,3,AI/ML,Data & Analytics,Full Stack Developer
3356,48.2,33.6,43.6,52.7,23.9,36.5,40.1,15.7,47.6,61.5,51.9,39.0,35.9,59.2,53.4,44.6,60.8,43.7,32.9,67.2,59.3,41.2,46.5,42.2,43.2,47.0,60.6,7.17,9,2,1,Data Science,Business,Full Stack Developer
3357,52.0,36.1,25.3,48.2,22.6,27.1,33.1,31.5,38.8,43.0,35.0,39.0,55.2,66.8,62.1,48.3,55.0,64.4,65.0,59.9,43.7,53.2,39.7,58.6,45.9,30.3,40.5,7.19,3,1,1,Mobile Development,Backend,Full Stack Developer
3358,47.9,47.9,52.5,64.6,45.3,45.6,43.0,51.8,45.4,46.0,75.1,47.8,54.4,52.1,66.7,56.4,43.5,46.4,55.1,44.3,54.6,63.7,44.7,53.4,44.6,46.3,60.8,7.2,3,1,3,Web Development,Data & Analytics,Full Stack Developer
3359,60.2,61.7,65.1,56.0,62.6,69.7,63.2,68.0,51.9,54.0,48.1,58.9,52.8,34.6,47.5,45.4,37.8,66.1,54.5,65.0,57.7,56.5,50.0,66.7,63.3,56.4,68.2,7.2,8,1,1,Mobile Development,Frontend,Full Stack Developer
3360,41.0,45.3,37.6,41.8,32.2,14.8,35.6,38.2,48.9,48.8,34.6,36.8,48.4,48.7,39.1,42.5,37.1,36.5,29.1,20.5,16.8,45.5,48.1,39.5,23.3,41.1,38.7,7.22,9,2,1,DevOps,Frontend,Full Stack Developer
3361,40.0,45.1,44.6,58.1,34.9,40.1,56.4,42.9,56.3,40.9,50.5,40.9,45.3,42.9,56.6,44.6,55.6,33.8,43.1,46.6,32.1,35.6,35.1,42.4,34.3,27.6,36.4,7.23,5,3,1,Cloud Computing,Mobile,Full Stack Developer
3362,49.4,35.6,30.3,49.0,47.6,48.7,41.6,40.4,51.3,46.8,58.6,60.9,47.2,60.1,42.4,50.4,43.7,43.6,42.0,40.2,46.0,43.8,42.5,37.6,38.4,51.8,38.4,7.23,4,1,3,Data Science,Security,Full Stack Developer
3363,57.1,37.5,53.6,31.4,48.3,48.1,44.1,36.4,48.0,51.6,41.3,42.7,43.0,47.1,32.8,40.1,49.0,34.3,26.8,49.5,51.0,42.3,43.8,42.4,58.9,53.2,53.6,7.23,5,0,5,Cybersecurity,Data & Analytics,Full Stack Developer
3364,63.4,45.6,48.5,64.9,80.6,89.9,63.2,79.0,67.2,63.4,58.2,58.4,52.8,53.1,43.5,43.3,62.6,63.2,63.1,60.1,64.7,58.8,52.8,49.4,35.4,42.9,56.7,7.23,6,2,5,Web Development,Mobile,Full Stack Developer
3365,19.6,24.9,14.3,10.8,53.6,42.1,42.1,46.7,18.6,25.6,16.3,22.5,35.8,36.8,11.5,15.2,24.5,3.5,20.0,10.0,34.9,28.6,48.0,7.7,44.4,25.2,22.7,7.24,5,0,3,Business Analytics,Cloud & DevOps,Full Stack Developer
3366,54.7,61.2,31.7,78.3,84.9,79.3,71.4,85.1,60.3,75.7,71.0,65.3,53.0,55.3,55.8,62.3,55.0,39.5,33.1,69.5,58.5,49.2,48.6,53.1,59.1,57.0,45.8,7.24,6,0,6,Business Analytics,Data & Analytics,Full Stack Developer
3367,41.9,48.4,37.3,47.6,53.9,46.4,31.8,42.9,46.0,32.0,39.8,40.1,42.6,54.7,55.0,67.1,48.5,47.2,34.0,64.2,43.6,44.0,34.3,43.4,38.3,45.4,41.0,7.25,4,1,2,Web Development,Security,Full Stack Developer
3368,42.3,46.4,38.3,57.6,73.5,69.8,70.8,58.6,58.3,56.2,49.7,52.0,60.2,54.3,52.5,58.0,50.4,43.8,52.1,34.5,25.2,42.1,38.6,66.7,33.3,57.9,49.4,7.25,8,2,2,Cloud Computing,Mobile,Full Stack Developer
3369,53.3,48.9,44.5,54.6,21.7,16.9,31.2,27.4,36.9,46.3,62.7,49.8,57.2,54.8,45.2,44.7,57.3,60.2,48.0,47.0,39.4,58.7,12.2,46.3,15.8,48.6,63.5,7.25,3,2,0,Mobile Development,Machine Learning,Full Stack Developer
3370,58.1,51.0,32.1,57.4,52.4,74.2,53.5,69.3,57.8,56.2,64.8,51.8,59.9,50.0,53.5,40.4,34.2,59.8,57.4,60.4,53.0,42.7,55.9,42.0,50.3,49.3,41.2,7.25,4,2,2,Cloud Computing,Frontend,Full Stack Developer
3371,53.4,52.3,47.4,47.7,55.1,55.5,62.7,48.1,66.4,55.1,57.1,49.8,66.3,62.6,47.7,42.8,60.1,45.6,45.2,35.4,28.2,60.8,37.7,64.2,58.2,48.9,45.2,7.26,7,1,1,Cybersecurity,QA & Testing,Full Stack Developer
3372,15.4,27.5,14.8,22.5,29.7,30.8,28.6,25.5,33.5,24.0,35.4,30.5,35.1,20.3,22.2,26.7,23.2,35.4,37.5,17.5,18.2,24.0,12.0,26.7,34.6,34.2,22.6,7.27,3,1,1,DevOps,Mobile,Full Stack Developer
3373,48.5,55.0,55.9,46.5,72.4,83.9,61.8,67.3,70.8,57.3,52.9,73.4,53.2,52.3,50.7,53.5,50.3,45.4,57.7,37.2,34.9,60.5,46.5,51.0,34.7,33.8,51.2,7.27,8,1,2,Mobile Development,Backend,Full Stack Developer
3374,45.9,36.3,37.7,49.5,41.7,28.3,47.1,31.7,38.4,43.4,34.6,31.5,34.0,62.7,50.0,34.8,51.8,40.6,27.2,27.2,14.9,29.0,19.0,35.1,47.4,44.7,37.8,7.28,3,0,3,Cloud Computing,QA & Testing,Full Stack Developer
3375,46.0,22.5,40.3,56.1,45.7,44.6,39.9,31.2,36.3,27.6,36.4,25.0,40.2,41.3,27.1,28.0,37.3,43.8,52.8,52.9,44.5,52.3,32.3,20.8,40.0,34.8,32.4,7.28,6,1,2,Business Analytics,Full Stack,Full Stack Developer
3376,51.8,40.0,45.7,36.1,48.5,41.1,49.6,50.2,39.6,52.8,39.6,57.7,46.9,47.5,43.7,51.0,44.9,53.1,50.9,48.0,55.6,35.8,45.9,50.7,33.4,19.9,52.8,7.28,7,0,3,Data Science,Machine Learning,Full Stack Developer
3377,52.9,41.6,48.4,61.4,71.0,72.0,68.1,75.7,56.9,61.7,52.3,51.2,54.8,52.9,50.8,58.4,63.7,51.1,59.6,64.1,65.9,55.9,44.5,32.5,42.0,46.4,43.2,7.28,7,0,4,DevOps,Full Stack,Full Stack Developer
3378,51.8,62.3,60.8,50.9,49.8,59.8,48.5,65.4,75.1,63.8,58.1,50.5,51.1,60.7,41.2,64.4,58.2,41.5,50.8,70.4,57.2,62.2,56.8,77.0,58.0,60.3,63.8,7.29,7,1,4,Mobile Development,QA & Testing,Full Stack Developer
3379,52.0,53.4,56.2,46.2,47.5,36.8,60.3,60.4,46.6,45.2,64.3,55.1,62.9,59.6,30.4,52.3,45.9,50.4,46.5,67.0,71.3,46.7,48.5,67.5,49.2,70.1,50.7,7.29,6,1,4,Business Analytics,Frontend,Full Stack Developer
3380,28.0,56.4,63.8,54.5,63.2,63.7,58.7,44.1,57.4,68.2,74.1,41.0,57.1,39.8,50.7,51.6,72.2,40.7,46.2,65.1,56.0,48.4,46.5,49.2,35.9,46.5,46.4,7.3,5,2,4,Cybersecurity,Data & Analytics,Full Stack Developer
3381,33.4,40.1,35.1,31.8,43.4,44.9,41.4,37.0,48.0,29.8,40.7,36.6,47.2,47.1,44.6,51.4,45.0,31.1,31.8,55.9,54.6,35.3,63.0,37.8,51.1,50.0,48.9,7.31,3,1,5,Cloud Computing,Frontend,Full Stack Developer
3382,40.8,52.7,29.5,42.9,73.5,65.6,56.3,70.9,53.9,47.3,44.7,41.1,53.9,47.1,38.5,45.0,54.9,30.2,27.8,26.4,32.1,46.1,27.6,38.8,57.5,51.4,58.4,7.33,3,1,4,Web Development,Security,Full Stack Developer
3383,67.5,79.1,56.3,89.0,75.9,74.9,63.9,88.5,73.3,82.5,79.6,68.5,83.6,73.7,61.2,68.1,87.2,69.9,76.3,84.6,69.1,68.3,81.0,71.8,64.8,72.9,53.8,7.33,8,2,1,Business Analytics,Backend,Full Stack Developer
3384,33.9,39.6,39.7,45.0,68.9,71.0,56.3,56.7,56.5,34.1,24.7,35.5,45.1,39.3,44.3,54.1,29.0,43.0,53.6,16.9,31.8,31.8,41.2,46.4,39.5,41.0,47.4,7.35,9,3,2,AI/ML,Mobile,Full Stack Developer
3385,44.0,37.3,50.8,36.7,41.0,20.9,32.0,36.4,51.1,54.2,42.5,24.9,30.9,41.7,49.8,35.7,43.4,45.3,56.0,43.9,43.2,44.2,34.0,28.2,39.2,24.4,43.0,7.35,9,2,2,Web Development,Security,Full Stack Developer
3386,60.5,62.5,58.9,59.7,69.9,50.8,56.4,57.4,59.6,56.8,63.8,56.8,47.2,65.2,57.4,51.5,65.6,56.2,52.7,70.4,54.9,44.5,81.9,47.4,70.6,57.3,58.3,7.36,10,0,3,Web Development,Full Stack,Full Stack Developer
3387,77.9,60.5,57.5,74.4,80.8,83.8,70.5,88.0,56.3,86.4,89.6,73.6,67.1,55.1,62.6,66.4,64.7,61.3,60.4,77.6,80.6,66.6,60.6,75.9,75.8,68.3,62.2,7.36,4,3,3,DevOps,Full Stack,Full Stack Developer
3388,27.3,30.5,32.5,23.4,29.3,37.5,22.9,13.5,30.7,21.3,20.8,0.0,32.0,20.2,23.9,32.0,33.1,21.0,19.2,26.4,42.5,25.0,37.3,34.2,34.6,35.5,33.7,7.37,3,1,5,Business Analytics,QA & Testing,Full Stack Developer
3389,32.2,31.5,24.3,28.3,29.4,32.8,33.1,11.4,29.8,36.9,32.1,42.5,36.9,43.3,46.7,51.4,36.9,33.9,58.9,44.8,28.0,45.9,21.3,29.5,32.1,33.8,38.6,7.37,4,2,3,AI/ML,QA & Testing,Full Stack Developer
3390,32.4,60.6,25.7,43.2,46.7,20.2,33.8,35.3,54.6,44.9,48.8,43.6,44.4,49.9,66.7,51.1,48.5,46.8,31.9,32.4,46.7,41.9,35.7,47.4,45.0,59.1,37.9,7.37,5,2,4,AI/ML,Mobile,Full Stack Developer
3391,34.8,46.4,38.5,31.6,52.3,40.5,46.4,54.0,59.2,42.7,45.0,61.1,35.2,55.4,50.4,58.0,58.0,24.7,26.6,19.8,24.8,30.3,35.5,52.7,44.6,33.6,54.2,7.37,2,2,3,AI/ML,QA & Testing,Full Stack Developer
3392,52.0,52.5,57.3,39.6,62.0,58.5,47.3,64.6,52.4,54.8,60.7,48.5,44.5,47.2,44.3,64.4,47.9,54.1,45.5,52.3,45.3,53.1,39.9,65.6,37.7,38.7,57.6,7.37,9,1,1,Cybersecurity,Backend,Full Stack Developer
3393,27.1,37.9,58.3,33.5,36.8,23.8,24.7,35.4,35.2,32.5,45.1,53.5,37.1,43.1,39.8,46.9,52.4,34.7,49.2,32.9,46.9,45.6,47.3,50.9,54.1,57.9,57.3,7.38,3,1,1,Business Analytics,Security,Full Stack Developer
3394,43.0,56.7,56.6,47.7,43.1,38.6,42.7,42.3,46.8,53.2,58.8,53.9,53.0,53.7,62.9,46.1,49.3,36.1,30.6,31.2,56.3,33.1,43.8,38.2,45.8,36.2,40.4,7.39,4,2,0,Web Development,Frontend,Full Stack Developer
3395,11.8,28.2,43.4,39.0,44.7,57.7,33.8,38.4,30.8,27.3,8.3,37.8,44.4,43.0,30.9,42.3,36.6,41.2,33.0,22.3,28.8,27.3,32.5,15.8,42.0,42.3,26.5,7.4,7,1,6,AI/ML,Frontend,Full Stack Developer
3396,28.6,36.6,21.8,22.2,43.7,34.6,48.5,47.2,44.9,16.6,35.6,39.9,40.6,48.3,36.1,45.9,41.5,28.1,26.2,14.4,10.9,25.1,35.6,22.0,16.9,6.1,26.4,7.4,6,3,4,AI/ML,Frontend,Full Stack Developer
3397,36.3,30.7,29.8,48.2,23.8,33.8,44.1,33.9,35.9,40.7,40.1,32.2,26.4,26.9,38.7,46.8,43.4,40.4,38.1,52.4,50.0,29.4,37.8,33.3,23.2,28.0,22.9,7.4,3,2,4,DevOps,Business,Full Stack Developer
3398,43.6,44.6,68.7,25.3,66.9,74.0,61.0,57.0,50.5,33.4,37.9,51.2,59.5,49.3,40.8,54.6,53.6,64.2,71.4,46.1,40.2,64.4,35.8,55.4,30.0,41.5,67.4,7.4,9,2,3,DevOps,Frontend,Full Stack Developer
3399,31.8,43.8,45.9,45.1,38.9,28.4,47.8,39.7,56.7,45.5,51.7,63.6,43.4,64.7,68.8,60.5,42.3,30.7,43.5,37.5,50.0,26.0,42.5,44.9,56.2,54.7,47.1,7.41,4,2,5,Mobile Development,Backend,Full Stack Developer
3400,39.2,33.4,30.0,27.7,50.9,51.1,38.0,49.3,36.4,21.8,23.9,42.7,43.9,49.6,48.3,52.5,48.9,59.7,47.0,34.5,24.9,44.8,28.2,28.5,19.2,32.3,45.0,7.41,7,0,3,Business Analytics,Frontend,Full Stack Developer
3401,45.8,52.4,40.2,37.2,35.8,30.7,36.0,34.3,54.9,50.7,45.9,46.1,43.1,46.6,38.3,37.7,51.6,35.1,32.9,37.0,22.1,28.1,45.8,37.9,41.4,35.5,37.6,7.41,2,2,1,AI/ML,Business,Full Stack Developer
3402,24.8,28.8,13.4,19.9,48.9,46.5,36.3,43.8,22.5,12.0,23.1,28.9,25.1,17.7,25.0,16.2,20.7,34.8,38.9,38.9,39.6,32.2,43.2,23.4,50.0,31.0,14.6,7.42,5,2,1,AI/ML,Cloud & DevOps,Full Stack Developer
3403,34.1,68.6,44.3,30.9,49.5,36.1,45.8,43.1,38.3,46.6,49.6,41.9,56.4,45.6,45.6,44.0,47.3,44.4,45.8,30.9,32.9,30.3,50.6,43.2,39.7,49.2,57.0,7.44,5,1,3,AI/ML,Business,Full Stack Developer
3404,40.3,58.2,35.6,56.0,65.3,74.9,58.8,77.8,50.6,49.2,49.3,51.8,61.6,46.4,47.2,52.1,40.8,40.2,26.3,37.9,45.1,42.7,27.7,42.4,22.0,46.8,39.1,7.44,9,1,2,Data Science,Full Stack,Full Stack Developer
3405,52.1,69.5,64.5,38.2,64.7,63.2,72.0,62.2,51.9,59.3,68.4,56.7,56.9,59.1,50.9,54.8,64.5,30.4,41.6,44.3,34.6,43.7,38.5,35.4,45.9,43.1,45.9,7.44,9,1,3,Web Development,Business,Full Stack Developer
3406,28.1,38.4,16.5,40.4,44.1,36.4,40.4,39.4,35.3,38.4,28.7,40.7,45.3,28.5,42.8,35.0,30.3,16.3,17.3,43.6,33.8,20.0,31.8,0.0,38.7,42.0,30.9,7.46,3,2,1,Business Analytics,Data & Analytics,Full Stack Developer
3407,44.7,33.4,39.7,19.5,62.1,45.7,56.6,71.2,40.1,32.3,42.7,40.8,36.2,55.8,52.9,45.0,47.4,37.4,53.6,19.3,14.4,41.8,34.2,43.6,31.4,44.9,42.0,7.46,6,3,4,Cybersecurity,Business,Full Stack Developer
3408,45.6,43.1,48.7,49.7,58.6,34.5,46.9,61.2,37.3,37.9,35.8,52.5,32.9,23.5,33.4,33.8,39.8,44.5,44.6,32.2,25.9,40.2,25.4,40.0,18.7,34.4,31.4,7.46,7,1,0,Mobile Development,Business,Full Stack Developer
3409,16.4,30.2,24.5,28.8,40.9,31.4,22.5,35.5,33.0,27.6,35.6,30.6,29.6,21.5,26.3,18.7,15.1,19.6,12.9,19.0,18.2,21.3,15.1,39.0,24.0,21.7,25.8,7.48,5,0,0,Cloud Computing,Backend,Full Stack Developer
3410,53.9,52.1,48.1,43.1,70.2,75.7,77.3,52.4,49.8,51.1,36.5,54.0,56.6,53.2,58.2,62.5,48.5,50.7,56.8,47.1,34.3,54.2,56.6,56.9,67.1,71.6,38.6,7.48,6,3,2,DevOps,Data & Analytics,Full Stack Developer
3411,38.0,50.6,56.2,38.0,45.7,47.7,40.7,42.4,49.0,56.1,45.7,42.5,40.8,32.0,20.2,53.6,44.2,19.1,27.8,32.8,33.4,44.0,34.5,47.2,36.4,37.3,35.3,7.49,6,1,2,AI/ML,Full Stack,Full Stack Developer
3412,45.3,54.4,58.5,39.2,69.7,54.5,69.3,51.7,67.0,57.0,43.6,56.6,56.5,62.2,50.7,58.1,51.3,30.8,40.3,43.7,46.0,48.9,56.5,49.5,38.3,42.0,58.3,7.49,4,2,4,Web Development,Mobile,Full Stack Developer
3413,23.3,42.3,37.0,53.5,40.9,61.5,45.9,58.2,64.4,51.4,43.0,39.5,41.9,54.7,46.3,50.6,32.9,42.0,21.9,45.0,54.0,36.5,36.7,21.4,37.4,43.2,21.4,7.5,5,1,4,Cloud Computing,Frontend,Full Stack Developer
3414,59.6,43.1,45.8,44.4,43.0,39.5,36.3,35.5,49.6,62.9,50.6,36.0,41.2,42.1,37.5,52.8,35.0,42.0,36.1,57.1,60.8,40.3,49.7,44.9,46.3,40.7,32.4,7.5,5,2,4,Cybersecurity,Backend,Full Stack Developer
3415,48.0,23.9,47.3,43.6,60.3,64.5,47.1,68.4,38.6,39.7,43.3,38.4,52.4,55.6,41.2,47.8,43.9,40.3,59.0,41.6,59.8,45.5,59.4,39.8,54.8,37.5,49.3,7.51,1,1,3,Business Analytics,Security,Full Stack Developer
3416,52.3,67.8,56.2,59.7,46.2,66.2,50.9,70.9,64.8,62.7,59.4,55.4,58.3,51.8,51.3,56.6,56.1,40.7,54.2,68.1,65.4,40.3,64.5,49.3,43.0,56.8,51.2,7.52,7,2,1,DevOps,Machine Learning,Full Stack Developer
3417,52.9,57.0,46.6,46.8,66.3,55.9,57.3,59.5,47.5,55.1,57.1,60.7,56.7,35.3,43.7,42.6,54.9,58.9,39.8,51.8,55.9,51.2,56.7,39.3,43.5,58.8,46.3,7.52,5,0,6,Mobile Development,Security,Full Stack Developer
3418,54.6,66.6,49.1,59.7,55.5,59.0,52.4,64.7,60.9,64.8,61.8,53.1,73.4,57.7,52.1,41.1,35.0,35.4,37.0,53.2,44.5,41.8,34.0,53.0,40.0,30.8,56.2,7.53,4,2,1,Cloud Computing,Business,Full Stack Developer
3419,45.3,48.5,47.2,30.6,51.5,55.2,44.9,43.0,42.9,48.2,42.1,55.8,67.9,61.5,60.5,62.7,63.1,62.7,49.0,35.3,36.9,50.2,46.2,58.9,56.2,61.0,52.9,7.54,5,3,1,Web Development,Machine Learning,Full Stack Developer
3420,50.5,42.2,34.6,59.2,32.8,33.5,27.4,34.4,32.2,48.4,46.2,34.2,44.9,32.8,40.9,38.8,36.7,68.5,60.5,54.4,48.7,51.8,37.6,38.0,51.1,49.8,30.6,7.54,6,0,2,Data Science,Frontend,Full Stack Developer
3421,29.5,42.4,24.8,47.7,46.3,50.8,54.4,35.8,54.1,57.8,38.2,39.3,58.5,27.2,43.7,26.2,30.1,38.2,27.9,24.7,29.5,33.7,43.6,34.3,42.5,60.4,6.5,7.56,1,3,2,Web Development,Full Stack,Full Stack Developer
3422,45.9,33.6,44.5,30.8,37.6,21.0,24.7,24.1,34.9,26.7,22.2,37.6,33.1,28.6,47.5,35.9,47.0,36.4,54.0,22.8,49.3,34.7,51.3,45.3,35.0,39.8,36.5,7.57,3,1,1,Mobile Development,Business,Full Stack Developer
3423,50.0,38.0,56.8,42.7,39.6,52.3,55.4,48.6,62.6,53.6,43.4,39.5,44.0,37.5,45.5,44.5,30.2,45.8,40.1,48.2,28.3,45.5,28.0,26.2,23.4,34.4,45.5,7.57,2,2,1,AI/ML,Full Stack,Full Stack Developer
3424,52.0,52.4,49.7,66.2,36.9,34.1,43.8,39.8,56.1,55.5,59.4,53.8,52.1,52.2,45.0,52.0,46.8,49.3,53.2,60.0,67.7,49.0,53.5,59.9,37.0,62.1,52.8,7.57,5,2,2,Data Science,Backend,Full Stack Developer
3425,63.3,37.9,32.9,54.0,40.6,67.9,50.3,54.4,47.2,56.0,47.2,35.0,44.7,56.8,43.8,46.3,47.4,55.0,64.6,53.0,65.7,66.7,39.1,64.1,40.0,43.4,56.4,7.57,1,0,3,Business Analytics,Machine Learning,Full Stack Developer
3426,46.2,37.8,54.6,62.4,62.2,50.8,66.5,42.3,63.7,71.1,67.4,54.0,49.6,39.0,37.4,38.0,43.6,56.0,58.3,71.5,55.7,63.5,47.4,50.0,32.6,42.9,67.0,7.58,6,0,2,AI/ML,Frontend,Full Stack Developer
3427,24.8,43.6,27.9,42.0,61.1,67.6,57.9,64.3,52.5,58.1,40.2,44.3,57.7,54.2,53.0,41.5,57.1,30.1,31.3,55.4,61.8,35.5,44.3,45.0,44.5,48.5,50.2,7.59,3,2,6,Business Analytics,Security,Full Stack Developer
3428,29.8,31.7,50.0,43.5,56.8,77.2,62.0,65.1,58.9,47.4,38.2,60.7,49.5,47.2,45.5,49.5,51.5,31.0,59.7,43.7,37.9,43.3,42.7,60.7,31.0,57.4,56.6,7.59,9,3,3,Web Development,Full Stack,Full Stack Developer
3429,40.6,42.5,39.9,41.9,25.7,25.5,34.4,46.5,32.2,47.4,31.9,28.5,30.4,24.3,20.4,18.4,20.4,34.8,33.2,54.8,67.2,52.8,37.8,46.8,52.5,43.3,24.8,7.59,4,1,2,Web Development,QA & Testing,Full Stack Developer
3430,47.3,57.5,50.7,37.0,56.8,63.7,49.0,61.8,53.1,57.3,45.5,50.1,53.7,56.0,51.3,58.5,59.8,45.0,39.0,45.2,34.4,32.9,28.9,47.6,49.0,42.1,40.9,7.59,5,1,3,Web Development,Security,Full Stack Developer
3431,50.0,76.0,45.0,54.4,58.9,62.3,74.6,71.1,59.3,62.9,51.0,57.4,51.0,56.9,67.2,61.3,57.2,43.6,43.5,26.7,47.8,35.8,40.3,43.1,54.9,50.5,32.2,7.59,9,3,4,Business Analytics,Full Stack,Full Stack Developer
3432,50.1,60.2,67.2,55.4,62.9,44.6,55.3,52.3,55.1,50.3,51.7,51.2,41.0,39.9,44.4,43.6,53.9,54.6,48.8,40.1,55.4,58.9,27.9,45.6,34.6,46.5,56.4,7.59,6,2,3,Cloud Computing,Security,Full Stack Developer
3433,53.7,50.2,48.0,53.1,67.1,68.2,81.4,74.3,49.1,59.7,61.1,68.1,62.9,63.4,72.5,50.5,48.7,59.4,60.8,56.4,47.9,58.8,29.9,61.0,36.9,43.9,49.2,7.59,7,0,3,AI/ML,Mobile,Full Stack Developer
3434,29.4,47.3,49.0,48.8,57.8,81.1,52.6,80.5,45.9,38.9,43.7,46.7,65.6,37.5,61.3,61.5,59.9,42.7,60.2,35.0,47.9,34.7,55.3,29.0,64.2,56.1,52.4,7.6,5,2,3,Web Development,Business,Full Stack Developer
3435,29.7,28.1,14.9,34.9,48.5,36.4,32.1,48.2,44.4,40.0,43.1,30.5,36.1,39.9,29.9,38.9,27.9,31.6,25.4,12.8,21.3,22.9,23.4,20.7,25.5,17.0,16.3,7.61,2,2,1,Data Science,Cloud & DevOps,Full Stack Developer
3436,34.1,60.2,40.2,36.0,56.9,66.5,62.3,53.6,46.3,46.2,51.7,54.4,52.2,59.5,43.6,54.4,49.3,46.9,45.1,54.0,51.2,66.4,74.0,56.5,60.4,51.6,46.2,7.61,7,2,4,Data Science,Full Stack,Full Stack Developer
3437,36.6,28.7,39.4,38.3,41.8,43.6,40.9,40.2,34.7,21.4,26.1,38.3,29.9,29.0,21.8,25.1,34.5,34.5,43.8,48.1,33.4,55.6,21.8,21.8,43.7,33.6,29.6,7.61,7,2,5,AI/ML,Data & Analytics,Full Stack Developer
3438,57.8,70.3,64.6,58.2,56.1,50.9,39.5,46.4,60.8,69.4,73.4,50.3,58.0,59.3,60.9,65.6,58.3,54.1,47.6,64.1,53.4,42.9,65.8,72.0,46.8,59.0,65.9,7.61,5,2,4,Web Development,Security,Full Stack Developer
3439,70.4,61.4,69.3,63.0,60.2,77.6,61.0,57.8,53.9,70.6,61.8,63.9,58.3,58.2,61.8,66.0,55.0,63.3,63.1,65.5,66.9,72.9,54.8,69.3,52.3,61.8,79.9,7.62,6,2,3,Mobile Development,QA & Testing,Full Stack Developer
3440,42.6,61.4,54.5,46.3,32.2,35.7,52.0,30.7,39.9,39.6,48.5,40.0,43.0,33.6,47.4,33.1,52.1,17.5,35.5,26.4,40.3,25.7,44.5,37.2,49.5,43.7,50.6,7.63,9,1,2,Cloud Computing,Frontend,Full Stack Developer
3441,42.7,40.0,23.3,42.0,32.4,20.0,21.1,11.6,21.0,29.3,25.1,33.1,37.8,42.7,36.2,25.0,43.6,60.3,64.4,63.2,67.8,62.6,46.5,42.8,53.4,29.7,44.1,7.64,5,1,3,Business Analytics,Frontend,Full Stack Developer
3442,40.4,39.1,50.1,29.4,40.8,39.5,32.4,32.2,41.2,33.2,36.7,46.5,41.5,45.6,30.9,39.6,58.5,53.3,49.5,17.4,27.4,31.8,34.5,48.2,27.4,41.1,53.8,7.65,8,1,0,AI/ML,Cloud & DevOps,Full Stack Developer
3443,45.3,44.6,51.4,54.7,39.7,30.7,51.0,26.9,30.3,48.1,43.7,48.1,44.0,66.6,55.0,43.7,52.0,51.2,59.9,52.3,59.7,63.9,49.6,51.0,64.1,60.3,58.0,7.65,3,0,5,AI/ML,Frontend,Full Stack Developer
3444,49.8,66.9,45.5,54.4,74.5,64.7,71.2,69.9,75.4,71.7,58.1,55.3,60.3,70.3,48.3,68.5,65.4,57.6,45.2,44.1,61.4,58.3,67.5,31.9,62.8,60.1,50.1,7.65,2,2,3,Business Analytics,Business,Full Stack Developer
3445,10.2,29.5,23.5,15.7,47.0,49.9,27.9,43.9,19.2,22.0,12.0,21.5,17.7,17.3,8.3,39.9,16.0,27.4,28.6,19.4,35.1,22.2,36.9,25.6,32.7,27.9,38.6,7.66,2,1,1,Mobile Development,QA & Testing,Full Stack Developer
3446,39.5,43.2,29.3,49.5,63.0,51.5,50.7,60.2,51.0,41.3,44.5,41.6,44.8,50.5,62.4,49.8,38.6,35.0,43.7,44.0,41.6,31.3,48.5,34.0,30.1,39.3,37.0,7.66,4,0,3,Web Development,Frontend,Full Stack Developer
3447,44.1,46.6,40.4,49.6,29.0,30.3,35.8,37.0,45.1,51.9,39.0,46.6,46.1,60.6,43.7,61.9,51.1,65.8,61.4,49.2,45.8,52.8,31.6,41.5,43.3,48.8,39.1,7.66,3,1,3,Cybersecurity,Backend,Full Stack Developer
3448,59.5,69.7,58.9,57.6,52.0,63.7,67.4,65.5,73.0,71.5,67.3,61.4,69.4,55.4,66.6,67.5,63.3,63.4,55.1,58.6,72.4,62.9,63.6,78.5,60.8,67.6,66.1,7.66,3,1,3,Cloud Computing,Cloud & DevOps,Full Stack Developer
3449,47.9,55.0,56.0,33.6,65.5,73.2,75.6,65.6,49.2,54.0,40.3,54.4,57.4,53.9,54.2,70.0,55.2,59.9,52.8,45.9,48.5,56.5,48.2,66.3,57.0,41.3,66.1,7.67,5,3,4,Data Science,Machine Learning,Full Stack Developer
3450,38.3,35.4,33.2,47.0,31.5,30.9,32.9,29.7,45.2,36.0,44.8,32.9,50.6,66.2,52.3,51.9,49.0,45.1,40.9,34.8,45.5,36.1,49.3,43.2,56.0,35.1,27.2,7.68,7,3,1,Cloud Computing,Full Stack,Full Stack Developer
3451,45.0,56.0,42.4,66.5,52.9,53.5,28.1,39.2,42.4,38.2,47.6,52.5,48.7,55.2,62.2,60.3,49.7,67.8,52.0,69.8,70.0,59.2,43.3,34.1,41.3,31.0,46.8,7.68,3,1,3,Web Development,QA & Testing,Full Stack Developer
3452,34.2,49.4,44.5,36.5,54.2,61.2,52.2,59.6,30.4,45.0,46.3,53.4,39.4,47.2,64.0,68.9,55.3,60.0,35.0,40.8,27.2,37.4,41.3,46.6,49.0,43.7,53.5,7.69,5,0,3,Cloud Computing,QA & Testing,Full Stack Developer
3453,46.2,52.0,45.4,45.4,40.6,60.4,58.3,51.7,54.2,41.8,47.3,37.5,40.6,34.0,30.8,31.9,41.6,57.6,51.6,41.2,36.7,59.3,40.1,44.3,58.6,37.5,39.7,7.7,6,2,2,AI/ML,Data & Analytics,Full Stack Developer
3454,67.1,74.7,72.5,77.4,89.0,82.4,67.0,78.2,85.0,89.1,82.1,61.2,71.2,70.2,74.5,77.9,76.6,66.0,61.2,39.1,61.5,59.2,66.3,57.0,54.7,64.2,59.6,7.7,0,2,8,Cloud Computing,Security,Full Stack Developer
3455,76.1,72.8,88.6,71.3,60.9,60.5,53.0,42.2,64.4,76.2,85.4,87.1,74.0,83.1,70.4,74.2,76.7,72.0,68.9,69.5,82.1,86.7,38.9,72.9,46.4,56.4,71.8,7.7,10,2,5,Data Science,Cloud & DevOps,Full Stack Developer
3456,39.1,54.6,56.7,50.1,20.2,23.2,30.2,35.1,46.6,31.6,40.6,43.7,36.8,44.5,39.4,43.5,51.1,46.6,44.8,51.2,31.3,45.8,45.9,43.8,55.4,35.4,51.1,7.72,6,1,2,Data Science,Full Stack,Full Stack Developer
3457,50.3,57.5,54.4,41.1,51.1,41.4,39.4,60.1,48.9,42.0,40.4,53.6,54.0,39.8,46.5,35.0,42.5,63.1,41.2,21.1,33.6,49.1,38.1,56.1,40.0,46.6,40.6,7.73,1,2,2,Cloud Computing,Frontend,Full Stack Developer
3458,42.3,39.8,39.9,52.7,33.3,24.8,38.3,33.9,47.0,40.6,45.0,35.5,24.0,30.1,27.6,14.6,31.6,43.8,28.6,52.4,66.6,42.9,54.0,34.7,69.3,67.0,49.3,7.74,6,0,1,Cybersecurity,Business,Full Stack Developer
3459,58.1,45.4,42.1,51.6,41.2,46.8,47.2,36.7,40.9,42.6,50.4,39.4,47.5,50.6,46.1,46.0,38.4,68.6,78.2,70.7,66.0,61.6,55.9,46.6,62.7,44.9,43.0,7.74,7,2,2,Cloud Computing,Backend,Full Stack Developer
3460,65.6,61.2,59.0,59.3,64.3,73.4,71.1,63.3,63.6,66.0,51.7,47.2,60.8,46.0,51.9,46.2,48.4,62.0,53.1,42.2,56.5,54.4,62.2,66.2,56.5,59.2,49.0,7.74,6,3,4,Mobile Development,Machine Learning,Full Stack Developer
3461,27.3,38.2,38.8,25.3,47.4,55.4,43.6,54.0,36.9,32.6,37.7,31.7,50.9,41.9,23.9,25.8,21.0,53.5,46.6,53.4,60.4,41.4,43.7,32.6,58.9,37.1,32.1,7.75,5,2,2,Cybersecurity,Frontend,Full Stack Developer
3462,35.0,56.0,46.4,49.5,76.5,67.4,71.0,77.6,49.7,42.7,47.9,48.8,63.7,42.2,47.4,46.6,45.6,53.2,41.2,47.5,44.5,51.6,55.0,57.7,39.2,54.8,62.3,7.75,7,1,1,DevOps,Business,Full Stack Developer
3463,44.6,53.6,48.3,47.4,80.9,56.9,66.4,51.3,58.3,60.0,58.3,43.0,51.4,58.7,49.5,52.5,43.2,36.1,35.2,49.0,51.9,51.8,61.6,46.6,65.3,48.1,55.6,7.75,9,3,2,Cloud Computing,Frontend,Full Stack Developer
3464,50.7,52.8,53.8,54.0,42.9,39.9,44.9,33.2,58.0,51.0,50.7,44.7,51.5,54.6,52.3,53.5,43.6,52.4,40.9,49.1,38.7,51.7,31.4,40.2,20.8,46.6,52.3,7.75,2,3,1,Web Development,Mobile,Full Stack Developer
3465,64.9,54.6,78.4,53.8,45.0,31.1,43.7,48.5,49.5,55.1,72.0,63.2,56.5,57.6,76.0,78.2,53.4,50.0,65.6,52.0,64.7,56.1,71.0,52.0,57.4,55.7,68.8,7.75,8,2,4,Cloud Computing,Business,Full Stack Developer
3466,45.9,42.1,49.3,26.4,36.9,21.3,49.3,30.8,37.2,32.4,41.1,41.1,40.9,25.8,42.7,56.0,40.2,33.4,24.5,42.4,43.3,29.3,24.6,51.7,39.1,32.5,61.2,7.77,5,1,5,DevOps,Backend,Full Stack Developer
3467,30.9,55.1,40.0,33.9,51.7,58.0,49.3,43.8,33.1,37.6,34.0,48.1,56.2,45.2,31.4,58.8,49.2,38.0,22.5,36.8,23.0,33.0,45.9,34.6,39.5,58.0,32.5,7.79,5,2,2,Mobile Development,Frontend,Full Stack Developer
3468,40.7,52.1,49.9,40.4,52.0,52.7,45.0,49.6,33.8,55.3,45.8,46.4,56.2,31.1,30.9,37.6,34.5,32.3,46.4,42.2,49.8,49.2,30.7,62.5,25.4,42.4,56.4,7.79,3,1,1,Business Analytics,QA & Testing,Full Stack Developer
3469,37.3,20.6,44.3,39.5,22.2,24.8,23.5,29.2,28.6,33.1,40.5,37.5,33.0,23.8,40.3,22.3,26.5,22.2,31.5,38.8,46.2,32.6,58.0,36.7,41.2,38.7,43.8,7.8,3,1,2,Business Analytics,Mobile,Full Stack Developer
3470,61.0,56.9,52.8,54.1,54.3,64.5,59.2,55.3,61.3,47.0,48.1,60.9,63.5,64.2,74.0,63.5,42.4,66.2,67.9,49.8,54.2,55.2,60.1,61.7,49.9,52.6,72.4,7.8,3,3,2,Cloud Computing,Data & Analytics,Full Stack Developer
3471,43.0,65.9,59.1,52.8,56.8,75.2,45.2,57.9,55.4,52.7,37.3,64.9,54.5,86.4,53.7,58.2,62.6,39.8,52.9,35.2,29.1,50.9,51.5,58.3,27.0,50.3,47.8,7.81,11,1,2,Cloud Computing,Backend,Full Stack Developer
3472,41.7,58.0,61.1,51.6,78.3,66.5,51.5,76.3,53.7,41.4,50.3,70.4,53.1,78.4,56.2,62.0,49.5,54.8,53.7,40.8,67.5,51.8,39.7,67.7,56.0,57.6,49.8,7.82,4,1,0,Cloud Computing,Security,Full Stack Developer
3473,59.7,38.4,48.6,51.1,39.8,29.1,42.6,33.2,30.5,46.1,67.5,50.7,59.4,65.8,50.7,42.1,55.6,61.1,50.8,52.3,60.0,55.2,54.3,41.8,56.0,50.9,57.6,7.82,5,2,2,Cybersecurity,Mobile,Full Stack Developer
3474,60.2,65.3,64.2,42.0,67.9,86.5,75.1,66.2,69.2,60.1,52.4,65.3,66.2,57.6,57.9,67.7,51.0,55.1,33.6,52.6,50.2,46.3,49.5,53.9,37.7,52.0,71.2,7.82,4,1,6,Mobile Development,Full Stack,Full Stack Developer
3475,60.6,52.9,35.6,42.1,59.6,74.7,58.4,64.5,62.2,59.7,59.7,63.8,57.0,61.2,59.3,49.5,51.4,56.1,58.7,66.0,54.4,48.9,44.7,56.9,50.9,44.9,39.9,7.82,5,2,3,AI/ML,Backend,Full Stack Developer
3476,36.8,57.1,41.2,46.6,59.9,63.2,60.8,71.7,63.1,69.0,48.0,57.0,47.4,38.9,38.8,59.0,38.7,46.7,33.6,36.6,37.9,33.2,48.4,38.7,43.7,63.2,42.1,7.83,1,2,2,Cloud Computing,Data & Analytics,Full Stack Developer
3477,31.9,38.6,53.5,25.0,58.6,67.4,53.1,59.1,32.2,45.0,25.0,33.5,45.8,43.2,34.4,43.8,42.6,58.6,62.4,32.2,21.9,56.1,47.8,42.0,41.7,24.0,38.2,7.84,5,1,3,Cloud Computing,Security,Full Stack Developer
3478,29.3,27.0,18.1,47.5,29.7,21.7,30.2,22.6,37.7,48.3,54.1,31.9,32.4,17.3,19.7,39.7,28.9,45.7,21.8,50.6,42.2,23.6,41.9,48.6,44.1,56.8,32.1,7.86,4,2,3,Data Science,Full Stack,Full Stack Developer
3479,27.8,36.4,43.4,33.1,36.3,30.6,26.7,36.6,40.1,24.8,30.4,43.1,50.1,34.5,47.6,34.1,33.3,32.5,49.2,21.5,16.2,41.7,25.8,44.9,23.1,18.5,55.2,7.87,4,0,1,Data Science,Frontend,Full Stack Developer
3480,38.5,41.9,49.2,48.5,54.3,64.5,69.6,59.7,38.3,40.3,42.6,48.1,49.8,32.0,35.4,41.1,39.2,47.8,51.6,55.3,61.4,53.2,60.4,44.2,62.0,59.5,58.1,7.9,1,3,0,Web Development,Business,Full Stack Developer
3481,57.1,63.7,65.5,57.0,66.2,56.0,55.6,62.5,63.8,74.0,64.0,65.1,60.1,65.7,68.8,67.2,53.3,42.1,54.8,56.3,52.9,42.5,75.7,66.5,54.2,81.3,62.8,7.9,8,2,6,Cybersecurity,Backend,Full Stack Developer
3482,51.2,55.1,56.3,28.6,58.1,74.9,59.8,63.7,58.8,35.3,47.2,53.8,49.2,47.7,64.1,63.4,43.2,52.9,52.1,46.1,53.4,49.5,47.1,54.0,47.1,53.8,64.8,7.91,1,3,4,Web Development,Backend,Full Stack Developer
3483,54.7,38.3,52.0,53.1,47.1,74.0,52.9,58.4,49.9,56.3,50.2,42.0,57.4,53.1,30.3,43.0,47.9,57.3,52.2,66.5,60.0,39.8,70.4,44.6,50.3,41.4,46.1,7.91,1,2,3,AI/ML,Full Stack,Full Stack Developer
3484,64.1,60.7,69.7,53.4,46.8,54.9,58.6,55.0,51.7,60.3,53.8,75.6,61.4,71.0,72.5,84.3,77.3,69.2,75.4,53.1,57.5,68.5,50.2,70.9,48.7,50.5,68.2,7.91,6,1,3,Cybersecurity,Data & Analytics,Full Stack Developer
3485,56.4,57.8,68.5,55.5,65.5,58.9,77.7,69.5,65.9,52.0,54.4,66.0,76.3,70.0,67.3,75.1,70.1,53.3,57.2,52.5,53.2,53.0,48.8,64.8,61.3,71.1,73.5,7.92,10,2,4,AI/ML,Data & Analytics,Full Stack Developer
3486,49.9,41.6,48.6,27.0,48.7,40.7,39.0,43.0,29.3,34.3,41.6,36.6,42.8,46.1,24.1,52.8,36.4,38.6,46.8,37.3,42.8,41.2,59.3,71.6,57.8,49.0,43.4,7.93,8,1,7,AI/ML,Machine Learning,Full Stack Developer
3487,40.0,47.5,50.1,23.3,27.0,40.6,39.6,26.2,40.1,51.4,44.7,44.3,38.3,24.1,43.8,26.2,36.0,35.3,47.7,23.5,29.3,43.8,38.3,40.0,26.9,42.7,48.3,7.95,7,1,1,Business Analytics,Machine Learning,Full Stack Developer
3488,43.1,65.4,63.2,53.6,49.3,66.0,52.8,58.1,66.3,67.8,69.9,58.2,57.8,56.1,58.2,57.4,53.3,37.6,48.4,51.6,59.5,46.1,48.0,50.7,65.5,45.3,56.7,7.95,4,3,4,Web Development,Cloud & DevOps,Full Stack Developer
3489,46.7,55.6,55.0,56.1,80.5,70.1,75.5,82.7,76.4,61.8,52.7,47.7,55.2,41.7,60.1,53.5,57.0,40.6,36.2,41.2,36.0,49.7,25.4,63.4,37.9,53.3,28.0,7.95,10,3,3,Mobile Development,Cloud & DevOps,Full Stack Developer
3490,52.6,47.2,44.5,52.4,57.5,49.0,60.8,65.0,65.6,45.5,56.4,60.7,59.7,56.2,48.6,52.1,40.1,39.2,55.4,42.1,31.7,49.5,48.1,52.7,30.9,38.5,51.4,7.95,3,2,1,Business Analytics,Frontend,Full Stack Developer
3491,54.6,73.4,59.9,60.8,60.8,50.4,63.5,66.7,49.3,65.9,71.3,59.5,57.7,51.2,54.7,33.7,49.6,47.8,57.1,73.9,72.8,74.7,72.6,56.9,54.0,62.3,76.2,7.95,6,2,6,Mobile Development,Backend,Full Stack Developer
3492,39.8,36.6,39.5,42.4,26.8,27.0,26.3,15.2,40.4,31.0,45.4,23.1,42.7,51.0,37.3,47.2,36.7,45.6,47.9,36.6,53.3,43.5,29.0,45.3,33.8,23.4,63.0,7.96,8,2,3,Cloud Computing,Backend,Full Stack Developer
3493,40.3,31.9,30.8,37.8,67.3,55.3,43.2,55.5,38.4,34.4,35.9,33.6,21.5,45.2,44.4,35.5,28.9,35.4,40.7,43.0,62.9,47.5,42.3,33.7,58.5,48.8,36.7,7.99,2,1,5,Cybersecurity,QA & Testing,Full Stack Developer
3494,33.5,54.3,49.0,32.7,62.9,65.5,38.1,41.2,50.6,37.0,40.7,53.7,46.2,63.9,42.7,52.0,55.5,28.5,32.0,34.6,36.9,43.5,71.2,54.5,54.0,53.0,41.2,8.01,7,1,5,Data Science,Backend,Full Stack Developer
3495,47.7,54.2,41.0,44.1,64.7,63.4,55.0,69.9,59.9,59.6,52.8,59.9,55.1,44.9,59.0,48.7,45.5,39.4,30.7,38.1,46.2,33.4,74.2,29.5,57.2,46.9,53.9,8.01,8,3,3,Data Science,Business,Full Stack Developer
3496,49.9,57.2,50.1,70.4,58.9,62.5,66.4,63.1,62.1,57.5,74.1,59.4,63.0,53.7,59.7,59.8,66.8,58.3,51.4,60.2,72.0,54.0,67.1,63.7,66.6,67.3,55.7,8.01,5,2,1,Business Analytics,Data & Analytics,Full Stack Developer
3497,53.1,41.7,66.4,55.2,57.4,49.5,53.3,55.8,60.8,46.4,23.2,54.1,54.0,73.8,67.9,64.9,78.2,59.0,58.3,30.8,38.7,47.0,61.2,58.0,77.6,70.5,56.5,8.01,4,2,6,DevOps,Machine Learning,Full Stack Developer
3498,44.0,50.8,40.3,60.1,47.3,38.8,47.4,46.8,47.6,58.0,43.1,51.6,38.5,47.4,58.8,55.3,39.6,43.1,43.1,29.2,40.3,37.2,54.3,38.8,36.5,37.7,43.0,8.02,6,2,3,Business Analytics,Full Stack,Full Stack Developer
3499,57.5,48.8,29.9,46.4,61.3,51.2,64.4,64.0,54.6,51.9,72.8,53.8,50.0,47.1,61.6,54.2,44.5,37.2,28.5,50.9,35.3,51.0,47.4,47.9,44.3,38.9,26.9,8.02,8,0,4,Web Development,Cloud & DevOps,Full Stack Developer
3500,58.7,61.8,52.7,60.6,60.9,64.5,60.7,61.9,64.0,51.4,54.4,52.0,64.1,45.4,48.3,62.2,63.7,47.0,56.9,43.0,51.4,35.8,60.9,41.7,55.7,36.2,59.1,8.02,2,2,1,DevOps,Cloud & DevOps,Full Stack Developer
3501,38.2,48.5,46.8,61.4,31.9,24.7,34.2,34.5,42.3,52.6,63.4,53.2,44.9,56.9,52.3,49.6,50.5,44.1,57.6,40.9,59.0,58.0,39.8,54.3,46.0,44.7,51.2,8.03,6,1,3,Business Analytics,Backend,Full Stack Developer
3502,59.2,35.0,48.4,39.4,45.2,48.0,27.5,41.9,40.0,36.5,44.2,36.8,53.2,51.1,64.2,41.0,69.0,62.3,77.7,42.4,47.0,62.2,39.5,63.5,57.8,44.1,67.3,8.03,10,1,2,Cybersecurity,Full Stack,Full Stack Developer
3503,60.0,55.1,58.4,55.1,62.6,64.9,44.6,59.6,53.7,73.1,55.8,51.7,64.9,63.1,56.4,60.8,68.5,68.8,63.0,59.1,56.5,57.3,76.7,67.5,53.8,49.6,41.5,8.03,2,2,1,Business Analytics,Mobile,Full Stack Developer
3504,70.2,56.0,76.9,64.3,64.0,64.5,56.9,52.3,54.9,67.5,49.8,68.7,72.9,57.2,42.4,69.8,58.3,66.0,65.4,57.2,61.0,71.2,60.2,69.2,54.1,63.1,75.3,8.05,7,1,3,AI/ML,Frontend,Full Stack Developer
3505,22.5,48.4,25.0,48.2,44.3,65.0,49.3,64.6,26.5,38.3,61.8,48.2,45.1,33.0,44.3,41.9,31.9,26.0,22.5,58.2,55.5,43.3,34.9,24.4,39.9,30.1,40.1,8.06,9,1,4,Cloud Computing,Backend,Full Stack Developer
3506,60.4,58.0,48.8,65.5,34.7,32.7,30.4,27.1,47.9,57.3,44.2,56.5,58.9,52.1,59.2,64.4,44.7,56.1,52.9,58.1,60.9,64.6,58.2,49.3,50.5,42.3,40.8,8.06,3,3,10,Cybersecurity,Backend,Full Stack Developer
3507,42.3,50.1,35.9,63.8,41.0,54.6,49.8,45.2,58.2,53.7,63.6,47.9,30.1,44.3,33.6,45.9,46.3,29.8,24.9,46.2,58.2,45.0,37.9,37.7,34.4,27.1,50.7,8.07,2,2,6,Cybersecurity,Frontend,Full Stack Developer
3508,48.1,35.2,24.1,50.2,60.0,63.9,52.3,55.2,35.2,42.0,47.3,43.1,48.1,53.7,41.3,45.4,32.4,54.7,62.2,66.9,68.7,61.2,43.0,48.6,28.4,32.7,54.1,8.08,4,3,3,Cybersecurity,Business,Full Stack Developer
3509,19.5,31.3,30.9,28.4,60.7,55.7,53.1,65.3,42.5,35.3,25.3,42.3,33.6,37.5,44.2,46.6,47.8,32.7,42.6,40.3,31.6,29.1,40.2,31.9,53.9,43.7,31.6,8.1,6,1,1,Cybersecurity,Mobile,Full Stack Developer
3510,46.3,62.3,55.0,36.8,58.8,60.7,49.4,50.2,58.3,59.6,51.7,53.1,50.9,58.1,52.6,61.9,57.9,49.3,29.4,55.2,49.1,50.3,57.6,55.5,39.7,50.8,47.5,8.12,3,1,2,DevOps,Data & Analytics,Full Stack Developer
3511,47.4,50.6,45.8,38.4,54.7,52.2,59.1,61.7,52.6,54.7,51.3,47.7,41.4,46.0,45.4,46.9,36.4,41.8,49.9,35.1,34.4,40.8,30.5,52.7,23.5,43.0,40.4,8.13,6,0,2,Cloud Computing,Backend,Full Stack Developer
3512,51.2,36.2,38.6,37.0,57.1,50.2,52.0,60.9,32.0,48.5,41.8,55.2,46.4,43.2,35.1,54.3,42.3,57.2,64.4,52.1,48.1,53.8,59.6,40.0,38.8,56.7,46.9,8.13,6,1,4,Mobile Development,Frontend,Full Stack Developer
3513,71.0,90.2,89.6,79.3,44.0,49.9,66.9,55.3,82.1,74.6,82.0,79.1,63.6,60.4,77.4,59.8,66.0,55.7,68.3,70.3,71.3,65.4,79.8,92.8,68.5,62.7,82.0,8.13,4,1,2,Web Development,Backend,Full Stack Developer
3514,33.8,37.1,56.7,28.9,56.8,53.5,52.5,44.5,33.7,37.4,42.8,49.2,44.7,56.5,44.5,39.5,48.3,39.5,29.8,29.1,15.1,35.2,37.8,46.8,23.2,41.1,53.0,8.15,2,1,3,DevOps,Business,Full Stack Developer
3515,51.0,51.3,39.9,59.2,50.3,50.4,59.6,57.9,48.4,63.5,44.1,41.8,57.9,33.0,49.3,44.6,51.5,44.9,70.1,60.4,47.6,62.6,50.3,56.2,47.8,58.8,57.3,8.15,5,0,1,Cybersecurity,Security,Full Stack Developer
3516,51.2,54.0,49.3,46.6,56.9,45.1,62.0,58.7,63.6,63.6,61.6,60.3,57.8,66.7,53.7,43.0,67.9,50.9,51.5,40.6,37.0,39.8,40.1,43.9,29.1,36.5,41.6,8.16,7,2,4,Cloud Computing,Full Stack,Full Stack Developer
3517,37.3,55.7,62.7,58.6,56.1,60.7,59.3,55.5,73.0,49.4,53.2,56.1,62.4,49.7,41.1,44.7,53.3,41.8,31.2,35.9,44.3,41.1,54.8,58.5,40.8,67.5,46.8,8.17,6,1,1,Web Development,Mobile,Full Stack Developer
3518,54.9,51.2,50.0,45.0,59.7,69.0,56.5,78.4,62.9,40.6,58.6,66.4,51.3,61.2,62.9,60.7,56.6,57.7,67.4,58.6,48.5,57.8,53.5,58.5,44.1,37.6,48.8,8.17,6,1,2,Web Development,QA & Testing,Full Stack Developer
3519,59.8,58.8,57.3,47.8,73.7,88.8,69.6,70.9,64.0,61.6,63.1,72.1,68.7,50.2,62.9,56.9,64.3,32.9,35.8,42.2,38.6,34.1,43.7,53.4,48.1,57.4,40.7,8.17,7,2,6,Cloud Computing,Cloud & DevOps,Full Stack Developer
3520,56.9,58.0,68.6,62.7,56.7,40.7,40.8,53.3,43.4,41.4,62.4,59.8,63.2,64.4,57.9,74.0,46.3,67.8,68.9,77.4,71.8,70.6,54.7,75.6,63.8,72.3,65.7,8.18,10,3,4,Business Analytics,Full Stack,Full Stack Developer
3521,46.1,43.4,60.8,42.8,65.8,65.1,59.5,50.4,39.4,52.1,36.2,51.8,55.1,45.6,48.1,44.1,43.7,56.1,71.6,27.5,26.2,44.4,41.5,63.2,26.2,43.0,51.6,8.19,12,1,4,Cybersecurity,Full Stack,Full Stack Developer
3522,55.8,45.4,43.6,58.3,52.3,53.1,62.8,62.8,55.4,46.2,53.3,62.4,44.5,48.0,56.9,55.4,42.0,44.4,31.9,66.3,54.1,45.5,43.0,55.1,42.8,49.0,48.1,8.19,6,0,4,Business Analytics,Full Stack,Full Stack Developer
3523,58.8,45.0,30.7,74.6,49.3,56.2,56.6,58.5,54.1,53.6,68.3,55.9,51.2,67.9,64.8,64.9,48.4,74.5,69.2,73.1,73.1,68.1,61.8,58.5,74.8,64.6,53.7,8.19,3,1,6,Cybersecurity,Full Stack,Full Stack Developer
3524,46.1,57.2,65.3,41.8,58.1,66.3,62.6,63.2,70.6,50.9,52.3,76.8,50.2,66.6,62.4,51.5,53.0,34.3,44.9,41.3,58.3,34.4,65.6,54.2,64.0,68.1,51.5,8.22,3,3,6,Cloud Computing,Backend,Full Stack Developer
3525,42.2,51.4,46.6,58.7,68.9,53.9,49.8,68.4,65.0,48.4,49.9,57.5,53.6,41.0,45.0,40.5,38.4,44.2,27.9,43.7,60.3,32.1,66.6,50.6,53.9,57.3,54.8,8.24,3,1,3,Mobile Development,Machine Learning,Full Stack Developer
3526,51.2,60.1,59.9,61.7,68.1,82.4,66.1,69.7,55.4,56.3,57.4,59.0,62.4,46.1,61.0,52.2,50.2,57.0,48.4,50.9,58.3,50.9,55.3,45.1,29.8,43.0,57.2,8.24,4,3,1,Web Development,Mobile,Full Stack Developer
3527,57.7,59.2,58.3,67.4,58.1,49.4,60.4,56.2,60.3,74.1,71.7,67.2,66.3,61.0,60.4,71.3,72.9,55.5,55.7,77.8,79.1,44.4,82.5,68.0,51.3,64.3,57.2,8.27,11,2,5,Data Science,Frontend,Full Stack Developer
3528,36.9,42.6,61.4,39.0,58.6,46.1,59.5,69.7,31.2,41.6,36.9,35.9,55.7,23.7,28.4,31.4,40.5,37.8,48.5,49.1,55.7,56.3,45.5,54.1,50.1,45.0,51.2,8.29,7,0,1,AI/ML,Business,Full Stack Developer
3529,55.4,70.9,74.1,65.9,38.8,33.9,41.9,45.0,61.8,64.9,62.1,72.8,63.7,59.1,73.2,64.1,65.5,47.1,51.3,56.3,58.6,54.2,61.5,82.4,50.8,49.0,61.8,8.3,7,1,5,DevOps,Backend,Full Stack Developer
3530,57.7,54.4,63.9,52.6,68.9,52.0,71.0,62.7,71.3,86.6,56.9,56.9,57.5,61.7,59.4,66.3,62.8,36.9,41.3,62.8,48.3,42.4,59.3,61.2,72.3,51.0,38.1,8.31,1,3,2,Web Development,Machine Learning,Full Stack Developer
3531,47.0,36.4,50.8,43.1,43.5,20.3,27.3,24.7,38.3,32.3,42.9,37.4,38.1,54.2,31.5,34.2,43.7,64.4,52.3,47.9,61.8,45.7,28.4,47.2,14.4,41.7,45.8,8.34,4,1,4,AI/ML,Security,Full Stack Developer
3532,70.9,56.2,71.5,73.7,67.7,56.7,72.2,58.7,55.6,56.8,74.1,63.1,64.7,68.3,58.4,59.5,51.0,76.8,63.8,51.6,76.2,73.9,40.0,53.9,34.8,44.9,63.4,8.37,5,1,2,Mobile Development,Machine Learning,Full Stack Developer
3533,77.4,81.8,65.4,81.4,37.4,23.6,53.7,31.9,74.3,80.0,78.4,60.3,65.1,73.1,68.4,59.2,75.1,57.5,68.1,67.8,74.3,56.6,69.6,52.1,64.2,67.9,56.5,8.37,1,1,5,Business Analytics,Backend,Full Stack Developer
3534,38.7,48.1,45.2,19.1,25.8,29.3,23.9,31.7,37.2,20.0,16.1,39.4,56.0,45.6,37.1,49.0,43.5,35.7,46.7,19.7,33.1,33.3,32.2,34.0,14.2,44.3,55.8,8.39,1,2,1,Web Development,Cloud & DevOps,Full Stack Developer
3535,56.9,55.1,63.5,71.9,33.6,37.0,63.2,45.6,55.0,58.4,64.7,71.3,55.2,63.4,59.0,68.7,60.1,53.1,48.7,65.0,56.7,59.3,51.0,63.0,55.5,58.8,80.1,8.4,4,3,2,DevOps,Mobile,Full Stack Developer
3536,54.6,66.6,65.7,72.7,61.3,68.5,63.6,62.3,50.1,54.0,53.8,59.7,51.4,27.1,38.7,37.0,48.3,55.4,57.0,66.2,64.5,52.3,67.3,63.4,63.0,79.6,48.2,8.41,2,1,1,Web Development,Backend,Full Stack Developer
3537,44.0,57.9,44.8,21.0,29.5,31.4,37.5,25.2,30.4,36.6,31.9,37.1,53.5,46.7,37.8,42.4,55.4,42.2,40.8,32.4,30.4,29.4,27.5,36.7,39.5,41.5,50.9,8.43,2,1,0,DevOps,Machine Learning,Full Stack Developer
3538,50.3,48.8,47.1,63.7,75.5,72.2,68.8,81.8,69.1,80.0,66.3,66.1,65.4,73.3,78.9,62.2,50.0,58.8,67.6,72.2,77.1,53.6,66.4,51.3,66.8,78.2,58.3,8.46,5,3,2,Business Analytics,Mobile,Full Stack Developer
3539,44.8,40.8,38.9,39.4,51.5,54.4,54.1,52.9,50.8,49.7,45.9,51.9,32.3,39.4,51.6,59.1,55.3,53.7,51.8,48.4,35.5,50.3,52.2,24.4,41.8,32.5,54.1,8.47,7,1,1,AI/ML,Mobile,Full Stack Developer
3540,53.6,55.2,50.1,61.0,63.9,67.8,54.8,54.1,66.0,52.6,64.6,57.0,45.4,52.2,44.2,49.4,54.1,46.6,45.6,54.9,55.3,43.7,30.0,66.1,52.8,31.5,47.9,8.49,2,0,3,Business Analytics,Full Stack,Full Stack Developer
3541,73.2,64.9,79.4,72.5,58.7,72.7,72.8,59.5,75.0,65.5,71.4,60.5,64.5,64.1,62.0,55.0,66.7,83.9,89.1,79.5,78.7,81.7,49.7,74.2,64.3,69.1,50.5,8.49,10,3,5,Cloud Computing,Machine Learning,Full Stack Developer
3542,78.8,67.2,74.2,45.8,58.5,64.7,72.1,69.1,68.2,64.6,61.6,65.9,74.1,57.9,58.7,64.2,61.7,74.4,72.4,59.0,54.3,65.8,64.1,69.8,63.2,72.5,79.4,8.51,10,3,3,Cloud Computing,Backend,Full Stack Developer
3543,39.2,46.4,37.5,42.8,38.2,53.0,47.6,48.8,49.1,49.0,47.6,59.2,56.6,60.2,52.9,63.4,52.2,43.2,46.4,43.0,50.0,36.3,58.1,41.3,81.5,51.2,52.6,8.55,1,1,3,DevOps,Backend,Full Stack Developer
3544,63.3,62.2,60.8,59.5,55.9,71.1,59.1,69.6,61.0,63.4,60.2,67.9,64.2,65.9,68.8,68.0,56.7,53.1,58.0,74.0,61.7,56.4,47.1,54.7,44.4,62.6,51.4,8.56,5,2,2,Data Science,QA & Testing,Full Stack Developer
3545,34.0,44.6,36.9,43.8,35.4,38.7,43.7,37.7,53.6,42.7,47.4,33.4,47.7,62.7,44.7,56.6,51.5,48.4,40.3,57.1,31.0,25.5,34.1,29.7,42.1,43.0,34.4,8.58,7,1,1,Cybersecurity,QA & Testing,Full Stack Developer
3546,43.5,48.8,41.2,53.5,74.9,76.4,64.3,81.6,61.8,56.1,55.5,67.0,48.0,40.2,46.6,46.7,52.9,38.3,38.5,56.4,44.9,52.1,39.1,55.7,35.8,35.0,47.7,8.58,5,2,7,Business Analytics,Security,Full Stack Developer
3547,38.8,38.4,39.6,37.5,36.4,36.3,35.8,29.7,34.3,33.8,32.0,39.0,38.0,53.3,52.8,41.7,36.9,49.8,53.6,43.7,58.7,53.5,71.4,33.1,76.1,60.5,42.5,8.6,10,1,4,Data Science,QA & Testing,Full Stack Developer
3548,50.3,49.5,41.9,60.3,78.5,65.4,66.9,59.0,73.2,71.6,65.0,61.1,66.9,74.1,68.8,71.6,51.9,43.7,26.3,48.0,53.1,42.6,59.7,36.0,49.2,74.8,59.5,8.6,4,2,5,Web Development,Business,Full Stack Developer
3549,35.9,43.3,42.1,34.0,36.2,30.0,28.7,27.4,30.7,34.0,35.0,43.5,31.9,30.8,29.0,36.3,45.0,37.7,45.2,33.4,27.1,40.3,49.7,38.3,35.3,40.0,41.9,8.61,6,1,1,Mobile Development,QA & Testing,Full Stack Developer
3550,43.0,53.9,59.1,47.8,39.9,31.7,37.1,41.8,43.9,33.9,46.3,63.2,62.3,54.3,57.9,68.6,52.2,60.2,67.7,48.9,55.6,67.9,47.6,41.0,42.6,53.8,48.0,8.65,12,2,5,DevOps,Data & Analytics,Full Stack Developer
3551,69.8,51.4,60.4,48.3,50.5,61.4,61.7,41.8,51.1,54.8,47.6,62.2,39.4,43.6,53.5,46.1,50.6,61.5,50.5,62.2,43.7,69.6,49.8,81.5,34.3,45.1,51.8,8.65,7,2,6,Web Development,Security,Full Stack Developer
3552,40.6,48.5,47.2,52.6,32.0,35.3,32.3,32.2,46.7,48.8,58.4,35.1,33.9,40.4,25.9,42.0,29.1,56.8,40.9,63.0,53.2,45.7,53.0,47.1,44.6,40.7,41.5,8.66,6,1,3,Data Science,Machine Learning,Full Stack Developer
3553,43.7,53.0,67.1,48.1,52.7,48.3,54.3,32.4,52.4,38.8,59.1,59.9,57.8,59.8,64.5,47.5,50.5,49.8,47.7,28.7,43.1,41.7,49.2,60.3,43.9,41.9,51.7,8.66,5,3,2,Data Science,QA & Testing,Full Stack Developer
3554,60.9,60.4,52.7,60.0,57.9,61.0,70.4,58.8,45.2,65.0,52.6,39.7,44.1,32.1,28.2,37.1,45.5,73.0,70.5,66.5,53.3,71.4,57.5,60.1,48.5,34.4,65.1,8.67,3,2,3,Mobile Development,Frontend,Full Stack Developer
3555,54.0,58.4,57.5,63.3,41.2,41.7,53.1,46.8,59.7,65.6,76.1,47.1,47.6,55.4,33.1,51.6,52.2,63.5,59.2,67.3,80.1,53.2,80.7,45.8,74.6,59.6,57.9,8.73,6,2,4,Cloud Computing,Cloud & DevOps,Full Stack Developer
3556,41.2,53.4,50.0,32.6,55.2,59.5,56.9,57.0,51.0,39.7,36.3,55.8,36.8,37.5,38.4,34.9,38.9,35.5,30.1,42.6,40.8,45.2,57.6,45.8,51.7,47.0,41.0,8.75,5,0,1,Web Development,Frontend,Full Stack Developer
3557,54.3,67.3,57.8,60.8,53.5,40.3,61.7,40.2,56.1,71.2,85.9,55.6,63.6,66.5,60.1,64.5,43.6,49.0,45.5,68.4,69.0,64.4,50.2,68.0,44.0,41.8,60.4,8.77,5,2,2,Data Science,Full Stack,Full Stack Developer
3558,70.7,59.6,51.7,80.6,70.5,85.3,78.0,83.2,84.4,83.7,76.3,69.2,70.6,83.8,70.0,68.5,61.2,66.5,70.0,93.4,81.9,83.1,82.9,46.0,83.7,73.9,79.8,8.87,5,1,3,DevOps,Full Stack,Full Stack Developer
3559,64.2,80.7,73.1,75.2,68.0,65.3,82.7,65.5,72.6,75.1,70.2,77.3,65.9,71.4,67.6,71.9,63.3,65.6,46.7,86.6,69.3,73.2,63.1,75.1,59.6,92.6,68.9,8.95,8,2,3,Business Analytics,Security,Full Stack Developer
3560,37.5,34.9,33.4,59.1,58.4,60.4,68.0,43.2,31.7,28.5,50.5,45.0,61.2,47.9,52.8,57.1,50.2,52.2,43.9,46.5,51.1,45.3,51.9,39.1,44.0,55.2,41.0,8.99,8,2,2,DevOps,Data & Analytics,Full Stack Developer
3561,44.7,30.8,50.0,48.6,56.0,51.1,45.8,63.2,34.3,31.8,43.0,47.5,39.8,24.5,41.8,44.1,22.2,63.5,60.9,60.0,47.3,58.7,36.0,46.1,34.0,36.2,49.2,9.01,7,2,3,Data Science,Data & Analytics,Full Stack Developer
3562,64.6,58.9,58.6,57.6,53.0,44.3,63.6,44.8,67.6,65.0,58.2,58.2,69.3,55.1,68.2,62.7,74.0,57.8,71.5,51.9,70.6,68.4,69.6,55.7,69.6,75.8,69.6,9.09,2,2,2,Cloud Computing,Data & Analytics,Full Stack Developer
3563,42.5,47.4,42.7,56.7,58.6,71.4,56.3,59.8,53.3,58.6,52.6,44.0,47.0,57.1,44.2,55.5,42.4,33.2,51.5,41.9,42.4,43.6,60.0,50.7,67.5,60.5,33.7,9.24,4,1,3,DevOps,Business,Full Stack Developer
3564,63.3,43.7,70.9,63.0,66.5,66.3,76.7,70.2,78.3,80.1,65.6,61.7,76.3,59.6,76.2,60.5,61.8,66.5,73.4,63.0,60.1,58.3,64.4,50.6,61.4,59.3,55.3,9.28,6,2,3,Cloud Computing,Data & Analytics,Full Stack Developer
3565,72.7,66.7,90.4,67.7,60.7,45.6,47.4,54.9,74.7,60.6,78.8,64.8,74.2,69.4,62.7,64.5,84.4,78.2,76.9,61.3,58.4,78.7,60.3,86.5,62.4,45.5,66.2,9.31,2,3,4,Data Science,Security,Full Stack Developer
3566,80.8,67.8,77.6,64.6,64.0,56.3,67.0,60.6,80.2,66.9,74.2,71.0,58.8,71.7,70.5,60.0,50.4,76.3,74.1,56.3,55.3,76.5,41.9,67.7,48.5,56.7,73.5,9.35,4,3,3,Cybersecurity,Data & Analytics,Full Stack Developer
3567,71.4,71.0,57.9,82.5,70.1,56.8,77.9,81.2,74.3,77.2,72.7,73.0,59.2,59.6,82.2,80.1,66.1,69.1,65.6,79.1,71.6,59.4,71.8,74.0,89.5,84.2,65.8,9.8,9,2,5,DevOps,Cloud & DevOps,Full Stack Developer
3568,80.0,55.6,51.6,68.8,38.5,27.4,45.1,44.7,54.2,56.6,64.8,55.5,56.3,68.5,62.6,49.0,58.7,76.6,85.2,80.8,84.1,74.9,65.2,48.4,62.4,46.3,60.4,9.86,3,1,5,Data Science,Machine Learning,Full Stack Developer
3569,54.4,57.3,58.0,72.2,95.2,97.6,72.4,71.4,62.6,61.4,53.3,73.9,69.9,82.0,83.6,80.0,73.7,70.0,51.1,71.2,75.9,63.5,84.6,61.4,77.3,87.5,55.0,10.0,7,3,8,AI/ML,Mobile,Full Stack Developer
3570,9.7,22.6,16.7,39.0,20.7,31.2,25.3,23.6,33.1,28.4,29.8,36.9,25.8,43.5,20.4,24.3,49.9,22.5,0.0,27.4,17.8,6.2,40.9,16.2,27.9,26.5,6.0,5.5,3,1,3,Mobile Development,Data & Analytics,ML Engineer
3571,10.8,16.9,24.4,17.7,25.3,18.6,20.7,27.2,25.9,0.0,20.9,25.9,17.6,17.8,13.1,7.1,32.2,27.9,24.3,19.3,21.7,9.4,24.4,21.2,27.6,22.9,28.7,5.5,5,1,0,AI/ML,Frontend,ML Engineer
3572,26.3,30.8,25.3,32.6,21.2,20.6,40.5,35.9,36.5,35.0,35.4,38.2,28.6,30.9,36.2,30.8,34.4,33.9,26.5,37.5,38.0,21.4,18.3,39.3,25.1,23.4,34.9,5.5,0,0,0,DevOps,Machine Learning,ML Engineer
3573,39.1,44.3,38.6,52.9,26.7,22.6,26.8,21.5,32.9,35.8,31.5,25.3,31.7,31.6,18.7,33.8,24.6,33.4,39.5,34.3,34.2,42.3,57.7,42.1,49.6,38.7,31.3,5.61,3,1,0,AI/ML,Data & Analytics,ML Engineer
3574,38.7,47.3,37.4,43.6,37.2,49.4,34.1,39.9,42.8,32.8,34.2,32.8,43.1,27.6,43.6,44.5,55.9,41.8,51.3,51.0,44.1,34.5,32.1,46.3,34.2,41.9,54.4,5.75,7,1,1,Data Science,Full Stack,ML Engineer
3575,29.3,17.8,30.5,27.9,20.7,20.4,16.2,17.0,26.0,20.8,34.2,19.3,27.1,21.2,26.9,21.8,4.0,12.2,12.8,7.8,19.3,14.5,32.9,16.1,30.7,40.4,12.9,5.91,3,0,2,AI/ML,Backend,ML Engineer
3576,27.0,43.1,23.6,37.6,25.2,26.3,26.3,16.7,21.6,28.5,35.1,30.1,29.0,32.0,20.0,31.1,37.5,15.7,28.7,32.2,18.3,23.6,26.4,41.4,28.8,41.0,37.2,5.92,4,1,2,Data Science,Cloud & DevOps,ML Engineer
3577,42.6,40.0,39.2,35.9,37.3,31.8,25.3,32.6,30.7,29.8,42.1,43.7,36.7,44.1,47.4,35.3,37.8,61.6,49.2,46.9,45.1,56.1,46.6,31.7,52.6,28.7,37.1,5.93,4,1,2,Cloud Computing,Full Stack,ML Engineer
3578,37.7,29.2,30.3,34.5,36.3,46.9,21.6,41.5,17.6,25.0,30.3,23.0,33.4,13.5,24.3,22.5,10.2,21.3,39.4,39.0,40.8,27.6,21.1,23.3,19.8,28.8,32.2,6.07,3,0,1,Cybersecurity,Full Stack,ML Engineer
3579,31.0,47.4,34.2,43.8,26.5,37.7,44.1,36.3,54.7,33.0,41.6,43.2,63.7,51.2,47.6,59.8,41.0,17.5,26.8,32.0,25.9,39.1,18.5,31.9,34.2,41.1,37.4,6.08,5,0,5,Cybersecurity,Business,ML Engineer
3580,52.6,71.0,67.4,52.6,58.6,61.6,63.7,63.1,66.1,62.2,46.8,51.1,55.0,48.5,53.2,63.2,59.5,44.3,50.1,38.7,34.9,53.3,52.3,56.3,47.8,53.6,46.5,6.14,7,1,5,AI/ML,Data & Analytics,ML Engineer
3581,23.4,24.9,16.6,29.6,13.6,21.7,21.8,17.7,19.2,18.0,27.8,12.9,5.5,22.0,11.8,14.3,21.0,9.0,12.0,32.6,21.3,37.9,21.2,26.7,18.2,10.8,19.7,6.17,3,0,3,Mobile Development,Backend,ML Engineer
3582,47.5,31.2,39.5,44.4,33.2,25.7,36.8,28.4,30.6,19.9,43.7,42.9,43.9,34.2,32.8,43.8,40.5,52.6,43.0,33.8,31.9,42.8,35.4,48.9,29.4,26.0,37.2,6.2,6,1,2,Cloud Computing,Backend,ML Engineer
3583,28.8,29.8,24.8,39.3,46.9,46.6,42.9,25.3,35.6,7.0,18.4,31.2,31.5,12.8,15.9,30.7,17.0,43.9,27.5,34.7,40.0,28.7,10.8,23.9,17.5,10.3,22.8,6.21,2,1,2,AI/ML,Full Stack,ML Engineer
3584,44.7,48.4,47.0,46.0,50.5,55.4,62.8,45.3,56.1,52.2,48.9,41.9,40.1,32.2,32.1,31.5,37.7,33.1,40.8,32.2,31.0,35.9,31.2,45.8,37.1,29.7,47.6,6.25,6,1,0,Data Science,Security,ML Engineer
3585,48.4,53.0,49.0,48.4,40.5,53.9,54.7,48.2,55.3,43.5,45.7,45.9,50.2,56.2,54.7,71.6,49.1,54.6,66.5,36.6,42.4,44.0,66.7,58.9,52.8,52.8,71.4,6.26,8,1,3,Web Development,Full Stack,ML Engineer
3586,48.1,50.0,48.2,45.2,43.2,30.7,31.8,28.6,47.1,43.8,50.9,55.1,43.1,58.2,52.4,60.7,47.3,42.6,62.6,29.0,29.4,48.9,27.2,58.6,41.7,36.7,47.2,6.28,5,0,3,Web Development,Full Stack,ML Engineer
3587,33.3,46.8,40.1,40.5,23.0,21.0,26.9,19.5,30.7,51.1,48.8,32.6,35.4,21.3,24.9,19.8,28.2,28.1,30.0,41.9,39.1,43.4,47.1,21.1,31.0,27.3,25.4,6.31,3,1,2,Data Science,Full Stack,ML Engineer
3588,46.1,30.6,36.3,29.4,35.2,40.8,26.1,19.1,22.6,28.3,29.0,34.1,25.0,41.1,37.3,28.8,37.7,52.7,51.1,40.1,28.5,43.4,38.3,36.4,20.3,20.6,45.8,6.37,3,0,1,Business Analytics,Data & Analytics,ML Engineer
3589,55.9,47.3,63.2,60.2,75.6,70.2,61.5,73.4,48.8,51.9,50.6,43.2,58.6,43.6,51.4,47.6,43.3,65.5,62.3,54.2,56.0,57.4,47.3,63.8,60.4,53.4,61.5,6.42,8,3,1,AI/ML,Mobile,ML Engineer
3590,43.6,51.4,60.9,52.9,54.2,58.2,66.0,47.9,64.6,55.4,67.7,52.4,57.7,63.5,54.0,57.6,55.2,51.0,47.4,55.5,50.0,52.2,51.9,54.2,31.4,45.3,68.3,6.43,5,2,4,Mobile Development,QA & Testing,ML Engineer
3591,28.9,38.9,48.7,39.7,46.1,42.9,30.1,40.7,49.8,46.3,39.7,40.1,36.2,26.8,38.2,33.3,49.5,35.8,42.5,28.2,18.0,48.8,26.2,43.1,26.4,34.7,43.5,6.45,3,0,4,DevOps,Frontend,ML Engineer
3592,38.5,38.1,30.2,42.1,38.5,30.6,26.3,22.1,35.3,23.5,44.0,45.4,39.3,49.5,44.2,27.6,28.4,49.3,41.8,64.3,64.0,48.1,21.5,50.9,30.5,31.0,38.8,6.47,7,2,0,Cybersecurity,Full Stack,ML Engineer
3593,55.7,45.5,68.9,57.5,41.5,39.2,55.3,50.1,52.8,50.9,49.9,57.1,50.0,49.4,48.4,45.2,35.6,62.1,57.7,42.6,38.4,45.0,31.4,57.0,27.9,42.1,51.8,6.47,7,1,2,AI/ML,Backend,ML Engineer
3594,36.5,39.4,26.9,39.3,31.9,32.8,37.7,22.6,46.8,34.8,19.2,24.5,35.2,42.6,48.7,50.8,10.8,42.3,33.5,27.0,33.0,19.2,43.0,47.4,34.6,31.1,29.1,6.5,0,1,1,AI/ML,Business,ML Engineer
3595,41.1,38.1,39.1,41.5,36.2,41.0,41.0,33.1,28.3,44.7,37.2,33.3,31.2,34.3,28.1,33.9,43.0,49.4,52.8,37.3,34.3,44.6,49.7,45.0,40.2,49.1,32.5,6.5,5,2,2,Business Analytics,Cloud & DevOps,ML Engineer
3596,20.8,36.0,26.4,23.3,36.0,37.2,28.5,34.0,43.1,33.9,30.8,31.9,30.1,31.0,29.2,37.0,40.5,17.5,27.7,27.1,23.1,18.2,39.3,38.7,56.5,32.3,25.3,6.54,5,3,2,DevOps,Business,ML Engineer
3597,44.8,39.4,37.8,33.8,18.2,31.1,26.6,27.9,15.5,27.8,27.5,44.9,34.4,45.8,64.7,38.1,43.7,50.1,63.1,33.7,28.9,53.0,40.6,35.6,26.2,20.5,54.9,6.54,4,3,3,AI/ML,Machine Learning,ML Engineer
3598,38.6,27.9,32.6,40.3,15.5,28.0,25.5,34.1,28.0,33.8,36.6,31.8,31.0,37.6,32.9,45.1,35.3,26.0,19.9,53.4,43.8,39.8,41.1,43.5,24.8,38.9,39.3,6.55,3,2,4,Data Science,Machine Learning,ML Engineer
3599,30.9,49.3,37.2,55.3,40.2,37.0,37.4,42.8,47.7,62.6,56.5,38.2,33.3,48.5,40.8,39.8,53.6,27.2,43.9,60.2,63.8,33.4,70.8,44.2,61.1,61.6,30.4,6.56,7,2,3,AI/ML,Machine Learning,ML Engineer
3600,35.2,37.3,24.2,35.6,28.2,41.0,27.0,22.1,26.5,31.0,42.1,39.9,40.8,48.7,45.0,47.8,25.2,25.0,35.0,45.3,47.5,23.8,55.7,38.7,61.1,42.6,23.4,6.58,0,2,1,DevOps,Business,ML Engineer
3601,50.7,45.9,58.0,41.2,45.1,34.1,37.8,37.8,62.4,55.7,46.3,57.1,60.3,64.7,42.2,60.5,62.8,23.7,28.1,34.3,30.0,36.3,33.6,61.8,29.8,33.4,45.9,6.58,2,2,3,AI/ML,Full Stack,ML Engineer
3602,57.0,43.1,40.7,46.7,35.0,39.9,38.8,35.8,44.2,50.3,51.1,48.2,44.3,33.5,18.8,40.5,27.0,30.3,44.5,36.8,29.4,54.2,35.5,41.4,41.6,48.1,46.9,6.58,5,2,2,Data Science,Mobile,ML Engineer
3603,45.3,45.0,52.0,49.6,42.4,38.2,54.6,45.3,40.4,54.1,39.7,47.6,33.9,30.0,32.3,34.2,29.6,58.2,59.7,47.3,58.4,56.0,45.9,40.2,53.9,31.1,65.6,6.61,4,1,0,Business Analytics,Data & Analytics,ML Engineer
3604,48.2,29.7,26.0,19.7,60.9,58.0,51.4,61.2,50.1,40.9,37.1,31.1,49.9,23.1,21.7,34.1,33.8,33.4,27.8,17.7,23.8,28.3,26.2,29.3,36.8,41.9,14.4,6.61,1,0,1,AI/ML,Data & Analytics,ML Engineer
3605,57.1,46.2,37.2,49.9,25.7,15.2,30.6,24.3,34.7,39.0,38.7,36.9,43.9,48.9,47.1,27.8,33.0,41.6,59.8,37.3,32.9,50.8,56.1,59.7,46.4,50.6,29.7,6.63,4,2,2,Business Analytics,Mobile,ML Engineer
3606,53.0,34.0,42.5,50.6,31.9,30.4,44.8,32.5,33.0,35.8,39.5,44.2,30.4,41.7,46.4,40.6,40.6,46.3,60.6,53.1,49.3,58.9,38.4,40.8,36.7,26.9,54.4,6.65,11,1,3,DevOps,Full Stack,ML Engineer
3607,37.0,40.4,37.3,46.9,45.3,52.2,47.4,47.1,51.1,42.6,47.2,50.2,43.5,61.4,60.8,48.1,45.5,28.2,28.3,45.0,34.3,34.2,50.5,31.9,60.6,45.3,35.0,6.66,2,1,1,Business Analytics,Mobile,ML Engineer
3608,44.5,23.3,28.5,12.0,44.5,46.8,45.0,49.5,17.9,19.0,36.3,45.2,32.6,50.8,32.3,40.9,39.9,34.2,33.7,38.7,50.5,36.5,30.4,28.5,51.8,38.2,37.4,6.68,3,1,4,Web Development,Cloud & DevOps,ML Engineer
3609,52.5,48.9,50.6,49.8,38.8,32.2,34.1,33.6,55.1,54.5,45.4,30.1,41.0,47.3,41.0,56.4,49.0,45.4,62.2,64.7,55.9,53.3,34.1,53.1,54.7,60.3,40.8,6.68,12,0,3,AI/ML,Backend,ML Engineer
3610,41.4,60.9,64.5,31.7,48.9,64.8,53.2,55.1,40.9,30.7,47.2,48.7,56.9,47.4,35.8,39.1,40.5,53.8,46.8,21.2,26.7,57.9,50.3,54.5,15.7,37.6,53.3,6.69,3,1,6,DevOps,Business,ML Engineer
3611,31.8,43.7,33.6,36.3,32.7,39.4,40.6,39.4,45.0,28.8,42.5,50.2,59.1,59.0,52.6,70.8,55.6,37.6,55.4,26.3,50.7,45.2,56.6,27.2,40.7,51.6,45.1,6.7,4,2,4,Cybersecurity,Backend,ML Engineer
3612,47.5,30.6,41.6,39.6,51.6,46.2,29.4,54.4,35.4,30.7,39.4,44.6,36.2,35.6,31.6,34.3,40.6,36.5,36.3,47.0,63.0,59.8,44.0,38.2,45.3,31.5,39.1,6.7,6,0,3,Business Analytics,Machine Learning,ML Engineer
3613,44.6,33.3,31.9,43.1,22.5,19.9,18.6,22.0,41.9,41.8,38.9,35.9,24.9,29.9,38.3,41.8,24.0,44.5,65.7,45.9,57.6,48.2,36.5,28.1,41.6,44.4,23.6,6.71,6,0,4,AI/ML,Cloud & DevOps,ML Engineer
3614,39.3,41.3,36.9,58.4,40.6,55.6,50.1,48.9,47.8,51.6,52.5,46.4,49.2,54.2,55.7,56.9,56.9,46.9,37.5,66.5,69.2,50.3,51.8,48.0,45.3,42.0,45.3,6.72,8,1,2,Cybersecurity,Security,ML Engineer
3615,53.6,61.3,44.3,52.3,30.5,36.0,55.4,40.6,47.7,55.5,60.7,63.6,57.6,57.8,56.8,56.2,51.6,45.3,37.0,68.2,62.2,55.5,60.2,54.6,47.7,72.2,52.3,6.72,8,2,3,Cybersecurity,Full Stack,ML Engineer
3616,41.9,61.4,53.1,54.4,42.6,43.5,41.9,47.8,56.0,57.7,56.6,45.3,43.6,64.3,65.5,65.4,52.0,37.3,28.2,38.3,34.3,51.4,47.9,70.5,40.0,51.1,58.3,6.74,3,0,4,Business Analytics,Data & Analytics,ML Engineer
3617,49.8,35.1,48.9,37.5,53.6,48.3,37.0,57.4,27.2,46.7,55.3,54.8,32.9,33.4,44.6,44.4,44.9,57.0,29.9,57.2,52.8,29.1,42.9,32.2,38.1,30.7,52.9,6.75,7,1,4,Mobile Development,Backend,ML Engineer
3618,56.8,46.0,39.9,46.3,34.7,17.6,40.4,28.2,43.5,58.0,53.9,34.9,40.1,32.3,40.0,37.8,34.2,60.8,40.1,47.2,38.9,38.9,39.8,25.2,21.1,42.1,35.9,6.75,4,0,1,DevOps,Mobile,ML Engineer
3619,69.9,68.0,53.2,58.5,61.9,72.2,66.3,55.9,71.4,67.8,68.5,68.0,53.9,56.6,66.4,66.5,56.6,61.8,64.3,68.1,72.6,88.5,72.9,70.5,83.7,68.5,61.2,6.75,7,1,1,DevOps,Data & Analytics,ML Engineer
3620,44.1,31.5,60.1,41.3,29.1,28.8,40.8,21.6,35.6,57.8,47.3,40.9,30.5,43.6,38.2,30.1,48.5,41.3,39.5,42.9,32.8,50.1,40.4,59.6,3.9,28.1,45.2,6.78,0,1,1,AI/ML,Machine Learning,ML Engineer
3621,28.6,40.0,35.7,28.8,40.4,48.0,48.5,50.4,33.5,28.1,35.6,34.4,38.8,56.8,34.4,34.0,41.7,29.8,38.9,19.2,37.9,31.1,26.8,46.3,39.8,31.1,37.9,6.79,3,1,2,Data Science,Frontend,ML Engineer
3622,35.0,21.9,22.6,36.5,27.6,34.2,33.9,33.0,45.6,29.4,32.3,24.4,23.1,30.6,31.0,18.0,35.3,41.1,38.7,39.4,35.0,32.3,39.3,34.3,64.6,50.5,33.6,6.8,6,0,1,AI/ML,Full Stack,ML Engineer
3623,35.4,39.1,26.0,36.6,13.7,11.5,15.5,21.5,36.2,31.2,25.9,30.0,38.8,24.5,44.0,33.8,36.9,39.7,51.7,30.8,34.2,38.1,30.0,17.9,24.3,33.8,20.5,6.83,3,1,3,Web Development,Mobile,ML Engineer
3624,65.1,31.7,45.4,50.6,39.1,37.1,32.5,40.1,31.5,24.4,35.6,48.8,46.3,26.5,34.6,28.1,34.7,58.9,64.1,66.2,60.1,58.4,56.3,50.0,44.3,39.0,47.9,6.83,3,1,1,AI/ML,Machine Learning,ML Engineer
3625,48.3,53.4,61.8,52.7,52.6,54.9,66.0,55.7,56.4,56.0,58.7,63.9,47.8,56.6,59.2,47.1,65.6,33.9,42.1,29.7,48.6,41.3,61.4,58.9,46.5,65.1,54.5,6.85,6,1,2,Web Development,QA & Testing,ML Engineer
3626,40.2,58.1,42.0,42.6,29.7,36.1,37.2,32.6,45.8,58.5,58.6,34.5,42.4,46.4,47.6,53.7,30.8,30.1,26.4,50.8,31.6,35.3,31.4,44.8,65.4,52.4,33.1,6.87,6,0,2,Data Science,Mobile,ML Engineer
3627,63.5,59.1,54.7,53.6,55.2,39.7,52.5,58.6,39.0,55.1,63.0,53.3,66.0,55.4,49.7,48.8,30.1,55.0,53.5,56.6,65.6,50.2,53.5,53.4,50.4,62.3,53.2,6.87,4,2,2,Data Science,Full Stack,ML Engineer
3628,49.3,40.4,45.1,46.5,50.8,43.1,41.6,42.9,52.3,63.3,46.0,46.5,57.6,61.5,47.0,65.0,67.4,44.7,41.6,32.0,52.4,47.2,22.2,58.2,47.9,59.6,18.1,6.88,4,1,4,AI/ML,Full Stack,ML Engineer
3629,40.0,58.9,53.8,34.0,36.1,40.0,59.6,27.8,46.4,38.4,38.7,37.1,27.4,37.7,45.5,39.4,31.5,43.5,29.9,48.6,45.7,29.8,52.4,43.3,40.0,44.1,48.2,6.9,2,0,1,Business Analytics,QA & Testing,ML Engineer
3630,58.1,29.6,53.4,35.4,25.3,32.8,37.8,31.8,36.6,46.9,32.2,42.6,54.2,43.1,49.3,58.0,52.8,62.7,54.1,37.3,32.0,67.6,48.8,42.9,46.3,41.1,47.8,6.91,4,2,3,DevOps,Full Stack,ML Engineer
3631,58.4,32.5,48.0,60.8,70.4,57.0,52.7,66.7,65.2,58.4,59.1,44.9,50.4,33.8,31.3,44.3,37.3,62.9,56.4,71.6,53.9,63.9,42.9,38.0,34.7,38.4,54.1,6.91,10,1,0,AI/ML,Frontend,ML Engineer
3632,29.0,49.2,38.9,44.2,38.9,54.0,42.1,60.0,38.3,41.3,34.8,46.3,52.5,54.5,51.6,51.3,48.9,58.6,61.8,47.2,46.1,64.1,50.6,43.3,41.4,50.4,56.4,6.92,7,2,4,Web Development,Frontend,ML Engineer
3633,39.8,39.4,52.1,40.0,49.6,67.8,47.8,69.5,46.8,59.7,42.7,51.5,49.7,52.6,30.1,42.6,32.9,52.0,26.6,47.3,35.1,52.8,22.4,44.9,26.1,29.8,40.1,6.92,3,0,2,DevOps,Backend,ML Engineer
3634,40.2,32.7,35.9,45.4,27.3,33.2,43.7,34.6,53.6,46.9,40.7,29.2,53.5,33.4,45.2,38.3,45.3,52.5,59.5,54.2,26.4,47.4,38.0,40.7,31.6,22.2,48.1,6.92,3,1,1,Data Science,Backend,ML Engineer
3635,37.1,48.1,53.4,44.8,51.0,40.1,52.5,36.1,61.6,54.1,57.1,47.1,44.0,46.8,39.9,38.2,38.9,33.5,29.9,53.7,44.5,47.0,40.9,56.6,48.5,42.6,46.2,6.93,3,0,2,Mobile Development,Data & Analytics,ML Engineer
3636,41.4,32.5,48.3,35.8,45.2,26.8,23.9,41.3,44.9,41.1,47.5,42.8,51.7,30.5,28.5,55.7,28.4,38.2,34.0,29.7,32.4,32.9,34.8,42.7,28.1,36.5,24.9,6.93,7,1,1,Data Science,Machine Learning,ML Engineer
3637,41.7,33.1,23.5,43.0,29.7,31.7,37.6,24.0,52.8,33.1,43.7,34.5,27.1,54.0,50.5,53.4,33.2,32.2,39.4,57.0,51.8,37.0,46.1,42.3,46.9,40.1,32.1,6.93,1,0,2,DevOps,Security,ML Engineer
3638,44.1,30.5,43.8,60.3,60.9,47.1,58.1,58.5,44.5,53.4,53.6,40.0,32.7,24.2,33.6,37.7,37.2,43.6,54.0,45.5,39.2,51.6,25.0,32.9,24.9,29.0,23.4,6.93,9,0,1,Data Science,Data & Analytics,ML Engineer
3639,42.2,59.6,45.2,53.7,73.9,62.5,45.3,53.9,52.2,52.3,52.5,49.0,43.1,46.9,65.7,59.2,37.3,28.6,35.0,48.3,65.3,39.8,56.5,45.0,60.1,70.0,48.1,6.95,6,2,4,Business Analytics,QA & Testing,ML Engineer
3640,42.6,50.4,33.4,34.2,51.6,62.4,50.1,53.3,42.4,30.0,35.4,48.5,45.5,51.0,56.8,46.6,46.2,34.4,47.5,37.5,27.7,44.7,42.0,43.2,35.9,41.1,46.1,6.95,3,2,3,Mobile Development,Data & Analytics,ML Engineer
3641,62.1,58.7,45.6,49.8,67.0,57.3,66.8,59.6,57.3,59.2,56.9,61.5,60.2,59.4,45.4,64.9,63.9,63.7,62.2,56.8,47.5,60.8,46.9,56.7,42.9,65.9,50.5,6.96,9,3,2,Mobile Development,Backend,ML Engineer
3642,42.7,39.6,39.8,40.5,54.2,37.9,55.4,35.2,45.9,43.6,41.1,38.5,50.9,46.5,37.7,28.4,43.0,38.0,34.4,44.8,29.7,41.2,35.9,46.0,20.5,47.7,41.4,6.97,3,0,2,Web Development,Data & Analytics,ML Engineer
3643,46.8,27.7,33.6,23.1,33.3,21.6,28.5,37.2,41.6,26.2,29.8,25.6,27.0,42.4,51.4,34.8,38.6,45.2,47.2,30.7,38.1,62.4,49.5,47.5,38.5,53.0,49.0,6.97,4,1,2,Mobile Development,QA & Testing,ML Engineer
3644,39.5,26.3,29.1,47.3,8.2,20.1,12.2,11.6,9.7,25.7,38.3,24.9,19.9,39.2,27.3,24.9,25.6,39.0,40.7,46.4,34.0,27.2,17.7,30.6,29.6,16.9,16.9,6.98,5,1,4,Cybersecurity,Data & Analytics,ML Engineer
3645,38.9,48.2,40.8,50.2,33.5,25.9,49.0,34.3,31.7,40.2,50.9,40.6,33.9,28.9,34.2,25.9,26.3,41.6,41.1,41.4,42.0,42.7,26.8,33.7,40.7,23.6,23.4,6.99,2,1,1,Data Science,Data & Analytics,ML Engineer
3646,47.3,57.1,70.2,59.0,53.0,52.9,44.3,47.3,64.6,49.4,49.2,52.9,53.2,47.7,33.5,28.2,54.6,36.3,36.5,33.1,55.9,49.7,49.4,59.1,27.2,40.6,52.2,7.0,5,1,3,DevOps,Cloud & DevOps,ML Engineer
3647,64.5,43.9,57.2,64.9,39.7,16.1,26.0,29.8,37.7,54.3,65.3,49.7,47.6,48.2,43.6,50.0,53.1,51.6,62.2,51.3,49.3,48.8,30.6,63.2,49.1,32.0,44.2,7.0,2,1,3,AI/ML,QA & Testing,ML Engineer
3648,39.4,43.2,46.9,46.2,54.6,55.5,54.2,65.1,46.3,51.8,51.8,37.1,56.2,33.0,38.0,42.9,50.3,38.2,42.1,43.9,47.3,41.3,22.7,47.6,56.1,47.1,44.2,7.01,5,1,0,Business Analytics,Backend,ML Engineer
3649,48.7,47.1,43.6,46.5,41.2,38.6,35.0,38.3,23.6,23.6,45.9,33.8,33.1,43.0,40.7,42.7,32.6,56.9,54.1,54.1,42.5,55.1,41.6,58.8,48.7,48.5,49.6,7.02,3,1,4,AI/ML,QA & Testing,ML Engineer
3650,51.6,45.1,51.6,60.4,41.5,34.0,40.5,35.7,53.0,64.8,49.8,44.2,46.1,49.6,66.4,49.8,58.6,36.5,31.0,47.1,37.1,43.0,43.0,47.0,43.0,28.7,44.4,7.02,7,0,3,Cloud Computing,Machine Learning,ML Engineer
3651,52.9,46.9,48.6,57.5,38.1,25.6,43.6,40.2,45.2,58.4,51.4,44.0,61.1,38.1,41.4,50.0,31.7,70.9,64.7,45.4,42.3,55.6,61.4,53.1,40.6,51.9,63.4,7.02,5,2,5,Business Analytics,Security,ML Engineer
3652,55.0,27.6,51.7,38.2,25.2,28.1,38.2,13.4,32.6,17.5,28.8,46.0,45.2,37.6,33.7,43.5,52.2,49.9,52.1,30.4,21.8,55.6,46.9,51.1,37.0,36.6,42.9,7.03,2,0,2,AI/ML,Machine Learning,ML Engineer
3653,28.6,24.1,47.7,33.7,13.2,35.4,26.6,24.8,28.2,32.0,23.7,46.2,45.1,33.9,37.0,30.8,36.0,43.8,44.9,32.5,28.0,44.3,50.7,48.9,35.7,35.1,42.3,7.04,5,1,0,AI/ML,Business,ML Engineer
3654,36.3,44.1,22.9,48.6,51.7,47.9,29.4,59.1,40.0,42.6,40.6,41.1,23.9,53.6,60.6,46.3,38.3,44.1,26.2,57.1,57.3,38.3,57.8,22.4,25.3,21.2,29.7,7.04,5,1,2,Mobile Development,Machine Learning,ML Engineer
3655,29.3,38.5,48.9,23.6,41.1,42.7,41.3,38.5,43.4,32.5,34.4,36.6,28.3,39.7,44.2,46.8,51.8,21.9,37.0,38.2,23.2,28.7,53.5,45.0,51.2,39.4,54.1,7.06,4,0,2,Cybersecurity,Security,ML Engineer
3656,36.1,42.4,60.6,38.6,33.8,35.5,56.7,23.6,50.8,38.4,41.3,51.5,28.2,42.2,35.9,49.2,43.9,18.9,27.9,20.3,30.9,24.2,49.8,40.8,48.1,45.3,37.4,7.06,4,1,3,Cybersecurity,Cloud & DevOps,ML Engineer
3657,39.4,51.2,52.5,39.1,47.8,55.8,61.1,54.5,46.4,54.0,57.8,45.2,38.1,46.8,45.9,44.9,41.9,31.4,38.4,34.9,27.3,32.7,26.9,41.6,25.3,38.6,39.0,7.06,1,1,4,Web Development,Cloud & DevOps,ML Engineer
3658,45.6,47.1,45.0,62.0,38.0,30.3,38.1,28.0,26.8,56.8,54.8,48.1,47.3,56.9,45.7,43.9,41.0,53.6,69.5,69.5,56.4,59.1,34.1,42.4,40.5,62.7,43.1,7.06,6,2,4,AI/ML,Data & Analytics,ML Engineer
3659,51.2,52.4,48.7,53.5,56.2,64.5,66.3,67.4,59.3,61.1,57.7,54.5,65.8,56.2,55.3,52.7,51.3,26.8,35.3,65.9,58.4,42.1,78.1,48.0,43.1,46.1,43.3,7.06,5,1,2,AI/ML,Frontend,ML Engineer
3660,60.8,51.9,52.4,43.4,20.5,35.8,43.9,42.1,50.3,56.1,62.5,41.1,38.9,57.4,42.9,44.2,51.1,46.3,51.5,50.9,67.4,51.2,51.1,59.3,60.7,43.2,47.1,7.06,4,1,4,Cloud Computing,Cloud & DevOps,ML Engineer
3661,71.0,62.4,49.6,57.7,46.1,39.7,59.9,41.9,40.9,59.4,51.9,39.9,48.0,53.6,53.7,51.1,49.1,71.0,76.6,54.9,63.2,53.4,58.6,46.5,51.8,63.6,60.8,7.06,7,0,6,AI/ML,Frontend,ML Engineer
3662,34.1,33.8,23.4,40.1,41.7,47.4,39.4,40.8,27.0,42.3,38.7,32.6,24.4,37.9,37.4,29.9,22.4,43.0,40.3,44.4,49.9,38.4,34.7,29.0,40.6,30.8,46.7,7.07,3,0,4,Data Science,Machine Learning,ML Engineer
3663,34.9,36.2,21.6,43.8,23.2,30.5,23.8,33.1,8.3,34.7,27.7,31.3,39.6,32.0,30.9,32.7,32.6,23.4,28.2,43.2,45.0,27.0,19.2,30.1,22.5,24.7,27.2,7.07,2,1,1,AI/ML,Backend,ML Engineer
3664,32.9,37.5,33.8,28.1,21.4,28.9,46.5,33.1,28.4,36.8,33.5,32.9,37.9,20.2,25.4,40.7,38.8,40.3,37.9,21.2,32.8,38.0,26.0,45.5,30.1,35.4,42.8,7.08,5,2,3,Web Development,Full Stack,ML Engineer
3665,47.5,38.4,47.9,56.7,50.8,51.3,42.1,50.8,59.8,43.9,60.1,55.7,46.3,72.5,60.0,46.0,52.3,58.5,64.3,41.9,37.8,54.2,47.9,50.1,42.7,44.8,55.3,7.08,9,2,2,Business Analytics,Cloud & DevOps,ML Engineer
3666,39.7,29.8,33.5,37.2,40.0,17.7,29.1,23.5,42.9,26.2,29.9,31.3,27.4,21.7,29.0,30.6,35.9,42.3,56.8,50.1,54.6,37.8,64.9,34.5,67.6,43.1,33.9,7.11,5,2,1,Cybersecurity,Frontend,ML Engineer
3667,51.0,54.0,55.6,57.1,40.0,38.2,52.3,35.3,37.9,53.2,41.8,61.0,63.0,68.3,86.2,69.4,69.0,54.8,68.6,38.5,37.1,45.5,43.7,57.8,63.7,59.3,60.2,7.11,5,2,1,Data Science,Cloud & DevOps,ML Engineer
3668,27.1,26.6,17.6,28.7,17.8,25.1,11.6,15.3,23.2,19.5,40.4,33.8,25.5,31.5,31.8,35.0,24.5,23.5,16.1,38.4,42.2,31.4,33.5,29.6,33.9,31.9,15.3,7.12,1,0,2,Web Development,Frontend,ML Engineer
3669,41.7,58.4,59.8,49.9,49.5,56.8,71.3,55.4,60.8,39.4,44.8,42.7,48.3,45.7,57.4,40.6,53.0,38.9,36.6,51.1,43.4,48.9,53.1,53.0,49.1,59.1,48.8,7.13,4,1,4,AI/ML,Mobile,ML Engineer
3670,48.3,39.1,52.6,55.7,43.3,61.6,49.8,55.6,28.9,26.9,43.1,39.9,53.8,35.4,46.4,35.9,38.5,50.7,62.4,55.2,44.4,62.4,36.9,43.1,38.5,34.6,31.7,7.13,7,1,3,Business Analytics,QA & Testing,ML Engineer
3671,53.8,47.0,49.0,46.8,41.8,23.8,33.4,34.4,35.7,42.0,26.3,61.3,48.6,36.9,38.0,34.1,50.3,46.2,59.9,19.0,20.8,53.0,24.2,43.7,37.9,34.3,51.5,7.13,1,1,2,Web Development,Business,ML Engineer
3672,27.5,19.6,29.7,19.9,21.6,13.7,11.1,12.8,20.4,29.3,27.6,28.7,18.2,22.4,12.2,25.9,31.9,21.3,40.7,20.1,28.3,30.2,27.9,29.4,41.1,32.7,34.3,7.14,4,2,1,Business Analytics,Backend,ML Engineer
3673,32.3,27.9,21.5,34.7,26.5,22.7,21.0,34.6,19.5,32.2,27.6,27.8,34.6,25.5,31.9,29.8,19.0,33.2,27.7,31.0,45.3,19.1,40.9,18.5,49.1,34.2,30.2,7.14,8,1,1,Mobile Development,Data & Analytics,ML Engineer
3674,63.3,54.2,70.6,60.6,43.5,74.2,63.6,57.7,69.9,43.3,66.6,64.1,66.0,50.7,45.7,51.3,53.9,51.5,76.4,50.4,52.0,53.0,66.3,60.6,62.3,63.7,53.4,7.14,9,1,2,Data Science,Machine Learning,ML Engineer
3675,29.2,35.4,39.1,39.1,33.5,33.1,39.0,26.7,24.3,35.3,31.1,32.8,41.7,24.9,24.7,28.9,27.5,45.9,44.8,45.4,43.8,52.1,45.1,46.0,46.0,51.5,32.7,7.15,4,1,2,DevOps,Data & Analytics,ML Engineer
3676,40.7,22.9,23.1,18.0,11.4,21.9,9.0,20.4,20.3,10.3,12.4,30.4,23.1,24.3,33.1,33.0,17.0,38.5,51.1,31.9,30.4,45.3,15.7,17.4,4.3,7.6,35.5,7.15,2,0,3,Cloud Computing,Frontend,ML Engineer
3677,54.6,40.7,38.8,43.2,37.5,37.8,43.8,27.9,36.5,35.2,59.8,36.8,47.6,46.2,51.2,43.5,47.2,53.1,65.7,49.4,42.1,52.2,42.9,28.1,46.6,35.7,35.4,7.15,7,1,4,Data Science,Full Stack,ML Engineer
3678,60.8,61.1,65.3,67.1,38.2,45.1,58.2,43.9,48.3,59.6,65.9,69.6,63.1,64.7,50.0,44.9,63.6,38.6,49.0,70.1,58.4,67.3,45.0,64.8,49.0,49.6,56.6,7.15,4,1,4,Web Development,Business,ML Engineer
3679,62.7,38.1,51.3,50.3,36.1,39.3,41.0,31.8,38.2,54.7,33.9,38.1,52.1,43.0,43.3,39.1,37.6,49.4,49.0,48.8,53.8,67.1,26.3,36.6,43.6,35.1,64.5,7.15,4,1,3,Data Science,QA & Testing,ML Engineer
3680,28.3,30.8,28.0,40.1,57.7,56.4,36.7,64.5,36.4,32.3,41.0,26.9,34.2,44.1,41.5,35.8,37.4,19.2,19.2,31.5,31.9,31.0,34.0,29.8,24.1,40.3,40.5,7.16,4,1,2,Web Development,Cloud & DevOps,ML Engineer
3681,36.0,52.9,42.0,24.7,48.8,65.4,55.2,45.7,46.7,45.4,49.4,52.1,52.2,64.8,56.4,62.5,50.9,25.2,31.5,37.5,32.7,36.0,54.4,34.1,32.1,52.9,23.3,7.16,2,1,2,Data Science,Cloud & DevOps,ML Engineer
3682,49.7,32.4,53.4,27.7,60.7,51.7,54.8,74.7,38.1,43.0,34.2,54.1,40.2,44.1,55.7,61.7,61.8,44.5,36.5,50.9,42.9,53.3,41.1,54.7,22.4,36.1,50.4,7.16,7,2,7,Web Development,QA & Testing,ML Engineer
3683,56.3,57.0,42.0,50.5,58.8,64.5,69.9,77.5,66.3,75.5,59.3,50.1,55.6,66.4,67.0,57.7,52.7,50.9,54.5,45.3,55.2,44.2,37.5,32.0,60.8,48.2,46.7,7.16,3,1,4,Cybersecurity,QA & Testing,ML Engineer
3684,70.4,61.9,61.8,53.9,44.0,26.3,54.4,26.0,56.0,70.8,62.1,50.7,66.9,65.8,55.8,64.0,68.6,55.5,57.0,34.0,51.6,45.0,41.2,52.3,33.8,33.8,60.4,7.16,3,1,2,AI/ML,QA & Testing,ML Engineer
3685,30.6,45.9,37.2,21.5,38.2,38.1,41.3,44.8,55.8,26.0,48.2,32.6,24.0,26.8,26.5,38.4,23.1,23.2,23.9,40.2,39.3,39.9,37.4,29.4,47.8,30.9,27.9,7.17,5,2,0,Business Analytics,Cloud & DevOps,ML Engineer
3686,34.1,39.2,45.7,30.5,14.3,12.6,34.4,13.5,31.8,16.2,29.1,35.4,37.7,34.2,25.9,20.0,32.8,34.9,34.4,20.3,21.7,41.8,22.3,31.8,26.3,33.3,44.1,7.17,2,1,2,Data Science,Machine Learning,ML Engineer
3687,41.3,31.9,28.6,38.9,59.5,37.3,29.2,30.9,47.0,44.3,26.5,43.3,29.9,35.0,38.1,35.3,38.3,19.9,35.2,11.7,8.4,26.1,15.9,23.7,10.4,38.6,42.1,7.17,5,1,1,Cloud Computing,Frontend,ML Engineer
3688,62.9,59.8,65.0,66.7,33.9,29.4,48.2,32.5,49.7,54.6,59.7,50.6,50.6,60.0,41.0,41.5,60.9,67.7,77.1,55.6,54.5,65.6,41.2,57.0,63.9,46.1,61.6,7.17,7,2,2,Business Analytics,Cloud & DevOps,ML Engineer
3689,32.1,39.3,45.5,48.7,51.7,54.2,43.1,42.1,36.2,52.5,46.3,39.3,42.7,44.3,32.2,40.0,38.8,56.3,47.7,46.7,33.9,39.3,31.6,50.6,47.6,54.1,47.7,7.18,3,1,2,Cybersecurity,Data & Analytics,ML Engineer
3690,54.2,51.9,53.7,62.8,49.1,35.6,41.9,57.0,55.2,49.4,49.3,50.1,58.0,54.7,49.1,53.5,54.0,65.5,60.4,66.3,69.9,72.5,77.5,57.5,68.0,75.3,74.9,7.18,6,3,2,Mobile Development,Cloud & DevOps,ML Engineer
3691,39.5,49.2,46.6,41.1,29.5,16.6,44.7,36.8,43.3,46.5,42.9,37.4,46.3,43.3,46.4,51.9,30.0,37.9,26.4,30.2,25.5,44.0,30.1,45.9,11.1,23.1,39.6,7.19,4,2,2,Data Science,Data & Analytics,ML Engineer
3692,33.0,25.5,36.1,49.5,22.5,19.0,18.9,24.2,32.7,37.7,32.6,23.9,34.9,37.2,47.0,43.8,33.4,42.9,41.1,48.0,36.4,56.6,9.1,59.7,22.4,12.2,24.0,7.2,2,0,1,AI/ML,Cloud & DevOps,ML Engineer
3693,65.8,51.5,49.2,54.3,25.6,39.0,45.2,34.8,44.2,52.9,59.7,62.0,44.9,65.1,57.2,44.5,53.8,65.8,62.1,55.0,61.0,59.8,59.3,60.3,62.8,46.5,50.9,7.2,8,3,4,Cybersecurity,QA & Testing,ML Engineer
3694,40.2,43.1,41.3,58.1,37.5,27.9,31.5,24.9,28.0,45.8,43.5,51.3,42.8,60.7,52.1,49.5,54.4,43.8,40.8,51.0,57.1,47.1,18.5,38.0,42.0,28.9,28.2,7.21,3,1,5,DevOps,Machine Learning,ML Engineer
3695,47.6,50.8,37.4,38.6,43.2,52.1,40.7,45.2,26.1,29.7,30.5,31.6,42.9,24.6,40.3,41.5,37.1,52.0,43.8,52.7,42.3,46.3,51.7,48.1,55.9,40.3,36.7,7.21,8,1,3,Data Science,Mobile,ML Engineer
3696,15.0,30.5,17.2,22.3,16.3,0.8,15.7,7.9,8.6,9.3,23.4,38.2,13.0,30.1,30.8,22.7,33.5,30.5,9.7,26.2,10.0,7.6,10.4,27.3,10.2,17.9,21.0,7.22,3,0,1,Mobile Development,Backend,ML Engineer
3697,69.2,64.4,64.3,65.3,59.3,39.4,64.6,55.5,52.2,64.9,67.8,67.0,51.0,57.5,56.4,49.7,64.3,75.4,63.3,48.2,52.5,64.6,64.1,80.3,47.7,63.0,64.6,7.22,3,2,3,AI/ML,Backend,ML Engineer
3698,35.7,36.0,31.0,44.9,54.5,46.5,55.8,53.6,52.2,66.7,52.5,41.6,52.6,40.5,29.9,36.3,40.6,34.3,20.2,50.2,51.4,39.2,49.2,39.3,51.5,49.2,32.2,7.23,4,2,0,DevOps,Machine Learning,ML Engineer
3699,53.8,59.5,48.6,62.0,39.5,31.9,49.7,28.4,54.9,44.6,52.2,43.4,50.2,22.6,42.0,46.9,41.7,41.5,37.5,41.1,49.6,47.3,64.0,62.3,28.3,26.7,53.0,7.23,12,1,2,Cloud Computing,Cloud & DevOps,ML Engineer
3700,29.2,48.6,29.1,33.8,41.9,20.3,27.4,29.3,33.6,31.8,29.9,34.5,30.2,29.0,31.0,14.8,36.6,28.6,33.4,39.5,47.7,33.5,18.8,31.9,10.5,30.7,27.1,7.24,4,1,1,Web Development,Machine Learning,ML Engineer
3701,52.1,45.7,46.5,49.4,54.3,43.8,50.6,55.0,41.2,47.9,51.9,47.2,46.2,48.7,41.5,46.3,39.8,39.2,48.2,50.0,56.0,50.5,15.7,53.1,35.8,35.4,62.6,7.24,2,1,3,DevOps,Data & Analytics,ML Engineer
3702,38.6,19.1,30.3,20.8,47.2,41.1,38.3,36.2,39.0,41.4,38.1,51.9,25.9,29.3,38.9,33.3,33.6,24.1,43.4,20.8,26.4,31.1,22.9,47.2,39.1,32.3,22.9,7.25,1,0,4,Cloud Computing,Data & Analytics,ML Engineer
3703,32.9,40.2,46.0,52.6,42.7,48.5,33.4,47.6,57.6,47.5,49.8,51.0,42.4,51.2,58.3,42.6,57.1,48.6,30.2,52.8,48.5,55.2,46.5,54.6,43.4,32.3,49.9,7.26,4,2,4,Cybersecurity,Data & Analytics,ML Engineer
3704,23.6,17.3,26.2,21.3,24.8,9.4,18.0,14.3,16.9,24.8,7.8,23.4,28.0,33.3,30.5,28.9,26.8,37.8,29.8,28.0,24.5,26.4,30.1,32.5,21.5,18.6,30.0,7.27,2,0,2,DevOps,Security,ML Engineer
3705,49.5,66.3,50.4,40.1,41.5,56.5,50.8,44.8,62.4,64.1,40.2,59.8,50.1,56.3,64.4,53.4,56.5,38.6,48.2,45.0,29.2,38.5,52.1,51.6,38.8,53.5,40.4,7.27,5,2,7,Cloud Computing,Backend,ML Engineer
3706,51.1,38.4,33.1,54.7,55.6,50.4,45.1,59.1,66.7,43.4,46.3,56.6,52.4,55.9,43.7,45.1,45.2,64.4,70.0,64.4,53.9,50.0,67.1,48.7,75.9,40.7,43.5,7.27,5,3,1,Business Analytics,Business,ML Engineer
3707,41.0,21.9,29.3,36.6,47.7,50.4,46.5,63.5,37.0,26.2,30.1,31.0,45.1,30.9,37.8,32.0,38.4,32.1,35.7,67.3,42.9,28.4,61.0,35.8,51.8,60.7,27.5,7.28,4,1,1,Business Analytics,Machine Learning,ML Engineer
3708,58.3,64.9,53.5,46.6,35.5,20.8,36.8,40.5,43.3,59.6,85.5,55.1,53.4,51.5,58.9,48.2,65.4,36.4,43.8,40.7,50.4,40.5,38.1,49.6,50.0,53.5,58.9,7.29,10,2,4,Business Analytics,Machine Learning,ML Engineer
3709,31.3,37.6,47.1,22.9,39.1,30.5,19.1,28.5,33.1,33.7,32.9,38.0,20.7,37.9,35.3,33.4,43.2,20.2,18.7,18.0,35.6,24.4,42.3,24.9,41.1,45.1,29.2,7.32,1,2,2,AI/ML,Machine Learning,ML Engineer
3710,38.0,45.3,40.7,47.1,34.0,30.1,40.0,26.2,43.1,48.9,48.6,33.9,40.4,22.0,24.3,33.4,25.9,39.5,28.3,43.1,34.7,38.0,37.5,20.4,41.9,36.0,14.9,7.32,4,0,1,DevOps,Data & Analytics,ML Engineer
3711,39.6,30.8,37.5,47.3,57.7,57.2,50.5,44.5,37.8,46.4,40.7,51.1,37.5,56.7,60.6,39.2,43.0,34.5,30.8,56.4,51.7,45.2,33.9,38.1,44.5,37.7,38.5,7.32,5,1,4,Data Science,Data & Analytics,ML Engineer
3712,40.3,19.0,31.7,33.3,28.7,34.2,26.3,36.1,28.6,40.2,35.5,44.4,26.6,36.0,28.3,35.6,51.1,47.4,53.2,57.8,38.5,38.9,38.1,36.7,29.9,24.6,41.6,7.32,3,0,4,Data Science,Cloud & DevOps,ML Engineer
3713,44.8,26.4,40.2,32.0,32.8,29.3,20.2,20.8,45.5,36.3,27.7,39.2,42.3,29.7,43.0,45.7,39.7,46.9,60.8,38.4,34.7,42.2,47.3,47.4,35.2,32.4,42.9,7.34,1,1,1,Cybersecurity,Cloud & DevOps,ML Engineer
3714,70.0,41.5,47.1,61.0,62.0,58.7,56.7,64.8,49.3,45.7,50.4,45.9,75.9,38.8,54.1,62.3,33.2,53.9,61.2,46.8,54.7,60.6,28.5,65.4,35.6,42.4,51.4,7.34,6,1,0,DevOps,Data & Analytics,ML Engineer
3715,28.5,23.0,11.3,30.7,16.6,26.4,28.7,16.3,12.0,25.0,29.6,19.8,19.8,23.4,28.6,38.2,34.0,24.7,29.0,24.2,10.1,12.0,21.0,25.5,25.1,26.5,24.8,7.37,6,1,2,DevOps,Cloud & DevOps,ML Engineer
3716,36.3,44.5,34.6,35.3,30.2,23.1,30.1,15.0,41.7,31.8,30.3,38.9,29.3,34.7,26.9,38.8,32.9,27.8,30.5,25.9,32.4,29.5,17.4,19.2,14.1,39.4,27.6,7.37,6,3,2,AI/ML,Full Stack,ML Engineer
3717,57.4,34.6,56.6,51.5,67.5,69.0,63.6,74.2,50.4,60.7,47.3,50.4,64.7,46.2,53.1,53.5,73.7,36.0,24.7,38.4,46.1,46.8,75.7,65.3,59.2,50.3,66.4,7.37,4,2,1,Cybersecurity,Backend,ML Engineer
3718,42.2,38.5,41.1,51.2,28.6,32.7,35.2,29.4,28.4,40.9,54.3,31.6,37.2,35.2,37.2,49.0,41.0,49.3,73.8,65.2,61.1,55.0,53.2,44.6,30.9,51.1,40.6,7.38,8,1,2,Business Analytics,Machine Learning,ML Engineer
3719,32.0,42.5,46.5,49.6,41.5,44.3,48.4,50.5,50.1,30.3,30.5,46.7,48.6,45.2,48.1,39.6,58.0,27.1,48.2,34.9,33.7,38.3,47.5,40.3,52.1,40.9,43.3,7.39,7,2,3,Mobile Development,Machine Learning,ML Engineer
3720,45.7,58.8,33.4,59.2,53.3,34.3,41.6,35.5,67.4,58.4,56.5,51.4,48.5,64.0,69.4,66.4,67.5,32.7,40.7,45.9,57.6,37.1,63.0,31.9,57.6,55.3,31.8,7.39,4,3,1,Cybersecurity,Mobile,ML Engineer
3721,46.1,18.3,49.1,41.4,34.6,25.6,48.3,46.6,27.9,30.6,49.3,43.1,35.2,21.7,39.6,28.4,28.2,49.8,39.2,44.2,39.3,36.7,22.9,40.3,20.0,30.5,33.0,7.39,6,0,4,Data Science,Machine Learning,ML Engineer
3722,37.6,49.5,38.5,32.9,30.2,34.0,29.7,30.1,35.5,43.6,62.5,41.1,43.7,47.5,52.8,50.4,52.9,30.0,29.9,36.2,33.5,20.1,34.8,28.5,31.9,31.6,33.0,7.4,3,0,4,Business Analytics,Data & Analytics,ML Engineer
3723,48.9,71.7,60.2,64.3,40.0,52.7,53.4,52.4,46.5,60.5,64.3,55.3,54.2,55.8,55.2,61.9,51.6,52.7,45.9,58.5,69.1,58.5,64.3,61.1,64.3,62.9,72.3,7.4,3,1,5,Business Analytics,Data & Analytics,ML Engineer
3724,62.7,47.5,43.6,71.6,50.0,65.8,51.5,60.0,55.1,75.5,63.8,51.7,61.9,50.9,52.7,37.6,41.5,58.2,58.2,61.7,44.2,57.9,48.2,45.9,58.6,66.9,62.7,7.4,6,0,0,AI/ML,QA & Testing,ML Engineer
3725,56.7,67.2,58.9,53.4,65.6,65.3,47.2,70.2,62.0,70.1,68.6,56.3,61.0,48.6,55.4,62.7,62.0,55.5,58.3,49.1,63.6,57.2,65.6,67.6,74.4,55.2,62.4,7.41,7,1,4,Data Science,Data & Analytics,ML Engineer
3726,34.1,38.3,34.1,38.5,44.2,52.8,43.8,56.3,40.8,41.5,58.4,31.2,42.0,62.0,48.8,57.3,46.7,36.2,33.5,24.6,34.6,35.4,30.5,55.9,29.0,36.6,44.7,7.42,2,0,1,Mobile Development,Mobile,ML Engineer
3727,44.1,63.9,46.1,37.0,47.3,40.3,58.2,61.9,45.2,37.7,34.7,33.0,51.0,50.4,37.7,48.8,51.7,50.9,55.5,42.4,43.3,55.5,44.3,67.4,37.8,48.4,59.4,7.42,7,0,3,Mobile Development,Machine Learning,ML Engineer
3728,46.4,47.7,58.8,40.9,23.2,25.0,27.1,31.8,41.9,31.5,52.3,49.6,37.9,43.6,39.3,39.3,41.2,35.8,42.2,42.3,44.2,53.7,54.6,50.0,42.4,55.5,39.8,7.42,3,1,1,Cybersecurity,QA & Testing,ML Engineer
3729,46.9,48.7,55.2,39.5,43.7,41.5,39.1,42.2,40.8,52.1,50.7,44.3,39.8,46.0,54.3,29.9,38.2,44.4,45.3,34.6,43.5,42.9,44.5,48.9,34.1,44.7,42.7,7.42,10,2,0,Cloud Computing,Mobile,ML Engineer
3730,34.9,30.0,33.6,27.4,30.7,24.9,44.1,36.0,54.6,38.4,33.3,34.8,32.9,44.2,37.9,36.8,37.6,30.7,27.3,17.9,14.0,28.9,29.6,10.9,21.7,44.6,26.1,7.43,5,0,1,Web Development,Security,ML Engineer
3731,36.3,61.5,51.5,32.5,48.7,46.8,44.8,42.8,26.4,42.6,49.6,47.9,47.2,43.3,24.2,40.3,45.5,36.6,22.9,23.9,14.9,42.6,37.8,62.6,27.6,43.0,46.6,7.43,6,1,4,Cloud Computing,Security,ML Engineer
3732,51.7,52.0,51.2,53.5,50.2,54.6,46.0,40.9,45.7,43.0,51.7,45.8,54.4,56.2,62.0,51.3,46.5,51.0,50.0,46.6,49.5,55.8,61.5,49.4,47.9,58.9,67.9,7.43,7,2,2,AI/ML,Security,ML Engineer
3733,63.5,31.1,48.5,43.0,51.0,41.1,46.5,38.8,36.7,36.6,43.9,48.5,49.0,60.5,55.6,64.5,46.3,62.5,70.6,56.9,53.1,60.3,48.3,47.5,51.2,46.0,47.0,7.43,5,0,2,AI/ML,Machine Learning,ML Engineer
3734,43.5,54.7,27.1,47.0,58.4,52.8,59.5,60.3,31.9,45.4,46.1,51.2,37.3,20.0,29.7,42.8,50.2,42.4,48.6,61.3,68.5,68.8,60.3,48.6,58.3,69.1,39.6,7.44,4,1,2,Web Development,Cloud & DevOps,ML Engineer
3735,54.1,32.6,62.0,49.7,42.3,53.5,45.7,62.4,33.0,48.2,53.7,46.2,48.7,40.1,30.5,40.7,64.0,59.8,39.0,56.5,67.4,44.0,54.7,49.8,62.6,52.7,50.4,7.44,4,1,3,Mobile Development,Frontend,ML Engineer
3736,34.0,44.4,48.2,26.4,42.8,56.8,69.2,49.6,36.0,25.1,26.9,43.8,44.2,29.3,40.4,42.1,37.9,40.9,53.1,34.9,34.3,44.8,54.6,68.5,45.5,45.1,47.4,7.46,6,2,2,Business Analytics,QA & Testing,ML Engineer
3737,48.7,64.3,59.8,60.1,46.2,47.1,52.5,46.9,63.3,59.5,74.7,59.4,60.5,81.0,72.9,64.0,89.1,61.9,68.6,43.3,36.5,55.9,34.6,68.4,46.7,54.9,69.9,7.46,7,1,4,AI/ML,Full Stack,ML Engineer
3738,45.8,50.7,41.5,64.4,25.8,15.0,31.5,32.9,44.5,53.6,61.0,51.0,41.1,52.2,53.1,52.9,46.3,33.5,42.8,66.6,56.6,40.8,42.9,49.4,43.4,51.5,50.3,7.47,3,3,4,Business Analytics,Cloud & DevOps,ML Engineer
3739,52.4,42.9,31.4,58.4,70.0,84.6,57.7,73.4,41.9,37.4,48.3,54.6,56.7,35.0,46.2,47.5,28.9,67.7,75.9,83.1,71.4,76.2,59.8,52.0,42.8,53.1,45.7,7.47,7,1,0,Data Science,Backend,ML Engineer
3740,60.5,41.0,60.3,56.9,62.2,58.6,48.9,79.7,52.9,43.2,52.5,73.4,60.8,31.2,69.3,36.4,52.9,63.2,71.2,61.0,43.3,70.2,71.4,56.1,51.9,58.5,59.6,7.47,12,1,0,Mobile Development,Business,ML Engineer
3741,62.4,44.3,40.6,44.8,71.6,46.3,46.5,58.5,56.9,56.1,49.6,37.1,53.1,43.7,34.6,32.5,40.9,57.2,62.7,23.4,30.6,48.2,32.2,26.9,33.6,45.9,54.4,7.47,7,0,2,AI/ML,Business,ML Engineer
3742,68.4,59.6,54.9,61.0,68.8,64.4,54.1,55.3,50.8,55.8,69.8,54.4,50.1,57.4,51.3,72.2,71.4,74.6,56.1,59.2,70.9,56.6,41.3,52.4,33.0,45.4,44.0,7.47,3,1,2,Data Science,QA & Testing,ML Engineer
3743,54.9,59.9,48.1,39.4,84.2,88.1,79.3,65.7,51.9,45.0,42.6,62.2,64.6,63.5,50.9,54.8,54.8,40.3,58.4,39.5,39.5,47.1,61.6,55.9,65.4,75.6,46.5,7.48,6,3,0,Cybersecurity,Mobile,ML Engineer
3744,56.7,45.6,33.5,52.4,31.5,28.4,19.9,24.4,35.9,57.3,55.9,55.2,58.3,52.4,50.5,61.5,49.3,61.8,49.9,44.6,45.8,57.1,56.9,58.7,43.7,35.3,39.0,7.49,4,1,3,Mobile Development,QA & Testing,ML Engineer
3745,56.5,57.1,57.5,42.1,49.5,41.4,50.8,61.8,52.9,46.1,50.5,59.3,54.2,59.7,62.8,50.5,65.9,67.6,74.7,34.0,27.6,56.8,43.7,41.6,50.9,40.4,61.7,7.5,7,2,3,Business Analytics,QA & Testing,ML Engineer
3746,70.4,62.0,70.0,60.2,70.3,66.8,44.9,69.0,45.2,59.3,42.2,56.8,64.7,68.8,65.9,76.9,73.2,65.4,83.5,80.8,63.3,70.5,49.4,53.7,41.3,63.0,65.6,7.5,5,1,0,Cybersecurity,Security,ML Engineer
3747,45.1,50.1,59.6,48.6,38.4,31.9,35.7,33.2,48.1,50.2,33.5,52.6,53.1,60.2,45.4,60.6,51.1,35.1,31.1,32.2,25.8,36.4,32.6,33.7,40.9,43.5,44.9,7.51,3,1,2,Mobile Development,Cloud & DevOps,ML Engineer
3748,63.7,47.2,35.7,55.6,37.8,29.4,51.5,40.9,52.6,55.1,45.8,43.5,46.4,64.9,66.0,70.1,61.7,68.1,61.7,50.1,68.0,53.5,69.9,64.1,68.2,55.6,52.7,7.51,6,3,3,Data Science,Mobile,ML Engineer
3749,52.0,53.7,57.4,59.6,35.1,41.2,53.5,55.3,53.8,49.4,42.4,40.3,54.7,29.0,35.0,33.9,34.1,48.7,75.5,64.3,54.1,69.9,60.9,62.8,65.0,63.5,72.7,7.52,4,0,3,Data Science,Machine Learning,ML Engineer
3750,57.9,56.1,51.6,51.1,62.2,55.2,63.3,58.4,47.4,60.7,49.6,59.7,51.9,49.8,56.1,48.9,56.4,51.6,64.8,50.8,39.8,43.9,47.5,47.1,65.9,60.9,41.2,7.52,8,2,2,Cloud Computing,Full Stack,ML Engineer
3751,60.4,48.2,54.6,53.8,46.2,41.9,30.7,38.5,39.1,46.7,68.4,55.5,58.1,59.0,49.5,58.9,69.5,72.4,82.2,68.4,61.3,75.2,47.7,59.4,53.4,46.1,57.9,7.52,6,1,1,DevOps,Machine Learning,ML Engineer
3752,38.4,37.5,23.4,45.5,48.9,57.8,38.4,46.6,43.5,29.0,34.8,35.2,24.7,9.7,28.5,42.9,26.6,28.8,14.5,48.4,36.6,34.5,44.6,35.9,45.6,43.7,33.1,7.53,4,0,2,Cloud Computing,Backend,ML Engineer
3753,40.2,40.2,34.6,22.9,39.4,59.0,31.6,49.7,38.5,34.0,27.8,31.0,42.7,39.3,35.2,32.0,41.5,45.3,40.1,35.3,22.4,30.9,53.9,31.9,53.8,30.8,52.4,7.53,5,3,0,DevOps,Full Stack,ML Engineer
3754,44.4,44.4,53.3,46.1,57.4,45.6,51.9,57.0,58.2,62.5,46.0,36.1,47.6,72.7,62.3,64.9,52.6,49.2,63.3,26.2,33.8,49.5,41.4,51.9,43.4,45.9,43.8,7.53,6,1,2,Data Science,Frontend,ML Engineer
3755,48.5,41.0,38.9,62.6,50.9,46.2,49.4,50.2,46.0,33.6,45.4,50.7,35.9,35.6,53.0,25.7,42.2,40.6,45.8,64.6,70.7,60.3,47.1,34.7,66.0,74.8,40.5,7.53,3,1,1,Data Science,Full Stack,ML Engineer
3756,56.8,39.1,50.0,32.5,65.5,56.0,46.4,49.7,67.2,36.4,40.1,46.4,53.7,46.6,34.1,52.7,59.6,55.2,53.8,32.8,29.2,44.6,36.6,33.1,51.4,45.8,51.3,7.53,7,1,2,Web Development,Machine Learning,ML Engineer
3757,74.5,56.1,56.7,55.2,55.7,77.1,65.6,69.7,55.9,59.2,65.9,55.8,55.7,50.8,52.4,54.4,50.9,66.0,65.7,60.8,53.2,65.2,41.1,63.8,52.6,36.0,81.0,7.53,7,1,1,Data Science,Cloud & DevOps,ML Engineer
3758,56.0,54.6,61.3,44.7,44.9,31.8,42.7,32.0,60.9,44.9,44.2,53.3,46.4,59.6,66.1,63.2,64.7,45.1,58.3,42.6,39.1,54.4,47.1,57.0,58.4,55.5,52.7,7.55,5,1,3,Cybersecurity,Cloud & DevOps,ML Engineer
3759,34.2,26.9,32.7,27.1,57.0,60.5,42.5,49.0,33.1,40.7,44.3,44.3,42.2,41.9,47.5,38.3,48.4,37.1,35.6,37.5,44.7,41.4,42.8,36.4,56.1,44.4,46.9,7.56,5,0,4,Cybersecurity,Data & Analytics,ML Engineer
3760,36.3,44.4,52.4,28.9,19.1,30.9,34.4,36.1,26.8,38.4,25.8,23.7,26.7,23.2,15.1,24.3,22.8,22.8,21.1,19.7,35.8,34.1,36.3,53.8,51.4,49.1,41.6,7.56,6,0,1,AI/ML,Machine Learning,ML Engineer
3761,51.9,71.3,66.9,74.0,56.1,80.6,60.4,57.0,75.3,63.0,82.1,68.8,65.5,53.5,47.4,51.6,59.8,59.5,47.4,49.9,48.4,57.4,35.0,54.1,55.3,52.1,55.0,7.56,15,3,2,Mobile Development,Data & Analytics,ML Engineer
3762,74.9,80.1,77.3,71.3,45.9,53.0,61.4,60.1,60.6,65.0,73.8,68.9,69.1,82.9,85.0,82.0,88.9,82.3,69.7,88.8,80.0,77.3,74.9,78.1,100.0,76.9,84.1,7.56,8,2,2,AI/ML,Security,ML Engineer
3763,53.9,67.1,69.8,60.3,56.7,48.9,52.1,60.7,60.6,52.2,55.2,62.7,62.1,44.2,59.3,58.9,51.8,51.2,71.1,49.5,48.3,45.4,43.7,56.6,58.3,54.9,52.0,7.57,8,1,3,Web Development,Backend,ML Engineer
3764,30.2,50.7,40.5,33.1,34.1,28.9,30.7,32.0,38.9,31.9,46.2,33.8,32.1,39.9,37.4,51.0,39.9,47.6,39.4,18.0,46.0,45.4,46.1,30.9,39.9,37.8,48.5,7.58,1,0,2,Data Science,Machine Learning,ML Engineer
3765,31.8,34.1,38.4,36.4,60.0,59.4,39.8,53.8,42.8,36.5,44.0,49.7,36.7,41.4,46.9,28.4,26.2,58.7,59.8,49.6,49.8,48.6,60.7,40.1,32.1,29.1,52.2,7.59,4,2,3,Business Analytics,Full Stack,ML Engineer
3766,45.5,35.0,38.1,40.7,23.8,26.3,21.5,22.8,26.0,35.2,36.0,25.4,39.2,37.3,26.7,37.9,31.8,53.0,41.6,52.9,49.9,58.3,36.6,29.1,28.4,25.3,40.3,7.59,10,0,3,Data Science,Full Stack,ML Engineer
3767,52.5,55.0,57.4,47.0,53.3,66.0,64.5,56.7,53.3,52.7,64.8,53.8,46.0,47.2,42.1,47.2,46.2,41.1,61.4,51.0,26.1,60.5,37.4,53.7,50.9,41.4,54.3,7.59,6,1,2,Business Analytics,Full Stack,ML Engineer
3768,31.1,51.7,37.6,31.1,72.0,71.0,52.4,62.0,41.1,34.6,34.2,36.9,31.2,32.1,30.2,24.9,39.1,31.6,31.8,53.3,50.7,40.6,34.4,45.9,40.8,43.8,42.4,7.6,6,1,3,Cybersecurity,QA & Testing,ML Engineer
3769,43.7,35.6,44.9,36.7,53.8,65.2,48.0,58.4,45.7,41.8,36.5,42.9,53.5,40.3,30.4,28.8,27.5,55.2,36.3,34.3,38.4,36.0,65.0,62.5,52.8,50.0,37.4,7.6,3,0,4,Business Analytics,Machine Learning,ML Engineer
3770,46.2,46.6,47.9,67.4,63.8,63.0,62.9,67.9,61.1,75.1,65.5,54.9,49.8,46.6,51.4,40.5,58.4,40.4,43.3,54.2,58.9,26.3,63.6,30.2,58.1,48.6,55.9,7.61,7,2,6,Web Development,Security,ML Engineer
3771,23.7,15.9,34.3,47.8,31.9,42.1,34.0,51.9,32.3,47.0,36.3,22.5,26.3,25.1,38.8,42.3,33.1,26.6,28.8,37.1,45.5,21.2,32.2,28.8,33.2,34.1,26.9,7.62,6,1,2,Business Analytics,Full Stack,ML Engineer
3772,53.1,44.0,67.6,38.5,30.4,27.4,40.8,33.4,48.0,34.1,46.5,38.2,36.1,58.5,49.4,51.0,49.8,44.1,60.3,38.6,30.9,58.0,55.6,50.1,53.2,37.4,56.7,7.62,6,2,5,AI/ML,Cloud & DevOps,ML Engineer
3773,55.1,56.4,57.9,45.4,28.2,52.4,45.4,38.8,51.8,39.6,50.7,54.1,54.3,51.3,44.8,36.6,42.4,64.2,60.9,42.8,39.0,62.3,41.5,56.6,33.2,31.1,53.2,7.62,3,0,1,Mobile Development,Machine Learning,ML Engineer
3774,46.8,54.1,55.7,46.9,77.8,80.3,72.0,70.3,54.2,62.1,42.1,50.5,60.2,56.0,58.7,64.2,63.2,64.8,60.9,49.8,48.3,69.7,55.1,52.5,80.8,76.4,57.4,7.63,9,3,3,Cloud Computing,Machine Learning,ML Engineer
3775,50.6,35.1,37.3,54.4,32.4,33.3,46.1,41.9,47.2,62.4,51.8,45.9,30.1,52.7,48.7,43.8,51.6,42.7,40.7,74.6,66.3,42.5,65.6,48.9,56.4,48.1,62.3,7.63,1,2,3,Data Science,Frontend,ML Engineer
3776,46.6,61.5,59.4,47.9,41.3,36.4,27.8,32.6,47.9,39.6,40.8,65.6,50.4,69.1,51.5,60.9,58.2,69.5,66.3,47.7,33.3,71.3,45.8,70.1,32.8,58.0,60.2,7.66,2,2,5,Cybersecurity,Cloud & DevOps,ML Engineer
3777,23.0,31.8,23.9,33.8,33.8,44.3,33.3,33.9,31.2,39.3,29.8,41.3,45.6,50.8,40.0,41.4,34.6,27.5,33.5,41.8,39.1,31.5,35.0,35.4,38.7,43.6,33.8,7.68,3,2,5,Cloud Computing,Frontend,ML Engineer
3778,29.4,32.8,30.7,44.0,33.2,34.4,22.5,31.7,22.2,23.2,37.8,29.4,36.1,30.2,44.6,40.9,31.8,55.8,45.8,56.1,44.2,41.1,37.5,38.5,50.2,35.6,36.8,7.68,7,1,2,Data Science,Frontend,ML Engineer
3779,39.2,39.5,30.3,52.7,53.2,43.1,31.0,39.2,25.1,46.4,42.0,32.9,43.9,40.3,50.8,43.1,33.5,60.1,60.4,59.7,65.9,62.3,30.1,39.0,28.4,53.7,51.9,7.68,3,1,3,Business Analytics,Business,ML Engineer
3780,62.1,52.6,59.6,49.8,62.3,60.0,67.9,73.0,45.4,59.7,55.5,64.4,56.9,64.9,62.3,60.1,55.1,90.9,74.0,69.9,67.6,66.4,39.1,72.0,33.1,46.0,64.2,7.68,3,3,4,Mobile Development,Cloud & DevOps,ML Engineer
3781,38.4,55.4,47.8,47.7,47.0,30.8,41.7,42.2,53.9,53.7,51.7,33.4,42.2,35.1,46.1,47.4,35.1,22.1,31.3,23.0,35.9,36.2,43.2,43.4,64.6,50.5,39.7,7.69,2,2,3,Web Development,Data & Analytics,ML Engineer
3782,44.8,47.1,47.5,33.6,47.7,38.0,52.6,30.5,47.6,30.2,20.5,38.9,35.0,33.9,43.1,23.4,41.2,32.8,33.2,16.8,34.7,37.0,58.9,20.6,39.8,65.7,16.6,7.7,3,1,1,AI/ML,Business,ML Engineer
3783,46.5,44.5,46.5,29.9,46.5,41.2,42.7,34.4,47.2,34.7,36.7,46.6,39.0,43.9,48.0,43.2,31.0,41.3,14.7,44.7,45.7,32.0,44.5,36.8,37.0,46.9,44.1,7.7,3,1,3,AI/ML,Machine Learning,ML Engineer
3784,18.5,25.0,31.9,29.4,62.3,50.2,49.4,65.6,41.6,32.2,34.3,44.1,51.4,27.3,47.3,44.9,28.9,36.5,33.1,29.2,39.7,22.8,30.5,30.3,27.1,31.7,14.9,7.72,2,1,4,Cybersecurity,Security,ML Engineer
3785,52.3,27.0,35.6,29.2,48.9,41.0,34.2,44.1,40.0,33.2,36.7,33.2,58.3,25.3,34.9,36.4,43.6,54.2,71.3,36.9,30.4,61.1,39.4,43.4,38.9,29.3,40.9,7.72,7,2,1,Cybersecurity,Business,ML Engineer
3786,56.0,36.8,52.1,47.9,60.5,57.0,55.1,61.1,30.5,48.3,40.9,54.1,54.6,55.1,62.8,52.0,58.0,52.8,48.3,50.7,55.9,44.2,42.8,50.4,39.7,53.3,50.4,7.73,4,3,6,Cloud Computing,Data & Analytics,ML Engineer
3787,64.9,60.3,50.3,58.8,24.7,31.5,42.7,32.5,66.4,51.6,67.6,67.0,57.2,53.6,45.9,43.2,48.1,49.6,47.0,54.9,60.2,56.8,50.9,51.0,63.4,55.4,70.0,7.73,3,0,4,Cybersecurity,Cloud & DevOps,ML Engineer
3788,48.9,52.2,42.5,58.0,48.0,36.0,49.7,38.3,68.1,65.7,60.5,56.5,63.9,59.6,78.2,74.6,60.8,57.0,42.0,55.3,56.4,45.4,48.2,55.3,46.5,25.9,66.4,7.74,4,3,3,Cloud Computing,Data & Analytics,ML Engineer
3789,51.3,47.8,54.5,57.1,60.9,51.7,44.8,55.8,63.0,51.9,48.2,57.1,44.1,43.5,62.1,58.9,54.5,52.5,41.8,46.3,49.3,54.4,51.4,54.2,48.4,69.3,52.2,7.74,5,1,4,DevOps,QA & Testing,ML Engineer
3790,46.3,33.6,49.2,42.6,33.3,27.2,17.5,30.2,44.5,35.8,60.3,41.7,37.7,25.5,33.9,44.3,44.5,38.2,42.1,50.9,29.6,50.0,30.0,41.9,23.7,25.9,32.2,7.75,4,0,1,DevOps,Business,ML Engineer
3791,48.0,36.3,64.2,51.3,40.9,48.4,46.2,38.5,48.2,55.2,47.1,55.9,58.5,55.9,41.9,57.9,53.4,51.5,56.3,59.5,57.1,59.5,77.1,66.8,76.7,64.0,59.7,7.75,5,3,6,Business Analytics,Machine Learning,ML Engineer
3792,31.7,43.2,19.6,27.6,45.8,46.6,38.6,37.2,35.6,33.0,28.1,25.5,42.4,26.7,28.4,21.1,16.9,31.5,36.6,41.1,35.8,40.6,29.2,21.7,35.8,25.1,35.7,7.76,8,2,0,Data Science,QA & Testing,ML Engineer
3793,42.0,33.1,40.6,40.4,34.8,34.1,26.9,45.7,26.9,48.5,28.0,42.2,35.9,44.8,62.0,45.6,41.4,61.7,58.7,60.5,56.1,51.7,59.4,50.0,66.8,51.9,47.1,7.76,8,3,4,Mobile Development,Machine Learning,ML Engineer
3794,49.9,31.1,35.5,51.7,35.0,22.1,31.3,27.5,33.9,39.1,38.5,40.2,55.4,46.7,50.4,37.3,51.1,54.4,54.7,47.2,58.6,66.6,70.0,39.4,59.5,71.7,37.6,7.76,4,2,2,Cloud Computing,Full Stack,ML Engineer
3795,34.7,37.0,36.1,50.0,38.9,29.7,36.9,32.6,36.2,46.9,40.3,32.9,39.3,28.7,35.4,33.2,27.4,37.3,44.5,47.5,55.4,38.6,26.1,50.2,36.2,32.3,46.8,7.77,4,0,1,Cloud Computing,Machine Learning,ML Engineer
3796,53.5,59.9,54.8,50.6,72.0,81.8,86.9,67.2,66.1,59.0,51.0,64.6,51.6,60.9,62.4,56.4,55.3,48.5,51.5,46.3,37.6,40.3,40.4,40.9,31.3,41.0,49.3,7.78,2,2,2,AI/ML,QA & Testing,ML Engineer
3797,61.4,70.1,75.7,71.6,59.1,54.1,61.0,39.9,65.9,61.9,67.4,55.2,54.0,55.2,57.7,59.0,59.9,51.6,56.8,59.6,58.9,70.1,66.3,64.3,70.1,91.9,50.4,7.78,2,1,4,Cloud Computing,Full Stack,ML Engineer
3798,45.7,50.6,55.4,62.6,62.4,62.1,75.1,62.3,43.3,61.4,58.0,65.3,50.0,39.5,60.9,49.5,46.6,72.6,55.6,61.8,73.8,62.4,73.1,61.0,52.4,68.7,50.2,7.79,2,3,3,Web Development,Business,ML Engineer
3799,51.0,35.3,54.9,43.7,61.4,55.6,55.8,57.8,50.5,44.6,38.3,48.4,38.3,48.0,42.6,46.9,36.9,35.4,34.0,21.5,39.1,28.8,60.3,52.3,74.3,50.2,49.6,7.79,6,1,1,AI/ML,QA & Testing,ML Engineer
3800,33.5,29.7,47.9,36.1,30.0,42.4,29.5,37.6,52.6,56.7,50.1,47.3,30.4,41.4,25.4,46.0,55.0,32.8,39.6,21.4,23.3,34.4,28.9,32.5,21.0,45.2,25.6,7.8,3,1,1,Data Science,Cloud & DevOps,ML Engineer
3801,25.5,23.1,52.8,33.5,57.1,61.9,51.1,62.8,56.3,32.5,34.6,54.8,38.0,37.4,42.2,38.1,36.7,34.5,42.3,39.2,41.9,46.3,73.2,50.0,72.3,53.4,37.3,7.81,5,3,3,Data Science,Cloud & DevOps,ML Engineer
3802,53.1,62.8,56.2,50.7,53.9,31.7,43.0,35.2,58.4,47.7,43.9,46.5,55.0,28.4,33.3,44.7,41.8,40.9,37.9,29.4,46.2,47.5,55.7,47.3,52.9,45.6,57.5,7.81,4,2,3,Mobile Development,Frontend,ML Engineer
3803,66.1,57.1,59.2,72.3,78.2,64.6,42.2,63.3,65.5,54.3,62.1,57.4,52.2,58.8,54.7,55.2,68.5,58.0,64.6,59.1,61.9,57.7,38.3,59.6,48.1,47.4,54.4,7.81,2,0,3,AI/ML,Frontend,ML Engineer
3804,72.1,47.6,55.9,60.6,48.9,57.7,65.9,58.2,39.2,54.8,60.0,53.5,46.5,45.4,59.1,55.1,49.5,59.0,52.1,49.1,55.7,68.0,52.3,78.7,55.2,44.4,72.1,7.81,3,1,3,Mobile Development,Machine Learning,ML Engineer
3805,42.7,36.8,21.6,59.4,63.8,75.0,62.5,67.9,36.5,49.3,44.8,46.6,49.8,66.1,61.9,55.6,58.0,45.8,51.0,81.9,48.4,49.6,36.4,48.3,34.0,47.8,37.1,7.82,9,2,1,Cloud Computing,QA & Testing,ML Engineer
3806,49.9,41.3,39.9,33.4,43.6,45.5,47.5,41.6,36.0,47.8,36.2,48.6,50.0,34.7,45.2,43.0,66.9,68.0,63.0,35.2,39.5,47.6,67.6,45.1,69.9,67.0,39.8,7.82,2,3,2,Cloud Computing,Cloud & DevOps,ML Engineer
3807,28.5,35.4,42.1,23.3,33.3,44.9,35.6,39.3,31.1,29.0,12.5,39.5,37.5,41.0,33.7,43.3,35.0,27.8,21.8,33.3,28.2,24.3,55.4,36.0,45.4,47.3,29.1,7.86,2,1,6,DevOps,Full Stack,ML Engineer
3808,38.5,54.0,24.1,38.6,29.0,43.2,16.7,12.3,32.4,30.9,19.4,35.0,36.6,21.8,27.2,45.6,38.0,48.1,39.6,18.2,22.4,48.2,52.0,46.8,52.0,44.6,39.4,7.86,5,0,1,AI/ML,Security,ML Engineer
3809,53.2,43.9,50.6,53.0,51.7,61.1,70.8,68.7,61.6,42.4,61.2,45.4,38.2,52.3,53.6,54.1,44.5,33.8,26.9,32.0,25.5,32.6,35.7,49.1,30.2,44.3,31.4,7.86,1,3,3,Web Development,Full Stack,ML Engineer
3810,59.2,61.1,68.0,47.7,41.1,30.1,47.6,38.1,58.8,65.5,58.0,59.4,58.1,48.0,67.4,55.2,65.4,48.0,56.6,39.3,38.4,49.4,26.4,54.2,38.3,41.8,47.6,7.86,6,0,4,DevOps,QA & Testing,ML Engineer
3811,44.5,59.4,73.9,59.7,63.2,49.4,61.8,57.5,63.4,40.7,64.5,46.3,35.0,57.4,48.1,48.8,65.6,52.0,38.3,54.3,51.7,43.5,63.3,54.1,68.2,66.6,59.4,7.87,5,1,1,Mobile Development,QA & Testing,ML Engineer
3812,45.7,55.3,34.1,59.6,59.2,73.8,60.0,58.3,55.3,57.4,68.6,50.0,42.4,57.2,66.2,61.3,41.1,44.3,41.4,63.1,62.9,44.1,31.4,50.4,25.4,35.5,35.3,7.91,7,1,10,Web Development,Data & Analytics,ML Engineer
3813,55.6,40.5,34.1,44.9,42.0,23.4,31.8,35.3,34.6,28.4,45.7,37.0,47.2,37.2,30.3,35.3,33.8,28.5,38.5,36.6,41.3,29.6,51.4,41.7,36.0,54.0,40.5,7.91,0,1,1,Web Development,QA & Testing,ML Engineer
3814,38.6,68.6,54.7,39.8,40.2,39.3,32.5,23.9,34.3,39.3,46.6,33.9,41.3,47.5,51.2,52.4,51.4,49.8,41.2,44.8,38.5,34.6,32.1,50.8,46.8,50.7,51.0,7.92,5,2,1,Web Development,Security,ML Engineer
3815,50.0,57.9,49.8,60.2,47.3,42.2,36.4,41.2,38.3,60.6,58.8,47.2,46.7,59.2,66.7,59.8,55.0,73.2,68.9,70.1,62.0,66.5,55.0,64.2,61.3,66.3,51.4,7.92,5,1,2,Mobile Development,Mobile,ML Engineer
3816,68.5,63.2,56.2,66.7,59.6,57.1,60.7,71.3,49.0,59.6,56.3,64.6,58.0,64.9,58.4,56.2,48.0,58.9,51.7,76.5,77.3,67.1,82.0,57.6,73.4,55.4,62.7,7.92,7,0,7,Business Analytics,Business,ML Engineer
3817,41.4,59.3,38.8,50.9,71.5,53.0,59.6,53.9,49.7,42.9,48.2,41.1,42.2,44.6,32.3,43.7,29.8,28.7,39.1,40.6,32.5,45.9,58.2,69.8,40.8,43.9,45.3,7.94,7,1,0,Mobile Development,QA & Testing,ML Engineer
3818,48.3,43.1,40.7,40.3,26.7,41.6,33.5,22.9,33.9,30.5,57.4,38.9,48.3,47.5,33.2,39.9,49.0,56.6,58.6,53.8,69.4,55.6,63.5,56.3,66.7,59.1,56.5,7.94,9,1,4,Mobile Development,Data & Analytics,ML Engineer
3819,60.5,34.0,39.3,36.5,28.7,32.6,38.3,37.9,34.1,28.9,34.3,37.0,47.7,36.3,34.9,43.4,30.0,45.9,57.1,50.4,54.1,49.8,35.8,48.7,46.6,29.9,36.6,7.95,5,0,2,AI/ML,Cloud & DevOps,ML Engineer
3820,62.9,57.9,39.5,65.9,74.5,75.7,70.6,57.3,68.8,70.8,64.0,65.4,52.9,66.7,51.5,46.9,45.6,56.9,53.1,65.4,51.0,46.3,57.7,53.2,49.2,61.2,65.6,7.95,4,1,2,Cybersecurity,Full Stack,ML Engineer
3821,54.3,49.3,56.5,42.3,38.7,29.4,57.2,26.9,64.0,39.3,55.7,53.9,39.8,58.2,50.6,54.1,53.8,48.5,49.1,46.8,40.4,43.4,62.7,55.7,46.6,42.5,31.9,7.96,6,1,6,Data Science,Machine Learning,ML Engineer
3822,52.1,50.2,44.4,36.2,62.1,57.8,52.9,58.2,54.1,41.2,57.5,40.7,59.4,48.3,62.0,59.9,43.3,22.9,26.4,32.4,33.2,42.3,68.4,59.1,66.1,61.6,58.0,7.98,6,2,3,Business Analytics,Frontend,ML Engineer
3823,41.4,35.2,29.8,15.6,47.3,35.5,48.4,49.5,30.8,17.2,25.7,38.6,40.0,37.2,53.2,35.5,26.2,35.2,33.4,35.5,34.8,30.7,30.4,40.0,31.9,29.2,43.9,8.0,5,0,1,Web Development,Cloud & DevOps,ML Engineer
3824,81.0,73.1,82.9,74.6,55.7,67.1,62.8,56.6,68.8,71.6,65.4,67.5,60.4,53.7,64.6,72.3,66.0,88.3,78.5,73.7,73.2,87.0,64.5,73.9,67.2,67.0,76.2,8.0,12,2,4,Data Science,Business,ML Engineer
3825,46.1,48.4,26.0,50.9,65.7,63.3,54.3,47.8,46.5,59.6,50.9,52.5,47.2,54.6,57.4,57.1,53.8,48.9,37.2,65.0,57.1,46.0,45.5,30.3,65.9,63.6,34.8,8.02,6,3,3,Business Analytics,Data & Analytics,ML Engineer
3826,49.4,57.3,54.8,51.1,53.5,62.1,47.0,57.8,55.4,60.6,46.0,55.2,54.4,62.0,69.1,59.4,55.2,40.3,54.9,45.5,53.2,53.4,59.3,63.8,46.5,61.7,54.6,8.03,7,1,3,Data Science,Business,ML Engineer
3827,60.7,53.6,50.7,70.0,83.8,70.2,69.8,82.4,54.1,59.6,73.8,60.9,55.5,45.5,54.6,50.5,60.0,53.7,61.8,77.6,74.5,59.2,76.7,61.3,66.6,60.4,64.2,8.03,10,2,6,Mobile Development,Data & Analytics,ML Engineer
3828,61.4,76.5,75.7,58.8,51.1,43.1,59.5,49.1,59.5,63.0,60.9,57.9,59.6,60.5,56.9,53.0,46.8,36.8,43.1,57.4,67.0,57.9,61.5,75.6,73.0,58.1,61.7,8.03,7,1,2,Mobile Development,QA & Testing,ML Engineer
3829,57.3,34.2,42.8,51.2,32.6,30.4,23.8,14.4,52.7,44.6,59.0,35.7,39.7,28.3,29.4,35.1,39.2,59.0,56.5,64.7,61.9,56.8,41.8,49.5,56.3,53.0,44.5,8.05,2,3,4,Web Development,Machine Learning,ML Engineer
3830,35.0,39.2,38.5,53.7,31.6,15.9,23.3,12.4,40.4,60.1,47.2,30.9,26.0,34.4,32.6,31.4,40.5,29.2,21.4,48.8,53.6,36.6,47.8,33.0,32.7,35.8,41.0,8.06,8,1,3,Business Analytics,Data & Analytics,ML Engineer
3831,36.9,46.5,48.3,28.1,38.2,41.3,38.8,37.6,46.3,33.9,38.9,33.2,55.2,40.2,37.1,45.0,51.1,34.3,29.1,28.6,14.8,34.8,51.4,39.0,21.3,42.6,53.8,8.06,3,1,0,AI/ML,Backend,ML Engineer
3832,19.3,37.5,27.3,48.2,43.9,55.1,53.2,47.6,39.9,31.3,47.4,54.0,49.4,37.4,39.2,52.7,26.2,34.6,22.9,47.6,54.5,39.4,36.0,43.4,44.2,46.7,40.2,8.07,1,1,0,Data Science,Cloud & DevOps,ML Engineer
3833,50.6,64.2,58.9,40.4,53.4,61.1,44.9,66.1,42.1,36.5,46.8,50.2,49.8,48.9,46.8,49.4,42.8,60.3,65.7,56.0,66.0,69.9,71.1,39.2,79.6,74.7,64.9,8.09,6,2,1,Cybersecurity,Backend,ML Engineer
3834,48.5,47.4,37.2,48.1,31.8,48.9,38.7,48.4,38.4,59.8,59.6,56.4,39.4,55.0,42.6,36.5,58.1,65.0,58.1,56.5,62.0,61.2,54.1,65.7,61.1,48.2,52.9,8.1,2,2,0,Business Analytics,Data & Analytics,ML Engineer
3835,67.4,53.8,46.9,71.0,62.8,78.2,67.8,68.2,68.2,50.3,70.6,70.1,58.0,56.0,77.5,71.3,65.6,75.1,55.3,74.3,59.8,68.7,63.4,55.8,73.6,66.6,61.8,8.1,2,0,9,DevOps,Machine Learning,ML Engineer
3836,54.1,68.0,50.3,67.3,62.9,58.2,70.3,54.7,57.2,79.6,63.3,47.8,52.3,69.3,63.0,50.9,57.9,51.3,51.8,64.4,66.7,45.8,49.3,49.5,39.9,38.5,64.4,8.11,7,1,2,Cybersecurity,Cloud & DevOps,ML Engineer
3837,50.0,54.1,35.7,45.4,34.7,37.5,34.4,49.9,33.5,49.3,57.5,36.0,40.0,35.7,41.2,41.2,23.2,47.6,62.1,66.1,67.5,54.3,42.2,38.5,46.9,36.2,41.1,8.12,1,1,1,Business Analytics,Full Stack,ML Engineer
3838,66.3,58.8,64.2,63.6,51.0,41.4,54.0,60.4,56.8,34.0,50.9,57.4,48.4,47.6,60.4,58.6,45.7,60.4,68.4,67.8,72.9,83.2,53.3,62.8,46.9,70.8,51.1,8.13,8,1,1,AI/ML,Data & Analytics,ML Engineer
3839,78.3,78.7,51.6,60.3,79.0,71.6,74.7,76.0,62.3,58.5,61.2,66.8,60.9,58.8,63.8,71.7,58.6,65.6,49.6,49.6,45.4,56.6,53.0,78.6,46.3,76.7,61.0,8.13,8,2,6,Mobile Development,Data & Analytics,ML Engineer
3840,48.2,59.6,50.2,51.1,54.9,49.7,44.6,55.4,53.5,67.9,49.5,48.5,53.9,50.1,60.0,62.1,48.5,28.9,38.8,37.5,48.7,43.2,35.1,64.3,37.8,39.0,45.1,8.14,8,0,3,AI/ML,Data & Analytics,ML Engineer
3841,54.2,44.2,54.1,70.0,60.1,65.1,58.6,69.1,49.5,65.6,61.2,59.9,59.7,67.2,68.2,55.6,61.6,55.7,37.6,61.0,77.5,61.5,72.2,56.1,89.1,66.1,37.9,8.15,4,2,4,Data Science,Mobile,ML Engineer
3842,38.8,44.7,44.0,37.5,33.0,34.1,39.6,17.3,44.5,31.9,41.6,57.6,37.7,51.8,57.6,38.6,30.9,41.3,37.8,42.8,56.4,38.3,58.8,62.9,43.9,51.0,65.6,8.21,5,1,3,Mobile Development,Business,ML Engineer
3843,48.3,50.3,38.7,54.0,77.4,60.4,59.1,61.8,61.2,60.9,39.0,50.9,55.6,59.1,53.2,59.7,47.4,56.4,52.3,48.7,50.4,53.3,37.3,46.4,51.4,63.2,62.7,8.21,10,1,2,Mobile Development,Machine Learning,ML Engineer
3844,56.4,76.5,81.6,59.5,67.1,52.7,51.6,59.9,66.6,64.8,65.2,68.0,67.8,40.4,44.9,58.7,54.6,62.5,63.9,53.5,47.2,62.8,59.5,69.4,54.9,59.8,65.5,8.21,10,2,2,Data Science,Data & Analytics,ML Engineer
3845,48.5,42.4,18.2,30.8,27.3,23.8,40.9,36.6,34.1,38.7,42.6,17.7,38.6,41.7,43.5,27.1,32.4,43.4,64.0,41.3,38.2,49.2,28.5,44.3,51.4,26.0,43.6,8.22,7,1,3,AI/ML,Machine Learning,ML Engineer
3846,49.9,58.8,70.6,23.9,50.4,56.1,62.6,60.6,46.4,39.9,28.7,53.1,50.3,27.6,44.2,45.2,44.5,54.0,57.0,41.7,43.6,52.8,54.0,44.1,60.0,44.2,58.6,8.23,4,2,2,Mobile Development,Machine Learning,ML Engineer
3847,66.5,73.9,80.2,57.4,74.3,37.0,52.5,54.4,68.9,62.2,59.1,76.1,56.4,52.4,71.3,67.2,70.7,59.9,49.6,49.8,36.7,59.3,52.2,71.7,44.2,56.2,53.0,8.23,2,1,4,Business Analytics,Mobile,ML Engineer
3848,59.7,61.6,56.6,61.6,63.8,70.6,43.0,68.8,56.9,55.9,54.9,62.5,53.7,57.3,45.6,47.4,46.2,63.1,50.4,71.0,63.2,64.0,56.8,52.4,85.4,65.9,68.4,8.26,6,0,1,Mobile Development,Business,ML Engineer
3849,39.0,46.2,56.0,43.6,59.3,51.4,61.3,72.1,29.3,46.7,51.4,54.7,55.5,61.0,64.1,50.9,37.9,51.3,53.7,47.2,58.1,49.3,60.9,43.8,63.6,36.3,39.5,8.28,2,2,3,AI/ML,Mobile,ML Engineer
3850,47.6,35.6,38.2,36.9,40.9,39.8,48.5,47.3,36.6,25.7,33.3,33.6,40.7,37.5,39.5,39.6,47.6,48.7,41.2,36.3,49.5,55.6,39.5,35.7,57.5,42.6,50.0,8.29,3,2,3,Mobile Development,QA & Testing,ML Engineer
3851,60.9,64.2,53.7,49.5,66.2,51.2,66.1,52.3,49.8,50.2,54.9,49.4,56.1,72.5,58.8,65.2,60.3,41.7,31.6,59.8,68.4,49.8,65.4,57.8,43.2,39.4,37.9,8.3,3,3,4,Cloud Computing,Data & Analytics,ML Engineer
3852,38.4,40.1,44.7,45.7,39.9,32.6,33.7,49.2,47.3,42.8,45.3,47.2,32.4,53.3,64.0,55.5,46.6,58.4,52.5,51.3,51.6,49.2,62.9,50.4,73.6,48.7,42.9,8.31,2,1,4,AI/ML,Machine Learning,ML Engineer
3853,73.9,61.3,54.8,73.6,75.1,81.2,72.6,75.1,47.8,59.5,58.8,56.8,57.8,35.9,52.4,35.5,50.3,69.7,78.6,94.3,72.1,78.3,84.2,70.2,74.3,80.7,67.0,8.31,5,2,2,DevOps,Backend,ML Engineer
3854,52.3,35.0,46.3,44.1,6.7,14.4,16.3,28.1,7.2,31.9,52.1,36.3,42.1,28.2,28.5,46.7,38.8,61.9,55.8,59.4,48.8,69.5,58.0,45.9,27.2,10.6,29.5,8.33,6,0,3,Data Science,Mobile,ML Engineer
3855,47.0,65.4,69.7,58.0,51.8,66.9,57.8,52.7,50.5,53.2,42.6,44.9,47.8,51.9,37.6,49.4,51.4,72.2,60.7,58.2,55.5,66.8,59.5,53.8,61.0,50.7,60.5,8.36,5,3,2,Data Science,QA & Testing,ML Engineer
3856,78.0,67.5,77.9,55.4,60.4,52.4,65.2,50.8,53.8,52.9,55.6,73.9,64.0,74.6,66.8,75.4,67.0,78.6,80.7,66.9,74.4,89.8,54.2,75.9,49.8,50.5,78.1,8.37,7,3,0,Mobile Development,Security,ML Engineer
3857,52.9,60.5,62.4,47.6,46.4,39.7,45.9,40.6,41.9,40.1,60.7,66.0,38.6,67.6,56.1,80.9,57.8,45.2,41.1,41.8,46.3,34.7,62.9,48.9,35.2,47.1,52.7,8.38,7,1,4,Web Development,Frontend,ML Engineer
3858,38.6,42.9,25.3,51.7,53.2,56.1,54.6,49.0,38.9,35.1,40.9,40.3,45.3,52.6,50.2,45.5,46.0,31.9,36.5,57.5,64.5,38.3,42.1,35.5,44.6,40.2,38.3,8.39,8,1,1,Data Science,Business,ML Engineer
3859,55.2,51.2,41.2,32.5,36.4,30.4,40.2,20.0,42.8,32.2,33.4,55.3,36.3,57.5,61.1,56.2,43.6,45.2,35.0,24.3,24.6,33.3,21.9,45.9,24.8,40.2,48.8,8.39,4,0,4,Mobile Development,Cloud & DevOps,ML Engineer
3860,53.4,60.9,52.1,76.6,36.6,50.6,65.3,54.2,50.1,55.9,61.4,51.9,66.3,61.2,60.8,60.5,62.3,68.4,61.6,81.8,50.7,48.9,52.2,45.9,56.0,59.1,57.9,8.41,6,3,1,Web Development,Business,ML Engineer
3861,63.5,50.0,45.0,30.0,26.9,45.7,39.3,29.6,37.3,50.0,43.7,40.7,31.8,43.9,49.4,49.1,40.2,51.2,58.9,53.0,43.5,62.8,63.9,41.0,54.6,37.5,37.1,8.42,7,3,4,Business Analytics,Full Stack,ML Engineer
3862,38.9,55.9,51.5,45.6,45.4,60.4,46.9,61.3,53.0,44.5,53.1,49.2,42.8,32.1,48.9,37.1,31.2,44.4,45.1,49.1,39.3,49.2,35.9,41.6,47.9,42.3,61.9,8.43,5,0,1,AI/ML,Cloud & DevOps,ML Engineer
3863,67.8,72.6,60.6,68.1,62.2,55.6,63.8,64.9,70.6,68.6,61.0,65.0,76.1,80.0,76.2,84.6,73.6,61.7,69.4,67.2,71.6,63.9,49.7,60.4,53.1,53.4,56.4,8.43,5,1,5,Mobile Development,QA & Testing,ML Engineer
3864,32.1,46.9,32.1,41.7,63.1,54.6,47.9,48.9,41.7,33.6,38.9,42.9,38.7,27.3,44.4,50.1,49.1,52.7,38.2,49.3,48.6,57.5,50.3,45.2,53.1,62.9,45.3,8.45,4,2,1,Mobile Development,Cloud & DevOps,ML Engineer
3865,45.9,70.8,56.0,66.9,38.3,30.3,55.3,32.2,55.7,64.9,55.5,46.9,42.6,44.7,36.3,37.5,32.4,46.7,28.7,78.2,68.7,57.1,52.7,54.4,39.9,57.1,43.2,8.5,6,3,2,Cybersecurity,Cloud & DevOps,ML Engineer
3866,52.3,44.8,34.0,50.4,28.4,28.6,36.8,40.6,45.2,41.5,50.9,46.0,54.8,50.9,47.6,57.0,33.6,48.4,48.6,39.7,30.9,55.7,31.5,32.7,22.1,38.5,52.2,8.5,6,1,0,AI/ML,Business,ML Engineer
3867,53.5,53.9,58.2,56.8,64.6,74.9,47.1,66.4,58.8,55.0,62.9,58.2,54.3,57.9,57.3,51.2,57.3,51.0,69.2,47.0,45.9,63.2,68.0,56.0,56.3,60.0,52.5,8.51,8,3,6,DevOps,Full Stack,ML Engineer
3868,63.7,45.8,42.3,55.3,45.1,57.9,53.6,48.7,74.9,53.2,44.5,64.7,43.2,62.6,52.2,45.6,43.3,59.1,71.4,77.5,71.1,70.0,68.7,53.5,58.2,56.3,65.4,8.55,9,2,3,Mobile Development,Machine Learning,ML Engineer
3869,26.6,40.9,35.3,41.4,56.2,77.9,39.4,70.3,37.1,36.2,38.2,38.9,32.0,38.2,44.7,18.2,39.7,40.9,37.7,60.7,40.6,51.9,46.6,38.8,34.4,33.0,38.8,8.56,1,1,0,Data Science,Machine Learning,ML Engineer
3870,56.8,53.8,56.3,58.4,62.6,49.9,70.8,60.7,59.1,57.7,37.8,50.6,61.1,45.8,50.4,54.6,55.8,58.2,68.1,62.2,63.2,64.2,54.9,66.1,49.9,65.5,53.3,8.56,6,0,1,Data Science,Machine Learning,ML Engineer
3871,54.8,68.8,58.3,62.8,62.3,56.8,56.9,57.7,62.9,64.4,56.3,71.0,74.3,65.0,75.4,79.6,63.8,29.6,50.3,50.7,45.8,45.5,40.0,85.1,35.7,49.2,69.8,8.58,9,2,4,Web Development,Cloud & DevOps,ML Engineer
3872,69.1,57.3,55.2,86.7,65.3,67.0,60.1,49.7,61.6,70.3,74.7,50.9,52.5,42.8,38.0,64.3,53.8,71.7,68.7,66.7,84.5,78.3,68.0,69.5,83.5,63.3,53.1,8.61,6,2,6,Cloud Computing,Mobile,ML Engineer
3873,59.3,71.6,72.5,68.0,41.0,43.5,52.4,44.4,61.0,59.9,80.1,66.9,62.7,71.8,67.4,80.0,72.0,44.1,45.1,58.4,69.4,65.3,68.2,60.7,45.9,51.8,69.1,8.63,4,3,4,AI/ML,Frontend,ML Engineer
3874,51.1,52.6,40.3,59.9,36.1,29.9,30.5,36.2,50.5,56.3,64.2,48.3,42.4,75.1,59.5,65.7,63.0,48.8,54.3,55.5,49.5,46.5,56.7,34.7,47.6,52.9,41.5,8.65,3,0,2,Cloud Computing,Cloud & DevOps,ML Engineer
3875,83.0,69.9,88.4,59.9,79.9,97.9,73.8,84.2,61.6,72.1,67.7,81.7,75.7,76.1,91.1,80.9,76.5,84.0,77.4,74.7,62.6,83.2,77.9,92.3,64.2,73.3,83.0,8.67,4,2,4,Data Science,Full Stack,ML Engineer
3876,45.9,76.1,55.1,49.1,47.5,33.7,50.5,48.6,70.5,47.2,64.9,67.5,52.9,60.4,71.2,52.6,54.3,39.6,47.1,51.0,58.3,44.8,50.0,56.2,52.5,55.3,58.4,8.68,7,1,5,Cybersecurity,QA & Testing,ML Engineer
3877,45.0,39.8,49.3,44.4,56.5,60.4,56.3,64.7,51.6,40.5,40.0,41.4,51.0,49.3,51.0,50.1,50.5,41.9,63.2,39.6,54.2,49.2,74.6,49.6,62.6,63.2,65.1,8.69,4,1,1,Web Development,Data & Analytics,ML Engineer
3878,43.6,45.4,32.2,47.2,54.0,46.6,62.5,45.2,54.3,57.7,52.1,57.8,60.7,62.5,58.5,52.1,60.7,34.9,35.0,40.5,42.3,31.9,43.5,34.8,38.7,39.0,25.4,8.7,3,1,1,Data Science,Cloud & DevOps,ML Engineer
3879,53.2,52.4,55.4,58.9,47.5,51.5,43.3,54.6,53.6,57.1,49.3,51.7,39.3,64.7,67.0,67.6,53.2,32.5,44.8,59.2,66.4,35.8,55.3,25.7,61.8,58.8,56.6,8.71,8,2,4,Cybersecurity,Backend,ML Engineer
3880,70.3,50.7,52.3,66.3,62.4,68.3,57.1,56.6,59.4,64.4,60.3,55.9,66.9,52.1,52.0,56.7,53.9,84.6,90.0,78.1,71.1,78.6,51.1,69.6,55.0,52.5,67.9,8.72,3,2,2,Data Science,Security,ML Engineer
3881,48.2,42.9,42.8,39.1,43.5,32.9,36.6,27.3,34.2,27.8,43.1,48.8,34.4,45.0,45.6,36.8,50.3,34.3,36.0,52.9,43.1,45.0,50.0,38.4,30.4,33.4,50.9,8.74,6,1,2,Cloud Computing,Mobile,ML Engineer
3882,52.5,60.8,56.5,50.2,67.0,69.2,73.1,71.1,60.6,60.6,56.0,55.9,66.7,66.4,55.2,61.7,64.9,40.1,43.7,37.0,50.2,42.3,55.4,63.0,55.6,59.4,62.0,8.79,4,1,2,Mobile Development,Data & Analytics,ML Engineer
3883,57.6,41.0,32.7,60.9,64.1,59.8,50.6,63.9,69.0,53.7,54.7,57.7,62.0,59.0,54.9,57.0,43.1,68.1,59.8,52.4,40.3,52.4,63.4,41.4,73.9,62.9,57.1,8.94,7,2,2,Data Science,Security,ML Engineer
3884,72.1,74.4,78.5,57.9,75.8,72.5,76.5,76.0,72.5,92.4,69.5,75.4,94.9,80.3,77.2,79.3,81.7,63.8,62.6,50.5,46.3,55.1,53.6,48.8,55.4,60.0,76.2,8.95,5,2,6,Cloud Computing,Data & Analytics,ML Engineer
3885,56.1,46.9,50.1,29.5,33.3,52.7,54.4,51.8,34.7,51.4,50.0,41.4,57.4,49.3,60.3,57.6,46.7,54.5,59.9,43.8,57.0,47.5,64.7,46.9,69.1,60.4,63.1,8.96,4,1,2,Mobile Development,Backend,ML Engineer
3886,49.2,39.5,30.7,51.5,65.9,80.4,55.3,64.8,52.8,50.9,50.1,51.5,56.3,57.2,31.7,46.0,47.7,59.2,60.0,55.9,59.3,47.7,73.7,47.7,72.4,62.6,56.6,8.99,4,0,3,Web Development,Mobile,ML Engineer
3887,45.8,57.2,41.2,60.2,64.0,59.5,58.0,72.4,52.2,59.7,59.7,37.6,52.7,47.5,42.5,46.6,52.7,43.2,43.5,65.2,64.8,57.9,64.9,47.0,65.8,73.2,50.0,9.04,3,1,2,Data Science,QA & Testing,ML Engineer
3888,61.8,75.1,64.0,78.7,68.8,82.3,69.0,70.6,64.0,63.9,80.8,69.4,81.0,77.3,87.1,65.5,59.7,71.4,64.8,77.9,72.2,82.2,49.0,73.4,52.2,67.4,66.2,9.04,6,3,3,Data Science,Mobile,ML Engineer
3889,72.8,70.6,60.8,75.6,59.5,65.9,59.5,67.5,83.0,86.9,75.1,72.9,58.8,70.8,82.5,84.7,89.5,64.8,61.0,85.2,81.2,76.1,67.7,75.1,59.9,52.7,62.8,9.09,6,3,3,AI/ML,Mobile,ML Engineer
3890,73.6,57.1,76.6,59.8,69.8,56.3,53.5,59.5,56.5,61.4,69.3,63.7,80.5,79.9,70.7,58.2,69.1,78.3,90.6,63.6,60.6,85.5,81.7,68.7,48.3,59.5,79.9,9.1,5,1,4,AI/ML,Frontend,ML Engineer
3891,64.1,71.3,79.2,77.7,38.7,33.7,49.6,35.1,62.5,73.3,67.1,64.9,52.3,48.0,53.3,56.4,60.7,55.5,57.2,69.6,79.2,60.0,54.7,93.6,68.2,50.8,76.8,9.47,9,3,2,Mobile Development,Machine Learning,ML Engineer
3892,37.6,53.9,50.8,46.1,24.0,31.9,35.6,31.0,44.4,40.4,57.5,36.2,46.7,37.4,44.5,61.4,39.0,49.4,37.8,40.0,41.6,57.5,64.1,40.0,47.3,40.2,59.9,5.5,5,2,1,Business Analytics,Security,Mobile App Developer
3893,45.5,43.3,49.8,40.6,40.5,42.1,42.9,45.1,57.0,55.4,51.3,38.6,36.0,44.2,45.6,43.1,53.5,34.6,32.1,40.2,37.0,30.8,31.6,42.7,35.1,36.2,33.2,5.5,5,0,2,DevOps,Cloud & DevOps,Mobile App Developer
3894,40.7,25.1,38.2,33.9,30.7,37.7,10.6,26.9,42.2,37.3,22.6,33.5,40.8,32.3,39.2,36.6,37.4,29.9,29.5,32.2,15.7,30.3,34.0,32.7,40.4,33.3,31.0,5.71,3,0,1,Web Development,Frontend,Mobile App Developer
3895,36.0,33.1,39.0,48.5,29.1,37.7,40.2,50.1,30.2,51.6,40.9,26.7,37.3,32.3,26.6,34.5,37.2,41.4,35.2,36.2,51.3,48.0,12.0,39.1,12.4,32.0,46.4,5.72,4,1,2,AI/ML,Cloud & DevOps,Mobile App Developer
3896,10.3,39.7,31.0,20.1,22.4,32.4,36.3,39.3,33.4,41.6,33.9,25.6,25.2,44.1,30.7,29.5,41.1,29.4,23.4,25.1,17.1,11.7,28.1,38.1,33.1,43.7,29.6,5.84,1,1,1,Data Science,QA & Testing,Mobile App Developer
3897,40.4,54.2,40.1,22.6,46.0,51.1,53.7,50.4,61.5,42.8,38.7,41.9,44.4,32.2,27.8,30.5,40.6,25.3,33.5,33.1,35.9,34.3,47.7,36.4,44.5,27.6,41.7,5.85,5,1,0,Cloud Computing,Frontend,Mobile App Developer
3898,24.8,39.1,47.5,29.1,29.8,29.4,18.5,20.5,37.1,23.5,33.8,31.8,22.8,19.7,33.6,36.0,38.5,18.8,21.0,31.3,20.5,35.4,13.6,24.5,11.2,30.6,23.2,5.87,2,1,1,Cloud Computing,Mobile,Mobile App Developer
3899,42.7,43.4,43.6,51.8,39.7,52.7,52.9,54.9,51.4,52.4,62.6,42.9,41.9,44.7,39.6,49.6,34.7,54.7,39.5,52.5,56.7,40.1,42.5,41.0,27.6,43.3,44.7,5.92,5,0,2,Business Analytics,Full Stack,Mobile App Developer
3900,35.3,40.0,42.0,32.4,53.6,65.0,59.8,65.0,56.2,51.2,44.3,43.8,51.4,53.1,42.7,46.9,37.9,28.0,23.3,50.6,48.6,37.5,59.3,32.6,61.1,53.6,34.8,5.94,9,2,4,Mobile Development,Frontend,Mobile App Developer
3901,39.0,43.2,37.1,41.4,48.1,60.0,56.4,44.0,31.5,43.6,25.2,43.4,38.8,45.7,49.6,32.8,55.0,34.2,39.6,47.4,41.0,32.1,52.4,41.6,63.3,64.4,43.9,5.94,5,0,3,Cybersecurity,QA & Testing,Mobile App Developer
3902,41.1,45.6,49.6,34.7,43.8,52.3,44.2,32.9,45.3,48.9,38.2,40.4,36.2,36.3,34.4,39.0,31.1,13.5,24.2,36.9,22.1,43.8,49.6,42.5,56.8,38.4,39.5,5.96,0,2,2,Mobile Development,Business,Mobile App Developer
3903,35.8,37.5,48.6,52.8,32.8,42.2,36.9,38.9,20.7,26.2,50.0,48.3,42.9,41.2,43.1,33.4,35.8,47.1,54.1,40.8,42.2,57.1,33.0,31.3,30.4,40.5,48.6,6.01,2,0,1,Mobile Development,Machine Learning,Mobile App Developer
3904,36.2,27.2,37.2,40.9,36.5,38.9,32.4,40.6,30.7,36.4,38.1,29.3,42.0,15.5,28.0,21.0,26.5,44.5,44.3,61.5,57.6,46.5,42.7,40.4,54.0,51.5,39.5,6.03,4,0,0,AI/ML,Mobile,Mobile App Developer
3905,48.9,48.0,48.0,47.7,60.8,58.7,54.1,58.2,58.9,65.3,44.3,44.7,43.3,31.3,20.3,45.2,37.4,35.0,23.2,45.4,32.6,34.0,31.4,32.7,39.9,39.2,53.6,6.05,8,1,3,DevOps,Backend,Mobile App Developer
3906,30.6,41.2,47.1,35.6,42.9,55.6,52.4,48.8,41.8,26.4,36.3,27.9,38.7,32.2,26.2,36.9,32.2,33.1,36.5,24.1,12.0,45.6,47.2,47.4,32.0,42.6,26.2,6.06,8,1,0,Mobile Development,QA & Testing,Mobile App Developer
3907,16.9,19.3,13.1,21.3,16.7,16.4,3.9,17.7,25.0,5.5,14.9,22.0,6.0,21.5,27.8,25.4,19.5,22.0,7.1,13.0,12.6,23.7,14.7,24.2,19.4,30.8,33.3,6.1,2,0,0,Cybersecurity,Mobile,Mobile App Developer
3908,27.0,39.0,36.0,40.8,25.3,35.1,36.8,33.5,49.5,37.0,42.6,34.2,30.2,46.7,34.2,48.3,47.0,37.8,47.6,48.0,36.1,32.0,49.6,17.9,61.5,41.0,34.9,6.1,8,1,0,Data Science,Backend,Mobile App Developer
3909,30.0,55.5,38.6,44.3,45.4,29.2,41.5,38.0,33.9,58.6,60.8,35.5,43.2,50.0,38.3,49.7,37.8,53.2,33.0,41.1,25.3,36.9,38.2,32.0,21.8,23.0,28.3,6.1,6,1,1,Mobile Development,Business,Mobile App Developer
3910,30.8,52.2,41.5,30.1,22.0,37.0,32.0,31.9,40.4,34.4,34.8,40.1,39.3,20.8,21.9,17.8,36.2,46.9,27.7,37.4,36.2,30.3,14.3,51.3,30.6,31.7,35.3,6.14,4,0,1,Business Analytics,Business,Mobile App Developer
3911,43.7,55.3,32.4,35.0,33.2,31.1,39.6,24.0,32.7,48.2,48.0,30.5,41.0,35.7,33.0,26.1,28.3,43.4,36.4,55.2,41.8,41.5,22.1,31.1,25.6,39.2,37.9,6.14,4,0,0,Web Development,Security,Mobile App Developer
3912,45.4,42.8,43.5,50.6,46.8,53.4,55.7,46.9,59.6,49.7,46.8,38.3,42.0,52.8,50.9,49.8,41.7,50.8,57.6,30.1,23.0,46.3,34.8,36.8,46.9,43.5,50.5,6.14,8,1,1,Mobile Development,Frontend,Mobile App Developer
3913,54.8,31.9,35.8,52.8,46.1,52.4,54.2,54.2,49.4,59.1,52.1,48.5,48.3,47.1,36.9,49.9,35.0,50.4,36.9,52.3,67.7,36.3,46.4,31.0,43.0,39.6,50.2,6.15,3,2,3,Web Development,Business,Mobile App Developer
3914,10.5,37.7,17.9,23.9,8.3,18.9,24.5,10.5,39.8,26.2,21.6,18.5,22.6,18.7,20.9,16.6,33.6,11.7,13.1,12.4,9.5,5.7,18.0,0.0,17.2,18.5,15.7,6.18,1,1,2,AI/ML,Mobile,Mobile App Developer
3915,46.8,31.0,36.6,36.0,42.3,36.0,49.8,36.1,35.0,52.3,42.5,45.0,33.0,34.0,42.8,25.2,34.5,20.9,28.0,20.2,21.5,32.7,40.8,34.5,21.6,43.5,32.6,6.18,7,1,3,Cybersecurity,QA & Testing,Mobile App Developer
3916,29.6,26.4,20.2,25.5,27.3,10.5,8.5,12.3,23.3,28.9,32.2,24.2,23.8,24.3,25.3,17.7,17.3,44.3,32.5,44.4,39.8,34.2,34.9,26.8,39.3,23.0,31.0,6.19,3,2,0,Cloud Computing,Business,Mobile App Developer
3917,35.0,27.3,44.0,30.8,30.0,60.2,41.1,32.8,44.5,28.8,25.5,30.2,41.7,39.4,27.7,32.5,30.9,30.6,40.8,29.2,20.1,32.0,31.2,30.0,37.9,36.5,39.2,6.23,3,1,2,Cybersecurity,Data & Analytics,Mobile App Developer
3918,29.8,31.7,21.0,30.8,45.4,40.0,35.8,47.3,45.1,19.7,40.0,35.7,29.1,23.0,27.4,21.4,28.1,7.4,4.1,39.3,23.9,18.6,31.2,16.4,30.6,33.0,20.9,6.25,9,1,3,Web Development,Machine Learning,Mobile App Developer
3919,53.7,49.4,60.5,30.4,62.7,53.1,57.0,59.1,57.2,40.8,20.5,55.4,60.8,53.0,49.6,39.8,66.6,41.6,53.1,34.4,26.7,40.1,44.3,46.7,48.8,43.4,67.4,6.25,7,2,6,Business Analytics,Mobile,Mobile App Developer
3920,24.6,34.2,19.8,37.3,21.2,16.9,27.2,24.0,34.0,21.5,35.3,25.5,32.6,20.1,23.2,26.3,31.6,26.3,10.4,23.6,27.9,18.7,34.3,17.5,7.5,16.8,29.8,6.27,2,0,2,Cybersecurity,Full Stack,Mobile App Developer
3921,47.6,52.5,61.3,53.7,49.2,33.6,64.1,26.5,55.5,45.4,40.5,51.2,48.0,29.3,49.1,39.2,44.7,46.2,41.3,27.6,35.0,36.1,16.8,52.7,22.2,17.4,37.6,6.27,5,2,3,Web Development,Data & Analytics,Mobile App Developer
3922,35.9,37.1,55.0,34.2,41.8,14.0,41.3,9.2,43.8,47.0,28.1,25.4,21.2,43.7,40.2,42.4,55.1,45.0,46.0,23.8,37.6,45.9,31.3,54.9,30.2,29.1,48.1,6.29,4,0,2,Data Science,Machine Learning,Mobile App Developer
3923,34.7,38.0,30.8,25.8,45.5,60.1,43.4,55.5,50.2,53.6,44.6,46.3,42.1,37.5,52.3,51.3,43.8,25.5,26.7,33.3,31.2,32.3,25.2,35.7,24.6,21.5,34.3,6.3,3,1,1,Web Development,Frontend,Mobile App Developer
3924,25.0,27.6,35.0,27.9,38.6,27.9,41.1,23.3,26.5,15.1,11.8,37.2,37.2,43.7,46.2,41.7,27.9,30.3,34.0,8.1,15.3,24.8,30.5,33.2,20.2,3.6,39.2,6.31,3,0,0,AI/ML,Mobile,Mobile App Developer
3925,47.4,51.7,64.2,35.2,47.6,38.6,50.3,53.0,47.4,40.0,41.7,37.7,44.2,58.9,50.5,50.0,53.5,37.1,45.0,32.0,33.4,37.5,54.5,46.1,33.3,41.1,65.3,6.32,4,3,3,Data Science,Data & Analytics,Mobile App Developer
3926,35.3,48.8,43.8,41.3,58.4,64.9,53.8,52.0,58.1,49.3,31.9,41.7,53.1,52.7,39.4,46.9,47.8,28.4,26.4,17.6,28.3,34.3,14.8,53.1,24.9,40.0,39.1,6.34,7,0,3,DevOps,Frontend,Mobile App Developer
3927,30.0,11.4,26.3,16.5,40.0,48.4,40.5,33.8,22.5,31.8,15.6,32.3,33.3,25.9,12.8,9.4,29.8,23.0,23.0,24.3,17.2,11.0,24.1,27.7,22.6,43.2,16.2,6.36,1,1,0,Cloud Computing,Mobile,Mobile App Developer
3928,31.1,27.5,29.4,34.1,27.8,50.3,27.2,48.5,26.5,18.2,25.3,31.3,29.2,15.4,21.2,14.4,30.7,43.7,52.5,37.3,29.3,39.6,64.9,33.0,33.3,45.5,35.0,6.38,3,1,4,Business Analytics,Machine Learning,Mobile App Developer
3929,47.4,53.8,42.9,31.5,62.9,61.9,41.5,44.9,31.5,29.0,38.0,46.7,54.1,20.2,29.8,28.8,27.0,55.2,68.3,18.3,37.5,45.8,45.1,57.8,32.5,30.1,39.3,6.38,6,0,0,Business Analytics,Frontend,Mobile App Developer
3930,47.1,55.9,47.6,39.7,44.4,54.8,43.8,50.8,32.7,38.0,51.4,55.0,42.2,38.6,46.0,39.4,50.3,41.1,43.3,58.6,52.0,45.4,56.2,51.6,56.7,55.3,48.5,6.39,3,3,1,AI/ML,Security,Mobile App Developer
3931,47.3,39.0,45.1,52.1,32.2,32.4,37.2,39.5,51.6,40.2,48.2,45.3,46.6,66.2,61.6,60.9,57.7,47.2,44.9,21.7,29.0,35.7,34.6,50.4,26.0,42.9,38.6,6.4,2,0,5,Mobile Development,Data & Analytics,Mobile App Developer
3932,24.7,30.2,35.1,27.4,20.3,19.0,41.0,24.5,42.1,20.1,39.0,37.3,39.9,25.7,37.1,33.5,31.6,12.4,18.4,15.0,28.6,21.0,27.7,38.5,28.3,25.4,30.8,6.41,2,1,2,AI/ML,QA & Testing,Mobile App Developer
3933,41.0,35.1,60.9,30.0,42.6,42.4,38.7,39.0,29.1,30.2,39.3,40.7,35.3,29.7,42.2,35.8,53.1,47.3,49.2,33.7,33.5,46.5,38.0,53.6,48.1,48.3,37.8,6.41,7,1,4,Web Development,Business,Mobile App Developer
3934,30.5,47.8,46.1,59.6,48.8,38.6,54.7,50.8,41.8,54.1,48.6,44.4,43.2,36.5,45.1,27.0,45.3,48.6,41.8,56.9,50.4,38.7,38.2,32.6,32.3,32.3,60.2,6.42,5,1,2,Cloud Computing,QA & Testing,Mobile App Developer
3935,39.5,45.7,54.7,52.3,61.0,71.2,66.2,72.1,63.1,48.1,55.1,58.8,59.9,58.0,52.1,54.7,53.7,47.2,53.4,50.3,56.9,34.1,49.5,53.1,55.6,63.8,64.3,6.42,2,1,3,Business Analytics,Security,Mobile App Developer
3936,52.2,42.9,39.7,33.7,30.4,30.0,21.4,30.0,18.1,36.2,32.1,39.5,37.7,40.6,34.2,27.8,38.8,68.7,61.0,47.0,39.5,52.2,37.0,40.9,28.1,43.4,50.6,6.42,6,2,2,Business Analytics,Data & Analytics,Mobile App Developer
3937,20.5,30.5,24.6,20.1,39.4,58.2,49.1,44.1,37.2,22.8,24.8,29.5,29.1,24.1,31.5,19.4,32.0,26.0,11.3,29.5,32.6,14.6,33.4,20.2,38.1,26.8,34.6,6.43,6,0,1,Web Development,Security,Mobile App Developer
3938,21.6,20.2,9.0,23.9,41.7,46.3,47.7,56.2,41.8,40.6,29.9,40.9,44.9,26.8,21.5,29.2,25.3,16.6,16.4,20.7,12.7,15.7,30.0,37.8,22.1,31.3,23.8,6.43,3,1,2,Mobile Development,Mobile,Mobile App Developer
3939,24.9,32.5,29.0,15.3,42.9,36.7,37.7,45.8,30.8,43.5,24.7,32.0,35.5,23.4,55.2,41.6,43.1,30.0,24.5,13.7,11.2,9.1,31.6,28.2,47.2,50.2,37.6,6.43,2,0,3,Cybersecurity,Mobile,Mobile App Developer
3940,34.0,41.0,35.5,39.8,39.1,54.8,40.0,51.5,47.4,44.9,36.4,38.0,45.5,65.7,49.1,52.8,57.2,52.7,54.0,26.0,32.9,46.7,44.9,43.4,30.4,32.6,41.5,6.44,2,0,4,Mobile Development,Frontend,Mobile App Developer
3941,18.8,33.6,9.0,30.6,46.5,35.2,35.4,39.3,39.0,20.1,34.4,24.2,15.7,31.8,16.7,19.3,34.0,17.3,26.8,15.0,14.8,9.1,8.3,14.1,32.7,37.9,13.5,6.46,2,2,1,Cybersecurity,Cloud & DevOps,Mobile App Developer
3942,32.4,49.5,56.4,34.8,48.2,47.1,42.3,52.3,44.5,39.4,44.8,39.8,50.5,51.4,48.1,48.0,44.1,57.6,52.4,48.3,58.3,46.1,53.3,49.0,58.1,46.9,36.6,6.48,3,2,3,Cloud Computing,Cloud & DevOps,Mobile App Developer
3943,61.9,53.3,48.6,34.5,42.8,31.1,50.7,52.3,60.0,33.5,48.3,48.6,53.0,24.7,41.5,36.2,37.0,61.6,63.7,36.6,19.8,43.4,56.1,48.8,30.7,44.1,47.9,6.48,6,1,1,Cybersecurity,Mobile,Mobile App Developer
3944,21.1,19.8,25.7,30.5,28.1,19.2,23.2,15.3,6.3,16.3,22.7,23.2,17.2,25.1,17.1,16.4,13.7,30.4,18.9,40.3,26.9,31.5,44.8,37.6,32.7,31.4,20.0,6.5,3,3,2,Mobile Development,Security,Mobile App Developer
3945,41.0,44.8,61.7,53.9,34.5,29.2,32.0,33.8,36.6,42.4,49.0,39.6,48.0,65.0,32.1,46.4,44.3,56.8,52.8,58.6,59.9,56.4,45.9,30.2,46.2,39.9,60.5,6.52,8,2,3,AI/ML,Machine Learning,Mobile App Developer
3946,32.0,40.2,42.3,24.0,47.0,58.7,43.1,75.4,55.2,34.2,26.0,42.9,40.7,45.9,46.1,40.7,28.9,39.5,25.7,41.2,42.2,34.7,47.8,34.0,49.7,50.3,59.0,6.53,10,2,0,DevOps,Full Stack,Mobile App Developer
3947,48.7,50.9,44.1,46.2,54.6,53.9,51.2,58.5,55.4,49.0,48.5,54.5,43.0,44.5,66.1,45.1,30.9,41.5,34.6,64.6,48.9,41.4,38.1,60.8,29.3,49.6,43.2,6.54,6,1,4,Web Development,Business,Mobile App Developer
3948,26.4,44.1,31.6,38.9,49.2,41.8,44.9,50.3,49.7,48.4,58.7,51.9,41.5,27.5,40.8,42.9,45.6,39.0,27.6,48.3,56.2,33.5,56.7,46.5,21.7,25.4,39.6,6.56,8,1,4,Cybersecurity,QA & Testing,Mobile App Developer
3949,35.9,34.7,29.0,41.6,45.9,53.3,41.4,47.1,51.7,31.2,36.4,27.4,48.4,38.0,43.9,46.2,33.7,39.0,39.3,48.9,46.6,36.7,26.8,26.1,25.5,32.0,34.9,6.56,3,1,0,DevOps,Backend,Mobile App Developer
3950,36.5,44.5,61.8,33.4,49.8,54.0,33.3,45.9,32.9,51.0,27.5,28.2,54.1,25.5,20.8,22.0,36.8,35.5,36.0,33.9,52.8,36.9,51.7,37.4,44.2,70.7,33.1,6.56,4,2,1,Business Analytics,QA & Testing,Mobile App Developer
3951,44.8,40.6,44.6,46.6,62.4,57.6,52.4,46.0,34.9,45.7,46.6,48.9,42.1,30.0,31.5,39.2,42.0,48.1,39.2,73.4,69.9,41.5,39.1,57.7,46.9,60.8,37.8,6.56,6,1,2,Web Development,Security,Mobile App Developer
3952,38.8,61.0,61.1,43.1,54.7,44.2,56.3,46.1,70.7,56.7,52.3,46.1,53.2,53.1,57.9,57.6,54.6,35.2,15.1,44.1,35.0,17.3,54.5,48.5,55.6,47.9,62.2,6.57,5,1,4,DevOps,Security,Mobile App Developer
3953,62.2,43.0,50.3,38.1,49.0,40.4,36.8,34.9,54.6,42.2,47.4,49.0,56.9,41.9,47.8,31.8,41.4,53.2,57.9,50.9,35.6,45.0,31.4,45.8,32.9,42.4,52.9,6.58,6,2,4,Cloud Computing,Mobile,Mobile App Developer
3954,41.2,45.5,50.1,56.4,28.1,17.9,24.8,38.3,26.3,49.1,42.7,27.6,45.8,62.7,48.4,42.2,45.2,51.7,50.7,55.6,54.4,47.0,40.7,57.5,45.7,44.6,29.1,6.59,3,1,2,Data Science,Cloud & DevOps,Mobile App Developer
3955,32.4,16.9,30.0,23.3,7.6,21.6,22.7,12.3,25.8,27.4,26.9,22.2,25.8,28.3,28.3,32.1,42.0,42.9,39.9,33.9,25.3,25.9,20.1,29.1,14.6,9.0,37.6,6.61,4,2,1,Business Analytics,Cloud & DevOps,Mobile App Developer
3956,60.6,48.3,52.8,62.8,73.3,79.6,50.9,72.2,57.4,62.6,50.0,49.4,64.6,62.3,52.8,49.5,43.4,30.8,35.3,65.0,65.5,47.8,45.8,50.4,37.5,46.4,45.2,6.62,5,3,3,Business Analytics,Frontend,Mobile App Developer
3957,20.8,15.6,17.3,36.3,11.3,33.7,35.2,10.7,25.6,22.3,23.8,20.6,14.1,37.3,32.8,34.7,34.8,31.4,16.8,40.3,38.3,29.5,36.2,24.2,47.2,26.8,20.9,6.63,4,0,1,Web Development,QA & Testing,Mobile App Developer
3958,38.5,47.7,47.0,43.6,51.9,41.8,39.5,41.9,53.5,43.3,39.0,54.8,56.7,44.6,49.9,39.0,37.5,41.9,45.8,38.4,33.2,42.8,20.8,58.2,63.8,38.9,42.2,6.63,5,1,0,Mobile Development,Business,Mobile App Developer
3959,42.1,35.3,45.0,50.8,48.4,28.8,36.2,23.3,53.5,41.6,42.7,55.1,48.2,58.4,53.3,50.9,40.3,44.8,49.8,33.0,27.0,41.1,34.1,47.0,34.8,44.8,48.7,6.64,7,3,3,AI/ML,Machine Learning,Mobile App Developer
3960,36.0,53.8,27.9,46.7,50.0,37.7,31.1,47.0,48.5,51.4,42.1,36.3,37.7,30.0,50.1,39.6,33.0,43.0,30.8,41.0,30.9,30.6,37.3,40.6,22.6,25.2,28.6,6.65,5,1,1,Web Development,Backend,Mobile App Developer
3961,43.0,29.6,26.4,38.6,39.4,42.5,37.5,49.8,36.9,48.5,41.3,31.3,22.6,30.9,25.3,28.1,25.5,32.9,35.2,33.5,32.0,30.2,18.7,20.4,31.1,24.4,34.4,6.65,4,0,1,Data Science,Full Stack,Mobile App Developer
3962,43.1,56.0,40.4,37.2,46.7,51.7,52.9,38.7,52.5,44.9,47.1,42.3,45.8,43.5,60.0,51.0,51.7,35.2,42.8,24.5,25.8,27.0,49.0,44.5,64.9,52.9,48.5,6.65,4,2,1,Cybersecurity,Backend,Mobile App Developer
3963,51.0,54.9,60.6,48.0,75.7,71.5,60.3,63.2,73.4,65.4,63.8,55.1,60.1,57.6,54.0,55.6,62.7,69.9,58.7,41.9,58.7,68.0,45.2,70.0,43.2,37.1,42.5,6.66,6,2,3,Web Development,Backend,Mobile App Developer
3964,69.8,50.9,44.0,60.5,47.1,46.1,40.6,42.8,30.9,49.0,49.1,44.6,41.0,51.9,46.9,42.1,37.5,72.4,59.8,71.4,57.1,67.5,62.9,52.9,48.7,60.1,63.4,6.66,4,1,1,AI/ML,Data & Analytics,Mobile App Developer
3965,33.5,43.9,38.6,29.1,50.9,68.9,46.8,61.6,50.3,54.5,38.9,32.7,38.1,33.2,25.2,21.7,39.6,38.3,31.3,32.2,36.1,35.0,24.2,37.5,45.1,46.4,46.2,6.67,6,0,1,AI/ML,Mobile,Mobile App Developer
3966,22.2,27.8,29.3,19.7,22.9,25.7,34.0,24.3,24.6,21.5,20.4,34.9,44.2,31.2,41.8,55.9,34.8,40.1,39.8,33.7,22.1,40.4,38.9,26.1,40.7,40.8,32.9,6.68,4,1,1,DevOps,Backend,Mobile App Developer
3967,27.3,25.0,27.9,42.2,55.4,56.2,43.0,51.0,34.5,42.8,20.0,37.2,48.3,44.3,50.5,41.8,40.3,30.8,34.8,45.0,46.3,23.5,36.1,26.8,59.9,49.4,33.3,6.68,6,2,3,Mobile Development,Business,Mobile App Developer
3968,40.0,47.4,48.8,49.2,50.8,40.9,50.5,43.3,47.6,57.4,41.4,49.2,43.4,38.3,40.4,40.1,41.0,38.1,35.0,38.1,44.9,42.6,52.0,60.1,47.2,35.4,43.4,6.68,5,1,0,DevOps,Data & Analytics,Mobile App Developer
3969,35.3,55.1,46.1,42.9,52.9,44.7,53.3,49.8,31.7,42.8,48.5,37.5,45.5,34.1,36.6,34.8,37.3,28.9,19.6,43.2,39.6,36.9,36.7,47.8,40.7,39.8,25.6,6.69,7,0,2,Mobile Development,Frontend,Mobile App Developer
3970,34.1,42.3,37.7,24.9,52.7,79.2,57.9,57.3,41.6,45.3,45.2,55.2,43.5,41.8,39.7,28.2,42.1,39.7,35.0,57.2,61.7,45.7,66.7,47.4,65.9,46.7,26.0,6.7,13,2,2,Mobile Development,Data & Analytics,Mobile App Developer
3971,49.4,54.8,48.1,45.7,49.7,52.8,47.6,55.2,51.6,49.6,54.5,65.0,36.8,61.7,56.5,44.2,57.3,57.8,44.1,30.6,46.6,48.7,51.5,66.2,57.4,56.2,56.3,6.7,9,2,1,Mobile Development,Cloud & DevOps,Mobile App Developer
3972,37.1,43.3,50.2,37.1,53.4,47.1,41.0,51.1,40.0,40.5,22.5,58.5,46.8,47.3,42.1,47.7,47.6,50.4,62.9,45.5,27.6,51.8,42.3,70.8,40.6,34.6,52.5,6.72,5,2,2,Mobile Development,Machine Learning,Mobile App Developer
3973,44.4,37.7,39.5,52.0,54.6,53.6,54.1,68.7,62.5,44.6,60.2,43.9,45.4,43.8,47.3,52.0,54.3,45.7,23.2,34.3,19.0,27.5,43.7,55.2,48.3,34.5,37.6,6.72,8,1,4,AI/ML,Full Stack,Mobile App Developer
3974,44.7,40.4,26.9,46.1,45.6,37.3,31.9,40.1,37.2,52.0,41.1,37.6,25.9,26.1,32.5,34.9,41.8,43.6,48.7,26.6,31.8,43.0,59.2,25.9,48.4,49.3,34.1,6.72,5,0,0,Business Analytics,Frontend,Mobile App Developer
3975,46.7,39.9,44.2,38.7,53.4,61.4,56.1,58.4,23.6,32.6,20.8,45.7,52.8,31.0,41.3,36.6,35.6,61.1,47.5,53.5,43.3,49.7,32.3,49.4,24.6,17.8,46.9,6.72,6,3,2,Data Science,Data & Analytics,Mobile App Developer
3976,29.3,19.4,22.5,25.0,41.4,32.8,29.4,20.5,16.5,18.6,22.8,18.0,33.3,23.4,26.1,26.7,19.9,29.1,28.3,29.5,24.5,38.3,24.9,23.9,13.0,16.8,36.9,6.73,3,1,0,Data Science,Security,Mobile App Developer
3977,49.9,41.2,46.4,25.6,46.4,50.3,47.8,60.8,28.0,33.4,23.1,53.3,38.1,34.5,40.0,46.2,47.4,41.8,44.1,35.4,22.5,45.9,27.6,44.9,30.9,37.0,58.3,6.73,4,1,2,Business Analytics,Frontend,Mobile App Developer
3978,32.9,45.8,44.7,39.5,22.9,19.6,33.5,32.1,28.9,56.0,37.1,37.2,30.7,27.4,31.3,35.4,31.1,40.7,17.7,35.9,33.0,30.8,15.0,35.7,22.5,36.1,32.4,6.74,4,1,3,Mobile Development,Full Stack,Mobile App Developer
3979,37.2,41.5,28.5,33.0,33.3,25.3,31.2,19.6,28.4,34.5,42.6,40.4,38.0,35.2,34.2,25.9,32.9,21.3,30.1,37.7,39.0,36.2,44.0,23.1,44.2,36.1,37.8,6.74,5,0,3,DevOps,QA & Testing,Mobile App Developer
3980,41.2,27.8,44.3,7.7,48.2,42.9,23.8,25.2,29.9,34.9,35.1,43.1,22.8,23.1,33.4,25.5,24.3,33.8,51.3,38.4,38.0,35.3,29.8,28.8,48.0,29.1,27.7,6.75,2,0,1,Cloud Computing,QA & Testing,Mobile App Developer
3981,45.0,43.3,24.7,55.4,64.0,58.6,64.2,51.2,41.2,48.9,27.1,50.1,40.6,36.7,37.8,49.0,32.3,45.2,32.5,46.1,38.8,37.3,53.1,39.3,29.1,53.5,38.0,6.75,6,1,1,Web Development,Data & Analytics,Mobile App Developer
3982,30.2,48.6,44.8,24.6,38.9,49.7,34.2,49.2,22.5,6.2,28.3,37.5,37.6,35.7,32.5,25.0,33.5,55.6,38.9,36.3,36.9,47.9,28.1,50.2,25.1,18.7,37.8,6.76,1,0,0,Mobile Development,Data & Analytics,Mobile App Developer
3983,37.9,43.4,34.4,35.8,58.7,60.8,46.2,39.3,37.1,29.8,40.5,36.7,44.1,39.0,33.5,39.5,24.7,34.4,27.8,32.6,22.3,42.1,37.0,43.0,33.9,33.1,34.0,6.76,5,2,4,Mobile Development,Mobile,Mobile App Developer
3984,38.5,40.5,33.2,56.0,43.4,41.4,46.1,38.3,52.1,52.2,39.1,42.6,40.4,38.9,31.4,41.6,27.6,41.2,37.6,57.4,54.0,35.2,36.8,35.8,36.9,27.6,26.1,6.77,4,2,3,Web Development,Full Stack,Mobile App Developer
3985,38.8,33.8,46.0,49.6,65.6,57.0,45.0,57.7,35.2,48.5,40.0,27.5,46.6,38.3,38.1,30.5,33.9,36.0,32.5,52.4,53.5,30.0,40.5,49.3,26.6,35.8,34.6,6.77,6,2,0,AI/ML,Mobile,Mobile App Developer
3986,24.0,15.9,28.1,30.6,16.5,15.3,19.5,10.9,23.0,19.7,37.9,23.6,33.9,47.0,51.8,27.0,33.3,31.0,31.9,33.5,40.0,19.5,32.4,22.5,22.4,30.9,20.9,6.79,5,1,1,Business Analytics,QA & Testing,Mobile App Developer
3987,43.8,58.8,56.9,33.3,54.7,39.9,53.6,57.6,54.9,58.2,34.2,46.1,41.4,38.3,50.2,52.0,55.9,39.2,45.5,39.2,37.5,35.2,54.3,43.5,56.5,51.2,41.5,6.79,4,1,7,Business Analytics,QA & Testing,Mobile App Developer
3988,48.7,48.8,48.9,42.7,32.4,30.9,35.7,33.9,21.8,46.0,33.1,29.9,40.8,31.1,36.9,32.6,49.0,42.4,55.1,42.1,37.1,64.6,26.1,28.4,31.6,25.2,47.9,6.79,4,1,1,Web Development,Backend,Mobile App Developer
3989,53.8,33.4,43.1,25.4,31.4,32.2,36.1,28.2,19.0,34.2,26.3,29.8,38.1,32.3,40.0,15.8,36.5,42.0,43.4,32.9,28.1,44.0,29.5,52.0,22.6,45.5,35.0,6.79,4,2,4,DevOps,Frontend,Mobile App Developer
3990,39.7,41.0,60.4,40.9,41.5,44.1,43.5,43.8,28.5,33.7,34.7,36.8,49.6,37.2,25.6,40.8,33.6,52.6,37.3,47.2,43.1,57.3,51.9,45.4,49.7,47.5,55.9,6.8,6,2,0,Web Development,Business,Mobile App Developer
3991,51.2,49.1,44.9,30.5,64.1,60.4,40.9,57.7,40.8,46.2,42.3,52.0,33.7,47.6,48.1,51.8,49.0,59.4,41.5,33.6,34.5,42.9,44.6,43.9,54.3,40.6,55.4,6.8,3,1,3,Cloud Computing,Cloud & DevOps,Mobile App Developer
3992,24.6,21.5,30.1,26.4,15.0,16.6,28.2,26.7,18.4,32.1,29.5,38.9,37.7,47.9,35.1,40.4,38.8,28.5,29.5,35.5,34.3,30.4,46.2,30.9,50.3,45.8,25.9,6.82,3,0,2,Cybersecurity,Mobile,Mobile App Developer
3993,26.0,39.9,32.2,35.2,22.7,28.0,34.5,45.3,38.6,45.6,35.8,28.1,39.2,58.4,47.0,40.2,46.0,23.3,34.7,30.8,22.4,27.3,49.1,35.1,49.8,49.4,29.5,6.82,3,2,3,DevOps,Cloud & DevOps,Mobile App Developer
3994,43.1,22.5,34.7,24.9,20.3,30.8,39.8,34.2,30.8,32.9,29.9,35.5,20.7,27.1,28.7,20.1,21.8,37.0,44.6,27.1,21.1,32.9,26.5,31.7,40.7,12.6,34.3,6.82,5,2,0,Web Development,Business,Mobile App Developer
3995,49.6,52.2,23.2,47.3,37.2,28.6,29.8,28.5,53.5,49.5,48.8,50.7,49.2,48.4,39.1,34.3,43.1,61.8,42.6,63.2,66.5,41.0,41.2,33.9,37.4,43.7,44.0,6.83,5,0,1,Data Science,Data & Analytics,Mobile App Developer
3996,50.0,52.6,44.4,42.1,38.9,45.9,38.8,41.3,52.9,44.5,45.2,35.4,45.7,38.9,34.1,40.3,44.5,54.1,45.4,37.4,34.2,34.3,46.2,68.0,37.3,38.3,44.5,6.85,4,2,2,Business Analytics,Data & Analytics,Mobile App Developer
3997,34.8,42.5,44.4,40.2,37.8,47.1,24.8,39.3,30.2,34.7,37.3,49.5,25.7,39.9,29.5,40.2,36.3,42.8,28.0,32.6,18.4,23.6,28.7,40.1,39.6,41.3,41.5,6.87,2,0,1,DevOps,Frontend,Mobile App Developer
3998,42.0,44.8,34.8,36.5,47.5,55.8,53.5,51.8,51.7,30.8,44.5,46.4,21.8,40.1,48.9,33.7,47.7,36.8,35.4,37.4,35.2,44.1,33.6,38.8,39.2,32.3,59.1,6.87,6,0,2,Web Development,Full Stack,Mobile App Developer
3999,53.9,67.9,63.3,61.8,55.1,61.3,67.5,63.4,42.9,37.6,53.3,78.4,60.0,60.5,70.2,61.9,54.0,54.4,59.4,63.1,65.9,69.1,81.8,71.7,67.5,64.2,73.3,6.87,15,3,5,AI/ML,Cloud & DevOps,Mobile App Developer
4000,26.9,38.6,18.7,37.9,16.6,25.3,29.3,26.9,28.3,36.3,36.0,32.3,34.4,38.9,39.3,49.1,45.7,39.5,32.2,29.6,26.4,26.5,41.3,27.8,28.0,51.7,20.3,6.89,2,1,3,Cloud Computing,Frontend,Mobile App Developer
4001,35.1,50.6,33.5,45.0,35.2,12.8,32.2,20.8,51.2,21.9,42.9,42.0,52.9,49.9,52.6,43.7,44.9,30.7,30.0,38.9,22.7,44.5,35.1,28.3,29.5,21.7,38.7,6.89,3,2,1,Cloud Computing,Cloud & DevOps,Mobile App Developer
4002,40.8,31.9,33.2,29.9,53.9,35.0,47.1,48.0,47.1,26.0,23.6,41.9,35.2,42.5,44.0,40.0,36.0,34.5,22.0,27.2,25.3,31.9,57.2,26.8,40.7,40.6,39.4,6.89,5,0,3,Web Development,Cloud & DevOps,Mobile App Developer
4003,26.2,43.0,50.7,41.0,48.1,55.6,36.3,34.5,45.3,32.9,42.4,47.8,44.8,33.1,23.9,22.8,21.0,32.1,37.2,27.7,30.4,22.3,48.4,60.1,43.9,32.4,30.9,6.9,4,1,3,Data Science,Security,Mobile App Developer
4004,39.1,32.4,39.5,40.9,47.1,50.0,45.9,19.9,38.6,46.4,30.4,45.3,45.2,36.9,34.7,39.3,37.0,45.1,27.7,25.3,23.7,19.3,40.5,23.4,45.1,39.9,38.0,6.91,3,3,1,Cloud Computing,Machine Learning,Mobile App Developer
4005,44.5,33.1,25.8,31.1,41.4,54.4,45.3,49.5,48.8,48.1,47.0,31.0,45.3,41.0,37.8,40.0,38.5,45.8,59.3,43.4,41.7,52.8,58.7,43.9,36.7,22.7,34.4,6.91,6,2,2,Business Analytics,Machine Learning,Mobile App Developer
4006,30.3,27.3,46.8,30.7,25.5,23.8,38.2,36.5,22.7,34.0,25.6,41.7,27.1,39.7,42.0,51.7,39.4,29.4,30.2,27.9,45.4,30.1,51.2,37.3,40.1,52.2,44.6,6.92,5,0,3,Web Development,Cloud & DevOps,Mobile App Developer
4007,18.4,21.3,31.1,16.0,34.3,18.3,19.6,35.4,36.3,15.1,22.2,35.7,28.2,27.7,37.6,17.6,10.7,11.4,8.8,13.4,16.8,17.6,0.0,23.3,14.6,23.3,34.8,6.93,3,0,2,Web Development,QA & Testing,Mobile App Developer
4008,24.0,34.3,32.3,25.0,15.9,16.1,33.9,24.9,20.1,24.0,26.3,27.6,33.8,34.6,31.2,42.1,49.1,35.3,30.1,12.8,16.4,20.6,33.4,35.6,38.1,27.2,25.1,6.93,5,0,0,AI/ML,Business,Mobile App Developer
4009,63.7,45.7,57.1,64.8,40.9,38.4,43.6,51.4,34.0,53.7,53.5,46.6,48.6,56.8,49.7,60.9,54.2,58.0,75.1,66.8,70.3,73.0,66.2,58.9,60.5,72.0,62.1,6.94,6,2,2,Web Development,Data & Analytics,Mobile App Developer
4010,28.5,28.8,46.9,16.4,26.0,30.8,26.6,29.7,27.9,28.3,25.4,39.1,26.0,29.3,23.8,29.9,23.8,31.6,23.7,8.4,24.4,37.3,19.1,26.9,38.7,24.0,42.4,6.96,4,0,2,Mobile Development,Business,Mobile App Developer
4011,36.6,35.3,46.7,34.2,35.8,46.0,51.5,42.7,51.4,52.4,56.0,47.5,42.5,38.6,31.2,39.7,44.6,33.6,18.2,39.6,39.1,39.6,30.2,23.9,40.9,49.7,41.9,6.96,9,0,0,Mobile Development,Backend,Mobile App Developer
4012,48.7,37.3,39.1,56.7,40.3,29.6,34.1,25.6,56.4,50.5,54.4,34.8,50.1,42.5,54.0,44.5,61.9,51.5,29.2,44.7,35.5,43.7,32.4,45.0,32.6,36.8,50.2,6.96,5,2,3,Web Development,Backend,Mobile App Developer
4013,51.8,51.5,52.3,57.6,59.3,63.5,65.1,51.2,63.4,62.1,55.1,55.7,47.9,51.6,72.3,46.2,47.5,46.8,48.9,69.8,55.3,38.2,65.9,58.1,50.3,80.1,49.8,6.96,7,1,2,Cybersecurity,Machine Learning,Mobile App Developer
4014,42.0,46.1,37.1,64.8,32.0,30.0,38.0,15.5,41.0,67.5,53.7,39.5,47.0,69.4,62.1,63.0,51.5,61.3,60.0,58.2,42.8,40.1,33.7,41.6,32.4,29.8,30.7,6.97,7,2,2,Web Development,QA & Testing,Mobile App Developer
4015,49.5,54.5,42.4,48.2,27.8,18.5,37.9,37.9,37.8,30.0,44.1,46.0,36.9,40.2,47.9,52.2,49.8,44.6,53.4,51.7,37.8,50.3,57.4,35.9,56.8,57.5,44.5,6.97,4,1,6,AI/ML,Security,Mobile App Developer
4016,36.1,41.8,38.9,34.8,27.7,23.4,32.9,28.1,28.5,37.3,28.4,39.5,28.4,47.8,40.6,38.3,46.8,43.6,41.5,42.5,15.9,21.6,33.2,29.0,57.3,44.0,27.4,6.98,1,2,3,Data Science,Cloud & DevOps,Mobile App Developer
4017,22.2,17.2,31.5,39.8,64.2,61.7,47.9,63.8,49.6,42.3,23.8,37.0,40.6,23.5,39.4,52.8,39.3,32.5,21.2,32.5,35.1,17.5,27.7,37.9,46.5,29.9,37.4,6.99,9,2,4,DevOps,Mobile,Mobile App Developer
4018,22.9,29.3,38.1,33.8,52.8,43.2,48.8,40.1,41.0,40.7,33.5,36.8,46.1,26.1,25.7,25.6,34.5,16.6,14.0,32.1,16.2,14.5,31.1,24.1,25.8,29.7,33.3,6.99,2,0,4,Web Development,QA & Testing,Mobile App Developer
4019,30.3,47.0,33.6,48.9,30.9,23.5,43.9,31.4,49.0,44.6,51.0,34.2,46.7,59.1,56.1,41.9,50.3,38.7,44.1,38.8,27.7,22.0,40.2,38.9,59.3,45.0,27.2,6.99,4,2,1,Cloud Computing,Full Stack,Mobile App Developer
4020,36.4,43.0,37.5,42.6,56.7,61.4,53.9,50.8,46.8,37.4,37.1,36.0,43.8,40.4,57.4,43.9,35.8,23.6,26.1,32.6,27.1,33.5,41.5,35.9,42.3,56.8,52.1,6.99,5,0,2,Web Development,Full Stack,Mobile App Developer
4021,38.5,45.8,44.9,24.1,45.3,39.3,31.5,38.9,33.7,26.5,27.4,29.0,37.8,42.3,45.6,43.9,59.2,45.1,37.1,19.0,26.4,38.4,35.4,36.0,41.8,42.4,51.3,6.99,5,2,2,Cloud Computing,Frontend,Mobile App Developer
4022,41.9,43.3,53.0,42.7,55.4,46.6,50.6,52.1,53.8,30.7,34.6,45.7,33.0,44.5,45.3,34.9,48.6,47.7,42.4,19.2,30.5,51.2,49.6,48.6,44.0,43.5,49.1,6.99,7,2,2,Mobile Development,Backend,Mobile App Developer
4023,42.4,43.1,47.4,18.8,50.5,36.1,41.2,35.2,20.2,22.1,34.4,43.4,36.2,33.9,43.6,38.2,41.5,26.0,26.3,24.5,18.6,34.3,40.0,40.7,4.2,29.3,36.3,6.99,5,1,3,Business Analytics,Data & Analytics,Mobile App Developer
4024,45.0,45.7,68.6,55.5,61.5,59.8,52.4,74.2,37.0,43.5,62.7,63.4,42.8,39.2,55.8,36.8,43.1,54.0,65.8,62.9,66.2,50.6,37.8,80.9,35.3,58.7,49.6,6.99,4,2,2,DevOps,Business,Mobile App Developer
4025,30.3,45.6,39.8,31.9,40.5,32.0,26.7,22.8,39.8,61.4,26.0,54.4,35.5,38.7,53.5,44.0,61.1,25.1,26.3,27.9,40.0,19.9,31.6,32.5,34.1,50.8,38.8,7.0,5,1,2,DevOps,Cloud & DevOps,Mobile App Developer
4026,39.7,34.8,39.5,37.2,17.8,45.1,26.4,26.0,36.6,24.0,34.7,35.6,45.5,41.7,39.6,44.6,49.5,50.2,61.2,31.0,37.6,44.2,21.3,44.3,40.3,32.7,25.4,7.01,4,2,1,AI/ML,Data & Analytics,Mobile App Developer
4027,45.7,47.3,24.3,36.1,25.9,22.3,32.6,13.4,35.3,42.1,47.4,41.8,32.0,41.6,26.8,41.6,40.5,27.6,40.5,48.2,49.6,34.2,38.5,42.8,57.0,21.6,36.2,7.01,2,1,3,Data Science,Data & Analytics,Mobile App Developer
4028,56.5,52.3,57.4,46.2,71.2,67.0,70.1,75.0,68.1,60.2,40.3,53.1,46.6,58.1,57.4,59.8,67.8,45.4,56.4,43.8,39.0,34.1,57.1,54.4,64.2,59.5,25.0,7.01,9,1,3,Web Development,Mobile,Mobile App Developer
4029,38.8,41.5,32.6,28.5,50.3,52.8,44.1,55.3,44.0,21.6,28.2,38.8,39.2,39.9,36.6,42.9,39.4,34.8,41.6,30.1,25.8,33.4,30.0,46.1,49.2,48.7,36.2,7.02,2,0,3,Cybersecurity,Frontend,Mobile App Developer
4030,34.9,24.8,24.5,30.6,41.7,58.3,46.5,55.4,31.1,32.3,35.7,27.3,44.9,36.9,50.0,49.4,31.5,24.4,31.4,42.6,43.5,28.0,53.6,19.6,49.8,37.5,31.3,7.03,2,0,5,Web Development,Mobile,Mobile App Developer
4031,40.4,29.4,35.0,19.8,32.2,40.8,19.1,27.0,34.6,34.0,30.3,23.6,34.9,21.0,20.8,26.3,36.9,33.9,31.4,40.5,36.8,39.4,45.7,52.8,63.2,48.3,48.1,7.04,3,1,1,Data Science,QA & Testing,Mobile App Developer
4032,25.6,37.0,23.7,43.5,21.0,21.1,31.7,26.2,38.7,42.3,41.4,38.4,31.8,44.4,38.7,53.2,43.4,32.7,32.5,27.3,29.0,25.5,57.7,21.1,56.1,42.0,29.6,7.05,4,1,1,Cybersecurity,Frontend,Mobile App Developer
4033,38.2,48.2,27.1,33.5,61.8,64.7,46.0,58.9,47.8,22.4,22.1,47.6,42.1,45.9,53.9,55.6,57.7,68.0,64.2,21.1,27.4,50.7,42.5,44.2,26.2,26.9,48.7,7.05,4,1,2,Cloud Computing,Machine Learning,Mobile App Developer
4034,41.3,42.7,47.7,59.9,54.0,65.4,49.7,58.2,55.3,46.9,53.9,44.2,42.9,37.8,33.5,35.3,57.8,49.9,51.4,45.3,41.1,34.2,49.7,68.1,35.0,46.1,52.9,7.05,7,3,2,Web Development,Mobile,Mobile App Developer
4035,42.9,34.5,29.9,46.4,30.3,30.7,22.5,25.5,27.8,34.4,34.5,27.9,27.9,34.2,25.4,22.0,16.0,30.1,24.3,59.7,48.7,34.0,18.7,24.5,20.6,21.7,39.7,7.05,2,1,4,Business Analytics,Business,Mobile App Developer
4036,44.6,36.4,36.8,51.4,58.9,64.9,62.7,53.6,46.0,46.4,56.7,50.3,52.3,45.3,47.7,32.6,50.0,50.7,46.6,57.4,48.4,53.6,61.5,67.0,57.6,59.6,44.2,7.05,2,2,1,Cloud Computing,Machine Learning,Mobile App Developer
4037,47.5,50.4,49.3,54.3,45.8,42.7,47.5,31.7,57.7,54.6,49.1,47.7,51.9,34.3,49.2,37.3,48.7,32.8,41.8,43.3,47.4,39.9,45.9,42.9,43.5,51.3,45.5,7.05,8,1,2,Web Development,Mobile,Mobile App Developer
4038,55.6,52.0,50.8,48.5,61.1,57.3,44.2,49.1,34.8,39.5,40.7,45.1,52.1,32.7,31.7,41.3,40.8,49.9,50.7,49.5,55.3,70.2,58.6,62.1,61.2,47.3,66.0,7.06,5,1,2,Data Science,Data & Analytics,Mobile App Developer
4039,32.6,37.0,33.8,36.3,17.9,21.4,44.8,29.6,29.0,40.7,30.8,37.5,46.5,59.2,46.1,48.1,45.4,47.4,40.1,28.4,34.1,36.5,47.9,50.0,39.7,34.6,31.1,7.07,1,0,4,Web Development,Business,Mobile App Developer
4040,33.2,43.6,59.4,40.6,35.6,45.3,50.4,33.0,41.6,26.5,29.7,50.8,32.2,32.4,24.2,49.2,36.1,45.0,55.1,25.1,25.0,49.0,52.3,42.4,44.6,45.8,53.1,7.07,5,1,0,DevOps,Machine Learning,Mobile App Developer
4041,38.4,64.2,43.7,41.3,45.2,44.6,45.0,43.3,48.5,36.1,57.7,48.2,45.0,53.4,53.6,42.6,38.7,28.6,30.7,38.3,26.1,28.0,25.1,35.5,16.2,39.3,38.2,7.07,2,1,0,AI/ML,Cloud & DevOps,Mobile App Developer
4042,45.4,33.1,37.7,56.5,56.0,42.1,55.6,52.3,44.9,46.7,51.6,54.3,50.6,44.2,47.7,61.8,50.9,56.9,53.8,56.6,55.8,57.7,56.4,51.7,44.3,52.3,49.3,7.08,6,1,0,Mobile Development,Mobile,Mobile App Developer
4043,45.8,32.3,39.0,48.2,44.1,47.8,43.4,37.8,47.1,44.6,63.2,45.8,53.8,47.5,57.4,42.5,41.8,24.5,25.4,37.3,33.7,40.5,17.5,49.5,41.1,57.3,43.1,7.08,4,1,2,Web Development,Business,Mobile App Developer
4044,64.4,49.3,58.4,54.8,57.1,53.9,69.1,55.1,49.3,51.2,56.0,54.2,61.2,65.1,65.3,71.4,62.8,81.5,68.9,68.0,58.0,66.3,48.1,59.8,53.5,48.2,55.7,7.08,9,1,4,Mobile Development,Machine Learning,Mobile App Developer
4045,28.4,20.6,21.5,23.4,51.7,47.3,28.2,39.8,22.2,15.3,12.9,35.9,29.3,23.7,17.4,36.0,23.6,36.6,36.0,24.9,14.9,22.8,44.5,9.0,38.1,36.1,21.9,7.09,1,0,3,Business Analytics,Backend,Mobile App Developer
4046,59.2,47.4,58.3,53.0,46.3,38.4,35.5,27.6,54.5,57.2,49.7,45.6,63.5,47.2,41.4,61.2,46.4,42.0,45.2,49.9,45.0,52.1,34.3,62.4,58.1,21.5,40.4,7.09,5,1,3,Business Analytics,Data & Analytics,Mobile App Developer
4047,51.6,51.6,38.8,42.5,45.0,37.1,42.4,26.9,55.8,51.4,48.3,41.7,53.0,48.7,75.8,64.9,39.8,47.8,40.8,41.6,38.6,35.1,47.4,53.9,66.2,51.4,60.8,7.1,3,1,5,Mobile Development,Business,Mobile App Developer
4048,39.9,20.0,47.8,26.6,26.0,18.9,28.9,14.9,23.8,21.0,28.5,37.4,30.8,35.3,23.3,33.4,41.1,19.1,29.3,26.1,26.8,31.9,39.5,14.5,28.8,46.6,41.8,7.11,3,1,2,AI/ML,Business,Mobile App Developer
4049,44.4,43.8,50.3,27.2,61.5,59.9,51.8,51.5,44.2,38.3,45.8,50.7,32.7,75.9,64.4,50.7,49.6,32.8,35.9,37.1,36.6,47.3,67.1,50.6,52.2,58.1,39.5,7.11,3,3,6,Web Development,QA & Testing,Mobile App Developer
4050,50.8,51.8,65.5,61.3,54.4,61.3,53.1,66.3,54.0,47.0,58.2,56.3,64.9,43.6,40.2,37.9,46.5,58.3,49.9,44.6,44.7,49.2,44.8,56.6,25.4,51.4,49.7,7.11,5,0,3,Data Science,QA & Testing,Mobile App Developer
4051,62.1,67.2,71.3,57.0,68.4,62.9,60.6,74.4,67.6,61.6,46.1,63.3,66.0,58.6,51.0,43.6,55.3,84.7,84.5,55.7,48.0,65.8,59.5,65.9,46.8,51.0,54.8,7.11,3,3,5,Cloud Computing,Backend,Mobile App Developer
4052,69.2,67.0,59.4,70.4,66.9,70.6,83.5,78.0,72.6,68.6,69.7,57.4,60.6,43.5,46.8,53.9,57.2,69.2,61.7,57.2,61.7,77.6,52.1,67.4,61.6,58.0,47.6,7.11,7,3,3,Data Science,Data & Analytics,Mobile App Developer
4053,38.1,27.6,29.0,41.9,41.9,39.7,44.8,43.8,48.6,49.3,44.2,31.3,42.9,29.3,24.3,19.7,23.1,46.3,50.9,34.9,29.6,35.2,29.5,29.2,32.8,35.9,29.5,7.12,5,2,2,Cybersecurity,Frontend,Mobile App Developer
4054,71.6,68.6,65.3,56.9,41.6,44.9,47.7,52.4,42.8,47.3,38.8,52.3,63.2,62.2,62.1,59.2,59.5,71.7,87.1,54.3,56.7,80.9,50.3,70.5,53.2,55.2,54.0,7.12,8,2,6,AI/ML,Security,Mobile App Developer
4055,43.7,32.7,30.8,47.0,35.4,43.8,33.9,44.0,34.5,30.3,50.2,43.1,56.2,41.3,42.4,43.7,45.7,51.4,44.6,57.0,61.2,45.6,23.7,22.8,28.0,36.7,60.1,7.13,3,1,7,Mobile Development,Security,Mobile App Developer
4056,67.7,77.7,64.0,50.7,49.7,37.3,47.6,47.7,53.5,47.0,78.0,39.2,60.4,57.4,57.2,55.8,63.0,47.8,57.4,45.0,46.6,52.9,29.7,54.7,32.6,49.3,66.9,7.13,5,1,1,Mobile Development,Security,Mobile App Developer
4057,26.2,16.3,18.8,17.7,42.8,58.8,54.8,40.2,22.9,20.5,13.5,19.2,25.1,13.4,14.4,27.3,28.1,23.8,23.4,14.9,14.4,23.6,14.3,16.9,34.8,27.1,33.4,7.14,4,0,1,Business Analytics,Security,Mobile App Developer
4058,30.0,33.2,39.1,21.7,65.8,66.2,67.2,64.6,47.8,51.6,35.4,39.7,35.8,38.5,21.2,23.3,23.8,27.5,34.7,25.1,27.6,25.8,23.3,39.7,21.2,24.2,24.9,7.14,4,0,3,Mobile Development,Mobile,Mobile App Developer
4059,40.1,38.8,51.0,47.2,31.9,31.6,45.2,44.9,37.4,53.2,31.4,37.0,42.6,43.7,26.7,41.1,39.3,22.2,29.3,13.2,23.9,21.3,27.3,39.7,25.6,27.5,29.6,7.15,10,0,0,DevOps,Frontend,Mobile App Developer
4060,47.6,50.5,47.5,44.0,57.2,53.3,44.5,54.9,43.4,45.0,35.3,43.2,36.4,43.4,39.0,47.2,59.3,40.9,38.9,35.3,39.9,38.0,32.6,48.1,54.3,35.6,53.4,7.15,5,1,3,Web Development,Machine Learning,Mobile App Developer
4061,62.4,66.4,61.7,65.7,79.2,71.1,66.3,77.7,58.7,70.5,65.9,70.1,75.3,40.7,49.8,58.6,37.6,59.0,62.6,67.2,77.6,70.6,67.6,60.7,52.1,63.5,66.6,7.16,7,3,1,Cloud Computing,Cloud & DevOps,Mobile App Developer
4062,24.4,42.5,37.0,26.7,59.8,57.4,53.2,66.0,46.1,46.3,41.1,40.2,48.7,51.4,50.0,57.5,42.5,22.6,27.4,28.2,33.6,27.8,65.4,43.5,26.5,22.9,36.0,7.17,4,1,4,Business Analytics,Security,Mobile App Developer
4063,64.0,73.3,68.3,56.6,63.0,59.0,64.0,66.3,67.1,55.4,67.0,59.3,70.9,68.5,47.7,59.3,60.3,54.2,69.1,70.5,62.9,58.6,47.3,72.9,83.9,83.1,63.9,7.17,8,0,0,Mobile Development,Mobile,Mobile App Developer
4064,26.0,40.7,38.1,52.4,46.4,47.9,41.9,46.7,49.2,53.2,44.2,29.6,37.4,41.9,33.1,54.4,61.5,38.1,50.9,33.7,33.5,52.7,39.2,35.7,40.2,36.4,28.9,7.19,4,3,3,Business Analytics,Backend,Mobile App Developer
4065,34.9,38.5,16.2,46.2,50.8,27.3,42.4,56.5,28.8,41.3,51.7,27.8,37.1,36.1,21.7,28.5,33.1,29.7,53.3,53.1,36.7,41.2,49.7,27.1,41.7,34.8,32.3,7.19,3,1,0,AI/ML,Mobile,Mobile App Developer
4066,50.3,69.9,65.9,61.5,38.3,41.7,43.2,47.4,62.3,57.4,64.2,65.4,52.4,58.2,48.5,78.1,56.6,42.2,39.7,37.5,46.2,43.8,43.6,70.4,57.2,54.6,44.9,7.19,5,1,7,Cybersecurity,Machine Learning,Mobile App Developer
4067,46.6,47.8,57.6,29.3,45.8,48.7,52.4,50.0,36.6,34.2,44.0,34.8,41.0,43.1,36.2,30.1,43.3,31.2,36.8,40.3,34.7,49.2,34.1,57.4,48.9,37.8,42.9,7.2,7,2,1,Cybersecurity,Backend,Mobile App Developer
4068,49.5,49.7,41.5,43.8,63.1,53.8,47.4,56.6,63.7,56.9,55.8,48.5,53.7,59.9,43.8,54.6,39.1,38.3,42.4,56.7,59.7,37.9,77.0,41.6,47.5,64.2,38.0,7.2,6,0,1,AI/ML,Full Stack,Mobile App Developer
4069,25.3,22.6,32.9,22.3,28.9,35.7,38.9,33.8,21.6,16.5,24.2,18.8,29.5,44.5,36.0,49.5,33.3,31.6,27.1,30.2,40.9,32.5,27.3,30.9,45.7,48.2,40.1,7.21,3,3,3,Cybersecurity,QA & Testing,Mobile App Developer
4070,34.6,18.4,22.1,32.1,39.8,50.9,46.6,45.7,32.6,35.2,40.9,32.4,28.4,17.1,10.6,18.1,36.8,42.6,35.2,36.5,46.6,49.6,29.2,46.3,29.1,27.7,36.7,7.21,6,0,0,Mobile Development,Data & Analytics,Mobile App Developer
4071,39.5,17.3,33.8,34.4,15.6,31.1,33.6,19.6,25.2,28.3,29.8,34.2,30.9,24.9,24.7,29.9,23.3,40.5,27.5,25.6,19.9,33.3,36.3,33.0,47.8,34.1,41.6,7.21,3,0,1,Mobile Development,Mobile,Mobile App Developer
4072,42.0,28.8,38.9,31.7,44.6,59.0,58.7,46.5,40.5,36.3,42.7,40.9,43.6,29.7,38.7,29.2,40.8,47.8,52.1,55.1,49.8,44.4,53.9,51.4,41.9,51.9,52.4,7.21,4,1,1,Mobile Development,Frontend,Mobile App Developer
4073,51.3,60.3,58.8,68.9,43.6,51.7,50.6,47.7,65.3,56.7,64.7,55.5,58.8,66.4,72.1,73.5,58.8,51.7,52.0,63.0,45.0,58.3,50.3,57.2,59.3,50.6,48.7,7.21,9,2,1,Mobile Development,QA & Testing,Mobile App Developer
4074,55.0,52.6,57.1,71.9,68.4,53.2,58.0,67.6,77.4,67.0,73.6,47.7,48.8,65.1,63.7,64.2,70.2,49.8,45.0,39.5,29.7,45.0,44.1,47.8,45.7,59.0,49.1,7.22,7,3,1,Cloud Computing,Data & Analytics,Mobile App Developer
4075,44.2,61.6,56.8,47.7,40.6,38.4,47.2,25.8,39.7,43.0,54.4,37.3,36.8,47.2,31.5,34.9,34.2,44.5,41.6,48.0,59.0,42.8,41.2,42.0,24.8,47.2,38.3,7.23,8,3,1,Mobile Development,Backend,Mobile App Developer
4076,54.0,61.2,69.7,62.4,27.7,22.4,30.8,33.2,47.1,55.1,67.1,50.3,38.4,45.5,46.0,58.3,53.9,60.7,65.0,66.1,52.4,54.2,81.4,52.3,57.6,63.0,61.1,7.23,5,0,6,Cloud Computing,Security,Mobile App Developer
4077,31.7,40.7,39.1,16.3,41.0,45.7,24.9,53.9,27.8,34.6,40.7,38.8,44.2,42.8,30.4,42.0,41.0,17.8,26.3,33.5,35.6,22.1,30.1,34.5,60.6,35.5,38.8,7.24,7,1,2,Business Analytics,Frontend,Mobile App Developer
4078,33.9,31.1,30.9,36.1,63.0,58.0,51.6,53.5,35.4,34.6,32.0,34.7,39.4,21.3,40.9,38.2,48.5,33.7,33.6,39.6,48.8,50.8,41.0,46.2,45.6,36.6,55.9,7.24,7,1,3,Mobile Development,Business,Mobile App Developer
4079,30.3,22.9,23.9,17.8,36.3,31.8,28.1,32.1,13.8,31.7,30.3,14.0,26.5,43.1,41.7,27.3,11.9,25.4,32.3,38.3,30.9,30.2,0.0,13.8,23.9,25.8,21.9,7.26,4,2,0,Business Analytics,Full Stack,Mobile App Developer
4080,33.0,26.1,40.8,32.8,31.5,15.8,47.5,17.2,43.1,28.6,40.6,29.6,40.3,38.2,49.1,34.5,40.4,23.0,26.3,30.1,34.5,23.9,41.7,21.2,41.5,49.1,12.8,7.26,4,2,2,Mobile Development,Machine Learning,Mobile App Developer
4081,40.3,51.5,46.7,55.1,76.1,80.5,57.3,65.7,60.2,62.7,57.2,56.1,49.9,42.0,53.6,44.5,29.0,37.5,38.4,50.5,38.2,32.9,46.2,46.9,42.7,40.2,47.9,7.26,7,2,3,Mobile Development,Backend,Mobile App Developer
4082,45.6,61.9,51.8,48.8,51.7,39.6,54.6,56.7,39.8,37.2,55.4,57.5,64.1,52.8,53.9,51.3,56.2,42.4,43.6,58.7,58.7,49.5,75.7,50.4,63.6,56.4,45.8,7.26,2,2,2,Cloud Computing,Business,Mobile App Developer
4083,29.5,51.3,29.7,40.6,23.0,27.8,37.3,43.3,55.8,36.1,46.7,45.7,36.2,46.5,52.3,55.5,43.5,12.8,35.6,37.3,18.0,23.6,54.7,29.8,36.1,44.0,22.4,7.27,7,0,1,Data Science,Mobile,Mobile App Developer
4084,40.7,32.3,42.2,40.8,50.5,43.8,51.6,41.7,33.5,25.9,37.0,47.4,37.7,45.8,33.3,33.1,42.6,47.2,57.5,26.0,30.3,40.4,49.1,31.5,39.9,41.3,47.9,7.28,6,2,1,Cybersecurity,Data & Analytics,Mobile App Developer
4085,16.8,27.7,26.7,25.0,22.5,17.8,27.0,22.3,20.1,21.3,29.7,19.9,15.5,33.7,22.2,17.0,29.4,18.5,18.5,40.3,16.4,12.1,37.5,23.5,31.3,30.5,11.1,7.29,4,1,2,Business Analytics,Frontend,Mobile App Developer
4086,34.1,31.6,29.5,33.6,42.3,41.6,32.4,39.5,21.2,25.3,24.3,35.9,21.8,38.9,37.1,19.0,31.2,26.9,40.7,17.6,33.2,36.2,57.4,51.8,63.8,55.5,39.1,7.3,8,0,2,Cloud Computing,Business,Mobile App Developer
4087,45.7,32.9,38.8,19.0,53.5,35.4,42.1,47.3,30.6,35.7,28.3,34.2,40.5,9.6,26.2,29.5,20.4,40.0,38.6,38.6,24.7,35.6,37.8,28.8,32.6,34.6,22.1,7.3,5,0,1,Business Analytics,Data & Analytics,Mobile App Developer
4088,78.9,81.4,68.7,86.4,83.3,84.4,88.8,91.5,74.7,74.5,84.7,70.1,67.5,81.5,65.9,72.5,59.4,70.2,74.0,82.7,78.4,69.5,64.5,81.2,48.2,61.9,83.4,7.31,5,3,3,Mobile Development,Mobile,Mobile App Developer
4089,28.3,27.4,33.2,28.9,49.3,53.8,49.2,50.0,43.5,35.2,36.6,35.2,44.5,33.5,28.3,31.4,38.5,15.3,25.3,39.1,33.1,19.9,32.3,35.5,23.5,38.7,37.8,7.32,3,0,1,Cybersecurity,Security,Mobile App Developer
4090,26.3,41.3,36.8,21.1,34.4,20.6,26.0,30.8,19.8,13.3,17.6,28.9,39.1,41.8,42.7,39.9,42.9,42.5,37.4,28.4,23.8,22.5,41.5,30.9,16.1,34.8,43.2,7.33,3,1,2,Mobile Development,Security,Mobile App Developer
4091,46.8,31.7,48.4,50.4,24.1,17.8,34.0,28.5,42.8,52.6,38.1,31.6,48.2,35.3,26.4,27.8,43.2,42.3,42.3,46.0,66.7,35.1,51.7,42.3,57.2,46.1,57.8,7.33,3,2,2,Data Science,Full Stack,Mobile App Developer
4092,30.6,23.8,30.5,43.3,14.5,19.8,23.9,19.6,19.8,15.5,27.6,26.3,22.6,33.4,37.1,28.6,36.3,41.1,45.9,36.6,44.2,40.6,27.2,14.5,41.3,42.0,46.7,7.34,6,2,0,Data Science,Machine Learning,Mobile App Developer
4093,32.9,39.1,27.7,38.5,52.0,41.4,41.4,38.6,28.1,19.3,25.7,29.7,23.7,31.2,36.3,30.5,22.2,34.7,25.5,29.3,35.4,36.3,41.8,27.2,43.6,27.6,24.7,7.34,3,0,3,Data Science,Cloud & DevOps,Mobile App Developer
4094,33.7,28.7,19.3,23.7,37.0,39.3,34.2,48.3,26.2,31.7,22.8,29.2,24.1,33.4,40.9,23.5,37.5,41.5,50.5,35.0,33.6,39.3,20.8,34.7,35.8,53.7,31.3,7.34,4,2,4,DevOps,Frontend,Mobile App Developer
4095,37.8,43.8,40.7,43.5,12.1,19.6,31.8,39.0,33.5,37.7,36.6,47.2,32.9,52.7,48.4,36.1,54.0,43.1,50.1,31.9,35.6,40.0,36.4,46.2,38.7,30.2,44.0,7.34,3,2,6,Business Analytics,Data & Analytics,Mobile App Developer
4096,31.7,31.2,26.2,41.3,64.9,72.3,46.8,54.0,42.1,27.9,50.3,27.7,46.1,36.4,33.5,44.1,43.1,37.2,36.3,65.1,55.0,43.3,30.7,27.8,43.9,43.2,38.9,7.35,1,1,5,Business Analytics,Frontend,Mobile App Developer
4097,38.8,50.1,63.1,38.3,55.2,60.3,54.4,58.3,47.1,38.4,29.8,52.2,66.0,55.6,60.7,48.7,54.4,40.6,47.2,40.3,29.8,60.4,63.8,68.7,76.8,62.0,45.4,7.35,6,1,3,Cloud Computing,Mobile,Mobile App Developer
4098,50.8,58.6,50.1,57.4,60.8,46.9,49.5,45.7,58.7,46.2,58.8,51.7,33.2,41.3,43.5,38.6,29.4,50.7,55.2,57.2,57.8,64.5,59.5,49.2,44.6,51.2,41.3,7.35,4,1,2,Business Analytics,Backend,Mobile App Developer
4099,57.2,48.1,32.8,49.4,52.1,47.8,49.4,49.5,49.5,51.8,34.6,49.4,51.8,49.8,47.1,42.9,46.7,47.5,51.7,42.0,35.7,50.5,58.9,52.0,44.5,37.0,37.2,7.36,6,1,4,DevOps,QA & Testing,Mobile App Developer
4100,24.4,23.0,16.7,12.8,37.3,39.1,35.1,49.0,27.9,20.3,14.1,29.9,35.4,31.0,38.5,25.1,30.6,38.5,29.7,12.5,20.3,29.9,27.2,25.3,29.2,21.6,36.7,7.37,4,2,5,Cybersecurity,Frontend,Mobile App Developer
4101,32.0,54.7,43.6,34.0,49.1,55.2,55.4,57.4,45.1,39.8,53.5,58.0,64.2,52.1,61.3,51.3,40.6,29.5,47.9,45.9,52.8,30.1,55.1,41.9,37.7,68.4,51.7,7.37,5,2,3,Cybersecurity,Frontend,Mobile App Developer
4102,38.4,31.2,41.8,44.4,32.3,26.2,39.6,43.0,33.7,43.7,50.0,38.3,47.7,44.0,34.8,32.7,32.3,69.2,69.3,56.9,38.9,64.9,30.7,51.0,36.6,26.5,37.9,7.37,5,0,2,Data Science,Data & Analytics,Mobile App Developer
4103,52.2,64.6,58.7,58.8,69.1,59.8,50.6,63.2,67.9,47.1,50.6,66.3,58.8,53.9,52.1,49.0,64.6,54.2,61.5,48.2,35.4,58.3,56.3,54.9,41.4,57.5,50.3,7.38,8,0,2,Business Analytics,Backend,Mobile App Developer
4104,58.8,36.0,48.3,51.1,31.1,26.0,40.6,13.7,48.4,44.1,57.6,41.8,47.6,37.6,42.5,38.1,52.5,47.7,57.9,43.0,37.6,56.7,63.3,48.2,56.1,34.2,58.9,7.38,2,2,3,Web Development,Mobile,Mobile App Developer
4105,67.9,68.1,86.3,58.9,55.1,57.1,57.5,51.4,62.4,72.8,56.7,62.6,65.5,53.3,44.2,57.3,73.1,63.2,77.2,53.0,74.0,67.7,49.1,45.6,66.4,69.9,58.7,7.38,4,1,4,DevOps,Cloud & DevOps,Mobile App Developer
4106,70.6,64.2,74.3,58.9,62.4,74.0,80.4,83.3,71.8,56.3,60.9,58.7,57.0,56.6,61.7,66.5,55.1,55.9,50.3,77.5,81.7,71.6,53.5,69.3,68.6,63.7,75.8,7.38,6,2,4,Business Analytics,Full Stack,Mobile App Developer
4107,22.7,40.0,34.0,34.9,61.4,45.2,56.0,37.0,41.6,34.0,31.5,35.8,29.2,46.9,35.1,53.4,33.9,34.9,40.3,51.4,36.0,20.6,48.2,35.3,55.9,60.8,31.8,7.39,3,2,4,Business Analytics,Business,Mobile App Developer
4108,33.0,36.2,30.2,44.1,39.8,42.0,35.4,43.6,45.1,39.1,48.7,37.5,35.0,48.4,51.7,39.8,56.5,43.0,61.9,37.6,29.2,40.0,19.9,29.3,18.7,21.8,36.7,7.39,2,0,3,Data Science,Machine Learning,Mobile App Developer
4109,55.7,49.7,48.6,53.8,64.6,72.3,56.0,58.5,47.4,61.1,43.6,49.2,45.7,60.8,37.2,39.5,40.4,46.2,43.8,71.2,73.4,53.0,74.2,34.0,53.8,50.8,53.6,7.4,5,1,2,Cloud Computing,Frontend,Mobile App Developer
4110,44.3,68.0,54.2,47.3,48.9,48.7,44.5,44.2,57.4,52.8,62.3,57.8,65.0,69.9,55.9,62.4,48.7,28.8,39.2,53.3,28.4,43.1,43.4,44.0,55.0,52.7,44.3,7.41,6,2,4,Cloud Computing,QA & Testing,Mobile App Developer
4111,48.0,74.8,76.0,48.5,37.4,31.4,59.7,45.3,51.4,68.0,53.1,48.5,40.9,44.7,44.6,38.1,71.7,49.4,45.1,51.9,48.7,45.5,56.2,64.1,64.5,69.1,44.9,7.41,4,2,2,Mobile Development,Data & Analytics,Mobile App Developer
4112,52.4,30.3,49.7,28.1,66.2,49.7,41.5,27.0,32.4,28.7,33.5,44.8,46.8,35.2,37.8,39.0,36.6,33.0,51.6,38.9,48.5,52.3,45.0,41.0,25.6,37.8,47.9,7.41,3,0,4,Business Analytics,QA & Testing,Mobile App Developer
4113,53.1,46.6,45.9,42.8,24.7,25.4,38.9,51.1,34.6,41.4,43.7,49.7,48.2,62.4,52.4,53.3,38.9,51.2,67.2,65.5,66.8,66.6,66.0,37.5,46.4,37.3,41.6,7.41,6,2,3,Cloud Computing,Business,Mobile App Developer
4114,63.7,67.7,61.0,58.1,37.2,39.3,49.9,42.1,70.4,54.0,59.4,68.7,63.5,72.5,72.9,71.5,70.5,48.7,48.7,40.3,36.5,54.6,61.5,67.4,63.2,56.6,71.2,7.41,6,3,1,Cybersecurity,Security,Mobile App Developer
4115,42.8,43.8,60.8,41.6,43.1,43.8,38.7,42.8,52.3,62.4,35.6,47.1,47.1,63.4,62.0,67.0,56.2,47.9,54.2,40.8,38.4,20.0,41.7,54.6,40.0,37.6,22.7,7.42,9,0,2,Cybersecurity,Cloud & DevOps,Mobile App Developer
4116,45.5,33.8,30.3,51.6,48.9,60.7,45.7,57.5,34.1,31.2,36.4,34.6,40.5,35.9,32.0,34.2,46.6,40.1,54.5,47.0,57.8,53.1,58.6,52.5,43.9,48.3,37.2,7.42,6,2,6,Data Science,Cloud & DevOps,Mobile App Developer
4117,29.2,34.9,42.9,33.3,36.3,35.0,39.1,49.5,36.9,29.1,27.0,47.9,40.8,39.5,33.4,40.0,28.4,28.7,50.1,40.4,40.3,46.2,57.3,43.0,43.3,54.5,42.7,7.43,5,1,5,Data Science,Business,Mobile App Developer
4118,47.4,51.3,50.7,50.8,44.0,55.7,43.6,48.0,53.8,54.9,58.1,38.9,49.8,50.4,54.9,36.9,48.6,56.9,61.5,49.8,49.1,40.2,40.2,44.9,27.1,54.4,43.8,7.43,6,2,3,DevOps,Machine Learning,Mobile App Developer
4119,63.9,69.6,64.8,53.5,59.7,54.6,70.8,73.9,76.4,47.5,55.2,63.1,64.4,55.9,55.8,76.3,61.0,47.0,51.4,48.4,40.5,55.8,52.0,48.0,75.5,63.2,56.5,7.43,7,2,3,DevOps,Mobile,Mobile App Developer
4120,32.3,20.1,24.3,50.1,38.3,49.9,47.4,44.3,18.3,26.2,26.7,24.9,44.4,42.4,45.5,28.9,34.9,38.0,17.0,51.9,48.6,33.6,40.1,20.9,53.7,56.0,35.5,7.44,4,2,4,Web Development,Business,Mobile App Developer
4121,33.5,50.8,48.0,50.4,51.0,36.3,25.7,20.9,41.6,45.4,44.4,33.3,30.5,50.6,45.1,40.4,57.9,33.6,30.3,38.5,48.4,47.5,45.1,30.9,43.1,31.3,44.2,7.44,5,1,2,Business Analytics,QA & Testing,Mobile App Developer
4122,45.7,43.7,49.6,41.4,55.1,43.5,53.3,40.3,47.4,48.3,44.0,62.4,51.4,34.3,42.9,34.7,47.6,52.1,50.3,37.6,32.4,65.5,36.4,42.1,39.8,24.7,53.2,7.44,8,1,3,Mobile Development,QA & Testing,Mobile App Developer
4123,45.9,56.6,58.6,59.1,67.0,64.8,51.4,68.8,52.6,57.0,54.0,51.8,53.7,56.2,48.8,68.2,40.5,53.0,54.7,51.6,67.3,60.7,67.0,54.3,57.9,58.8,55.8,7.44,11,1,4,Cloud Computing,Security,Mobile App Developer
4124,39.6,42.5,42.2,22.2,35.7,53.8,35.9,33.2,31.4,31.7,33.8,37.2,39.0,21.4,21.8,39.5,32.7,39.0,47.2,19.1,16.9,39.8,40.1,25.4,30.1,31.4,41.6,7.45,4,2,0,Data Science,Cloud & DevOps,Mobile App Developer
4125,62.1,33.4,56.4,58.4,53.2,48.6,56.0,50.9,53.6,46.6,38.9,53.1,61.8,34.2,36.7,37.6,28.8,46.4,56.3,45.7,46.3,52.1,45.7,42.9,52.0,48.4,40.3,7.45,6,1,1,Cybersecurity,Data & Analytics,Mobile App Developer
4126,47.6,45.9,68.7,55.1,61.3,61.3,48.6,69.3,60.5,52.5,58.3,50.2,58.4,48.7,44.6,44.2,40.8,33.3,46.8,72.5,62.2,54.0,69.7,60.3,70.9,57.9,48.5,7.46,5,3,4,AI/ML,QA & Testing,Mobile App Developer
4127,48.0,72.7,62.6,63.4,76.2,91.2,84.8,92.6,77.5,76.9,57.0,64.0,72.5,62.6,72.1,56.1,65.5,44.8,38.8,53.7,49.6,41.0,56.9,61.3,62.3,65.9,65.9,7.46,7,3,4,Data Science,QA & Testing,Mobile App Developer
4128,57.7,68.0,55.9,66.7,55.9,38.1,49.7,33.2,54.2,77.4,76.0,51.2,50.7,59.5,62.7,47.5,59.2,59.0,54.4,65.0,59.6,58.8,74.3,49.2,70.1,68.8,51.0,7.46,7,2,3,Mobile Development,Backend,Mobile App Developer
4129,21.7,53.3,42.4,46.9,58.1,70.0,52.0,60.8,55.9,36.9,52.1,36.9,56.5,44.9,38.0,29.8,35.5,45.7,47.8,55.0,55.1,43.8,33.5,39.8,29.0,44.0,42.5,7.47,2,1,1,Web Development,Data & Analytics,Mobile App Developer
4130,60.2,37.7,28.5,48.8,36.1,28.4,23.0,28.0,27.3,35.6,27.0,47.6,41.4,25.8,42.6,57.0,31.8,52.6,68.1,45.4,61.0,49.1,49.0,47.9,40.7,47.9,43.2,7.47,3,1,4,AI/ML,Machine Learning,Mobile App Developer
4131,17.0,35.9,28.7,37.2,36.1,40.2,35.2,32.8,26.5,39.4,51.3,24.9,23.0,22.5,33.8,29.2,32.3,29.8,27.2,37.8,38.2,37.8,24.3,10.1,40.8,19.4,41.4,7.48,5,1,6,AI/ML,Backend,Mobile App Developer
4132,51.2,49.5,49.5,52.6,49.2,48.2,59.8,65.5,44.6,47.0,30.8,57.8,68.9,62.1,53.9,57.7,65.0,45.8,66.4,33.8,40.4,64.5,56.3,55.4,59.0,30.9,55.0,7.48,10,3,3,Mobile Development,Machine Learning,Mobile App Developer
4133,62.1,47.6,52.4,58.8,51.0,50.9,54.6,57.5,52.2,47.8,46.5,50.9,61.3,54.7,43.9,33.6,41.5,59.6,81.4,51.2,65.2,76.5,40.0,56.4,34.8,44.7,61.3,7.48,9,1,2,Web Development,Frontend,Mobile App Developer
4134,39.0,33.0,37.3,22.8,60.1,51.1,40.1,54.0,37.4,37.1,20.9,49.6,35.0,30.3,35.7,36.9,26.5,33.2,28.4,21.2,11.8,25.5,31.3,37.2,20.4,34.5,43.8,7.49,3,2,0,Web Development,Frontend,Mobile App Developer
4135,46.3,49.9,49.6,37.6,32.6,34.3,48.1,40.9,53.5,45.7,28.6,47.7,43.9,33.7,28.5,39.3,40.8,30.5,21.2,32.7,26.3,31.4,36.6,33.2,30.0,48.4,34.1,7.49,4,2,0,Cybersecurity,Security,Mobile App Developer
4136,47.9,40.6,43.8,44.8,43.5,40.4,43.4,48.8,34.1,48.0,26.4,50.5,45.6,38.4,34.4,46.5,42.9,54.0,46.9,49.0,51.4,48.7,51.4,37.4,63.8,55.9,44.7,7.5,6,3,2,Data Science,Business,Mobile App Developer
4137,54.0,59.8,45.8,52.8,40.3,21.9,33.9,36.6,51.7,49.0,57.3,39.3,37.5,51.8,39.5,47.8,25.1,36.1,31.0,37.5,44.3,28.3,29.2,34.8,41.4,32.9,31.5,7.5,2,1,2,AI/ML,Full Stack,Mobile App Developer
4138,42.3,34.1,27.3,35.2,58.5,64.1,42.1,57.7,21.1,31.0,22.4,43.7,29.5,25.6,28.4,31.8,39.1,54.7,48.1,22.1,31.0,39.5,33.2,32.0,20.3,44.2,47.0,7.51,5,0,3,Web Development,Mobile,Mobile App Developer
4139,44.9,53.3,40.9,37.0,36.4,33.2,36.8,23.3,52.8,49.3,37.3,38.6,33.3,35.4,35.7,32.5,34.4,39.2,16.3,40.6,42.0,38.0,42.1,39.5,64.8,75.3,39.3,7.51,7,2,1,Mobile Development,Cloud & DevOps,Mobile App Developer
4140,51.0,51.1,44.6,59.8,51.6,57.3,51.7,55.8,64.3,55.3,51.7,44.9,60.7,56.9,55.8,53.4,57.9,42.6,46.6,62.8,48.8,45.0,34.8,48.6,36.3,57.0,57.5,7.52,4,2,2,Web Development,Mobile,Mobile App Developer
4141,40.7,49.7,36.4,30.7,59.5,59.6,35.6,52.8,40.0,42.9,39.8,34.5,46.1,35.2,49.0,50.0,55.6,32.1,24.9,50.9,51.5,50.0,35.3,56.5,40.4,41.7,47.1,7.53,7,0,4,DevOps,Frontend,Mobile App Developer
4142,44.8,58.2,55.4,48.6,50.0,66.4,58.3,59.3,72.8,67.3,46.6,49.4,51.9,61.7,59.1,61.3,54.1,35.3,34.3,41.2,34.9,47.7,60.9,39.8,57.6,44.4,56.8,7.54,5,2,5,DevOps,Mobile,Mobile App Developer
4143,48.3,56.5,61.6,52.1,48.0,45.7,39.6,43.3,39.5,47.0,53.7,53.0,53.3,51.2,52.1,51.8,59.8,60.8,50.4,44.3,50.0,57.9,70.6,68.7,45.3,36.7,71.9,7.54,7,0,1,Mobile Development,Data & Analytics,Mobile App Developer
4144,84.9,69.6,74.5,78.4,49.9,62.5,43.5,46.1,63.2,54.6,64.0,58.3,65.0,65.8,38.6,47.7,62.5,69.2,77.8,81.0,70.5,70.2,82.3,79.0,77.0,71.5,84.5,7.54,7,1,4,Web Development,Full Stack,Mobile App Developer
4145,65.5,59.0,56.2,64.7,48.3,57.7,64.6,75.9,64.7,56.6,51.4,60.0,49.7,27.6,43.6,39.5,70.9,47.6,50.0,59.3,60.5,64.2,53.5,57.3,44.6,43.8,78.2,7.55,7,1,4,Cloud Computing,Cloud & DevOps,Mobile App Developer
4146,49.4,41.6,39.4,37.8,40.8,25.9,52.8,46.1,51.5,44.6,34.2,38.3,43.9,42.8,37.2,28.0,45.6,28.7,35.5,18.8,15.0,25.8,31.4,34.9,46.9,41.8,28.2,7.56,8,1,3,Web Development,Mobile,Mobile App Developer
4147,50.0,57.4,48.2,49.5,39.4,19.3,46.0,35.5,34.9,45.2,54.5,44.8,47.2,44.9,52.9,61.8,65.7,50.6,54.0,41.4,43.9,40.1,37.7,47.4,28.2,61.6,41.3,7.56,3,2,1,Cybersecurity,Mobile,Mobile App Developer
4148,51.1,41.7,56.9,50.0,34.1,20.4,40.8,38.5,44.3,56.7,46.7,44.5,45.6,58.2,55.7,46.8,51.0,33.9,33.9,23.4,32.0,24.3,36.8,40.0,34.9,41.2,40.2,7.56,3,1,3,Mobile Development,Mobile,Mobile App Developer
4149,53.7,64.4,50.6,58.1,64.3,79.0,52.9,68.6,61.9,77.7,58.6,66.2,52.7,76.3,69.5,60.0,53.3,73.3,61.3,69.8,55.8,60.1,55.4,58.6,60.9,56.8,58.3,7.56,5,0,4,Mobile Development,Data & Analytics,Mobile App Developer
4150,38.2,46.0,44.1,29.8,57.6,57.6,45.2,57.5,44.1,38.3,29.1,46.1,50.9,35.6,48.3,56.1,29.8,40.7,46.5,37.9,38.3,46.0,48.7,27.3,45.8,61.4,29.1,7.57,3,0,4,DevOps,QA & Testing,Mobile App Developer
4151,47.0,42.0,47.4,46.4,35.5,30.4,41.7,29.0,43.3,51.2,49.3,45.3,51.9,48.8,48.1,54.5,60.1,34.8,38.7,37.2,31.6,37.9,37.9,38.1,40.0,31.7,40.5,7.57,4,1,0,DevOps,Frontend,Mobile App Developer
4152,46.1,53.9,31.5,53.7,43.9,56.4,52.5,65.8,44.4,43.9,45.2,38.4,59.9,61.6,56.1,59.6,58.3,57.9,52.5,53.7,54.6,56.5,41.7,42.6,63.3,57.3,50.0,7.58,4,2,1,DevOps,Mobile,Mobile App Developer
4153,59.5,45.3,41.3,57.4,63.6,84.8,59.8,67.8,41.9,62.2,54.7,57.1,59.2,60.4,58.6,65.1,55.1,84.4,70.2,76.7,61.3,57.5,66.2,48.1,73.2,70.3,41.1,7.59,3,3,4,Mobile Development,Full Stack,Mobile App Developer
4154,25.5,24.6,15.7,22.7,45.7,47.1,40.3,34.9,8.4,20.9,12.3,43.0,29.1,30.5,33.1,36.5,29.2,21.3,31.1,5.4,21.4,17.3,37.3,20.0,22.0,31.0,16.8,7.6,3,0,0,Web Development,QA & Testing,Mobile App Developer
4155,40.6,57.0,59.6,50.6,53.2,44.5,53.7,50.3,66.9,56.9,58.8,53.5,50.2,45.8,42.6,53.7,36.9,51.7,53.3,39.8,45.4,39.8,59.5,60.4,62.9,60.2,53.4,7.62,3,1,2,Mobile Development,Machine Learning,Mobile App Developer
4156,51.0,32.2,41.5,58.5,22.8,17.5,36.9,24.1,54.2,60.6,60.0,48.1,42.8,54.0,45.5,50.1,47.6,58.1,52.2,63.3,44.7,38.2,51.6,18.2,51.1,58.7,40.1,7.62,1,0,1,Business Analytics,Frontend,Mobile App Developer
4157,63.2,56.6,62.0,36.8,56.6,73.4,65.3,61.1,53.4,54.1,47.1,63.3,54.0,59.6,54.2,45.6,65.9,73.6,59.7,45.3,52.0,57.8,56.6,68.4,47.5,52.4,56.5,7.63,7,3,4,Data Science,Mobile,Mobile App Developer
4158,27.3,44.9,29.5,38.2,14.2,17.7,20.1,8.7,23.6,33.1,25.5,38.3,13.9,20.3,29.5,17.4,23.8,14.3,32.1,35.0,43.5,24.1,32.6,51.5,16.6,37.7,40.6,7.64,0,1,0,Mobile Development,Backend,Mobile App Developer
4159,49.6,54.8,40.1,57.7,63.2,62.4,60.3,37.6,53.3,48.2,58.8,58.2,51.6,54.4,62.3,48.1,55.4,35.8,45.9,60.9,63.1,49.8,64.5,37.4,57.1,55.7,42.0,7.64,3,1,0,DevOps,Frontend,Mobile App Developer
4160,60.5,45.7,56.8,51.0,43.4,46.0,47.5,41.3,62.3,38.0,39.0,54.6,44.0,53.1,40.6,25.5,39.4,36.4,40.6,40.8,35.3,38.8,44.3,33.9,56.6,65.4,60.1,7.64,4,1,3,Business Analytics,Business,Mobile App Developer
4161,65.6,56.0,68.6,45.9,50.9,45.7,47.0,48.7,51.8,64.7,47.5,64.3,66.5,59.6,75.1,62.7,68.1,58.4,41.9,29.5,39.0,60.5,57.4,65.3,65.7,56.2,65.3,7.64,8,2,4,Data Science,Security,Mobile App Developer
4162,23.1,28.0,29.4,30.4,25.2,28.1,18.9,34.8,35.6,42.7,19.1,26.3,26.5,57.2,38.8,44.7,33.1,26.2,27.1,28.6,25.3,17.4,36.5,30.1,31.5,25.5,34.4,7.66,6,2,2,Cloud Computing,Cloud & DevOps,Mobile App Developer
4163,52.7,54.6,51.9,65.2,45.5,56.8,55.0,61.7,50.2,69.6,62.6,53.5,38.3,51.5,63.6,52.1,61.4,34.3,40.7,53.6,71.7,55.6,55.5,59.6,50.1,72.9,47.4,7.66,2,1,0,DevOps,Business,Mobile App Developer
4164,22.5,40.2,50.1,55.3,68.0,49.9,55.8,67.7,43.2,59.7,50.2,47.2,50.5,41.4,47.7,47.9,48.8,17.7,26.3,29.7,41.8,23.8,70.1,22.7,55.5,55.4,44.5,7.67,3,2,1,Mobile Development,Frontend,Mobile App Developer
4165,39.1,43.0,45.7,33.8,55.4,64.8,49.5,42.8,47.7,46.4,39.0,38.6,63.9,47.6,44.7,46.5,38.7,47.4,40.4,32.5,28.8,37.1,37.8,49.0,35.0,25.5,32.6,7.67,5,2,2,Cloud Computing,Machine Learning,Mobile App Developer
4166,49.8,56.4,52.4,42.1,58.0,51.6,47.1,51.7,47.4,36.1,53.9,49.7,51.9,44.0,48.3,51.1,58.5,45.8,31.0,60.4,49.5,39.5,42.1,41.0,42.3,39.4,52.3,7.67,6,1,2,Mobile Development,Machine Learning,Mobile App Developer
4167,60.6,53.5,61.6,60.6,52.5,69.8,68.2,54.6,47.1,48.4,53.3,46.4,54.1,39.3,78.4,48.7,59.2,52.6,61.4,65.0,73.3,58.4,52.5,58.8,29.9,39.7,63.2,7.67,7,2,3,Business Analytics,Cloud & DevOps,Mobile App Developer
4168,73.1,65.8,81.4,57.1,45.4,25.7,56.9,42.3,59.4,64.0,69.4,54.2,46.6,51.5,52.7,43.3,46.9,79.9,65.2,41.5,32.7,66.7,35.3,40.2,38.9,42.2,53.0,7.68,10,2,0,Business Analytics,Backend,Mobile App Developer
4169,41.9,50.4,61.4,37.9,56.7,66.6,61.7,61.0,48.2,45.1,36.3,65.5,43.9,52.8,30.2,43.7,52.8,47.8,45.0,40.2,42.5,56.1,46.9,55.9,49.3,55.9,51.4,7.69,6,1,2,Cloud Computing,Full Stack,Mobile App Developer
4170,84.7,78.6,76.0,77.5,46.6,47.3,52.8,59.5,54.9,66.3,72.7,63.0,62.4,76.6,77.2,67.6,69.6,90.1,79.4,74.0,75.5,85.7,50.1,67.5,66.7,75.3,69.9,7.7,8,2,2,Mobile Development,Backend,Mobile App Developer
4171,62.6,42.0,47.6,46.5,66.1,64.1,57.9,60.5,48.6,39.6,56.4,62.1,47.8,46.5,49.8,48.5,55.4,64.8,56.4,49.3,50.3,50.8,51.2,52.4,37.6,30.6,54.5,7.71,7,2,3,Mobile Development,Cloud & DevOps,Mobile App Developer
4172,31.1,33.2,38.6,37.0,23.7,18.4,22.5,24.0,31.0,37.5,51.9,32.8,33.9,35.6,25.4,40.0,22.7,26.1,34.7,36.5,46.3,29.5,28.8,24.2,32.4,25.5,46.3,7.73,6,1,1,AI/ML,Security,Mobile App Developer
4173,67.6,62.0,54.6,68.0,57.7,55.3,57.8,61.7,66.0,56.6,61.7,56.4,63.0,55.0,56.7,59.6,45.9,80.6,54.9,57.5,61.5,59.8,67.6,65.5,64.1,51.1,61.7,7.73,7,1,1,Data Science,Business,Mobile App Developer
4174,41.3,47.4,76.7,36.7,45.5,39.2,32.9,33.8,41.5,13.4,28.5,37.0,47.4,33.6,34.5,41.1,35.9,34.2,55.9,28.8,19.1,51.8,32.2,63.0,35.6,26.0,46.9,7.74,4,1,2,Mobile Development,QA & Testing,Mobile App Developer
4175,55.8,50.5,57.5,46.6,25.2,14.8,34.3,29.4,53.8,40.2,45.1,39.1,46.3,52.9,39.7,42.7,51.5,57.5,59.3,44.4,48.6,57.4,49.4,50.8,46.1,48.9,64.2,7.74,5,2,3,Data Science,Machine Learning,Mobile App Developer
4176,64.4,52.2,41.6,35.0,71.7,73.5,54.1,77.7,47.8,28.9,42.0,45.8,57.1,50.6,37.6,46.8,72.3,48.3,51.0,43.4,44.0,61.6,45.5,49.6,54.9,52.1,53.0,7.74,9,2,3,Web Development,Machine Learning,Mobile App Developer
4177,26.9,42.1,34.0,47.1,71.2,59.4,58.2,68.8,51.2,48.2,50.9,36.4,48.7,55.7,55.1,48.5,52.1,37.2,8.6,51.7,48.0,40.8,67.2,41.3,50.8,63.3,54.2,7.75,8,0,1,Web Development,Full Stack,Mobile App Developer
4178,61.4,45.6,38.6,40.5,58.7,61.3,64.3,54.8,47.2,47.3,35.9,58.6,28.3,33.5,53.1,41.9,43.9,73.0,66.4,45.0,44.4,50.3,37.4,39.6,48.6,39.9,50.7,7.75,2,2,3,DevOps,QA & Testing,Mobile App Developer
4179,27.6,47.3,59.5,40.9,41.2,38.8,28.6,45.0,42.0,41.5,27.5,48.1,37.1,39.3,36.2,29.4,46.3,40.1,30.5,33.0,39.6,29.0,38.8,51.4,37.0,47.7,43.2,7.76,2,0,2,AI/ML,QA & Testing,Mobile App Developer
4180,44.8,43.2,39.1,46.6,25.8,17.9,26.9,19.2,54.4,48.1,43.1,29.7,46.7,42.1,36.2,44.1,42.7,38.8,51.5,50.5,42.2,44.4,46.2,43.9,38.3,31.0,43.5,7.76,6,0,0,DevOps,Backend,Mobile App Developer
4181,45.5,48.6,25.5,31.9,37.9,59.5,47.6,45.3,48.3,49.9,41.2,57.7,43.9,65.3,60.0,60.3,57.8,46.5,42.7,30.9,47.0,32.5,50.0,42.1,42.7,53.0,40.2,7.76,7,1,2,Data Science,Data & Analytics,Mobile App Developer
4182,38.3,41.5,44.0,50.9,26.2,22.9,43.3,19.2,36.1,33.3,43.4,38.4,35.4,24.3,52.5,34.6,35.6,32.1,30.8,48.4,51.1,38.3,38.1,52.2,35.8,30.3,48.6,7.77,1,1,1,Web Development,Machine Learning,Mobile App Developer
4183,43.7,57.9,48.8,43.5,69.0,67.6,54.0,75.9,57.9,55.2,27.2,60.3,55.5,62.1,68.4,65.2,57.3,42.9,32.9,32.5,48.9,39.9,75.3,62.9,75.3,69.1,51.9,7.77,4,3,7,Cloud Computing,Business,Mobile App Developer
4184,52.6,59.1,55.0,50.9,69.9,71.3,56.5,58.1,62.5,53.3,49.3,58.7,61.7,37.9,48.7,42.7,47.3,68.5,65.6,44.6,52.9,56.6,62.3,60.9,49.2,59.3,55.6,7.77,7,3,6,Cloud Computing,Business,Mobile App Developer
4185,35.2,34.3,31.9,50.3,54.4,58.6,50.3,62.8,53.6,35.8,45.6,42.6,44.9,35.6,35.8,45.1,31.4,39.5,35.7,47.0,34.4,36.1,39.3,33.6,35.8,35.8,11.9,7.78,6,2,2,Cybersecurity,Security,Mobile App Developer
4186,44.6,33.4,27.9,53.4,43.3,55.0,57.3,55.1,34.5,42.6,51.0,33.6,33.3,26.6,28.2,24.5,28.8,55.6,30.6,51.6,29.6,40.2,24.9,52.8,32.2,36.8,25.0,7.81,5,1,6,Cybersecurity,Frontend,Mobile App Developer
4187,51.5,50.1,55.8,49.9,46.2,45.9,59.5,57.5,53.5,40.8,38.4,54.9,57.2,51.0,67.8,43.8,53.1,72.5,63.9,38.5,32.4,63.3,68.6,57.8,50.8,66.9,69.6,7.81,8,0,2,Data Science,Backend,Mobile App Developer
4188,66.7,69.1,46.9,65.2,44.4,45.9,48.4,44.4,53.3,71.1,60.4,50.9,45.6,46.9,53.4,53.9,65.2,65.7,57.1,75.9,60.8,48.8,59.8,43.3,61.4,84.4,49.8,7.82,9,1,1,Data Science,Business,Mobile App Developer
4189,56.9,56.6,38.5,42.9,54.9,75.3,69.5,55.1,48.7,47.7,49.7,58.9,48.3,63.9,54.0,49.3,69.5,61.8,49.6,44.0,46.0,58.3,43.4,41.2,43.7,46.6,27.1,7.84,5,2,8,DevOps,QA & Testing,Mobile App Developer
4190,41.8,54.3,62.5,46.6,60.6,64.4,53.8,50.0,46.7,43.6,45.7,57.7,58.9,62.6,58.8,50.2,62.1,40.6,38.9,46.8,42.4,30.2,46.3,44.6,60.7,63.7,51.1,7.85,7,0,5,Cloud Computing,Security,Mobile App Developer
4191,64.1,60.5,56.1,55.9,55.5,44.5,55.5,64.6,69.1,58.3,42.6,60.3,61.1,54.1,54.5,52.4,48.4,60.5,56.9,45.9,43.5,66.2,40.1,67.1,70.9,52.7,57.9,7.85,8,3,2,AI/ML,Cloud & DevOps,Mobile App Developer
4192,38.7,38.2,44.0,45.7,61.2,53.6,43.4,58.6,39.2,38.8,36.2,41.3,37.3,37.1,42.0,52.4,57.8,56.2,53.5,57.1,50.0,51.0,66.2,48.7,70.8,64.0,38.7,7.86,7,2,1,AI/ML,Security,Mobile App Developer
4193,54.3,25.1,33.1,60.0,39.8,43.3,34.8,28.4,30.4,59.4,47.1,36.7,39.2,47.4,51.5,48.7,47.1,53.9,45.4,69.0,65.1,50.2,37.1,37.1,24.5,34.7,52.8,7.88,1,2,4,Data Science,Full Stack,Mobile App Developer
4194,37.5,43.6,42.4,47.8,44.8,49.9,29.6,47.1,46.0,48.4,61.3,38.6,48.6,51.3,50.8,50.7,39.7,48.8,50.8,53.4,59.4,44.0,38.0,19.7,40.0,46.6,51.0,7.91,5,2,4,AI/ML,Data & Analytics,Mobile App Developer
4195,78.4,75.0,65.0,54.9,72.5,47.0,58.3,62.7,56.8,68.6,58.6,55.3,63.3,53.9,62.7,62.3,48.1,55.2,58.7,52.1,64.3,52.2,79.7,71.8,56.8,68.9,52.8,7.91,7,1,1,Cloud Computing,Full Stack,Mobile App Developer
4196,46.0,57.8,59.7,41.4,54.0,68.9,59.9,59.0,61.8,64.3,64.9,58.5,58.5,58.0,69.5,58.2,52.3,25.4,20.1,31.2,39.4,34.7,56.1,66.7,46.7,50.4,54.4,7.92,3,1,0,DevOps,Mobile,Mobile App Developer
4197,58.5,62.3,75.1,44.7,55.1,52.5,47.9,45.2,64.3,52.0,56.5,48.5,50.6,46.6,39.1,49.6,47.7,57.2,53.6,49.7,29.7,57.8,38.9,64.0,27.1,47.0,54.9,7.93,8,1,2,Cybersecurity,Backend,Mobile App Developer
4198,58.7,61.1,51.4,60.8,74.2,65.0,59.7,69.3,70.0,55.1,55.1,67.0,65.4,52.8,65.4,53.9,41.0,49.4,65.4,42.9,42.5,55.6,55.8,48.4,66.9,60.6,64.6,7.94,4,3,2,Web Development,Frontend,Mobile App Developer
4199,49.8,69.3,54.1,32.1,65.5,72.4,67.7,71.6,71.4,50.1,52.0,55.5,57.1,55.3,57.8,54.6,61.4,34.8,52.7,46.3,45.4,39.1,33.1,39.8,42.1,47.9,55.3,7.95,2,3,8,Web Development,Mobile,Mobile App Developer
4200,57.0,48.0,50.1,52.7,29.2,38.5,42.8,40.2,44.2,48.6,59.7,64.2,47.3,46.6,31.7,62.7,50.8,36.2,37.2,44.0,37.4,35.9,39.2,45.8,27.3,40.2,39.6,7.96,7,1,2,Mobile Development,Mobile,Mobile App Developer
4201,42.8,39.9,56.7,43.6,42.7,37.0,26.4,29.2,46.7,43.2,44.5,45.6,36.4,35.5,40.4,35.5,49.1,50.3,43.2,47.8,43.7,49.1,43.7,44.9,37.1,45.7,43.9,7.97,1,0,1,AI/ML,Security,Mobile App Developer
4202,50.1,40.9,50.7,64.6,63.0,64.2,52.7,61.7,65.1,61.4,75.3,38.4,55.8,34.2,26.3,33.7,27.5,55.3,32.4,71.1,63.5,59.8,42.4,51.9,37.2,54.4,49.1,7.97,9,2,2,Business Analytics,Frontend,Mobile App Developer
4203,54.5,56.7,53.8,47.7,80.6,75.0,63.6,71.1,40.3,40.7,52.8,46.1,57.1,37.3,36.0,51.6,48.1,32.0,39.5,38.7,57.0,35.6,33.2,68.2,33.8,49.3,51.4,7.97,5,3,2,Mobile Development,Frontend,Mobile App Developer
4204,47.9,32.4,48.9,46.0,50.0,63.2,53.9,42.2,37.0,43.5,45.7,36.3,49.3,41.5,33.2,24.5,48.6,43.0,49.5,45.3,52.1,54.0,49.6,27.6,55.9,27.2,30.8,7.98,4,1,5,Mobile Development,Machine Learning,Mobile App Developer
4205,53.4,33.2,54.1,51.1,51.9,65.5,49.9,68.1,61.5,47.6,50.3,57.0,52.7,45.1,56.3,62.1,53.5,54.3,53.5,42.3,48.2,53.6,41.8,34.9,42.2,61.2,42.8,7.98,5,1,4,AI/ML,Full Stack,Mobile App Developer
4206,38.4,35.5,38.5,32.5,45.4,58.8,51.7,51.9,28.9,39.8,36.8,32.9,38.1,32.6,34.4,37.7,37.2,36.1,48.0,34.7,43.9,48.5,64.9,51.9,56.5,46.2,35.1,7.99,8,3,1,Mobile Development,Mobile,Mobile App Developer
4207,62.6,63.2,63.3,51.1,47.9,47.7,57.9,48.4,55.1,71.2,66.7,50.9,62.4,65.4,58.7,53.8,57.3,44.7,27.3,47.4,44.2,41.9,36.2,64.4,32.8,48.7,52.3,7.99,6,1,5,Web Development,Backend,Mobile App Developer
4208,53.7,29.8,55.0,29.9,50.7,59.8,48.9,53.0,35.7,32.3,25.9,34.2,56.6,34.4,42.3,34.1,40.2,22.5,40.3,34.4,48.8,45.0,54.3,48.9,49.4,52.3,49.3,8.0,2,2,1,Mobile Development,Mobile,Mobile App Developer
4209,76.4,73.2,78.4,53.1,67.7,63.6,82.1,69.0,71.9,75.4,76.5,75.8,67.8,71.1,77.0,77.7,69.7,60.2,66.8,50.7,54.5,71.3,44.2,72.7,70.6,64.7,90.9,8.03,9,3,5,Cloud Computing,Full Stack,Mobile App Developer
4210,39.6,46.0,35.0,45.2,48.9,57.6,54.9,54.9,53.0,46.3,43.9,47.5,43.7,59.7,52.6,53.1,33.3,39.1,25.0,32.0,52.7,35.7,55.8,44.8,49.0,44.4,46.1,8.04,2,2,2,DevOps,Frontend,Mobile App Developer
4211,69.3,66.0,66.1,70.8,59.9,64.5,44.4,56.9,75.4,57.2,55.9,49.5,59.3,49.4,56.9,62.6,56.4,57.0,51.5,40.4,47.9,57.7,59.6,51.3,53.4,37.3,60.8,8.05,8,2,3,Data Science,Frontend,Mobile App Developer
4212,60.8,70.5,68.1,51.4,69.8,59.1,67.5,65.3,69.8,70.8,52.6,56.8,61.2,59.1,60.6,64.3,61.2,67.2,53.4,46.8,46.3,70.2,64.6,86.2,79.1,65.7,57.6,8.06,5,2,3,Cloud Computing,Cloud & DevOps,Mobile App Developer
4213,40.2,73.2,51.4,49.5,72.4,51.5,50.0,58.0,60.5,68.1,63.6,49.6,46.7,51.2,55.2,59.8,56.0,47.6,45.0,55.3,53.8,39.5,72.5,60.8,68.2,53.4,58.6,8.07,4,1,1,Web Development,Frontend,Mobile App Developer
4214,53.6,78.1,65.5,52.1,75.8,79.0,77.2,83.6,83.0,68.8,61.8,64.3,59.4,45.9,52.2,57.6,67.0,46.7,42.5,45.2,30.1,41.9,46.2,85.8,37.7,52.6,60.3,8.07,8,1,4,Mobile Development,Frontend,Mobile App Developer
4215,63.4,62.2,59.3,68.5,42.8,45.6,71.1,45.2,68.1,75.8,62.7,50.2,59.8,66.0,56.7,69.3,58.6,63.6,49.0,50.1,47.8,65.4,53.7,47.1,55.5,44.1,56.1,8.07,3,2,3,Mobile Development,Full Stack,Mobile App Developer
4216,58.2,68.3,51.5,55.8,56.6,62.5,55.8,53.2,58.3,67.0,76.5,49.6,61.6,61.3,53.5,48.8,44.6,52.9,54.4,57.9,63.2,61.5,58.0,54.2,77.2,60.7,57.8,8.08,2,1,4,AI/ML,Cloud & DevOps,Mobile App Developer
4217,30.2,39.7,59.3,37.9,27.8,31.4,26.0,21.9,38.5,27.4,30.6,30.8,35.5,47.5,50.3,39.0,56.4,29.4,28.0,23.9,25.3,28.7,44.4,36.5,55.8,40.2,22.3,8.09,2,2,3,AI/ML,Data & Analytics,Mobile App Developer
4218,43.1,31.3,34.5,35.1,21.7,13.3,24.6,17.6,18.0,36.0,52.6,44.8,46.0,41.9,42.1,44.1,42.9,50.4,48.7,62.9,47.1,59.2,34.1,47.3,30.8,36.2,48.8,8.09,4,1,1,Cybersecurity,Data & Analytics,Mobile App Developer
4219,34.9,64.4,56.2,43.6,47.2,57.5,62.4,50.8,62.3,62.1,54.0,55.1,53.0,57.5,67.4,69.6,65.0,35.1,39.1,35.1,52.9,45.9,63.3,50.0,60.1,43.3,45.2,8.1,5,2,0,DevOps,Cloud & DevOps,Mobile App Developer
4220,69.9,65.0,71.7,58.9,67.3,78.2,59.7,69.7,69.3,71.3,63.2,73.7,65.7,63.3,63.0,67.7,68.6,52.2,60.5,65.0,73.1,54.1,76.3,66.0,75.2,61.8,67.7,8.1,8,2,3,Data Science,Mobile,Mobile App Developer
4221,34.6,38.1,39.4,28.0,55.3,48.9,46.8,55.5,41.7,46.2,30.6,53.0,42.7,52.0,35.4,41.6,31.9,43.7,39.2,52.2,56.3,42.3,52.2,58.2,42.8,28.5,49.9,8.12,6,2,4,Business Analytics,Data & Analytics,Mobile App Developer
4222,34.3,41.2,26.2,28.5,54.4,71.9,48.0,47.0,28.1,45.6,32.9,34.2,29.9,28.0,28.7,31.2,49.1,25.7,28.7,50.3,45.3,25.5,49.0,38.3,34.3,37.4,58.7,8.13,7,1,3,Web Development,Frontend,Mobile App Developer
4223,68.7,51.2,65.8,66.7,86.3,62.5,68.0,83.6,64.9,68.7,66.2,50.7,55.3,62.1,41.2,50.2,50.1,54.1,60.8,77.3,74.1,63.7,63.4,54.8,67.4,73.1,68.2,8.13,7,1,2,Business Analytics,Mobile,Mobile App Developer
4224,49.2,42.6,55.3,31.2,62.8,52.5,51.6,54.4,27.8,39.4,34.5,42.1,63.4,60.6,52.4,50.9,66.3,45.8,36.5,32.1,34.3,34.9,60.0,59.0,33.7,79.5,46.7,8.15,10,1,3,DevOps,Security,Mobile App Developer
4225,53.2,67.7,60.8,60.7,63.3,56.3,69.7,57.1,57.9,65.5,64.7,57.9,66.1,68.0,64.8,67.4,44.2,51.7,66.5,54.0,58.0,74.3,44.2,69.0,29.8,52.9,53.9,8.15,2,3,4,DevOps,Data & Analytics,Mobile App Developer
4226,62.3,51.2,53.2,43.5,32.5,46.5,48.6,50.3,45.5,62.8,48.6,45.2,41.8,60.5,64.9,56.7,61.0,51.3,62.2,44.3,26.9,45.0,45.4,36.7,52.6,44.8,55.0,8.15,9,1,5,AI/ML,Backend,Mobile App Developer
4227,42.9,45.8,39.9,36.7,62.7,63.0,50.6,59.1,38.3,45.1,36.4,39.8,45.0,36.4,51.9,22.8,33.9,37.3,41.5,53.2,43.3,38.7,53.4,37.1,72.5,60.5,31.3,8.16,0,1,3,Cloud Computing,Frontend,Mobile App Developer
4228,32.0,23.6,32.0,30.7,26.0,31.3,31.4,39.2,29.3,23.7,28.3,36.7,18.9,34.7,28.7,10.3,19.5,31.1,40.8,21.5,41.9,37.3,13.2,25.0,28.6,32.3,15.6,8.18,6,1,1,Business Analytics,Machine Learning,Mobile App Developer
4229,41.5,55.8,33.4,43.0,37.9,31.5,37.3,37.4,40.0,55.0,55.6,40.8,24.9,52.7,42.0,40.6,35.6,31.6,26.1,59.0,57.5,39.3,55.1,22.8,43.6,22.0,32.6,8.18,1,1,1,AI/ML,Frontend,Mobile App Developer
4230,50.8,59.9,51.6,52.8,44.8,41.4,46.8,41.8,60.7,39.7,52.6,51.5,44.5,52.0,61.3,44.5,56.9,48.2,53.7,54.9,56.4,61.7,49.3,50.8,47.0,44.0,37.1,8.18,2,1,3,Business Analytics,Frontend,Mobile App Developer
4231,39.5,27.8,41.3,46.6,72.1,71.3,49.4,52.7,32.7,51.2,34.7,52.2,46.0,31.9,27.4,35.1,30.3,42.7,50.7,46.7,39.7,50.7,38.5,45.0,33.8,30.6,56.7,8.21,7,2,2,Web Development,Data & Analytics,Mobile App Developer
4232,42.0,43.5,36.2,28.4,31.4,38.7,29.4,39.8,38.1,38.9,48.5,45.2,43.5,53.3,47.6,32.9,36.0,32.2,48.8,55.5,58.0,47.9,58.1,26.5,50.1,34.8,37.9,8.21,5,3,2,AI/ML,Machine Learning,Mobile App Developer
4233,42.5,55.0,42.7,47.5,80.2,72.5,66.4,69.3,53.5,47.3,57.2,49.3,58.8,47.8,41.3,31.5,33.3,54.7,49.9,75.0,62.6,62.8,59.8,54.1,52.7,75.4,48.3,8.22,3,3,3,Mobile Development,Frontend,Mobile App Developer
4234,43.0,28.5,20.5,55.5,41.7,37.0,44.8,40.6,29.3,53.8,31.0,41.3,39.5,39.6,53.3,42.6,59.0,56.0,50.2,36.4,47.5,42.4,45.0,38.0,35.9,42.7,51.8,8.22,3,2,1,Cloud Computing,Frontend,Mobile App Developer
4235,59.7,50.3,52.4,50.5,67.6,74.8,65.8,58.8,58.8,52.1,67.3,50.7,60.4,53.7,66.6,70.9,64.8,77.8,70.8,64.5,53.2,78.3,54.4,67.1,51.9,62.6,53.2,8.22,2,2,4,DevOps,Mobile,Mobile App Developer
4236,41.6,35.5,41.7,47.7,50.1,62.1,54.6,66.4,27.6,32.3,34.6,43.7,42.6,52.4,59.0,51.3,36.9,53.9,61.5,46.8,29.5,57.4,61.9,49.4,32.0,51.8,53.7,8.23,7,1,0,Mobile Development,QA & Testing,Mobile App Developer
4237,64.8,57.0,44.8,58.2,42.5,49.5,51.9,55.5,41.9,63.8,57.8,48.8,41.3,43.1,42.8,37.0,39.2,59.1,69.2,48.7,56.2,67.6,43.1,43.7,28.8,45.0,35.0,8.23,6,3,2,AI/ML,Data & Analytics,Mobile App Developer
4238,56.6,49.8,65.0,52.1,59.0,38.5,46.0,48.7,42.1,36.4,37.6,55.0,53.4,39.8,33.0,40.3,50.6,52.9,71.0,51.2,49.4,58.5,49.7,48.4,44.8,50.5,58.6,8.24,0,2,4,Web Development,Cloud & DevOps,Mobile App Developer
4239,57.4,56.8,57.8,62.7,68.9,48.2,43.3,58.4,45.7,43.7,47.7,55.1,47.2,64.2,57.0,61.5,51.5,54.5,51.7,57.8,47.5,61.7,58.7,55.5,60.8,68.3,68.0,8.24,1,1,1,DevOps,Business,Mobile App Developer
4240,29.7,44.7,49.6,28.4,63.6,60.5,48.4,56.8,47.6,39.6,36.4,46.8,47.9,49.9,54.0,48.8,35.3,57.5,47.8,31.6,27.5,62.1,56.1,65.0,49.2,49.4,42.4,8.27,4,3,4,Cybersecurity,Backend,Mobile App Developer
4241,45.0,66.6,68.5,45.1,52.8,42.8,56.3,53.8,63.5,65.7,58.9,49.8,68.8,63.9,60.1,50.4,60.9,46.0,59.9,65.9,50.8,44.7,45.8,69.9,55.8,29.9,60.8,8.27,8,2,3,Cybersecurity,Full Stack,Mobile App Developer
4242,68.2,62.5,45.6,72.2,50.7,46.5,55.9,45.3,58.9,67.4,70.0,51.4,59.3,53.0,43.5,37.7,50.8,58.7,61.6,81.8,85.1,38.1,77.1,47.2,49.7,55.3,39.2,8.28,7,2,4,Business Analytics,Business,Mobile App Developer
4243,63.4,52.7,56.0,59.7,47.5,41.5,51.5,43.8,58.1,70.5,59.6,56.6,64.0,69.4,61.1,53.4,46.1,62.5,77.1,51.5,36.4,63.3,63.5,53.8,52.5,69.6,54.8,8.29,6,1,5,Cybersecurity,Backend,Mobile App Developer
4244,69.7,52.4,76.4,56.8,71.3,79.5,61.5,74.9,57.8,54.0,50.6,57.4,63.1,42.5,43.5,52.0,52.5,78.1,63.2,63.8,59.8,61.4,57.4,52.6,55.1,59.4,60.3,8.3,6,2,2,Web Development,Mobile,Mobile App Developer
4245,37.0,49.5,63.1,36.9,52.1,42.5,56.2,41.0,39.0,50.3,48.0,56.7,51.9,63.1,60.6,73.5,73.5,45.1,26.6,26.2,31.1,40.5,38.7,47.5,45.4,47.4,33.2,8.31,3,2,5,Web Development,Business,Mobile App Developer
4246,49.8,42.8,50.8,50.5,53.1,34.8,38.4,48.5,46.8,43.9,38.4,25.3,39.7,31.9,34.8,29.9,40.0,27.7,32.9,41.4,51.1,20.4,41.0,37.0,32.4,43.6,54.0,8.32,8,1,2,Web Development,Business,Mobile App Developer
4247,57.4,65.1,66.1,50.3,55.7,66.8,57.4,69.3,44.6,60.5,57.9,61.9,68.6,54.8,52.8,51.5,59.8,57.4,50.2,48.9,57.7,63.1,54.5,75.4,69.0,59.4,76.5,8.32,6,2,2,Cloud Computing,Business,Mobile App Developer
4248,46.3,52.2,38.8,34.9,48.8,62.8,61.6,63.9,43.6,41.6,55.0,55.4,58.5,58.8,65.8,56.7,58.3,37.0,38.1,34.8,21.4,26.4,68.6,47.4,67.1,46.9,37.1,8.33,5,2,0,Cloud Computing,Mobile,Mobile App Developer
4249,47.2,48.7,42.3,56.0,45.9,42.6,54.3,47.0,46.8,52.2,62.0,52.2,61.2,42.0,49.4,45.4,46.1,57.4,53.1,53.7,66.1,60.5,66.3,30.2,65.3,68.9,45.6,8.35,12,1,0,AI/ML,Cloud & DevOps,Mobile App Developer
4250,30.7,19.3,26.9,35.2,19.4,30.1,26.3,13.4,17.2,21.3,19.0,23.8,28.6,49.3,37.4,48.1,43.1,32.9,36.9,31.7,20.0,19.9,18.7,26.7,27.7,8.1,39.3,8.41,4,0,4,Mobile Development,Backend,Mobile App Developer
4251,45.7,61.1,54.4,38.0,49.0,39.3,40.4,45.2,53.7,40.9,39.9,48.5,51.1,46.3,50.2,68.5,45.7,42.1,44.7,33.3,35.2,37.4,41.6,40.8,41.0,38.0,40.0,8.43,2,1,2,Web Development,Mobile,Mobile App Developer
4252,51.8,45.9,30.5,53.7,34.4,60.5,66.4,51.1,46.7,53.6,45.5,49.5,53.2,55.9,55.1,48.7,39.2,61.9,67.3,55.1,54.9,48.9,54.1,47.2,59.5,54.8,49.8,8.47,6,2,2,Mobile Development,Frontend,Mobile App Developer
4253,75.3,62.5,77.3,54.8,77.7,62.6,76.2,80.0,56.8,68.2,38.0,61.4,69.4,53.0,41.7,56.1,58.4,71.4,50.3,61.6,50.8,65.3,55.8,66.9,60.8,60.7,68.9,8.47,8,3,3,Cybersecurity,Frontend,Mobile App Developer
4254,34.7,36.5,23.9,45.1,40.4,51.2,59.6,52.2,39.4,44.1,60.6,56.3,36.9,39.5,43.2,37.5,47.2,37.6,32.8,56.0,58.2,53.5,36.2,37.3,42.4,52.5,38.8,8.48,4,2,1,Mobile Development,QA & Testing,Mobile App Developer
4255,34.4,34.2,43.6,41.1,29.3,12.7,21.6,25.8,34.5,40.9,31.3,29.8,37.2,34.0,44.4,39.5,39.6,40.1,23.2,41.7,44.3,32.0,42.3,22.7,43.4,33.5,39.6,8.49,3,1,2,Mobile Development,Business,Mobile App Developer
4256,49.4,45.8,45.2,34.8,46.4,36.4,32.6,36.7,42.3,32.4,48.5,50.3,53.4,57.1,63.2,52.2,59.2,60.6,68.0,43.0,28.5,53.2,46.2,56.2,44.7,53.5,63.4,8.51,7,0,3,AI/ML,QA & Testing,Mobile App Developer
4257,49.8,53.7,51.8,53.3,58.2,63.0,59.9,69.0,54.4,66.2,64.1,46.5,46.0,57.0,54.0,43.7,45.2,47.6,45.5,42.6,44.6,39.2,35.6,63.5,46.5,37.4,46.7,8.52,10,3,6,Data Science,Mobile,Mobile App Developer
4258,56.3,63.3,65.3,58.5,56.5,39.3,63.4,52.5,62.5,78.9,69.1,63.2,58.5,64.0,74.5,80.0,68.2,65.8,71.7,65.1,71.7,72.6,64.9,76.0,68.0,68.1,83.3,8.52,8,2,4,AI/ML,Machine Learning,Mobile App Developer
4259,57.0,47.9,56.3,41.1,33.8,28.3,33.4,37.0,38.1,31.5,42.7,43.4,44.9,37.1,36.7,29.1,41.0,53.1,53.1,46.2,54.6,61.9,36.3,51.9,63.5,55.4,48.8,8.52,4,1,2,Business Analytics,Full Stack,Mobile App Developer
4260,55.5,59.8,52.2,53.3,58.5,51.9,58.9,53.3,51.0,61.9,71.2,55.1,53.8,38.1,49.9,56.8,56.6,32.7,61.1,64.8,58.5,49.3,57.1,54.7,33.9,59.4,57.2,8.53,7,3,1,Business Analytics,Mobile,Mobile App Developer
4261,57.7,69.6,82.9,58.2,46.6,41.7,55.4,53.3,58.4,76.6,63.6,70.8,61.4,54.7,60.0,53.9,52.2,58.0,82.1,73.1,60.2,80.7,56.8,59.6,47.9,59.9,64.4,8.53,5,0,3,Business Analytics,Mobile,Mobile App Developer
4262,70.5,51.7,53.2,46.8,67.4,84.1,62.3,62.5,58.3,40.9,42.2,61.4,60.4,66.8,66.2,66.6,50.9,59.0,74.5,33.0,41.7,48.9,58.8,59.6,59.8,51.8,46.7,8.53,4,1,2,Cloud Computing,Frontend,Mobile App Developer
4263,44.9,59.5,52.2,50.6,50.3,65.9,50.4,59.5,70.3,51.7,64.9,57.5,62.9,48.7,47.4,45.2,41.7,41.1,40.0,56.0,71.6,66.1,63.3,59.6,64.3,51.2,45.0,8.55,5,2,3,Business Analytics,QA & Testing,Mobile App Developer
4264,59.5,57.4,60.1,52.3,93.8,76.6,73.4,83.3,63.5,47.8,59.8,59.6,70.7,62.0,77.6,71.7,77.8,69.2,60.3,59.1,36.5,62.3,73.0,68.1,63.6,55.4,50.8,8.61,7,1,5,Cloud Computing,Data & Analytics,Mobile App Developer
4265,39.2,45.8,47.9,38.7,41.9,48.7,53.1,53.6,43.3,47.1,37.7,48.9,48.0,43.8,52.6,59.2,50.7,38.5,31.7,40.2,23.0,59.5,44.8,42.4,50.1,53.2,46.0,8.65,3,2,1,Data Science,Mobile,Mobile App Developer
4266,42.0,62.6,54.8,53.5,35.2,43.3,45.1,38.7,60.1,66.7,69.5,48.9,55.2,51.8,47.6,65.4,68.2,64.9,56.3,63.2,61.0,55.1,68.4,49.6,52.8,61.3,50.1,8.65,2,2,3,Web Development,Mobile,Mobile App Developer
4267,55.1,48.8,46.7,55.4,40.6,42.8,43.7,44.6,46.0,50.3,53.5,56.5,58.4,58.9,53.4,65.5,69.4,58.6,51.5,56.8,54.2,53.2,31.4,59.5,29.9,47.9,56.0,8.65,6,1,5,Cloud Computing,Data & Analytics,Mobile App Developer
4268,53.6,62.3,56.6,75.6,30.0,56.4,62.2,52.8,57.6,67.4,75.3,53.5,58.1,51.1,61.4,66.7,51.9,53.6,41.3,64.1,73.3,38.6,48.4,49.0,54.9,30.0,57.4,8.68,10,2,3,Business Analytics,Data & Analytics,Mobile App Developer
4269,58.7,60.0,53.9,63.3,71.0,73.1,61.5,71.4,60.2,49.2,67.7,69.2,63.5,49.2,55.5,37.7,40.8,42.9,44.2,54.0,50.3,49.1,60.7,66.3,62.9,45.7,61.5,8.68,5,2,4,Web Development,Backend,Mobile App Developer
4270,65.7,81.7,81.9,74.1,82.6,61.0,63.3,73.5,72.9,84.0,77.7,82.1,62.8,70.1,65.3,72.4,72.7,69.3,75.1,55.7,54.4,75.6,50.7,72.2,49.5,49.8,77.2,8.7,6,1,4,Business Analytics,QA & Testing,Mobile App Developer
4271,59.0,58.3,49.5,59.5,69.0,69.7,66.8,79.0,69.6,56.0,60.4,61.0,70.1,76.2,74.2,70.4,69.6,65.8,91.0,74.4,80.0,60.8,67.8,58.6,63.9,69.9,62.6,8.75,5,2,6,Data Science,QA & Testing,Mobile App Developer
4272,40.6,43.4,66.1,39.1,59.9,79.6,53.6,61.1,47.4,44.1,43.1,48.3,59.8,35.9,46.5,53.7,42.6,56.5,59.2,39.7,51.3,43.2,52.6,34.6,53.3,56.8,56.1,8.8,4,3,3,Data Science,QA & Testing,Mobile App Developer
4273,48.1,51.3,49.2,57.4,66.0,53.7,56.8,53.0,67.2,51.3,61.6,41.0,34.3,49.4,47.0,46.8,50.1,24.3,39.4,59.9,66.5,43.3,56.2,37.1,57.5,48.8,43.9,8.8,7,1,2,Web Development,Cloud & DevOps,Mobile App Developer
4274,56.9,54.5,42.0,63.7,61.0,64.0,68.6,71.6,75.7,65.2,58.4,63.4,53.6,42.7,53.8,55.3,68.8,60.1,36.9,52.2,50.3,42.4,57.4,54.7,59.4,55.1,39.9,8.8,9,0,5,Cybersecurity,Cloud & DevOps,Mobile App Developer
4275,59.8,46.3,54.3,65.2,55.5,46.0,47.5,50.8,51.7,68.3,62.2,55.1,63.6,62.3,68.1,48.7,56.3,48.0,50.5,70.6,72.7,60.5,61.9,69.5,56.4,51.9,73.5,8.82,7,3,3,Cloud Computing,Frontend,Mobile App Developer
4276,60.4,39.8,54.7,44.5,76.9,66.2,55.0,67.2,46.4,49.0,50.9,52.5,45.0,60.9,66.5,49.1,68.0,57.8,68.1,58.5,45.6,57.3,51.8,57.9,64.7,64.9,52.8,8.84,7,2,4,Cybersecurity,Machine Learning,Mobile App Developer
4277,52.7,54.7,54.5,71.0,55.7,55.8,55.2,60.8,64.6,76.5,61.4,58.7,41.9,34.9,54.2,55.2,55.0,52.2,31.0,68.0,48.1,50.1,67.4,50.3,52.0,55.5,52.8,8.9,6,2,3,Cybersecurity,Data & Analytics,Mobile App Developer
4278,33.0,68.1,57.8,66.1,45.8,40.5,67.9,47.3,54.5,61.6,64.8,60.7,53.8,42.1,54.4,54.4,36.3,58.3,27.4,65.4,56.3,54.5,65.8,54.9,67.2,58.5,60.3,8.92,9,2,4,Cybersecurity,Mobile,Mobile App Developer
4279,67.4,65.6,51.4,63.2,46.6,56.8,62.1,58.6,74.5,57.3,61.5,64.4,62.6,57.0,74.6,76.6,72.6,52.7,64.7,63.2,59.2,70.5,61.3,79.3,70.4,63.7,67.8,8.93,8,3,5,Cybersecurity,Full Stack,Mobile App Developer
4280,41.2,30.7,20.9,30.5,40.0,32.9,32.9,32.0,39.0,31.0,37.6,30.8,19.5,19.7,27.6,21.7,21.9,56.6,46.6,58.3,39.7,40.7,44.1,33.0,42.8,20.0,13.8,5.5,2,1,0,Mobile Development,Mobile,QA Engineer
4281,38.7,25.7,38.1,40.6,13.0,27.3,25.9,26.4,20.3,43.8,31.5,18.7,35.2,38.5,30.0,42.3,18.2,41.4,32.2,23.3,34.6,39.9,41.6,48.8,28.5,15.6,20.5,5.61,3,2,3,AI/ML,Mobile,QA Engineer
4282,45.7,35.7,37.2,56.7,59.1,47.3,43.1,62.9,41.6,47.6,30.7,49.7,43.7,34.1,45.9,32.9,34.4,53.1,45.3,50.6,48.9,59.8,12.6,37.3,30.0,26.4,35.4,5.72,4,2,4,Web Development,QA & Testing,QA Engineer
4283,13.0,28.1,15.4,15.9,22.2,31.5,32.4,24.9,19.9,17.4,15.9,35.5,23.1,25.9,50.0,26.3,21.7,19.2,22.0,14.9,18.5,22.1,25.0,28.5,17.3,21.1,28.8,5.82,5,1,2,Web Development,QA & Testing,QA Engineer
4284,36.9,31.9,54.0,28.5,37.1,56.4,56.9,44.2,34.8,25.2,17.1,40.6,25.7,24.4,33.6,35.2,42.0,45.3,47.8,21.5,20.7,42.1,43.3,53.9,6.7,26.1,34.0,5.82,4,1,6,Cybersecurity,Data & Analytics,QA Engineer
4285,30.8,19.5,43.5,28.9,14.7,15.9,28.8,18.5,36.7,25.2,33.5,31.4,25.1,45.5,33.5,29.0,43.4,34.2,24.8,11.7,25.7,26.6,21.6,44.3,10.0,21.5,23.0,5.86,5,0,1,Data Science,QA & Testing,QA Engineer
4286,41.2,51.2,44.5,46.4,56.7,58.7,50.0,56.9,50.5,47.9,60.0,40.9,45.0,38.7,60.8,46.8,37.5,34.2,18.5,46.3,26.3,38.0,31.9,40.9,23.9,48.2,36.2,5.87,6,1,2,Web Development,Security,QA Engineer
4287,30.1,8.9,21.2,25.5,49.6,67.0,58.1,57.6,49.9,20.1,19.4,24.4,39.3,34.3,14.7,19.0,24.3,21.1,19.7,30.0,24.5,33.9,47.2,17.6,36.4,39.4,22.3,5.91,8,1,3,AI/ML,Security,QA Engineer
4288,35.4,29.6,24.9,39.3,32.0,23.3,25.1,15.8,28.3,34.3,33.0,40.1,39.4,27.8,36.0,18.3,32.8,57.5,45.9,51.8,53.2,71.3,63.6,38.8,36.9,39.9,46.5,5.95,4,1,0,Web Development,Machine Learning,QA Engineer
4289,48.9,27.7,50.0,47.9,20.0,36.4,32.6,40.7,31.2,32.6,42.2,40.3,41.4,40.2,32.4,36.2,44.0,58.5,46.9,64.2,50.1,43.7,43.3,34.3,22.5,24.2,39.0,5.95,2,0,3,Business Analytics,Data & Analytics,QA Engineer
4290,53.0,33.5,44.8,50.5,54.9,54.0,54.3,62.9,47.6,51.3,38.1,51.4,38.8,47.1,35.1,37.2,49.8,48.2,49.3,37.2,43.0,46.1,44.1,52.5,53.8,38.6,35.2,5.95,3,1,4,Cybersecurity,Machine Learning,QA Engineer
4291,36.4,41.5,41.2,24.2,47.5,46.4,40.6,45.5,24.6,28.0,36.5,40.7,34.7,24.7,38.7,21.1,35.8,38.6,21.0,36.4,47.4,29.1,48.2,27.3,44.6,57.4,29.5,6.01,7,2,1,AI/ML,Security,QA Engineer
4292,15.9,19.6,13.6,11.6,24.3,38.5,15.6,34.1,19.9,29.5,29.5,11.5,29.1,18.8,20.1,20.7,30.9,10.3,13.0,5.4,9.2,7.5,24.2,21.0,19.1,37.7,14.2,6.04,1,1,2,Data Science,Full Stack,QA Engineer
4293,34.0,42.4,39.6,34.4,48.6,58.7,47.1,52.7,35.0,30.9,32.4,40.7,38.2,23.2,18.9,17.5,35.1,26.3,19.1,24.5,28.8,40.7,41.6,32.2,51.2,56.1,44.7,6.05,2,2,3,Business Analytics,Data & Analytics,QA Engineer
4294,39.7,35.8,44.1,39.8,29.8,16.6,21.6,23.1,29.3,43.4,35.3,26.5,30.0,45.3,37.3,36.9,41.2,32.5,23.3,33.2,42.1,37.6,25.2,44.6,39.3,40.7,40.6,6.06,3,2,3,Business Analytics,QA & Testing,QA Engineer
4295,53.3,61.1,53.2,52.2,35.4,36.9,39.7,33.3,62.6,42.8,71.6,47.2,50.0,44.8,42.1,49.3,46.8,33.8,43.1,34.5,27.5,27.5,25.9,50.9,43.0,30.5,57.2,6.06,9,1,2,Data Science,Machine Learning,QA Engineer
4296,62.1,52.4,57.4,53.3,41.6,46.3,56.2,47.4,57.8,69.9,67.8,56.0,66.9,70.6,56.7,73.1,46.2,64.0,70.8,52.8,58.4,57.8,17.5,58.0,36.7,59.9,41.9,6.06,6,0,0,Web Development,Frontend,QA Engineer
4297,22.3,27.0,32.4,37.9,45.6,45.4,43.3,38.0,22.5,20.0,15.9,24.4,34.8,32.3,21.1,12.6,32.4,31.6,33.2,32.3,21.7,34.9,29.6,39.9,17.9,31.6,40.7,6.07,3,1,1,Web Development,Machine Learning,QA Engineer
4298,35.1,16.5,16.0,14.9,3.3,23.9,40.9,31.9,28.5,30.7,23.5,33.1,35.5,34.5,20.7,40.7,24.5,36.8,46.7,24.4,27.9,48.4,25.6,34.8,21.8,14.9,40.5,6.1,3,1,3,Business Analytics,Mobile,QA Engineer
4299,31.8,29.6,34.4,28.9,24.8,32.3,29.7,12.6,29.9,39.1,23.0,25.0,20.4,34.7,23.4,27.1,31.7,22.5,16.6,46.2,49.8,39.0,44.4,14.4,35.6,33.9,26.0,6.11,4,2,3,Mobile Development,Security,QA Engineer
4300,44.7,47.9,29.7,39.9,21.1,27.4,37.1,32.7,52.4,24.2,41.5,25.0,42.6,36.7,36.7,32.7,38.9,36.9,49.4,33.3,38.3,21.0,26.6,30.0,44.1,49.7,49.9,6.12,9,1,2,AI/ML,Business,QA Engineer
4301,46.0,38.1,52.2,32.7,54.2,60.4,49.1,72.6,41.2,44.7,46.3,53.5,40.4,50.2,31.5,58.4,43.7,56.4,63.3,33.5,44.9,52.9,26.5,57.5,42.4,34.6,48.7,6.12,5,1,4,Mobile Development,QA & Testing,QA Engineer
4302,26.9,49.8,49.0,50.7,42.8,38.9,48.4,51.9,52.3,37.0,47.4,41.0,50.3,40.2,31.2,50.8,36.0,25.9,41.6,22.3,23.5,42.5,38.6,51.0,37.3,45.4,37.2,6.23,10,1,1,Web Development,Cloud & DevOps,QA Engineer
4303,65.2,52.4,57.3,60.2,56.0,48.8,64.4,82.4,67.1,53.2,56.5,59.7,60.4,51.4,66.4,53.1,61.1,74.4,61.8,74.6,61.9,58.4,56.8,57.4,46.8,27.9,53.7,6.23,6,3,6,Mobile Development,Data & Analytics,QA Engineer
4304,20.4,22.1,48.9,26.1,29.1,13.6,16.4,32.1,24.9,31.3,12.0,21.9,27.2,5.2,33.0,32.7,26.6,14.3,28.1,31.8,33.1,42.2,33.0,27.7,51.0,42.0,22.8,6.24,3,2,1,Cybersecurity,Cloud & DevOps,QA Engineer
4305,37.6,42.9,34.8,42.0,41.1,43.4,38.5,45.2,36.7,48.0,57.2,40.6,37.9,37.6,41.3,39.9,31.1,27.5,25.2,38.5,41.9,29.0,49.5,40.1,58.6,53.8,37.7,6.24,5,0,3,Mobile Development,Mobile,QA Engineer
4306,33.4,51.7,33.4,21.2,19.8,31.0,20.7,23.3,39.4,35.1,36.3,41.1,33.4,30.0,34.3,32.7,57.7,25.8,34.9,11.0,24.1,27.1,42.0,39.1,49.9,47.2,31.6,6.29,1,0,7,DevOps,Business,QA Engineer
4307,34.9,22.2,42.7,23.8,18.1,19.1,14.5,12.5,28.9,26.7,16.0,27.2,43.3,39.9,27.0,31.1,31.3,35.1,49.3,20.0,40.0,29.4,40.1,15.6,31.9,34.0,31.3,6.29,5,0,2,DevOps,Security,QA Engineer
4308,41.0,35.5,39.5,29.6,20.7,14.7,28.3,29.8,29.2,28.0,41.4,29.4,23.3,35.6,36.1,35.0,31.5,54.9,43.0,55.6,48.2,46.5,20.0,37.4,42.1,33.1,55.2,6.29,7,1,4,AI/ML,Mobile,QA Engineer
4309,57.6,34.6,34.6,52.0,35.7,51.8,39.7,52.2,41.7,36.5,52.5,44.6,36.8,35.5,32.2,31.9,55.7,49.3,61.7,53.8,57.3,46.0,40.0,54.4,51.6,40.3,49.1,6.29,3,0,2,Web Development,Frontend,QA Engineer
4310,15.4,34.6,23.5,28.7,26.3,18.5,27.8,17.7,13.1,23.6,18.1,28.0,21.6,25.8,26.2,33.3,30.8,0.5,2.8,38.3,33.7,22.5,23.8,27.8,22.9,29.0,17.8,6.3,2,1,1,Cloud Computing,Full Stack,QA Engineer
4311,55.7,57.8,47.8,54.3,53.2,45.9,53.3,37.2,51.8,58.5,68.5,55.9,63.8,75.7,61.9,57.2,78.4,67.6,59.7,55.9,71.8,61.1,63.9,46.4,81.3,75.0,71.1,6.3,7,1,2,DevOps,Backend,QA Engineer
4312,33.8,36.6,32.4,36.7,54.7,51.3,44.9,65.8,59.2,63.4,34.1,55.7,46.0,45.2,48.1,44.1,42.7,38.4,15.4,47.9,42.7,30.1,61.0,44.8,51.5,46.5,53.3,6.31,7,2,4,DevOps,Full Stack,QA Engineer
4313,16.3,19.1,14.4,24.3,20.6,26.4,16.6,18.5,21.8,23.9,8.5,22.5,27.4,3.6,22.3,27.7,28.4,29.3,37.1,18.5,21.6,18.4,27.7,17.3,36.8,35.7,21.2,6.32,0,1,1,Mobile Development,Data & Analytics,QA Engineer
4314,24.1,25.9,25.9,36.2,26.6,20.1,33.9,10.4,25.4,39.1,40.6,50.3,33.8,28.4,19.6,24.8,30.6,24.6,18.4,36.6,50.8,20.3,40.9,23.8,53.6,51.6,18.5,6.32,3,1,1,Web Development,Security,QA Engineer
4315,41.4,45.0,65.9,41.9,25.9,31.9,43.7,34.8,42.3,35.4,47.7,34.6,46.0,41.7,39.6,53.6,52.1,30.7,38.7,29.6,37.3,34.6,41.2,44.5,39.6,55.5,42.3,6.32,3,2,7,Mobile Development,Frontend,QA Engineer
4316,34.0,20.2,27.4,18.6,10.6,17.7,16.5,6.7,18.1,21.3,17.1,24.1,16.1,41.8,23.4,23.0,22.1,31.4,34.4,19.1,6.5,34.8,24.2,34.9,12.5,32.5,39.1,6.33,4,0,0,Cybersecurity,Cloud & DevOps,QA Engineer
4317,57.4,66.0,65.2,58.3,36.3,33.5,54.5,43.0,68.0,63.3,52.4,34.3,58.3,50.0,60.9,70.2,47.1,56.2,57.6,43.1,41.9,36.8,40.5,61.1,46.7,51.5,54.4,6.33,4,2,6,Business Analytics,Cloud & DevOps,QA Engineer
4318,32.6,25.9,28.9,27.9,34.9,35.4,35.7,29.4,27.7,16.6,37.7,26.7,11.4,14.2,12.9,22.9,29.7,41.4,40.1,29.1,37.0,28.1,26.8,32.2,41.1,25.5,37.8,6.34,4,2,2,Mobile Development,Backend,QA Engineer
4319,44.4,52.9,66.2,36.9,72.7,53.6,54.3,54.4,60.0,46.3,57.8,57.1,44.4,43.2,40.6,48.4,52.9,30.9,36.6,40.4,46.9,29.4,70.9,49.2,60.2,42.4,40.6,6.34,4,2,1,Cybersecurity,Full Stack,QA Engineer
4320,42.8,33.8,18.9,47.2,48.4,40.6,37.2,34.2,38.2,34.3,38.8,21.5,41.1,31.3,36.6,44.1,34.4,38.4,40.5,41.3,60.7,27.4,52.8,38.2,71.3,54.3,41.8,6.38,4,0,6,Web Development,Business,QA Engineer
4321,46.0,50.8,64.5,40.1,67.3,56.2,57.8,61.3,49.2,51.8,57.1,45.1,56.6,36.9,45.1,30.1,44.3,47.9,46.7,27.0,31.5,40.5,31.6,52.2,39.5,30.9,49.8,6.39,7,1,5,DevOps,Full Stack,QA Engineer
4322,18.0,27.3,24.8,31.3,49.8,51.7,59.1,55.4,43.8,46.0,37.0,40.7,38.7,42.5,56.6,67.9,57.6,24.1,24.1,22.5,30.8,12.8,27.6,31.3,38.2,32.1,29.2,6.41,5,1,1,Mobile Development,Mobile,QA Engineer
4323,26.6,36.5,30.5,24.4,15.3,11.3,18.0,12.4,20.7,25.4,20.9,37.1,32.8,27.3,25.1,29.8,23.5,30.1,21.8,14.4,30.7,41.4,17.2,37.8,13.1,20.7,22.8,6.44,4,0,7,DevOps,QA & Testing,QA Engineer
4324,31.5,41.2,21.7,43.8,57.2,51.6,38.5,56.5,47.4,53.1,47.3,43.4,45.0,42.6,42.2,39.5,37.2,31.8,20.0,19.7,39.7,22.2,33.8,32.3,55.0,39.9,33.1,6.47,3,2,3,DevOps,QA & Testing,QA Engineer
4325,31.6,20.9,27.2,31.4,39.5,38.8,33.2,36.1,45.0,38.5,32.4,34.3,32.5,43.5,39.5,56.4,37.1,44.3,49.3,24.1,29.0,29.6,39.3,27.8,32.5,57.6,38.5,6.48,2,0,3,Web Development,Backend,QA Engineer
4326,29.0,36.6,33.3,30.6,53.5,72.5,58.7,57.6,56.5,36.9,40.1,38.7,30.4,40.1,40.8,40.0,35.9,35.8,26.5,40.8,30.4,35.0,50.0,28.8,50.0,39.7,39.8,6.49,3,2,0,Web Development,Business,QA Engineer
4327,47.2,42.4,59.7,34.3,30.3,40.8,43.6,41.5,38.6,31.5,21.3,42.1,40.9,30.8,25.9,21.5,45.9,55.0,51.3,27.5,43.4,45.3,34.1,55.0,43.7,57.1,51.6,6.5,4,2,0,Cybersecurity,Frontend,QA Engineer
4328,48.1,45.8,61.6,57.7,53.8,48.8,49.3,41.7,50.1,58.9,52.4,49.7,46.9,57.7,59.1,58.0,57.9,40.7,37.7,41.1,59.6,47.6,21.9,53.3,29.2,30.8,48.9,6.51,6,2,2,DevOps,Data & Analytics,QA Engineer
4329,46.1,39.9,38.0,41.4,25.8,28.6,11.8,32.5,30.8,27.7,34.3,36.5,40.6,40.4,46.0,31.4,38.1,43.2,35.0,41.1,38.7,48.2,56.2,30.7,67.3,35.9,22.2,6.57,2,1,3,Cloud Computing,Full Stack,QA Engineer
4330,27.2,39.3,30.5,3.6,42.2,54.5,41.6,41.9,36.6,30.0,15.3,34.3,40.6,31.2,40.3,43.6,46.3,35.3,19.0,20.1,23.2,26.0,20.1,28.2,4.3,23.3,23.4,6.58,5,1,0,DevOps,QA & Testing,QA Engineer
4331,36.2,56.4,45.1,42.1,33.5,34.9,41.0,33.9,44.4,44.7,28.2,38.0,49.7,37.4,42.9,61.1,51.1,36.6,36.9,36.1,30.0,33.6,56.5,35.2,31.9,28.8,43.9,6.61,3,2,5,Mobile Development,Mobile,QA Engineer
4332,25.8,32.6,36.4,26.6,35.3,43.4,45.7,42.6,35.4,28.8,28.4,33.2,51.3,36.6,47.5,42.6,44.0,33.2,25.0,40.9,45.9,21.4,40.8,17.2,40.8,50.3,41.5,6.62,5,0,0,DevOps,Cloud & DevOps,QA Engineer
4333,42.8,49.3,50.5,43.7,35.9,37.8,39.5,29.5,49.8,48.6,35.3,44.0,49.6,54.1,54.7,43.5,65.6,34.8,48.1,10.0,17.3,35.7,44.1,60.5,35.6,32.2,21.4,6.62,3,1,3,Web Development,Machine Learning,QA Engineer
4334,43.3,40.6,44.5,52.4,36.2,35.8,45.2,37.5,44.5,35.7,52.4,37.6,45.6,36.3,39.9,28.6,28.4,35.4,29.5,48.2,58.5,36.7,41.3,35.8,26.5,52.4,35.1,6.62,4,1,1,Business Analytics,QA & Testing,QA Engineer
4335,46.1,54.1,53.1,51.6,32.1,33.5,33.8,36.6,43.2,38.4,42.6,45.1,36.0,30.0,33.1,47.7,49.7,59.3,36.2,51.6,47.5,45.9,34.6,59.4,35.2,52.5,44.3,6.62,6,1,1,Business Analytics,Full Stack,QA Engineer
4336,62.9,57.4,62.6,55.0,42.3,43.0,44.8,47.0,42.1,52.7,68.1,43.1,41.1,43.0,48.9,28.4,34.7,75.5,75.6,58.7,57.1,60.7,35.0,53.5,26.5,26.8,56.9,6.62,5,0,0,Web Development,QA & Testing,QA Engineer
4337,46.3,64.6,55.8,40.7,31.9,34.8,40.2,34.6,48.8,41.4,42.2,53.3,32.9,53.4,36.5,44.9,48.4,44.5,29.7,45.8,34.7,37.0,51.6,53.7,41.9,69.5,38.2,6.63,2,1,2,Data Science,Business,QA Engineer
4338,66.3,55.0,60.1,52.1,60.5,64.2,65.0,61.4,51.5,40.1,49.8,58.3,63.6,68.7,53.6,51.7,57.6,67.8,93.8,51.7,60.3,90.9,60.3,69.6,42.0,55.8,69.9,6.63,7,2,4,Web Development,Full Stack,QA Engineer
4339,43.4,40.7,51.2,58.4,52.9,56.3,50.3,41.6,57.5,33.0,44.8,51.6,52.9,37.7,29.9,38.5,42.5,46.6,59.8,41.7,54.8,54.6,73.0,55.3,74.6,61.2,59.2,6.65,6,3,4,Data Science,Cloud & DevOps,QA Engineer
4340,44.6,63.6,60.4,35.6,52.4,53.7,57.9,58.8,46.7,48.7,44.1,49.5,42.1,38.2,34.2,32.0,41.8,41.8,37.2,33.1,19.7,50.8,40.6,47.8,25.1,45.0,50.0,6.65,6,0,1,Cybersecurity,Full Stack,QA Engineer
4341,53.6,37.8,48.4,45.4,40.0,53.5,54.4,47.9,49.4,66.7,58.7,43.3,54.2,51.6,44.1,41.1,47.5,69.1,68.6,74.6,69.2,67.3,39.9,36.4,31.1,32.7,54.8,6.66,1,0,4,DevOps,Frontend,QA Engineer
4342,57.9,55.1,55.2,49.4,61.3,44.5,63.7,50.0,61.6,60.6,48.3,58.5,47.0,34.2,42.0,46.4,37.4,47.9,65.2,55.6,40.3,67.9,46.8,64.7,35.7,34.3,55.5,6.66,6,1,1,AI/ML,Mobile,QA Engineer
4343,47.4,58.1,48.5,28.7,65.5,69.1,67.1,74.4,46.6,28.7,52.7,54.6,39.8,31.2,44.3,41.8,53.2,46.3,53.6,32.0,31.0,50.7,49.9,53.7,36.7,50.6,62.4,6.67,7,2,3,DevOps,Full Stack,QA Engineer
4344,74.7,75.0,67.4,41.3,73.0,70.8,80.2,66.7,60.4,56.6,67.2,67.1,74.6,62.6,56.2,70.6,66.3,37.8,50.8,44.2,46.0,48.9,62.4,56.2,51.5,59.4,65.8,6.67,7,3,3,DevOps,Full Stack,QA Engineer
4345,53.6,56.2,48.6,52.6,37.4,40.4,52.5,49.6,55.3,53.9,61.0,38.2,53.0,40.4,40.5,37.5,34.0,53.8,45.6,34.9,37.9,40.3,14.5,46.5,15.7,33.6,58.7,6.69,7,2,1,AI/ML,Cloud & DevOps,QA Engineer
4346,44.3,37.3,29.1,39.0,52.1,56.5,44.9,48.7,57.5,55.1,46.0,48.3,36.1,43.5,41.1,40.6,42.6,52.5,46.2,64.0,55.6,50.2,24.0,20.3,52.8,40.6,50.0,6.72,6,1,1,Web Development,Cloud & DevOps,QA Engineer
4347,33.4,28.6,36.6,32.5,35.4,6.9,37.9,28.5,39.6,19.6,46.1,36.1,42.8,22.0,21.9,34.4,39.8,40.9,55.4,30.8,45.8,43.4,38.6,31.8,51.3,28.9,18.0,6.73,5,0,1,Mobile Development,Cloud & DevOps,QA Engineer
4348,30.1,38.1,22.1,53.7,27.9,36.6,37.2,38.0,31.1,37.0,37.0,32.0,29.3,33.4,50.7,55.4,32.9,38.8,36.4,58.2,51.3,39.4,44.6,30.8,36.7,42.0,34.8,6.77,1,1,4,DevOps,Cloud & DevOps,QA Engineer
4349,21.3,23.6,35.1,28.0,58.1,70.2,52.5,69.6,38.3,20.9,40.1,47.9,60.6,52.1,49.9,45.4,49.9,49.9,44.1,34.9,45.3,33.7,49.4,42.2,59.4,58.2,39.3,6.78,8,0,8,DevOps,Business,QA Engineer
4350,50.6,32.2,45.8,36.8,55.0,64.1,46.7,41.6,55.0,37.0,40.4,44.9,62.6,44.2,16.2,24.1,38.1,73.8,66.2,48.9,41.1,60.7,28.9,63.9,26.1,32.3,65.3,6.79,7,1,6,Web Development,QA & Testing,QA Engineer
4351,57.4,48.1,66.7,48.2,30.4,31.9,36.4,34.8,60.8,51.0,37.8,54.1,52.5,30.7,43.1,45.0,47.4,52.0,50.1,41.5,43.4,61.0,29.7,43.1,44.0,44.0,37.5,6.79,5,1,3,AI/ML,Backend,QA Engineer
4352,31.9,41.8,33.0,35.8,48.6,44.0,41.2,43.1,37.9,36.5,41.9,24.5,37.1,32.5,31.6,36.9,30.4,36.9,30.3,14.0,36.4,22.5,47.7,32.1,57.3,53.0,26.0,6.8,6,1,0,Web Development,Mobile,QA Engineer
4353,19.1,33.0,22.3,35.8,44.3,43.7,33.8,56.9,32.1,38.0,35.1,33.7,50.3,33.3,49.3,40.9,33.1,21.8,24.7,36.2,30.9,31.4,19.8,29.8,57.0,40.0,13.5,6.81,2,0,2,AI/ML,Frontend,QA Engineer
4354,26.2,32.7,32.1,39.9,34.4,54.8,46.5,55.6,43.3,52.3,36.7,43.5,42.6,38.1,26.8,35.5,41.5,41.9,31.7,54.6,45.3,32.6,32.9,62.7,20.9,28.7,39.9,6.82,4,2,4,DevOps,Business,QA Engineer
4355,47.3,41.4,32.8,31.5,33.5,48.0,44.9,51.8,42.6,44.4,48.1,39.8,47.8,42.3,32.4,41.1,53.0,52.0,45.0,40.4,37.4,44.1,28.6,26.8,45.9,42.0,46.3,6.82,5,1,2,Cloud Computing,Mobile,QA Engineer
4356,59.6,27.7,29.0,49.5,18.9,15.6,26.1,30.0,44.3,52.5,28.9,42.7,27.9,38.5,41.2,37.6,33.8,31.8,58.6,55.9,49.7,39.8,49.2,36.0,34.0,21.4,41.9,6.82,5,0,2,DevOps,Full Stack,QA Engineer
4357,74.1,53.3,44.0,64.3,32.8,44.4,45.4,41.1,51.9,53.3,47.0,59.7,53.2,45.0,53.3,47.3,61.8,71.4,56.5,58.0,58.4,71.2,22.6,56.4,29.1,30.9,60.6,6.82,9,1,2,DevOps,QA & Testing,QA Engineer
4358,41.1,49.2,32.9,39.8,38.4,53.1,51.3,42.0,46.9,42.9,39.8,43.0,41.6,40.1,46.9,49.2,38.0,31.2,18.7,35.9,39.7,27.6,36.8,29.9,32.8,39.0,24.9,6.83,12,0,3,DevOps,Backend,QA Engineer
4359,31.1,54.5,24.0,49.0,41.4,42.0,45.6,57.5,59.6,47.0,39.6,41.9,42.3,52.0,60.5,54.8,56.0,18.8,12.1,23.2,29.1,22.5,30.6,35.7,25.1,43.1,37.5,6.84,6,3,2,Mobile Development,Mobile,QA Engineer
4360,36.9,42.6,42.3,56.0,51.4,64.7,63.4,59.3,48.4,49.7,61.9,45.9,47.6,34.1,28.9,24.9,47.1,38.5,47.6,63.3,67.2,44.6,44.3,48.8,49.0,38.5,63.0,6.84,3,0,3,Data Science,Full Stack,QA Engineer
4361,46.8,37.6,42.4,41.7,53.6,42.5,38.1,42.3,50.0,48.4,57.5,34.2,43.7,37.7,34.2,33.0,38.0,35.7,40.1,60.0,62.5,55.1,52.5,39.6,54.2,38.8,32.7,6.85,3,3,0,Mobile Development,Frontend,QA Engineer
4362,45.7,28.7,65.3,41.4,38.9,34.3,31.3,26.1,36.3,31.1,43.0,34.4,39.1,39.7,43.2,29.5,49.8,50.6,55.4,25.4,18.6,39.4,24.4,35.6,43.7,37.6,50.7,6.86,3,2,3,Mobile Development,Frontend,QA Engineer
4363,46.4,61.6,59.5,61.6,44.1,38.4,46.1,41.1,55.4,67.5,69.6,51.0,61.3,68.3,68.5,49.9,55.0,47.2,54.0,56.6,58.1,46.8,55.6,72.1,74.9,48.0,62.5,6.87,4,1,6,Web Development,Business,QA Engineer
4364,50.1,48.0,38.0,51.3,50.5,45.8,55.5,53.7,47.9,53.2,47.3,47.4,46.7,45.3,55.0,50.0,45.2,38.5,30.7,33.4,41.6,31.9,46.9,35.1,21.0,18.9,43.3,6.87,3,1,7,Mobile Development,Frontend,QA Engineer
4365,32.6,48.2,48.3,38.9,51.6,60.1,53.5,55.8,32.6,38.8,39.7,45.3,29.2,32.5,20.7,37.2,35.6,36.0,26.3,36.5,21.0,26.0,32.7,41.2,12.4,37.4,34.7,6.88,2,0,2,Cloud Computing,QA & Testing,QA Engineer
4366,39.8,61.1,54.0,59.3,36.5,34.2,44.2,37.3,40.0,62.5,58.2,56.8,35.9,53.6,59.9,54.3,43.5,58.7,38.6,61.3,54.8,38.8,29.6,48.4,30.9,33.1,57.5,6.88,5,2,2,Cloud Computing,Data & Analytics,QA Engineer
4367,43.9,45.8,42.9,38.9,29.1,17.1,33.5,18.9,42.0,27.7,34.0,44.8,29.1,26.1,29.8,38.9,37.9,29.2,34.5,29.3,30.1,43.6,48.6,42.5,37.1,39.2,60.5,6.88,7,2,2,Cybersecurity,Machine Learning,QA Engineer
4368,30.6,44.3,42.5,38.0,58.5,46.6,59.8,46.3,55.9,45.5,39.7,35.0,37.8,27.1,50.5,43.5,39.0,11.1,21.9,19.3,10.1,27.7,25.6,56.0,28.0,31.8,46.6,6.89,3,3,4,Cloud Computing,Full Stack,QA Engineer
4369,37.5,49.6,56.6,31.0,34.2,52.8,47.3,35.4,40.4,36.9,25.0,52.8,39.0,61.6,56.2,45.2,41.1,36.8,27.1,27.1,30.2,39.3,57.7,55.9,59.3,52.4,49.0,6.9,1,1,8,Data Science,QA & Testing,QA Engineer
4370,17.1,35.1,32.6,38.9,57.0,65.1,56.3,43.4,46.4,44.9,30.8,34.5,38.7,48.7,36.5,27.2,37.9,33.7,26.3,37.1,45.7,43.1,55.1,37.2,42.9,43.5,49.4,6.92,5,1,4,DevOps,Mobile,QA Engineer
4371,75.4,55.1,65.0,74.0,58.4,57.6,48.8,67.4,56.7,64.3,73.2,63.6,63.8,57.6,50.3,45.8,51.6,69.4,62.8,51.8,61.7,68.7,71.9,75.5,89.6,73.9,68.0,6.92,9,1,2,Mobile Development,Backend,QA Engineer
4372,29.4,36.2,48.4,32.2,62.0,52.1,63.0,53.5,48.4,30.6,34.7,50.8,46.1,21.7,17.3,21.2,40.1,24.4,21.1,22.0,25.1,34.3,40.7,41.8,41.1,42.1,53.2,6.93,7,3,0,Mobile Development,Business,QA Engineer
4373,43.6,55.3,40.4,50.0,58.8,55.5,68.4,70.4,65.7,49.3,65.8,54.9,48.9,54.7,55.0,58.8,51.9,42.7,33.5,37.9,57.5,30.5,55.9,28.3,67.6,61.0,43.1,6.95,6,2,3,DevOps,Frontend,QA Engineer
4374,53.0,41.0,42.4,50.1,25.2,36.2,32.9,41.2,43.1,32.0,57.1,28.8,33.2,44.4,42.4,45.9,24.6,59.0,41.2,66.2,79.7,62.5,46.1,30.2,43.0,49.7,35.1,6.95,3,1,1,Business Analytics,Security,QA Engineer
4375,53.2,43.9,44.1,52.3,60.5,56.7,64.2,54.7,63.2,51.8,47.2,44.6,58.2,56.3,60.2,61.4,44.7,33.4,33.9,34.9,32.7,39.8,21.5,45.2,42.0,49.2,56.4,6.95,5,1,6,Mobile Development,Business,QA Engineer
4376,35.9,42.7,29.0,33.0,17.5,11.4,15.0,13.2,21.0,33.2,36.9,49.5,25.6,36.6,22.5,34.2,16.0,21.6,18.7,21.6,28.9,25.2,29.4,36.3,21.6,25.8,30.0,6.96,5,0,3,Cybersecurity,Mobile,QA Engineer
4377,40.0,25.5,33.5,31.0,40.9,35.8,38.6,50.0,21.9,37.1,19.3,33.1,36.0,39.5,41.3,25.0,39.1,50.0,43.1,45.5,35.0,50.6,24.8,45.0,53.8,30.3,30.5,6.96,4,0,4,Cybersecurity,Business,QA Engineer
4378,51.9,58.3,53.1,54.8,45.4,33.8,51.4,44.6,70.2,68.5,53.9,51.0,45.8,51.5,59.3,52.3,48.4,51.0,30.1,49.1,64.3,56.5,68.7,43.8,49.3,51.2,52.5,6.96,5,1,5,Web Development,Business,QA Engineer
4379,31.9,32.8,40.4,22.8,29.9,47.2,30.2,42.6,20.5,39.6,31.1,34.6,34.7,37.3,39.0,40.9,48.3,36.5,23.0,17.0,21.8,8.2,16.3,39.4,22.3,33.8,34.3,6.97,5,2,1,Cloud Computing,Mobile,QA Engineer
4380,68.5,64.1,54.9,80.2,44.1,42.3,47.3,52.9,53.8,63.9,69.0,50.7,60.8,65.3,62.8,49.9,50.1,63.2,64.7,87.6,66.3,67.4,84.2,62.1,73.1,87.0,40.1,6.97,4,2,4,AI/ML,Cloud & DevOps,QA Engineer
4381,39.2,63.2,54.4,51.3,35.8,23.7,32.4,28.3,62.3,53.1,46.0,47.4,42.5,50.7,67.6,49.1,53.9,46.5,24.1,50.8,52.4,33.4,63.6,54.7,52.1,34.0,53.0,6.98,7,3,3,Mobile Development,Backend,QA Engineer
4382,42.8,43.6,52.1,47.2,42.3,42.7,41.4,41.7,41.9,33.3,38.3,35.6,38.3,36.8,28.1,17.5,44.6,29.7,25.9,48.6,49.4,37.6,30.2,36.7,18.2,34.6,29.7,6.98,3,2,4,Web Development,QA & Testing,QA Engineer
4383,69.1,55.7,69.2,62.7,82.4,75.7,66.7,72.9,64.9,70.3,69.1,73.9,61.2,56.7,53.8,71.0,58.1,73.5,67.7,70.6,69.9,67.1,54.2,66.8,58.0,65.0,63.9,6.99,5,2,1,Cybersecurity,QA & Testing,QA Engineer
4384,42.1,66.7,62.6,52.3,78.2,52.7,63.1,59.2,47.1,56.9,47.5,46.8,52.0,40.4,40.5,39.7,45.9,36.4,41.7,29.1,36.1,39.0,33.4,62.2,29.7,43.7,57.2,7.0,5,1,2,Mobile Development,Machine Learning,QA Engineer
4385,37.9,38.9,29.0,40.7,36.0,14.9,29.6,37.7,26.8,37.0,28.2,35.2,29.4,46.2,44.3,57.6,46.5,31.9,17.2,32.9,40.2,29.4,44.6,40.2,47.5,59.1,36.1,7.01,6,1,1,AI/ML,Business,QA Engineer
4386,61.0,40.6,37.6,33.5,40.0,46.3,37.3,31.5,27.6,30.5,35.2,41.1,50.3,61.5,47.8,57.8,54.7,47.3,65.6,47.0,36.6,53.6,38.5,34.2,47.9,45.8,52.6,7.01,5,2,5,AI/ML,Full Stack,QA Engineer
4387,63.3,64.6,59.7,52.1,59.3,63.3,63.2,59.0,64.5,56.6,63.5,54.8,62.4,63.4,52.0,42.1,57.2,66.1,62.3,43.1,42.4,57.1,62.9,75.8,67.7,64.8,56.5,7.01,4,1,3,Web Development,Backend,QA Engineer
4388,28.3,30.6,15.8,30.5,49.7,38.8,39.0,42.2,18.2,30.7,28.8,28.2,16.6,21.5,24.0,27.1,17.5,47.9,31.7,54.6,50.3,34.2,25.6,18.9,32.4,32.2,31.4,7.02,6,0,1,DevOps,Full Stack,QA Engineer
4389,32.7,49.2,18.9,56.6,59.3,43.5,54.9,59.3,66.2,44.3,60.9,44.3,62.1,64.8,29.7,57.4,43.4,44.1,40.4,43.1,46.5,26.7,31.8,42.2,52.2,58.1,40.7,7.02,4,1,0,DevOps,Data & Analytics,QA Engineer
4390,30.0,32.7,32.1,37.1,38.1,51.8,31.4,42.4,40.1,25.1,40.2,27.8,26.8,31.9,43.1,45.3,49.2,46.3,43.7,38.4,39.2,43.8,58.3,26.3,58.3,27.8,40.0,7.03,1,2,4,AI/ML,Mobile,QA Engineer
4391,41.0,60.8,55.8,54.2,51.0,29.7,53.2,45.3,52.6,52.5,60.5,37.4,60.3,48.4,38.3,45.6,54.0,25.5,30.5,46.4,39.8,40.2,44.2,52.0,30.3,38.8,56.6,7.03,3,1,3,Mobile Development,QA & Testing,QA Engineer
4392,45.5,41.2,59.3,46.9,58.0,42.3,40.6,40.6,37.8,32.0,38.3,48.4,48.9,47.4,58.5,49.9,52.5,48.5,57.7,36.8,34.1,50.1,36.6,52.7,47.1,55.0,52.2,7.03,5,1,2,Mobile Development,Backend,QA Engineer
4393,69.8,46.6,46.7,45.7,37.0,37.9,43.7,30.1,47.5,34.0,48.5,56.2,62.0,51.3,58.2,48.6,55.0,73.4,74.8,62.1,57.7,59.3,47.7,58.4,33.1,58.5,68.9,7.03,6,2,0,Business Analytics,Full Stack,QA Engineer
4394,34.7,30.9,39.9,35.5,30.6,37.9,32.8,32.7,37.9,29.3,26.6,36.8,45.4,17.6,38.6,33.4,26.2,28.6,37.8,44.4,34.9,36.8,55.6,41.7,30.8,47.2,25.7,7.05,3,1,2,DevOps,Frontend,QA Engineer
4395,37.2,38.9,24.2,50.0,51.2,52.5,46.6,70.4,33.2,50.6,48.0,39.7,37.6,34.7,52.5,32.9,19.1,48.3,36.7,49.4,36.8,40.4,31.7,37.6,40.2,32.9,37.7,7.05,6,2,3,Cybersecurity,Cloud & DevOps,QA Engineer
4396,46.2,62.1,53.8,50.5,40.5,33.5,52.5,33.3,52.3,50.9,44.2,47.5,24.1,60.7,65.3,48.8,49.3,40.0,46.6,51.8,49.4,47.4,37.3,26.7,31.8,42.3,50.0,7.05,2,1,4,Business Analytics,Security,QA Engineer
4397,56.8,42.8,61.6,42.4,26.0,39.2,44.3,48.4,43.7,40.3,34.5,44.3,43.4,70.2,44.7,47.2,54.0,40.5,48.6,32.3,52.4,47.6,44.8,51.8,39.5,44.7,45.3,7.05,0,1,5,Data Science,Backend,QA Engineer
4398,72.0,74.8,45.5,77.6,72.6,86.2,68.7,66.9,57.1,63.7,67.1,66.4,68.3,71.2,76.1,77.5,69.6,84.2,72.8,71.7,65.3,67.9,76.0,68.8,56.2,64.9,77.7,7.05,6,3,4,DevOps,Security,QA Engineer
4399,41.1,37.3,22.0,37.0,20.8,29.2,31.8,24.6,21.0,40.8,51.4,38.4,42.2,25.8,31.4,46.5,33.5,41.9,28.2,48.2,44.6,36.8,41.3,41.0,43.5,34.0,36.7,7.07,3,1,2,Data Science,Mobile,QA Engineer
4400,36.6,41.4,22.2,26.1,51.1,51.9,37.9,46.1,46.0,28.0,32.1,38.7,39.7,27.1,29.7,31.5,16.7,33.6,28.2,39.5,39.3,17.2,49.0,42.3,60.6,63.4,28.5,7.08,11,3,0,Cloud Computing,Data & Analytics,QA Engineer
4401,39.4,33.4,32.7,37.9,25.7,32.6,34.9,22.0,35.1,44.7,33.4,50.6,44.0,16.7,29.8,30.6,42.8,37.5,49.8,57.8,67.8,46.8,44.7,34.1,58.2,44.2,36.1,7.08,1,1,1,DevOps,QA & Testing,QA Engineer
4402,39.9,41.7,33.7,39.8,50.3,50.3,50.8,34.9,40.6,42.3,48.3,50.3,54.4,42.9,45.7,66.2,56.0,54.4,58.3,43.0,30.1,61.5,53.0,31.6,53.4,45.2,59.7,7.08,4,2,4,Web Development,Machine Learning,QA Engineer
4403,54.1,41.0,51.9,37.5,56.1,63.5,52.7,59.6,44.8,61.3,42.7,55.0,55.1,61.2,52.9,34.4,47.1,40.9,51.9,41.0,40.3,50.6,39.1,63.4,47.2,37.7,53.8,7.08,8,1,7,Web Development,Full Stack,QA Engineer
4404,55.5,44.8,63.8,48.2,33.9,35.8,42.0,25.7,31.6,52.5,56.3,37.6,52.0,42.8,36.9,32.0,46.4,62.5,62.9,54.7,67.2,61.3,44.3,51.2,61.5,43.0,66.9,7.08,6,3,0,AI/ML,Security,QA Engineer
4405,75.8,42.3,66.8,55.2,48.9,36.8,45.7,41.4,29.1,59.4,47.4,53.8,43.1,42.7,50.6,43.6,38.9,71.3,62.3,66.2,61.4,55.1,34.5,67.2,27.3,41.8,66.5,7.08,6,1,1,DevOps,Machine Learning,QA Engineer
4406,34.8,40.5,34.7,40.0,58.0,51.2,54.1,45.4,40.2,61.6,56.4,43.5,37.2,43.8,44.4,26.2,31.8,40.6,33.3,55.6,38.0,38.3,48.5,33.0,43.7,47.7,29.5,7.09,6,1,2,Mobile Development,Mobile,QA Engineer
4407,55.2,58.7,47.2,76.2,67.8,62.4,77.1,62.5,66.8,72.4,66.0,50.7,71.3,57.3,66.3,69.5,52.8,76.4,66.8,84.3,90.9,58.9,60.7,50.5,63.6,50.7,58.6,7.09,4,2,1,Mobile Development,Full Stack,QA Engineer
4408,56.9,33.0,48.9,57.4,49.8,52.5,50.3,65.6,34.9,61.4,58.6,35.5,49.8,41.1,35.2,33.9,45.5,54.9,34.6,56.9,62.7,47.7,38.6,46.3,40.3,27.1,58.7,7.09,5,0,1,Web Development,Data & Analytics,QA Engineer
4409,59.1,42.2,42.0,48.5,38.3,40.0,40.7,42.4,46.3,43.3,40.5,48.2,37.6,51.0,46.4,44.0,48.0,61.0,76.9,45.8,50.8,74.3,56.6,43.1,72.9,46.0,46.7,7.09,6,1,5,Business Analytics,Machine Learning,QA Engineer
4410,30.8,39.4,43.6,32.8,41.3,49.9,36.8,70.5,50.8,18.9,38.1,44.4,41.1,55.5,40.2,51.5,53.5,30.3,39.4,40.3,35.2,31.3,47.5,44.2,50.1,58.1,58.7,7.1,3,2,6,Cybersecurity,Data & Analytics,QA Engineer
4411,52.2,47.8,50.5,48.0,47.5,44.3,34.8,46.2,38.6,30.0,46.6,61.1,45.4,66.3,32.9,40.7,41.6,58.9,63.3,44.7,50.1,56.0,47.4,40.0,44.2,45.2,47.0,7.1,5,2,5,AI/ML,Data & Analytics,QA Engineer
4412,60.1,60.5,63.2,37.9,54.6,30.9,61.6,46.5,59.5,48.2,31.3,45.7,60.8,49.5,44.4,57.0,53.2,51.9,66.6,23.3,23.6,48.6,51.2,48.4,39.2,48.9,52.7,7.1,5,2,3,Web Development,Full Stack,QA Engineer
4413,25.7,31.8,39.2,47.4,54.0,71.0,40.5,61.0,44.3,40.9,33.4,41.2,40.6,41.4,18.5,25.6,40.4,30.0,31.8,30.1,29.2,26.9,36.5,40.3,40.8,43.0,36.5,7.11,4,0,0,Mobile Development,Full Stack,QA Engineer
4414,26.9,42.1,38.8,28.1,22.3,19.3,15.5,16.8,32.9,15.4,21.5,29.5,32.2,23.0,36.3,31.8,22.1,21.6,11.2,18.2,14.4,18.8,17.2,46.0,21.5,34.7,29.8,7.11,4,0,2,Cloud Computing,QA & Testing,QA Engineer
4415,38.8,46.6,48.5,42.7,42.2,37.0,49.1,50.4,47.0,55.2,30.9,40.6,42.6,35.6,57.4,42.9,38.3,30.4,13.4,34.9,50.1,26.8,44.9,47.8,64.2,56.5,33.7,7.11,5,2,3,Data Science,Backend,QA Engineer
4416,46.2,51.1,41.3,52.8,32.6,40.3,21.5,26.6,42.5,50.7,48.4,46.0,38.3,49.9,56.6,49.6,42.3,48.4,53.1,56.6,53.7,50.5,24.1,44.3,33.6,24.6,41.1,7.11,7,1,7,Web Development,QA & Testing,QA Engineer
4417,49.9,25.4,35.8,41.3,23.3,36.9,40.0,35.9,32.3,29.2,53.6,46.8,52.0,46.3,45.8,35.2,51.7,46.7,45.9,54.3,37.6,55.3,39.6,25.6,38.9,36.1,44.2,7.11,5,0,4,Business Analytics,Cloud & DevOps,QA Engineer
4418,60.1,53.9,48.2,45.8,48.6,52.4,49.2,42.6,45.2,55.3,42.3,53.8,53.3,56.9,59.2,56.4,57.0,40.7,56.5,35.0,26.7,44.1,48.2,58.1,51.3,45.7,32.1,7.11,6,1,4,Mobile Development,Machine Learning,QA Engineer
4419,62.1,38.4,54.0,35.8,67.2,61.8,60.6,63.4,67.1,49.1,50.6,52.4,51.6,51.6,50.8,55.6,44.3,54.3,65.9,50.2,56.0,65.6,49.3,59.0,50.5,45.0,78.0,7.12,7,3,4,Data Science,Machine Learning,QA Engineer
4420,50.2,60.4,60.8,44.2,53.9,60.1,49.1,52.1,56.7,53.8,59.1,52.2,42.8,54.1,52.9,51.1,54.1,30.3,38.6,43.4,48.8,40.3,58.0,45.3,47.6,61.8,36.1,7.14,8,0,3,Web Development,Cloud & DevOps,QA Engineer
4421,54.9,41.4,37.8,45.6,74.8,76.9,50.9,61.3,55.3,40.4,49.5,40.0,41.2,26.6,31.2,41.0,26.8,48.1,57.2,44.7,46.4,42.0,57.7,36.2,50.6,43.1,41.6,7.14,3,0,4,Web Development,Full Stack,QA Engineer
4422,33.9,34.3,32.6,46.6,38.9,41.6,39.8,26.5,39.4,50.1,62.4,35.4,35.2,29.4,32.1,25.0,36.3,35.6,44.0,53.2,63.0,33.2,52.9,42.8,67.5,43.7,34.6,7.15,2,2,3,DevOps,Full Stack,QA Engineer
4423,61.2,64.0,51.4,67.8,34.6,49.8,43.4,53.3,41.1,62.0,58.9,55.3,51.2,51.7,47.8,42.6,54.1,55.0,60.6,56.8,58.9,49.9,49.4,63.9,36.6,40.4,67.2,7.15,9,1,5,AI/ML,Mobile,QA Engineer
4424,25.5,28.5,66.0,35.3,29.5,26.3,23.8,22.8,53.6,42.4,30.3,30.8,34.4,40.8,57.4,42.2,33.4,29.9,32.4,12.0,25.3,37.6,36.9,34.9,33.0,21.8,37.5,7.16,3,0,0,Web Development,Backend,QA Engineer
4425,27.0,34.4,32.2,44.7,40.1,26.5,36.5,30.5,42.1,35.6,44.4,41.4,28.2,33.9,34.6,23.6,38.6,31.6,32.3,46.8,48.8,27.0,40.6,45.4,32.6,41.9,39.3,7.16,4,1,2,DevOps,Business,QA Engineer
4426,27.6,53.5,30.8,35.8,31.6,32.5,43.5,24.0,52.0,47.8,48.5,35.6,33.9,45.2,53.8,66.0,55.2,33.1,30.3,27.0,39.9,43.2,46.8,34.9,46.2,60.2,45.3,7.16,5,2,3,Cybersecurity,Frontend,QA Engineer
4427,35.6,22.1,19.1,30.7,23.9,23.7,15.8,22.8,29.9,16.2,10.5,25.6,19.5,30.1,30.4,31.4,21.7,32.9,22.2,36.0,27.4,32.3,22.2,42.3,35.4,30.0,25.0,7.16,5,2,2,Cybersecurity,Full Stack,QA Engineer
4428,50.5,31.5,58.3,45.7,66.4,62.0,56.8,63.5,45.3,40.8,50.0,44.7,59.5,51.9,31.5,33.3,31.2,32.6,38.9,37.3,41.9,41.9,37.0,67.4,53.2,45.9,70.7,7.16,4,1,2,Cybersecurity,Data & Analytics,QA Engineer
4429,49.6,57.2,66.2,63.5,53.6,62.2,64.4,60.6,48.5,64.1,62.3,57.5,53.8,72.4,69.6,56.8,51.2,63.1,57.7,72.2,57.9,48.1,66.6,61.4,55.6,69.0,60.4,7.17,7,2,5,Cybersecurity,Business,QA Engineer
4430,57.6,62.1,53.1,48.4,48.1,57.8,41.1,39.8,51.6,50.6,46.8,49.1,51.5,69.5,63.5,70.5,64.5,64.9,64.0,49.2,57.1,51.5,45.2,59.4,53.5,53.6,54.4,7.17,5,3,4,Business Analytics,QA & Testing,QA Engineer
4431,29.9,36.6,30.7,41.5,66.5,70.3,70.3,68.9,48.2,39.0,29.5,44.7,46.5,35.2,41.2,38.0,58.4,35.2,25.6,47.3,26.7,28.2,39.4,32.2,46.7,36.0,27.9,7.18,8,1,6,Cloud Computing,Mobile,QA Engineer
4432,65.1,60.8,53.3,64.6,76.8,67.5,63.9,69.0,65.3,63.8,52.9,55.1,55.8,52.0,48.1,53.6,35.8,67.8,77.6,62.2,65.5,61.0,55.2,47.0,75.3,59.6,49.1,7.19,4,3,4,Business Analytics,Full Stack,QA Engineer
4433,41.0,44.1,33.7,30.2,29.8,30.0,30.5,32.7,34.9,38.2,48.9,37.5,28.8,37.4,45.8,28.8,36.6,32.3,35.2,41.4,24.4,22.1,18.2,31.2,25.0,35.6,23.6,7.2,2,3,2,DevOps,Security,QA Engineer
4434,51.7,49.9,47.8,41.9,57.8,69.9,48.5,54.1,54.5,44.4,50.1,51.1,43.6,64.3,60.5,55.9,59.1,38.6,47.3,39.9,60.7,46.3,72.4,56.2,52.1,73.0,60.3,7.2,3,3,6,Web Development,Machine Learning,QA Engineer
4435,40.5,61.4,32.7,30.3,37.5,48.4,51.8,48.5,46.0,54.3,27.5,41.7,25.5,55.5,32.0,42.0,24.4,19.2,35.1,27.3,23.7,38.6,28.5,37.2,25.4,39.6,27.8,7.21,3,0,1,DevOps,QA & Testing,QA Engineer
4436,43.7,46.9,30.1,48.3,33.4,41.6,54.4,42.6,40.5,54.8,62.0,37.3,56.5,41.0,46.1,53.0,36.5,28.4,36.7,60.3,42.9,38.1,60.9,46.7,76.5,67.7,42.5,7.21,3,3,3,Business Analytics,Mobile,QA Engineer
4437,51.2,47.7,35.2,38.8,50.6,62.2,55.9,54.5,41.7,54.4,46.6,53.0,63.5,53.8,43.0,62.8,53.7,44.1,55.4,33.0,46.1,47.9,32.8,51.6,29.1,36.3,49.3,7.21,3,3,4,AI/ML,QA & Testing,QA Engineer
4438,57.3,62.0,58.6,38.0,51.6,40.5,47.6,53.3,48.3,48.1,46.4,43.6,48.4,47.8,55.2,43.3,43.3,47.1,56.6,50.7,58.9,53.7,63.6,46.8,72.0,69.1,56.8,7.22,4,1,2,Mobile Development,Frontend,QA Engineer
4439,59.6,50.4,64.2,45.7,52.4,59.4,55.5,59.2,46.2,41.9,53.4,66.0,59.9,51.1,41.8,65.8,55.5,76.4,81.9,64.7,62.1,74.7,44.2,51.0,49.6,34.9,58.9,7.22,3,1,1,Mobile Development,Backend,QA Engineer
4440,38.4,33.9,35.2,41.6,34.3,38.6,43.3,31.3,33.8,31.7,36.9,35.4,36.4,37.0,39.6,53.8,58.3,48.2,39.5,49.5,56.2,39.6,32.2,39.0,37.5,30.5,41.2,7.23,6,1,3,AI/ML,Data & Analytics,QA Engineer
4441,41.0,29.6,52.0,47.1,23.4,38.7,30.7,30.8,22.2,35.7,32.8,35.3,46.0,37.5,33.0,34.9,47.5,78.0,59.4,41.1,54.9,57.9,58.2,48.5,50.2,43.4,57.1,7.23,2,2,2,Cloud Computing,Frontend,QA Engineer
4442,61.1,64.3,46.6,61.8,53.0,49.9,62.0,65.0,47.4,59.5,55.6,50.3,52.4,45.1,44.2,48.7,41.0,63.3,62.2,49.1,60.9,59.1,70.1,50.5,70.1,54.1,45.9,7.23,2,1,0,Business Analytics,Full Stack,QA Engineer
4443,25.1,32.5,34.6,19.6,16.3,21.3,24.3,10.7,27.7,29.5,21.8,23.1,41.3,36.8,32.6,26.0,15.1,32.5,32.0,30.9,33.5,38.8,19.1,25.3,43.4,38.4,29.0,7.24,3,0,2,DevOps,Mobile,QA Engineer
4444,50.1,63.9,48.0,54.3,60.9,74.0,71.0,74.4,63.9,72.3,41.7,61.4,70.6,63.8,66.1,56.9,55.0,56.7,46.0,47.4,38.0,39.9,46.6,51.4,44.3,67.8,63.3,7.24,9,0,6,Business Analytics,QA & Testing,QA Engineer
4445,51.9,50.6,50.3,50.4,47.3,55.7,20.1,50.8,28.3,29.3,41.0,43.5,30.2,29.2,27.6,28.9,40.5,60.4,68.0,53.6,67.5,60.8,55.1,51.5,41.3,62.7,62.0,7.24,6,2,2,Cybersecurity,Machine Learning,QA Engineer
4446,44.6,53.7,48.2,50.9,35.4,44.1,40.9,36.8,53.6,52.2,46.3,49.1,46.3,69.0,61.6,51.0,53.1,50.0,56.6,39.7,42.8,44.1,32.8,36.0,35.1,37.8,53.8,7.25,6,1,6,AI/ML,Data & Analytics,QA Engineer
4447,37.6,38.2,46.5,51.7,27.8,32.9,44.5,23.2,43.2,40.8,54.0,39.4,36.3,32.4,45.3,33.0,38.7,42.7,29.0,43.1,39.6,26.5,17.0,20.8,41.1,29.5,35.9,7.26,2,3,0,Mobile Development,Full Stack,QA Engineer
4448,51.9,33.0,37.9,41.6,26.7,27.7,24.5,28.8,42.0,37.0,35.6,23.2,50.8,46.9,40.9,45.0,46.1,53.8,46.6,69.4,54.0,52.3,49.4,45.4,55.2,48.7,40.6,7.26,6,1,5,Cybersecurity,QA & Testing,QA Engineer
4449,54.9,64.0,39.7,63.3,60.4,51.2,49.8,58.7,54.2,60.1,70.3,54.6,51.0,65.6,53.7,47.1,52.8,56.7,50.9,65.9,69.0,48.0,71.2,63.8,62.7,78.0,46.9,7.27,5,3,1,Business Analytics,Full Stack,QA Engineer
4450,76.9,62.5,77.5,74.6,68.6,65.4,54.4,64.9,66.0,68.7,67.6,71.7,66.2,75.9,79.6,82.0,67.6,80.2,78.6,62.1,51.1,78.3,42.3,66.5,50.7,70.0,73.0,7.27,4,3,3,Web Development,Cloud & DevOps,QA Engineer
4451,48.0,43.6,62.2,35.1,46.6,52.2,42.1,61.1,42.6,42.3,37.2,43.5,41.3,42.3,46.3,49.6,40.4,35.0,49.2,39.5,27.0,42.5,52.3,47.2,55.3,41.0,49.7,7.28,3,1,0,DevOps,Machine Learning,QA Engineer
4452,25.2,34.0,31.3,39.0,43.2,56.5,52.2,38.8,40.7,37.6,30.2,32.4,57.4,44.4,49.5,43.3,43.2,39.5,40.1,50.0,26.5,38.6,27.5,23.1,45.9,38.3,21.4,7.29,4,0,4,Web Development,Data & Analytics,QA Engineer
4453,45.9,31.4,43.6,39.2,30.2,30.4,25.0,29.0,27.2,28.0,45.7,45.0,40.7,39.8,38.9,41.9,44.5,46.1,44.6,34.0,40.0,53.4,57.4,41.5,28.7,34.5,33.3,7.29,4,0,1,Cloud Computing,Business,QA Engineer
4454,53.6,41.8,44.1,48.2,37.1,22.9,30.5,32.6,31.8,46.9,55.6,38.8,51.6,32.4,26.8,50.6,41.7,63.3,61.3,49.7,57.6,77.5,52.0,57.3,73.8,51.4,50.4,7.29,5,1,5,AI/ML,Machine Learning,QA Engineer
4455,41.8,67.4,67.0,49.9,54.2,39.9,55.0,47.4,71.1,54.1,55.8,48.4,51.3,77.3,80.2,64.3,55.9,49.4,30.5,30.7,33.5,47.3,26.4,48.0,32.9,36.4,63.9,7.3,8,1,1,Web Development,Data & Analytics,QA Engineer
4456,34.0,70.3,49.3,68.8,38.6,43.8,54.0,38.7,64.6,66.9,87.2,58.9,51.4,60.5,65.8,61.5,57.4,33.5,46.3,55.4,53.6,44.3,60.1,45.4,62.1,52.3,57.9,7.31,3,0,5,Cybersecurity,QA & Testing,QA Engineer
4457,52.7,41.8,42.3,54.5,40.6,40.6,42.6,40.8,58.5,44.8,37.0,38.9,37.5,25.2,32.4,16.8,34.2,48.2,56.9,52.2,47.2,40.6,25.6,47.0,37.6,35.3,41.0,7.31,2,0,1,Cybersecurity,Mobile,QA Engineer
4458,54.1,54.0,58.1,55.9,44.0,48.1,54.0,44.6,58.7,30.6,46.1,57.6,47.9,52.5,42.2,53.0,42.4,43.4,46.5,24.4,24.4,55.5,45.9,43.5,46.7,56.6,56.6,7.31,2,2,1,Mobile Development,Machine Learning,QA Engineer
4459,57.0,29.7,36.2,63.4,32.0,17.8,26.1,26.0,31.1,32.7,35.7,21.5,31.1,41.7,31.3,32.9,39.9,35.6,44.4,69.6,68.1,44.3,33.9,33.7,56.3,59.5,40.7,7.31,5,2,2,Business Analytics,Security,QA Engineer
4460,33.5,49.3,32.0,64.5,60.0,73.7,54.2,62.8,41.4,30.1,51.8,40.8,56.8,57.2,37.9,36.8,36.1,33.7,51.1,57.8,40.6,50.0,45.2,37.6,46.4,51.1,36.0,7.32,2,3,3,Business Analytics,Full Stack,QA Engineer
4461,36.6,43.6,40.1,46.1,36.0,29.8,38.6,26.6,29.5,38.0,31.0,37.7,29.8,43.3,50.7,49.8,50.1,54.8,49.2,41.2,31.3,35.4,37.0,34.5,34.1,56.5,45.3,7.32,5,1,4,Web Development,Business,QA Engineer
4462,39.5,56.0,45.6,30.8,57.1,65.7,60.0,58.0,63.3,50.8,34.7,60.7,54.8,60.5,50.5,52.9,37.9,40.7,35.8,49.4,39.3,29.2,54.8,50.0,85.8,61.1,48.9,7.32,5,2,2,Web Development,QA & Testing,QA Engineer
4463,41.0,56.4,47.7,56.3,40.6,41.3,44.8,43.3,43.7,58.2,59.8,52.9,51.0,79.8,71.6,54.1,67.4,63.1,55.8,46.5,68.0,54.6,81.3,47.9,59.6,73.0,53.3,7.32,9,1,3,Cybersecurity,Mobile,QA Engineer
4464,42.0,44.1,41.3,43.8,29.6,22.1,49.9,36.0,31.9,36.1,49.1,41.4,27.9,63.8,26.5,41.6,40.4,44.8,57.3,47.4,46.9,45.9,55.6,40.5,41.6,55.9,55.7,7.32,5,0,1,Business Analytics,Mobile,QA Engineer
4465,44.7,33.6,32.5,45.1,30.3,20.8,23.3,13.0,23.3,25.1,44.0,23.0,22.7,25.2,33.3,32.9,24.8,43.4,34.9,54.2,54.3,39.3,43.8,51.5,23.7,30.5,54.8,7.32,4,0,1,Cybersecurity,Business,QA Engineer
4466,46.1,60.3,38.1,61.4,62.4,70.4,76.4,59.9,77.4,67.8,66.1,62.5,65.2,63.1,50.8,51.7,44.5,40.5,44.6,37.3,48.9,39.0,41.0,49.9,43.6,57.8,52.6,7.33,6,2,3,Web Development,QA & Testing,QA Engineer
4467,36.9,43.4,49.6,43.6,36.7,56.3,49.8,37.4,40.5,41.4,44.3,45.7,55.9,53.9,60.3,57.8,57.5,50.4,43.5,34.4,36.1,37.6,41.5,54.3,40.8,47.1,50.3,7.34,2,1,2,AI/ML,Security,QA Engineer
4468,37.7,51.1,62.9,51.9,70.9,55.7,68.1,66.3,64.0,36.4,38.9,51.3,37.0,50.3,44.0,44.4,40.1,29.5,25.8,37.0,46.2,32.4,63.3,29.9,41.8,67.2,36.0,7.34,4,0,3,Mobile Development,QA & Testing,QA Engineer
4469,57.2,29.0,42.9,49.6,33.8,21.7,28.6,21.9,26.2,29.7,51.1,40.2,43.8,34.0,38.4,37.1,42.9,53.9,53.6,64.5,50.1,49.5,24.4,44.4,28.4,38.5,35.8,7.34,5,1,5,Business Analytics,Security,QA Engineer
4470,21.9,27.6,8.5,31.8,52.7,45.4,33.2,40.5,27.0,33.4,22.5,30.1,34.4,32.6,38.3,22.5,29.8,27.3,19.7,47.3,47.0,32.5,31.7,30.9,29.5,52.6,22.4,7.35,2,2,3,AI/ML,Data & Analytics,QA Engineer
4471,37.2,58.7,54.4,41.5,49.5,60.0,54.0,50.4,43.1,49.6,54.5,54.7,50.3,37.1,34.4,26.2,28.5,50.3,57.9,43.4,45.3,42.1,20.2,46.8,34.5,22.9,38.7,7.36,4,2,3,AI/ML,Machine Learning,QA Engineer
4472,56.1,49.8,44.3,43.3,31.0,34.9,44.1,49.9,57.4,53.3,38.7,51.0,37.6,55.7,55.9,51.0,54.2,57.9,52.4,43.7,34.2,47.2,32.0,40.6,32.8,25.6,56.9,7.36,4,1,5,Web Development,Full Stack,QA Engineer
4473,14.4,53.7,40.1,30.0,41.7,54.8,34.5,47.9,58.9,42.2,40.0,39.1,44.2,38.7,36.0,51.0,36.1,22.9,26.7,35.5,27.0,31.3,39.0,37.9,32.8,32.8,44.5,7.37,6,1,3,DevOps,Machine Learning,QA Engineer
4474,42.0,37.1,40.2,43.9,42.9,39.4,39.9,33.3,38.8,43.7,38.2,39.5,38.9,38.9,36.7,56.4,38.0,37.2,44.7,47.7,57.8,32.2,48.3,54.0,51.9,35.0,43.1,7.37,4,1,3,AI/ML,Mobile,QA Engineer
4475,52.5,32.5,37.7,29.4,47.1,62.0,38.3,68.5,36.6,31.4,27.9,47.6,56.7,47.6,32.6,54.6,53.6,61.2,60.2,39.0,42.0,34.8,48.2,39.8,27.2,53.9,64.1,7.37,5,0,4,Web Development,QA & Testing,QA Engineer
4476,42.6,42.8,36.6,34.7,38.6,51.8,41.4,52.4,41.1,34.2,44.3,38.9,48.8,51.2,46.7,44.4,52.0,26.9,18.5,38.5,37.4,32.1,41.3,34.7,29.0,41.9,39.8,7.39,3,0,1,AI/ML,Security,QA Engineer
4477,46.4,68.6,72.6,46.0,61.2,60.4,61.6,55.6,52.0,53.2,43.2,54.0,47.6,49.2,45.6,62.8,50.3,58.8,55.9,44.3,35.4,49.0,40.2,55.9,46.0,48.2,60.1,7.39,5,2,5,Web Development,Security,QA Engineer
4478,37.6,26.3,35.7,30.0,48.0,55.7,37.0,58.6,41.4,35.2,24.3,53.4,29.0,43.1,38.2,42.9,32.5,40.1,42.6,44.5,39.8,41.0,46.4,31.3,34.0,47.7,42.1,7.4,10,0,0,Web Development,Backend,QA Engineer
4479,40.5,25.0,18.7,26.6,40.1,60.6,42.8,48.1,32.0,28.7,24.9,38.7,37.2,34.6,36.1,31.8,42.7,38.0,56.0,30.2,29.5,26.0,44.7,13.0,41.3,38.1,34.5,7.42,0,1,3,Business Analytics,QA & Testing,QA Engineer
4480,50.1,41.2,40.0,51.7,59.1,58.0,54.3,72.7,54.2,62.9,51.4,45.4,55.3,51.7,31.9,39.3,38.9,39.5,32.3,69.7,76.2,49.1,38.2,60.8,53.2,49.3,63.1,7.43,7,3,4,Business Analytics,Full Stack,QA Engineer
4481,65.9,66.3,73.3,63.3,50.2,50.5,63.6,52.7,65.2,60.1,71.8,67.7,65.8,67.9,75.6,81.9,64.7,50.5,59.8,51.7,64.3,68.0,28.1,58.5,51.0,55.4,76.3,7.43,8,2,6,Cybersecurity,Cloud & DevOps,QA Engineer
4482,44.5,45.7,51.7,43.3,70.7,59.8,65.2,70.1,70.8,52.9,52.7,53.3,63.8,35.0,39.0,69.0,52.1,24.3,32.7,16.3,34.5,42.7,30.5,43.0,44.3,29.4,34.5,7.44,10,1,5,DevOps,Frontend,QA Engineer
4483,65.0,47.9,64.5,47.0,40.9,33.9,53.3,49.4,62.5,64.6,50.4,46.4,39.8,45.1,51.4,51.6,47.7,47.6,36.3,51.5,62.4,51.6,56.1,59.3,50.1,60.1,50.5,7.44,4,0,3,Data Science,Data & Analytics,QA Engineer
4484,34.8,46.3,51.8,28.3,76.2,62.1,64.5,74.3,48.6,36.9,26.1,51.7,58.4,42.9,35.4,47.4,51.3,29.1,40.7,49.6,45.9,47.8,64.4,30.0,74.5,49.8,44.1,7.46,9,1,3,Cloud Computing,Backend,QA Engineer
4485,53.7,50.2,34.6,52.4,51.6,48.6,38.6,46.9,54.8,51.0,58.3,35.2,55.6,58.2,47.7,51.7,27.1,38.8,42.4,49.3,62.4,58.9,39.7,32.8,52.0,62.7,30.2,7.46,4,2,5,Web Development,Frontend,QA Engineer
4486,58.2,45.2,70.7,49.4,43.9,58.7,48.4,39.2,43.0,40.4,62.5,48.2,49.7,44.2,48.2,49.9,57.3,65.7,73.4,43.5,66.5,55.5,46.6,27.1,36.7,49.0,48.2,7.46,5,1,4,DevOps,Cloud & DevOps,QA Engineer
4487,72.5,74.9,76.8,44.7,65.5,59.9,47.9,63.3,61.2,64.6,58.5,74.9,72.4,73.4,80.4,88.9,76.1,72.3,71.0,48.5,47.9,78.4,61.6,72.8,56.1,77.1,59.9,7.47,8,2,6,Mobile Development,Data & Analytics,QA Engineer
4488,30.6,35.7,22.5,43.1,59.5,50.5,47.4,49.9,23.6,40.8,32.6,44.2,55.4,46.6,57.2,46.9,45.8,40.9,30.3,43.1,39.1,27.6,43.6,32.8,43.5,45.4,32.5,7.48,9,2,5,Cybersecurity,Frontend,QA Engineer
4489,35.5,52.8,32.8,46.7,58.0,32.9,33.1,31.7,48.4,39.4,50.8,42.5,41.6,38.4,33.5,29.5,31.4,33.8,40.1,52.6,56.7,31.6,47.0,40.0,38.6,37.7,35.2,7.48,1,3,1,Cloud Computing,Mobile,QA Engineer
4490,44.6,30.9,42.2,32.9,52.6,61.5,45.3,49.2,45.6,33.5,42.9,33.5,42.7,38.3,41.1,44.0,45.2,28.3,40.5,47.3,44.3,55.0,18.8,52.2,17.3,36.4,39.5,7.49,2,0,4,Cybersecurity,QA & Testing,QA Engineer
4491,31.0,26.2,25.4,25.2,35.3,51.8,27.7,44.5,37.1,38.7,50.2,41.9,46.8,30.5,43.8,46.0,32.5,18.1,33.2,40.7,47.7,38.7,29.4,31.5,26.8,27.9,32.0,7.5,4,0,8,AI/ML,Frontend,QA Engineer
4492,35.6,47.4,42.9,54.2,76.3,71.9,60.4,64.2,45.9,43.2,38.3,37.0,57.6,56.0,64.7,56.9,46.0,55.6,40.7,62.0,51.4,56.0,36.0,40.0,45.8,51.9,53.6,7.5,9,1,4,Web Development,Machine Learning,QA Engineer
4493,49.5,44.9,59.1,45.7,45.1,37.5,42.0,26.2,45.6,45.5,44.6,47.8,33.0,39.4,34.3,43.7,50.6,59.3,57.1,28.2,31.3,52.0,40.0,57.8,37.1,31.8,55.9,7.5,4,0,1,Mobile Development,Cloud & DevOps,QA Engineer
4494,49.1,33.4,32.0,49.9,56.7,51.4,50.4,66.5,42.0,47.5,38.5,35.7,45.5,32.6,49.9,47.4,37.0,36.3,36.4,67.8,72.5,54.4,76.3,45.0,56.3,52.3,32.5,7.51,5,1,5,Business Analytics,Backend,QA Engineer
4495,41.9,33.5,21.7,60.1,44.4,32.2,29.0,35.6,30.1,27.2,34.9,32.9,30.5,36.7,49.1,49.0,34.8,48.7,48.9,48.8,43.8,39.5,27.7,17.0,30.5,38.3,40.6,7.52,5,2,3,Cloud Computing,Cloud & DevOps,QA Engineer
4496,42.1,53.8,44.5,42.5,55.7,62.7,49.3,73.9,68.4,66.4,58.2,42.3,44.1,58.2,43.4,48.4,47.1,43.4,40.7,51.6,52.2,40.9,59.2,40.6,52.7,55.7,39.4,7.52,6,2,2,Cybersecurity,Backend,QA Engineer
4497,49.7,57.1,62.2,47.9,45.2,48.6,57.2,50.5,60.8,39.1,65.8,49.1,40.6,37.8,34.0,36.1,52.7,42.5,35.1,51.3,33.6,43.0,48.0,61.8,29.9,40.4,46.6,7.52,2,2,1,Web Development,Mobile,QA Engineer
4498,64.2,51.3,49.4,68.2,50.2,51.2,56.6,58.2,51.3,54.9,63.7,53.3,42.4,50.8,48.2,48.3,50.1,50.8,65.8,77.0,74.9,60.3,73.0,49.7,59.8,69.2,54.3,7.52,7,1,2,DevOps,Mobile,QA Engineer
4499,32.5,18.9,26.5,25.9,14.6,18.4,17.2,21.7,19.8,28.3,15.4,31.6,20.3,13.3,13.2,12.2,18.1,32.9,39.6,39.5,31.3,24.8,22.7,28.8,17.7,23.4,29.4,7.53,3,1,1,Mobile Development,Machine Learning,QA Engineer
4500,55.1,48.1,69.2,50.6,62.2,64.4,56.7,61.9,63.2,41.2,38.3,51.8,72.4,61.3,73.3,62.7,74.5,64.8,56.1,36.8,27.5,58.8,60.8,78.1,64.5,57.4,62.7,7.53,7,1,2,DevOps,Security,QA Engineer
4501,52.0,51.0,48.1,50.2,63.4,68.0,62.4,78.4,47.0,62.2,48.4,66.7,65.4,70.8,43.3,55.6,61.6,60.9,48.6,66.1,57.9,57.5,84.3,64.3,61.1,84.1,47.1,7.54,6,1,1,Cybersecurity,QA & Testing,QA Engineer
4502,54.0,48.5,60.3,66.4,35.6,23.0,22.3,28.7,36.1,38.7,63.4,52.7,29.3,49.5,51.2,47.6,39.7,53.3,30.0,37.9,42.7,46.8,36.7,41.0,42.9,40.5,26.4,7.54,6,1,0,AI/ML,Mobile,QA Engineer
4503,38.6,26.0,53.6,44.2,38.0,24.5,36.6,36.3,34.9,39.0,32.6,43.8,43.1,51.8,36.9,48.7,46.8,36.5,63.0,45.3,45.4,44.6,67.8,37.6,62.6,42.8,41.0,7.55,1,3,6,Cloud Computing,Machine Learning,QA Engineer
4504,45.4,52.8,41.4,46.3,64.4,45.6,49.9,50.2,49.4,59.5,59.6,40.1,46.3,43.5,42.4,54.6,64.6,44.7,47.4,40.7,30.4,37.4,55.6,36.2,66.8,44.7,45.8,7.55,2,1,5,Web Development,Frontend,QA Engineer
4505,63.1,48.2,57.9,48.2,48.5,45.0,40.1,43.7,48.2,30.4,44.5,41.5,44.6,52.0,39.1,63.6,57.2,47.7,50.3,44.2,43.0,53.1,58.9,44.8,56.0,45.9,60.0,7.55,5,1,2,Web Development,Mobile,QA Engineer
4506,32.3,52.8,40.7,47.7,45.5,60.3,61.4,53.9,51.3,59.0,52.4,32.5,46.7,41.5,40.3,45.1,52.8,34.2,37.3,46.4,47.5,35.5,30.6,49.8,60.1,49.4,49.4,7.57,3,1,2,Cybersecurity,Data & Analytics,QA Engineer
4507,45.1,52.1,43.8,40.6,61.6,60.1,47.5,56.8,49.9,45.5,36.5,43.9,52.1,55.1,55.1,64.9,53.3,40.9,34.0,41.3,39.3,42.8,45.5,47.2,20.5,41.9,28.5,7.57,1,0,2,Cloud Computing,Security,QA Engineer
4508,54.0,64.1,58.0,56.7,81.0,66.8,74.4,76.3,64.3,48.9,57.6,52.4,72.2,49.4,57.5,60.9,52.6,54.5,61.3,57.1,65.2,53.9,67.1,70.7,63.8,48.1,46.7,7.58,9,3,4,Data Science,Full Stack,QA Engineer
4509,20.9,28.7,6.1,14.2,37.8,47.1,28.6,38.7,24.3,2.9,6.6,34.8,15.4,27.5,21.1,42.4,32.9,0.0,13.5,4.0,13.7,16.9,22.5,23.5,24.8,14.4,22.1,7.59,4,2,3,Mobile Development,Cloud & DevOps,QA Engineer
4510,52.1,35.5,33.2,41.2,51.8,50.6,41.5,49.8,43.7,33.1,31.9,36.6,38.8,37.1,48.4,45.8,31.9,41.5,36.0,47.5,42.4,37.6,21.7,48.7,43.5,43.6,39.0,7.6,4,2,2,Data Science,Full Stack,QA Engineer
4511,43.1,30.2,51.6,48.4,34.5,49.4,26.5,38.8,17.1,42.6,27.5,23.6,37.3,39.9,29.8,32.3,48.2,30.4,28.7,46.1,38.5,48.6,17.4,27.2,15.1,34.7,51.4,7.61,8,1,1,Cloud Computing,Data & Analytics,QA Engineer
4512,44.3,28.3,35.4,22.8,58.3,67.0,36.5,53.7,38.2,38.6,40.1,27.9,36.9,25.5,38.5,27.9,40.5,52.0,41.9,59.5,35.1,28.9,25.8,18.0,36.5,24.3,32.9,7.61,5,0,7,Web Development,Data & Analytics,QA Engineer
4513,67.5,71.6,57.2,70.4,45.2,40.2,65.0,45.1,83.4,70.4,75.1,54.8,54.5,91.8,87.2,89.9,71.9,59.6,55.9,60.0,68.9,64.2,61.3,53.4,67.7,49.1,56.8,7.62,8,2,8,Cloud Computing,QA & Testing,QA Engineer
4514,58.8,68.4,64.3,56.2,32.5,46.2,44.5,46.8,49.1,39.9,36.6,37.7,45.7,23.6,33.2,42.5,33.6,44.8,66.0,31.2,35.9,51.5,45.0,53.2,47.1,43.4,45.1,7.63,8,2,3,AI/ML,Mobile,QA Engineer
4515,23.6,34.7,36.4,36.8,51.9,38.9,30.4,45.7,37.3,44.5,28.7,37.0,49.9,33.3,41.6,46.7,36.3,18.6,36.1,31.9,38.2,29.0,60.0,45.6,55.2,41.3,41.2,7.64,4,2,2,Web Development,Business,QA Engineer
4516,38.1,47.5,59.0,45.2,36.5,33.7,45.7,36.7,49.9,38.9,31.9,39.6,61.0,43.5,56.4,51.2,45.2,29.7,30.1,34.1,37.9,41.5,47.9,42.2,62.5,69.0,47.7,7.64,4,1,6,Cloud Computing,QA & Testing,QA Engineer
4517,52.7,55.3,54.0,59.0,59.5,55.8,66.1,56.5,63.4,59.3,59.1,45.1,48.7,63.7,55.0,69.7,52.7,54.7,51.1,59.3,50.9,62.5,50.8,58.4,46.7,51.3,54.4,7.64,8,1,1,Data Science,Frontend,QA Engineer
4518,43.2,41.2,27.9,47.9,43.4,58.8,49.0,48.9,35.8,39.7,42.7,47.2,52.1,40.2,42.7,51.3,43.3,45.0,52.6,48.0,41.8,58.5,34.2,33.3,39.6,33.7,40.0,7.65,8,2,0,DevOps,Machine Learning,QA Engineer
4519,54.0,57.5,60.4,58.6,55.2,21.6,31.7,25.2,60.9,42.7,44.5,50.7,45.5,52.6,45.9,60.2,45.2,49.0,53.6,45.7,46.4,45.9,50.4,65.5,48.8,60.5,38.0,7.67,5,2,2,Data Science,Data & Analytics,QA Engineer
4520,34.1,52.3,37.1,42.6,56.0,53.7,54.2,38.0,47.9,53.8,45.9,35.6,35.1,41.5,49.9,51.4,44.1,29.6,26.3,41.1,40.4,34.9,25.2,55.0,29.4,36.2,43.7,7.68,5,1,3,Web Development,Cloud & DevOps,QA Engineer
4521,35.1,18.8,19.5,21.7,24.1,21.1,21.8,31.1,26.4,23.0,17.3,31.7,28.3,32.7,42.1,35.2,34.2,34.6,38.1,26.4,29.0,32.3,37.3,27.4,20.9,10.4,40.1,7.68,3,0,0,Mobile Development,Business,QA Engineer
4522,35.5,44.5,33.4,44.4,58.5,57.5,51.4,54.9,44.8,48.5,42.5,59.2,46.9,46.0,46.7,44.3,52.8,29.7,14.4,39.6,16.5,30.8,45.4,20.3,66.4,44.5,45.5,7.68,3,1,1,Web Development,Backend,QA Engineer
4523,59.7,35.2,41.4,47.1,63.9,82.1,61.0,62.4,39.7,56.7,44.3,46.5,55.2,62.2,55.6,49.6,64.6,57.0,59.5,55.4,50.7,47.6,40.5,42.1,47.2,52.8,47.6,7.68,4,2,1,Cybersecurity,Cloud & DevOps,QA Engineer
4524,50.1,48.5,41.3,55.2,59.5,73.8,65.3,61.6,33.0,51.9,58.8,41.4,48.5,59.9,48.2,49.8,38.4,48.2,52.9,75.3,62.6,44.7,44.6,56.8,55.1,44.0,42.9,7.7,9,3,2,DevOps,Machine Learning,QA Engineer
4525,50.4,53.7,42.7,51.0,41.5,45.5,44.6,49.3,57.8,48.6,51.4,59.1,55.2,77.6,57.1,61.3,69.7,39.8,51.2,31.2,31.8,46.6,33.9,47.6,21.4,58.9,56.7,7.7,8,1,5,Web Development,Full Stack,QA Engineer
4526,54.0,48.8,62.5,42.7,26.9,34.3,33.5,41.6,37.8,50.9,57.0,53.3,41.7,40.0,55.6,32.5,54.9,68.5,64.5,69.0,61.7,67.6,46.4,46.0,41.2,29.5,63.4,7.7,3,2,2,Data Science,QA & Testing,QA Engineer
4527,31.6,55.0,48.4,37.6,33.9,30.3,40.9,23.9,45.8,42.3,37.4,42.0,29.7,21.5,36.4,49.1,39.1,35.7,43.1,41.2,51.7,43.0,50.1,47.9,44.2,50.3,40.9,7.72,6,1,1,Business Analytics,Cloud & DevOps,QA Engineer
4528,46.1,67.9,64.5,61.7,46.4,49.4,45.3,55.4,65.0,52.3,61.4,67.9,60.8,56.6,73.6,50.1,75.2,64.1,58.6,69.1,58.6,67.7,80.2,59.5,76.7,72.2,64.2,7.73,6,2,5,Mobile Development,Cloud & DevOps,QA Engineer
4529,49.4,71.5,60.6,56.4,68.6,42.9,48.8,49.5,57.5,56.4,59.2,58.4,69.3,59.9,68.1,55.2,70.8,41.7,28.5,40.3,33.0,16.4,26.1,36.2,42.5,41.4,52.0,7.73,4,1,8,DevOps,Full Stack,QA Engineer
4530,52.8,50.2,40.0,62.4,48.3,51.8,49.3,45.0,60.1,56.3,55.1,55.8,44.2,49.2,40.7,42.4,60.5,63.6,59.5,59.9,53.5,52.0,53.5,54.1,42.5,54.3,57.3,7.73,6,2,1,Business Analytics,Mobile,QA Engineer
4531,61.4,62.9,65.0,51.8,51.3,60.1,61.6,45.7,54.7,60.3,64.7,66.6,58.1,70.8,66.9,53.2,64.6,58.1,57.9,63.7,52.9,61.6,55.1,57.6,47.5,37.8,57.6,7.73,8,0,6,Cybersecurity,QA & Testing,QA Engineer
4532,31.5,32.9,47.0,27.0,31.8,13.6,17.5,24.1,31.1,12.1,43.0,40.4,34.9,40.9,29.6,29.8,38.9,30.7,42.0,28.8,32.4,34.8,38.5,41.1,30.5,41.3,44.3,7.74,2,1,0,Cybersecurity,Data & Analytics,QA Engineer
4533,31.8,28.2,35.6,31.4,51.1,52.1,34.1,34.1,30.7,33.1,26.4,43.6,47.7,43.2,42.0,57.6,44.9,24.7,37.7,35.4,39.2,53.2,35.9,32.4,55.0,31.7,27.7,7.74,9,1,1,Cloud Computing,Cloud & DevOps,QA Engineer
4534,44.9,39.4,56.2,62.6,65.9,71.8,67.4,55.3,63.0,52.8,58.1,55.8,52.9,39.6,26.2,40.4,28.6,54.9,69.5,60.3,55.2,52.3,49.5,54.3,39.4,50.6,67.6,7.74,5,2,2,Web Development,Full Stack,QA Engineer
4535,51.0,69.9,61.6,40.5,53.9,42.7,54.9,49.3,62.7,52.7,55.7,54.0,64.0,49.3,57.8,62.4,59.7,52.0,45.4,41.9,30.3,29.5,63.5,52.0,70.1,65.0,53.5,7.74,4,3,5,Cloud Computing,Backend,QA Engineer
4536,45.2,58.6,47.2,41.7,45.9,47.7,46.7,44.9,65.3,50.2,55.5,41.1,48.7,54.0,61.4,74.0,57.9,36.5,41.6,44.5,51.2,34.6,58.8,52.5,55.0,59.1,52.6,7.75,3,1,5,DevOps,QA & Testing,QA Engineer
4537,51.9,63.6,47.9,77.4,46.5,43.9,53.9,32.8,48.9,61.5,65.0,62.9,40.7,60.4,47.8,47.8,54.7,46.9,49.5,52.0,45.5,46.3,52.0,38.6,53.6,57.2,61.5,7.75,4,1,4,DevOps,Business,QA Engineer
4538,40.1,54.9,56.3,60.8,45.9,32.8,47.2,26.3,61.8,64.2,79.1,54.9,32.4,34.8,35.4,44.2,55.0,44.4,41.3,59.7,66.3,51.7,70.7,58.2,59.2,51.6,47.1,7.76,4,2,3,Data Science,Backend,QA Engineer
4539,42.2,55.5,50.4,53.5,72.7,71.3,61.4,59.5,68.3,59.1,44.7,59.4,50.1,69.1,59.0,59.4,53.2,35.3,34.5,36.9,33.2,41.9,62.4,49.5,57.1,52.8,53.2,7.76,2,2,7,Web Development,Backend,QA Engineer
4540,44.7,39.6,39.4,40.6,40.7,34.5,19.4,32.6,31.4,37.9,47.8,43.6,37.3,45.2,37.2,32.5,43.3,49.2,57.9,58.9,50.4,63.6,37.0,35.6,54.8,32.9,46.5,7.76,1,3,1,AI/ML,Backend,QA Engineer
4541,64.0,48.2,40.6,43.8,44.3,30.0,50.7,49.4,37.0,42.3,42.1,43.7,56.4,43.8,48.7,61.8,45.2,43.6,61.2,38.3,36.9,44.3,27.3,68.5,47.8,44.4,40.2,7.76,6,2,2,Mobile Development,Data & Analytics,QA Engineer
4542,27.4,44.8,36.1,36.7,53.9,59.4,57.7,50.5,55.4,46.5,45.1,57.0,58.9,58.1,51.2,70.6,46.4,50.1,40.9,37.1,42.8,48.8,54.7,44.7,56.0,45.7,47.2,7.78,6,1,1,AI/ML,Full Stack,QA Engineer
4543,44.7,41.1,37.1,48.3,34.4,48.7,37.9,47.8,29.9,52.5,46.8,45.6,50.7,54.3,39.5,49.4,35.8,41.3,48.7,48.0,39.0,63.9,33.0,54.8,19.3,41.5,24.8,7.78,4,2,4,Data Science,Machine Learning,QA Engineer
4544,16.5,19.0,18.4,43.1,30.3,35.6,28.4,34.3,27.5,34.3,23.2,38.7,31.4,43.1,42.8,33.9,27.2,36.9,18.2,52.1,37.7,34.9,47.6,33.8,35.6,32.0,37.7,7.79,1,1,4,Cloud Computing,Security,QA Engineer
4545,48.9,45.2,47.3,46.3,43.3,44.4,35.4,37.6,40.1,39.2,54.9,46.4,53.6,58.6,54.6,44.9,54.4,45.5,45.7,44.8,45.2,50.3,42.5,45.6,32.6,46.1,52.0,7.8,2,1,6,Business Analytics,Mobile,QA Engineer
4546,50.0,51.2,55.5,51.6,34.5,53.4,52.2,50.2,45.6,41.2,39.3,56.8,49.3,62.2,59.3,64.2,56.9,52.3,64.6,51.5,49.1,47.9,75.5,38.9,61.3,56.0,59.0,7.8,4,1,4,Cloud Computing,Business,QA Engineer
4547,35.7,40.2,29.1,59.3,56.1,63.2,69.3,53.1,53.6,55.5,42.0,57.5,61.5,56.4,56.5,52.8,47.4,57.8,56.6,54.0,43.2,30.1,56.0,60.2,37.8,57.1,28.5,7.81,4,1,6,Web Development,Machine Learning,QA Engineer
4548,44.2,39.5,48.5,57.7,38.0,46.5,55.0,43.9,51.5,59.7,47.5,46.7,52.3,42.8,48.3,47.9,50.2,48.5,41.9,42.1,46.1,52.4,32.8,35.7,36.8,31.9,41.8,7.81,6,1,0,Web Development,Data & Analytics,QA Engineer
4549,56.0,58.2,44.6,70.3,39.7,41.9,65.4,67.5,53.9,60.8,51.1,50.1,59.6,57.0,56.3,69.1,55.5,49.7,41.3,52.0,67.2,46.2,48.9,56.1,40.1,34.0,64.1,7.81,3,2,3,Mobile Development,Frontend,QA Engineer
4550,67.0,65.2,68.0,70.3,60.1,61.2,76.9,74.1,71.1,71.8,62.0,78.2,72.5,70.0,48.8,64.5,58.0,68.4,57.8,65.4,70.9,58.0,53.2,68.6,68.6,65.8,75.0,7.81,9,1,5,Cybersecurity,QA & Testing,QA Engineer
4551,73.1,57.5,62.6,59.5,45.6,48.8,52.9,47.4,64.9,69.7,53.1,45.3,65.4,71.1,62.5,74.8,45.0,56.7,81.1,46.2,59.7,59.3,50.9,62.2,60.7,62.2,46.3,7.81,6,1,4,DevOps,Business,QA Engineer
4552,47.2,52.1,64.8,50.4,47.5,39.4,46.9,39.4,71.4,78.7,60.0,34.9,48.5,55.0,63.8,56.0,59.3,48.7,38.6,53.9,58.4,53.3,60.6,74.0,64.6,70.3,48.9,7.85,6,2,2,Web Development,Machine Learning,QA Engineer
4553,61.4,64.6,53.1,77.7,40.3,33.1,45.4,32.4,59.5,66.5,70.9,55.9,52.8,55.9,49.7,67.0,48.4,60.9,71.8,47.9,60.4,66.0,36.6,70.5,44.6,57.1,52.3,7.85,10,3,2,Cybersecurity,Data & Analytics,QA Engineer
4554,35.4,31.5,47.1,32.1,42.2,27.6,27.0,46.0,32.9,33.9,31.8,27.3,28.0,39.5,24.1,22.8,31.9,37.5,27.7,33.9,44.3,41.8,54.7,33.5,51.2,51.8,28.8,7.86,8,1,1,Mobile Development,Full Stack,QA Engineer
4555,63.6,65.7,58.2,57.7,49.8,50.9,48.0,53.7,58.2,50.1,42.5,69.7,67.5,70.7,54.7,71.5,56.2,70.5,72.8,68.8,61.8,82.5,77.0,61.6,76.2,74.8,57.7,7.86,3,2,4,Mobile Development,Mobile,QA Engineer
4556,35.5,41.9,32.5,17.4,47.0,35.5,47.3,50.7,24.7,36.5,33.8,31.7,42.4,41.1,31.0,49.1,43.8,38.7,21.3,25.0,27.0,35.7,24.6,44.5,22.9,42.0,17.3,7.87,5,1,3,Business Analytics,Mobile,QA Engineer
4557,36.3,42.4,24.3,45.7,46.9,61.0,48.6,38.2,43.5,47.3,42.5,37.7,32.9,33.1,23.7,41.6,29.1,50.6,40.6,57.8,44.3,44.9,52.3,31.0,55.3,48.0,39.7,7.87,4,1,1,Business Analytics,Mobile,QA Engineer
4558,44.3,34.2,53.0,51.2,22.4,23.8,30.5,22.6,45.9,50.4,52.8,21.4,40.9,33.3,40.0,33.0,32.3,28.3,18.2,45.8,57.1,29.5,38.9,28.5,50.0,38.6,48.4,7.87,3,1,0,AI/ML,Security,QA Engineer
4559,49.7,63.6,57.4,58.9,44.0,35.4,33.2,31.4,39.7,51.4,42.5,40.8,48.7,40.9,43.7,45.4,61.5,47.9,45.0,52.5,55.7,50.9,51.8,31.3,43.0,60.9,58.8,7.87,3,2,1,Web Development,Data & Analytics,QA Engineer
4560,63.4,52.6,51.1,49.2,28.0,31.1,35.6,31.0,39.2,44.0,54.9,36.6,49.1,65.4,63.3,51.3,63.5,54.7,66.1,57.9,68.8,47.9,43.4,41.2,38.7,56.5,58.4,7.87,4,2,4,AI/ML,Machine Learning,QA Engineer
4561,42.6,21.0,25.6,25.8,21.7,18.1,21.4,30.1,28.4,28.5,32.6,29.2,36.5,47.2,27.3,39.0,34.1,31.6,31.6,45.9,30.0,25.5,13.3,36.1,22.1,32.7,36.4,7.89,1,1,1,Cloud Computing,QA & Testing,QA Engineer
4562,44.6,50.5,54.9,43.5,40.7,35.6,42.6,34.6,29.7,57.0,49.3,53.9,39.1,30.1,37.8,45.4,48.8,48.1,39.0,42.8,44.1,51.8,48.5,53.2,46.7,33.3,41.5,7.89,5,1,3,Cybersecurity,Frontend,QA Engineer
4563,27.0,33.1,27.4,38.8,48.8,53.3,45.2,54.6,40.7,36.5,28.7,35.3,37.6,46.8,42.2,36.0,37.4,40.6,19.7,19.2,24.1,31.6,36.7,23.6,55.8,31.3,36.3,7.9,3,2,1,Web Development,Full Stack,QA Engineer
4564,52.7,51.9,46.3,50.7,79.4,65.3,73.6,64.1,57.7,47.8,51.8,61.3,48.5,61.4,50.0,44.4,54.5,52.2,45.8,39.8,52.2,47.9,38.5,45.3,51.0,48.2,53.0,7.91,9,1,3,AI/ML,Data & Analytics,QA Engineer
4565,53.2,75.1,79.5,66.4,82.1,62.5,79.1,67.9,75.1,73.9,84.5,62.5,57.1,69.7,76.1,74.7,70.7,46.7,48.0,66.6,71.9,44.2,56.6,52.0,62.7,68.3,56.8,7.91,7,1,3,Cybersecurity,Data & Analytics,QA Engineer
4566,35.8,22.5,46.3,29.2,35.3,32.1,42.8,35.6,26.0,19.2,33.3,39.1,35.3,37.9,38.6,31.5,42.7,11.2,33.1,40.5,39.2,41.9,48.4,28.5,52.4,56.8,31.4,7.92,1,1,2,Cybersecurity,Data & Analytics,QA Engineer
4567,36.1,64.8,56.9,53.8,48.4,65.0,54.0,63.5,72.1,52.4,45.4,51.1,52.6,51.2,52.9,52.0,48.1,23.5,42.0,53.7,65.5,38.3,67.0,49.1,64.8,54.9,57.4,7.92,6,2,5,DevOps,Mobile,QA Engineer
4568,40.6,41.8,48.4,36.7,28.2,15.9,25.7,26.5,43.7,34.8,41.7,50.4,57.3,58.1,49.2,47.5,55.8,44.9,42.6,21.7,35.9,42.0,32.5,52.1,43.5,25.7,48.3,7.92,2,1,2,Business Analytics,Security,QA Engineer
4569,46.9,51.8,54.8,48.0,60.2,57.1,53.6,55.0,40.1,44.3,42.7,46.8,57.0,43.2,47.7,36.9,44.9,62.1,50.9,62.6,70.0,51.7,55.5,50.9,74.1,67.8,58.2,7.92,4,1,2,DevOps,Full Stack,QA Engineer
4570,52.6,55.7,47.1,37.6,79.4,75.7,52.9,71.0,64.5,58.7,50.7,47.7,59.6,45.8,51.5,39.6,46.1,53.0,59.4,46.4,33.0,57.6,37.9,51.8,50.5,55.9,62.7,7.92,5,3,2,Data Science,Machine Learning,QA Engineer
4571,63.7,56.7,61.2,49.9,44.2,49.1,45.1,41.6,58.1,43.3,43.2,53.9,56.7,78.4,66.7,46.3,52.1,60.5,75.4,36.5,36.5,55.0,40.6,56.9,57.1,51.4,40.5,7.92,8,3,4,AI/ML,Business,QA Engineer
4572,24.3,46.3,37.4,30.7,59.7,49.1,68.3,61.3,55.4,47.9,35.5,45.6,27.3,29.8,30.6,37.2,34.5,32.4,43.2,38.6,29.7,36.8,28.1,48.4,30.7,32.1,41.8,7.93,2,1,3,Cloud Computing,Full Stack,QA Engineer
4573,63.2,62.6,52.8,50.8,62.5,54.9,59.6,63.0,63.9,47.1,54.8,43.9,56.4,60.4,59.0,62.2,44.5,40.5,36.4,39.6,37.7,37.9,39.7,54.4,54.5,58.2,50.2,7.94,6,0,3,Mobile Development,Mobile,QA Engineer
4574,59.4,51.8,54.9,46.9,35.8,42.1,40.3,36.3,56.9,56.7,56.2,40.0,38.8,42.1,42.4,37.7,42.6,60.7,51.9,59.3,78.6,39.6,48.3,53.2,59.2,62.8,48.9,7.95,3,2,1,Mobile Development,Data & Analytics,QA Engineer
4575,36.7,39.2,33.5,37.5,60.1,42.7,35.5,42.2,39.2,42.9,42.6,50.8,45.9,51.5,65.7,34.3,51.5,38.9,47.5,34.7,44.5,27.6,35.3,35.0,56.5,61.1,35.7,7.96,4,1,3,Mobile Development,Security,QA Engineer
4576,47.1,56.6,45.7,65.2,31.3,38.8,39.8,26.8,62.8,49.0,42.1,47.1,40.7,48.8,41.2,44.0,42.6,57.8,58.2,50.8,45.3,57.7,43.6,44.0,54.2,53.2,56.1,7.96,5,0,2,Web Development,Cloud & DevOps,QA Engineer
4577,52.5,69.5,45.0,65.9,69.9,65.4,50.9,64.9,62.0,64.5,45.1,52.6,61.9,60.1,67.6,68.0,61.6,55.9,52.8,61.2,62.8,59.7,39.2,47.2,37.4,63.1,46.0,7.97,4,1,4,Web Development,Business,QA Engineer
4578,60.8,67.7,62.7,64.9,64.1,61.6,65.8,64.3,77.3,72.0,60.2,54.6,53.7,58.6,55.2,54.3,58.2,55.3,36.3,55.0,51.1,53.4,55.3,47.9,51.4,44.5,66.3,7.97,5,1,4,Mobile Development,Business,QA Engineer
4579,72.5,52.6,56.5,63.8,55.7,67.8,52.8,60.6,71.3,71.6,67.3,60.6,66.2,45.2,50.0,48.3,53.5,68.5,58.2,73.2,86.7,68.7,65.6,77.1,54.2,66.0,68.6,7.97,4,1,3,AI/ML,Full Stack,QA Engineer
4580,27.0,37.8,43.8,44.1,42.4,58.8,53.6,57.8,33.4,37.2,21.9,52.4,42.4,35.8,35.5,26.3,34.5,44.2,50.1,32.5,31.4,46.5,42.0,44.4,29.6,45.4,56.1,7.98,4,1,1,Mobile Development,QA & Testing,QA Engineer
4581,65.9,51.9,81.5,45.4,62.3,46.0,57.8,60.0,50.0,51.8,36.1,48.8,53.6,46.6,46.6,53.3,43.1,81.9,92.5,46.2,55.0,70.8,70.5,58.8,76.0,63.1,69.8,7.98,3,2,1,AI/ML,QA & Testing,QA Engineer
4582,63.6,55.7,60.2,61.3,53.0,59.5,55.7,64.0,58.1,64.3,70.7,65.8,66.3,43.7,45.5,31.0,49.1,71.6,71.2,55.5,65.3,62.1,37.6,59.1,31.3,52.3,64.4,7.99,8,1,3,Mobile Development,Data & Analytics,QA Engineer
4583,45.4,36.1,31.6,36.8,50.1,49.8,24.3,36.2,40.3,35.9,30.4,36.1,36.9,38.9,24.3,25.6,36.8,52.3,59.6,44.9,55.2,61.1,49.1,40.8,44.9,35.0,40.6,8.0,4,0,2,Web Development,Frontend,QA Engineer
4584,44.7,49.2,49.0,40.1,46.0,39.8,54.1,46.2,46.8,62.8,52.0,68.8,46.0,68.0,61.8,61.0,61.1,53.5,62.9,46.9,42.5,56.2,55.3,32.8,34.9,41.3,38.4,8.01,4,2,2,Web Development,Mobile,QA Engineer
4585,53.8,28.7,25.7,46.6,37.6,39.1,45.4,37.2,34.7,32.8,33.2,25.3,36.4,12.1,32.7,33.0,32.7,41.9,33.5,61.4,47.5,38.8,37.4,33.7,25.8,29.4,36.8,8.01,2,0,2,Cybersecurity,Frontend,QA Engineer
4586,49.7,61.6,63.7,31.0,62.7,28.5,46.3,43.4,40.5,43.6,51.9,49.2,36.6,35.1,43.9,35.1,37.7,45.8,49.2,35.5,26.8,31.5,37.4,38.9,32.8,32.0,47.8,8.03,1,2,2,AI/ML,Full Stack,QA Engineer
4587,45.2,39.1,30.0,32.0,65.0,64.1,64.6,68.1,33.8,39.3,41.2,58.5,62.6,53.7,58.5,65.9,57.1,38.2,46.2,46.8,41.1,34.8,53.2,38.5,46.4,57.0,32.4,8.06,2,2,5,Data Science,Cloud & DevOps,QA Engineer
4588,57.0,36.6,58.6,48.7,68.3,67.5,69.7,64.6,40.7,35.5,39.8,62.8,55.4,29.5,53.5,49.2,36.6,57.7,67.1,60.3,70.4,71.2,61.4,52.8,42.9,51.7,66.3,8.07,5,2,1,DevOps,Mobile,QA Engineer
4589,58.6,48.2,55.2,42.0,64.1,71.2,54.9,62.6,60.4,34.9,52.6,49.8,42.4,36.8,49.2,41.6,56.1,43.6,51.4,24.9,42.6,50.8,58.3,38.2,65.9,46.3,48.3,8.07,7,0,2,Mobile Development,Backend,QA Engineer
4590,47.9,49.8,58.2,50.8,62.4,62.0,49.3,59.5,54.8,50.5,55.8,52.4,45.2,54.2,48.6,48.8,52.0,34.5,36.1,60.1,66.8,55.5,53.1,54.2,66.5,52.7,47.0,8.08,1,2,6,Cybersecurity,Backend,QA Engineer
4591,26.3,23.3,25.9,37.4,63.3,59.2,57.2,50.4,53.5,43.7,29.4,47.3,36.5,35.0,27.2,41.4,39.5,30.6,39.0,17.7,16.5,28.5,35.8,43.8,0.9,28.5,24.9,8.09,5,3,1,Data Science,Security,QA Engineer
4592,50.6,26.1,44.4,40.4,40.1,34.7,43.2,30.9,35.5,33.8,37.8,45.5,45.4,32.4,23.2,37.3,27.4,67.7,47.2,59.0,53.4,45.6,40.2,42.6,43.5,27.6,43.9,8.09,3,2,1,Cloud Computing,Security,QA Engineer
4593,47.2,38.3,39.2,38.3,48.3,45.2,38.9,45.1,43.9,50.1,21.4,42.2,50.1,44.8,48.6,43.7,39.0,32.4,46.6,27.2,32.0,36.0,52.1,51.9,50.6,25.5,41.6,8.11,3,1,1,AI/ML,Full Stack,QA Engineer
4594,47.8,29.8,32.0,46.8,56.0,47.7,52.2,57.0,52.1,40.1,44.0,31.7,38.9,41.3,43.0,49.6,27.7,37.6,29.6,41.1,33.4,36.0,33.9,33.4,36.9,21.9,34.5,8.12,9,0,3,Cloud Computing,Frontend,QA Engineer
4595,49.9,45.0,43.9,45.6,47.9,34.4,38.3,50.8,35.3,48.0,29.0,32.6,48.4,54.8,47.4,47.8,53.3,49.9,52.8,53.5,57.0,47.2,40.7,45.3,45.8,40.2,43.3,8.12,3,1,3,Web Development,Full Stack,QA Engineer
4596,44.3,59.9,52.4,56.0,58.4,62.0,56.2,52.3,64.6,55.2,65.5,53.3,42.9,45.5,42.6,59.0,58.5,45.6,47.7,42.8,49.3,48.2,56.6,49.7,46.5,57.8,62.5,8.14,10,2,4,DevOps,Backend,QA Engineer
4597,37.2,40.0,54.5,53.4,55.2,73.7,49.3,75.9,35.6,45.5,59.6,47.2,50.7,57.4,55.9,48.6,51.2,36.4,38.3,65.5,55.3,49.5,60.6,42.1,67.5,63.1,59.1,8.16,4,1,7,DevOps,Frontend,QA Engineer
4598,50.1,58.5,46.1,40.5,53.6,73.5,59.8,69.7,42.4,53.2,47.6,46.6,57.0,55.0,45.3,50.7,57.4,37.9,40.7,39.2,45.3,34.5,48.8,41.4,50.2,48.8,41.8,8.16,7,3,5,Web Development,Business,QA Engineer
4599,61.4,51.0,42.4,57.3,35.2,31.0,42.4,36.3,53.1,55.3,54.1,55.5,46.8,53.5,47.8,48.6,44.2,49.1,48.1,64.3,63.4,57.4,43.3,64.2,56.4,32.4,48.0,8.17,10,1,3,DevOps,Cloud & DevOps,QA Engineer
4600,78.5,77.9,82.2,55.7,68.8,74.1,71.1,68.3,69.2,71.4,67.2,78.1,78.3,76.5,88.9,81.0,84.5,76.7,88.1,46.5,47.1,53.1,74.1,82.8,75.7,76.8,79.3,8.18,11,2,3,DevOps,QA & Testing,QA Engineer
4601,52.7,46.6,33.8,61.8,46.4,31.1,52.8,50.5,66.2,45.1,26.4,39.4,43.6,44.6,41.4,51.0,41.6,23.7,15.4,36.0,51.0,28.9,18.3,41.3,27.1,36.0,42.4,8.19,5,3,2,Data Science,Data & Analytics,QA Engineer
4602,53.7,35.0,44.5,38.6,43.5,56.3,61.8,46.3,58.3,54.9,48.1,59.8,39.0,50.0,36.1,37.7,47.7,31.8,33.5,34.5,23.2,22.2,45.0,29.4,22.4,47.4,31.6,8.25,5,0,2,DevOps,Security,QA Engineer
4603,56.8,62.8,45.8,66.1,54.5,49.9,44.5,57.5,57.7,53.4,67.0,61.4,58.5,74.7,50.8,60.2,50.7,47.6,55.5,73.8,66.2,54.2,64.2,61.1,39.5,58.1,48.0,8.25,9,1,3,Data Science,Mobile,QA Engineer
4604,55.7,48.2,61.6,50.7,46.3,65.7,42.3,59.6,61.8,58.3,61.4,55.3,58.6,48.7,43.1,41.9,44.6,67.5,45.1,54.7,64.9,69.9,62.8,54.9,60.0,51.5,57.7,8.26,5,3,2,Mobile Development,Machine Learning,QA Engineer
4605,44.9,46.1,28.5,39.3,38.9,49.6,57.1,45.0,49.3,41.7,38.0,48.1,40.2,48.0,65.2,45.6,46.3,48.5,43.5,36.2,43.4,29.7,31.7,32.8,39.2,35.4,43.8,8.27,7,0,2,Mobile Development,Security,QA Engineer
4606,59.5,57.6,46.3,57.6,64.4,75.9,62.4,63.9,69.7,70.7,59.9,56.2,52.1,73.4,67.2,76.4,56.1,51.2,46.7,40.7,40.0,47.0,74.1,50.1,69.0,64.2,31.0,8.27,5,2,3,AI/ML,Security,QA Engineer
4607,45.2,42.0,43.3,50.1,51.9,50.7,53.4,47.9,40.2,59.5,46.3,45.5,45.1,47.8,46.3,42.9,44.8,40.0,41.5,59.3,46.6,56.4,65.9,51.8,44.7,43.9,38.2,8.29,5,1,1,DevOps,Machine Learning,QA Engineer
4608,48.4,73.7,67.1,41.7,67.7,51.9,53.9,65.3,59.5,50.7,59.8,56.2,72.0,69.7,69.2,73.5,56.2,65.4,48.5,32.4,27.0,36.3,33.9,56.7,55.2,64.7,53.8,8.3,4,2,3,Web Development,Backend,QA Engineer
4609,61.3,57.8,74.2,47.1,66.8,80.9,53.8,64.2,64.5,33.0,25.8,67.3,49.7,50.6,52.3,48.8,49.5,56.1,39.9,53.6,45.4,71.5,42.0,53.2,49.4,66.5,58.5,8.3,6,2,4,Data Science,Security,QA Engineer
4610,40.1,68.9,76.5,37.1,61.3,78.2,53.0,72.3,60.4,66.3,65.4,67.6,59.1,63.3,66.7,58.2,75.1,45.3,70.3,47.8,50.9,54.0,74.0,67.3,68.2,56.6,68.7,8.31,7,2,5,DevOps,Full Stack,QA Engineer
4611,44.6,36.8,47.5,52.3,56.6,52.0,64.9,62.2,48.5,62.2,58.9,48.2,45.0,58.7,54.1,74.6,48.8,55.5,41.3,45.2,38.7,44.2,34.2,40.9,28.8,27.6,42.1,8.32,4,2,4,Web Development,Mobile,QA Engineer
4612,27.3,12.3,3.6,27.7,30.5,25.1,29.8,21.0,26.5,22.5,19.6,27.0,15.9,27.6,24.3,31.5,20.4,18.8,23.5,0.8,28.3,27.6,5.7,25.2,26.5,19.8,26.4,8.35,5,0,2,DevOps,QA & Testing,QA Engineer
4613,41.5,46.4,41.4,59.5,63.4,69.7,53.4,52.3,67.6,51.4,47.6,45.9,46.3,52.6,45.1,67.7,43.4,53.1,39.0,70.5,48.1,33.5,69.7,33.4,65.9,57.9,51.0,8.41,6,2,2,DevOps,Mobile,QA Engineer
4614,63.4,49.3,68.3,66.4,66.7,52.2,50.2,53.3,61.8,64.9,62.9,55.8,61.8,75.2,62.2,51.0,63.8,65.2,76.6,66.0,77.0,64.3,66.6,64.1,59.8,59.8,78.3,8.42,5,1,2,Cloud Computing,Frontend,QA Engineer
4615,66.4,51.8,58.6,53.7,62.9,81.4,65.4,65.7,60.7,57.0,65.2,64.0,49.3,76.4,71.2,60.0,80.8,61.9,77.9,59.4,66.0,58.6,55.7,58.4,46.9,49.7,46.1,8.43,8,2,2,AI/ML,Frontend,QA Engineer
4616,62.5,79.0,80.1,56.3,59.9,64.5,76.5,66.0,78.8,79.2,59.0,65.9,62.2,75.2,65.4,70.7,68.5,51.1,52.6,68.6,54.2,41.8,62.7,68.6,64.0,62.1,57.7,8.44,4,3,4,Web Development,QA & Testing,QA Engineer
4617,38.7,32.6,36.2,41.2,36.6,34.1,11.5,37.1,20.5,34.8,31.3,16.9,46.1,33.1,35.8,23.8,40.4,45.0,47.8,34.3,45.2,31.2,40.9,30.4,55.8,45.3,34.1,8.45,6,2,0,Cybersecurity,Security,QA Engineer
4618,42.4,47.4,43.3,61.8,62.4,59.3,50.6,60.2,47.0,47.5,38.6,46.2,53.4,62.4,59.1,56.0,53.3,52.1,50.4,58.8,81.2,56.7,59.8,51.4,61.6,53.4,54.6,8.51,6,1,2,Cloud Computing,Mobile,QA Engineer
4619,35.4,31.8,54.8,43.5,54.2,78.9,49.8,64.9,44.3,39.6,39.4,44.0,41.9,34.0,39.1,31.9,43.0,31.9,47.2,44.9,57.9,61.1,45.5,27.7,41.2,50.9,40.6,8.55,0,2,3,AI/ML,Cloud & DevOps,QA Engineer
4620,63.8,69.2,59.0,59.5,47.0,41.5,53.6,43.7,57.8,80.9,65.3,66.7,66.5,63.7,57.6,66.1,59.7,48.3,75.6,50.4,44.0,58.2,51.7,61.0,38.7,62.2,53.0,8.56,6,1,9,Business Analytics,Machine Learning,QA Engineer
4621,54.0,43.6,62.5,35.7,59.4,54.9,62.5,64.1,49.2,55.9,41.2,59.0,46.9,51.8,42.4,48.8,46.7,61.5,54.5,62.9,29.3,56.0,45.7,58.7,38.7,47.1,48.2,8.57,5,2,4,Cloud Computing,QA & Testing,QA Engineer
4622,47.9,54.2,54.9,49.3,54.5,67.7,55.5,59.1,44.2,41.3,51.6,52.5,41.4,55.3,52.9,49.4,60.6,62.6,58.8,50.5,49.8,51.9,33.4,54.5,37.1,47.6,66.7,8.6,7,1,4,Web Development,Frontend,QA Engineer
4623,64.7,63.5,67.9,53.4,32.0,37.6,58.7,43.8,41.8,69.9,72.8,69.9,56.1,65.6,74.9,57.0,64.9,56.5,50.6,61.2,59.5,68.3,62.8,69.1,59.9,50.6,65.5,8.6,7,3,3,Cloud Computing,Machine Learning,QA Engineer
4624,43.6,46.2,48.6,41.8,49.2,46.7,48.8,45.6,38.0,39.9,52.3,37.6,38.7,17.1,29.5,33.5,34.9,31.6,34.1,40.4,45.2,33.5,40.0,57.4,27.7,26.1,32.1,8.63,6,1,0,Business Analytics,Business,QA Engineer
4625,50.2,26.5,42.3,53.0,45.3,47.0,57.4,49.7,49.3,50.4,58.8,43.0,38.1,67.7,61.9,58.3,55.0,40.6,37.2,56.0,60.3,17.4,61.1,48.4,51.0,47.5,46.4,8.63,4,3,4,Business Analytics,Backend,QA Engineer
4626,41.5,55.2,40.4,46.8,34.0,33.3,29.0,38.4,44.7,41.9,33.2,34.0,50.0,52.3,48.5,61.9,49.7,59.8,61.2,47.3,52.6,63.8,66.3,50.2,72.2,62.0,52.3,8.65,3,1,3,Web Development,Backend,QA Engineer
4627,39.6,47.3,40.9,60.4,31.2,29.8,50.6,44.7,54.4,41.6,62.3,52.6,46.0,56.8,54.6,49.8,54.3,49.5,46.9,41.4,62.9,28.8,49.7,48.1,66.5,67.7,42.9,8.66,5,1,1,Cloud Computing,Business,QA Engineer
4628,69.4,67.0,86.4,69.3,77.3,75.7,82.1,78.0,78.8,76.4,57.2,93.5,64.2,66.8,59.2,78.5,74.9,71.3,65.8,50.5,55.4,77.0,50.9,57.1,39.1,50.6,73.0,8.66,8,1,3,Mobile Development,QA & Testing,QA Engineer
4629,53.8,43.3,45.9,30.3,65.5,74.5,56.8,72.4,59.2,52.8,31.1,68.5,66.0,49.1,57.5,54.8,38.6,52.1,74.1,35.9,59.9,66.6,78.5,37.4,84.9,79.9,60.1,8.69,7,1,3,DevOps,Mobile,QA Engineer
4630,39.3,45.4,39.3,32.2,49.1,51.0,43.7,52.5,57.0,39.1,40.2,36.9,48.4,43.7,55.4,49.3,52.4,47.7,51.9,54.7,44.7,60.0,44.0,45.1,42.0,43.3,38.3,8.7,9,2,4,AI/ML,Full Stack,QA Engineer
4631,51.6,41.3,45.9,66.1,74.0,79.4,50.9,83.0,53.1,50.7,55.8,51.5,73.4,60.3,54.5,57.1,44.7,76.4,69.0,78.6,84.1,73.9,67.1,35.1,56.7,62.4,41.9,8.74,3,2,2,Business Analytics,Frontend,QA Engineer
4632,65.0,50.6,41.6,57.4,47.6,55.2,54.5,44.9,43.2,48.5,41.0,36.3,46.2,44.3,37.9,51.4,53.5,64.8,56.9,66.2,80.5,70.0,75.4,51.9,70.3,66.9,67.9,8.76,3,1,7,DevOps,Security,QA Engineer
4633,48.3,40.2,63.1,49.3,37.8,30.1,38.0,41.7,34.0,52.2,51.0,42.8,46.3,65.2,64.6,44.7,55.5,55.4,47.7,61.4,65.8,49.8,56.1,31.8,51.7,48.2,37.9,8.77,4,2,4,AI/ML,Frontend,QA Engineer
4634,41.2,39.8,46.1,41.5,55.6,58.2,42.0,60.8,46.5,28.8,36.3,47.7,57.6,57.1,35.5,41.4,54.3,49.1,52.1,41.9,29.2,43.1,59.1,33.7,63.0,58.1,41.3,8.8,4,2,4,Cybersecurity,Cloud & DevOps,QA Engineer
4635,41.5,51.0,27.9,52.1,68.5,68.0,74.9,77.3,51.6,45.4,39.8,59.0,56.9,74.3,55.4,68.3,41.2,35.1,42.7,52.7,30.6,43.8,44.6,49.7,36.5,44.2,38.5,8.8,5,2,6,Cloud Computing,QA & Testing,QA Engineer
4636,52.3,56.2,54.5,53.4,52.5,67.8,65.8,71.2,50.9,48.6,55.5,51.5,56.0,62.2,58.9,53.6,61.6,56.3,59.7,57.9,67.3,60.3,74.0,51.4,48.4,54.2,59.8,8.82,5,3,6,Cybersecurity,QA & Testing,QA Engineer
4637,64.2,52.9,67.6,67.1,50.8,50.2,46.5,57.9,52.4,61.7,59.7,62.9,65.9,61.8,59.9,57.0,64.1,62.9,65.0,75.9,87.5,65.2,70.1,68.9,89.9,80.1,67.4,8.9,6,2,2,Cybersecurity,QA & Testing,QA Engineer
4638,38.7,35.2,29.3,45.2,48.9,50.1,23.9,41.3,50.3,30.4,43.0,36.6,34.3,37.3,53.5,48.9,39.1,50.6,21.8,35.5,54.2,33.9,52.1,37.0,52.7,59.6,31.2,8.94,3,0,1,Business Analytics,Backend,QA Engineer
4639,42.8,56.8,38.4,60.6,39.5,33.1,33.2,21.4,58.7,74.4,73.3,51.5,45.4,53.8,61.3,53.1,48.2,45.0,47.4,67.6,70.6,37.8,46.3,56.7,42.3,42.9,66.4,9.01,3,1,4,DevOps,Mobile,QA Engineer
4640,76.4,60.7,81.2,78.7,48.7,47.2,54.8,49.0,68.6,66.5,82.4,76.1,69.4,53.4,51.6,60.2,61.0,77.0,73.2,76.2,58.2,74.8,61.5,69.5,44.2,57.7,78.7,9.01,4,1,4,DevOps,Data & Analytics,QA Engineer
4641,50.4,45.9,39.1,55.6,62.7,62.1,55.5,67.7,59.8,65.1,44.7,53.3,47.9,42.8,50.0,54.4,48.0,51.4,39.0,48.7,41.8,55.7,53.4,51.2,65.4,63.3,40.4,9.14,7,2,1,Mobile Development,QA & Testing,QA Engineer
4642,49.4,53.6,51.2,57.0,54.1,66.8,53.3,58.6,59.5,57.6,64.2,61.8,61.1,54.3,62.8,57.6,57.6,51.3,51.6,49.5,42.8,67.7,57.9,51.3,64.3,65.5,42.8,9.8,7,2,5,Cybersecurity,QA & Testing,QA Engineer
4643,29.6,40.3,36.3,30.7,45.8,28.9,33.4,40.4,34.1,22.7,25.2,41.1,29.2,44.0,30.8,30.8,31.7,46.0,31.4,26.4,0.8,40.1,35.3,31.8,21.8,28.3,37.4,5.5,7,0,1,AI/ML,Business,Software Engineer
4644,45.7,45.1,59.0,29.6,27.1,41.4,23.1,31.4,49.2,49.4,42.3,23.1,36.8,33.1,40.8,30.1,35.5,38.2,31.1,30.3,33.7,26.4,30.6,53.5,31.7,29.6,32.5,5.5,3,2,0,Business Analytics,Business,Software Engineer
4645,43.1,49.4,48.1,39.5,46.2,57.1,51.0,58.8,38.0,59.0,52.9,47.5,46.7,51.4,40.0,38.1,44.3,35.6,41.7,50.6,47.8,59.0,15.7,44.0,26.8,44.7,69.5,5.6,8,2,4,Business Analytics,Backend,Software Engineer
4646,51.1,42.0,45.0,52.6,63.5,47.9,59.0,65.9,45.2,50.4,57.4,46.8,41.8,39.7,36.5,44.1,28.2,54.2,43.6,44.9,34.9,57.1,34.7,41.8,27.1,44.2,35.1,5.76,8,2,0,DevOps,Backend,Software Engineer
4647,54.5,40.6,44.8,44.1,40.4,42.7,53.7,48.5,55.9,46.8,50.1,46.9,45.5,46.1,43.4,38.1,40.6,51.0,43.1,56.5,40.7,37.1,37.9,43.8,29.4,43.5,54.2,5.88,5,1,0,Web Development,Backend,Software Engineer
4648,19.5,33.0,39.1,32.9,48.4,55.5,30.9,37.7,35.8,43.1,30.0,33.8,32.5,15.5,16.4,29.9,28.6,37.7,20.0,36.6,40.5,17.7,38.6,14.8,29.0,42.0,44.8,6.02,3,1,0,AI/ML,Full Stack,Software Engineer
4649,26.6,38.1,47.4,47.2,42.5,39.6,36.6,24.8,32.1,48.4,33.5,47.1,40.3,37.0,37.9,43.7,27.9,47.0,30.2,42.2,50.2,52.9,49.4,51.1,52.4,57.7,55.4,6.02,10,1,2,Business Analytics,Full Stack,Software Engineer
4650,27.1,22.2,38.3,31.7,29.6,30.7,23.4,46.2,19.0,28.7,36.4,27.9,29.6,23.4,28.9,41.0,21.5,32.8,25.8,54.6,53.0,32.2,43.8,38.6,61.3,46.9,33.5,6.03,3,2,2,Web Development,Security,Software Engineer
4651,56.3,46.9,52.6,64.8,48.6,37.2,49.8,41.6,69.6,67.8,58.7,44.0,52.3,52.1,52.6,46.0,43.6,53.2,47.4,69.8,54.5,42.1,22.5,57.0,30.6,48.1,53.7,6.07,4,0,0,Cybersecurity,Backend,Software Engineer
4652,35.0,34.6,45.7,50.9,28.9,24.3,37.0,28.3,31.4,36.4,41.4,36.4,40.7,50.5,55.4,36.9,48.6,56.7,50.7,46.1,63.1,44.0,56.5,54.1,50.2,65.9,35.9,6.08,5,2,4,AI/ML,Data & Analytics,Software Engineer
4653,36.4,43.3,48.8,34.1,46.5,36.2,39.3,50.3,46.1,33.6,35.7,54.4,49.4,34.2,34.0,27.7,44.6,43.7,49.6,52.6,48.1,51.0,50.9,34.0,48.8,33.3,63.9,6.1,7,1,4,AI/ML,QA & Testing,Software Engineer
4654,58.3,44.4,50.6,60.9,39.6,30.8,52.4,42.9,50.4,47.0,63.1,43.1,27.0,57.7,54.3,57.2,52.2,46.5,64.6,51.3,42.0,57.6,50.6,55.6,70.1,45.7,44.6,6.1,6,3,2,AI/ML,Cloud & DevOps,Software Engineer
4655,62.5,51.3,64.0,61.0,66.5,59.9,52.4,51.3,63.6,52.8,58.8,59.4,68.4,47.0,50.6,66.1,66.0,76.3,65.7,50.2,71.1,59.6,40.9,73.2,50.7,50.3,65.7,6.12,3,1,2,DevOps,Business,Software Engineer
4656,29.0,37.6,16.9,26.2,46.9,47.5,37.8,42.5,41.1,20.6,36.0,31.6,35.7,40.8,48.0,54.4,50.8,16.9,13.2,23.0,18.6,23.7,49.9,38.2,52.3,40.4,25.8,6.15,1,2,0,Cloud Computing,Frontend,Software Engineer
4657,45.4,49.3,63.8,33.1,55.6,58.0,55.0,52.2,53.1,56.7,35.7,47.8,41.5,36.6,41.1,40.1,41.1,38.7,40.4,22.2,18.3,34.3,55.0,37.2,29.5,42.6,32.3,6.15,4,0,2,Web Development,Backend,Software Engineer
4658,63.7,62.7,61.5,45.6,52.4,36.3,45.9,57.0,43.6,43.3,62.1,43.1,37.6,57.7,48.6,48.9,58.5,77.8,67.2,60.8,40.9,69.6,66.2,45.5,51.8,53.9,65.3,6.15,5,1,1,Web Development,Backend,Software Engineer
4659,32.9,41.2,29.4,50.4,36.2,40.2,44.6,36.7,44.1,51.0,46.3,45.7,34.3,48.4,50.7,49.8,46.4,30.3,36.7,47.5,44.8,42.5,23.8,47.9,11.5,27.6,18.8,6.19,5,1,4,Mobile Development,Mobile,Software Engineer
4660,37.0,13.4,30.1,39.8,20.9,23.7,14.7,33.8,27.1,17.9,30.7,32.7,42.7,30.6,32.7,22.8,28.2,54.2,53.8,50.5,38.4,55.3,16.9,27.7,21.3,30.0,46.5,6.22,5,0,2,Cloud Computing,Security,Software Engineer
4661,43.7,21.9,45.7,50.1,47.7,47.1,41.5,39.5,54.9,44.4,66.9,52.6,38.5,65.3,61.8,62.3,57.1,45.9,49.3,51.8,54.4,58.5,55.6,49.4,49.7,43.4,49.8,6.22,9,3,7,Web Development,Backend,Software Engineer
4662,57.0,46.6,36.3,52.1,54.1,48.2,47.0,34.2,40.4,44.6,34.1,38.6,48.7,50.3,60.2,50.3,49.0,57.7,62.7,64.3,60.8,55.0,55.7,51.5,48.0,43.3,51.6,6.22,8,3,2,Data Science,Data & Analytics,Software Engineer
4663,35.8,45.0,35.8,51.9,51.1,59.0,49.3,49.7,52.2,53.4,50.3,33.0,38.8,36.6,42.0,57.6,47.7,27.0,32.1,20.4,33.6,19.7,26.3,30.1,38.1,36.1,31.3,6.24,3,0,3,Data Science,Backend,Software Engineer
4664,33.7,30.6,26.0,40.2,32.3,52.0,35.8,50.3,26.0,29.9,29.2,27.1,42.8,22.8,35.0,25.8,11.2,42.7,42.5,32.9,45.4,43.7,34.6,37.6,46.8,40.4,43.3,6.27,4,1,2,Business Analytics,Frontend,Software Engineer
4665,15.9,41.8,28.4,26.4,42.1,40.8,33.1,30.8,40.2,31.8,23.8,40.4,41.9,17.4,32.4,30.9,44.3,19.7,30.1,14.7,24.4,8.6,37.2,17.7,48.9,45.8,23.4,6.28,6,1,3,Web Development,Full Stack,Software Engineer
4666,59.0,42.8,43.3,61.0,35.1,50.7,45.4,42.0,57.3,62.1,55.4,54.4,46.2,52.0,40.3,53.1,54.3,62.0,66.3,54.7,44.5,44.9,36.0,46.6,43.8,40.9,50.8,6.32,5,0,3,Data Science,Cloud & DevOps,Software Engineer
4667,53.7,53.5,61.5,63.4,50.6,39.9,41.9,44.1,45.9,52.8,55.4,49.5,51.7,47.0,49.2,40.4,58.9,53.0,38.2,61.4,59.2,58.2,39.5,51.8,35.7,39.8,48.7,6.33,5,3,2,AI/ML,Cloud & DevOps,Software Engineer
4668,37.4,43.3,41.3,35.7,51.8,39.3,46.9,50.0,29.8,41.7,29.8,47.0,36.1,43.7,49.3,35.5,44.4,50.6,25.6,37.2,38.7,40.5,50.8,50.4,26.1,41.2,42.0,6.35,3,2,1,Web Development,Machine Learning,Software Engineer
4669,38.4,31.5,30.9,43.1,37.8,37.9,40.6,49.3,35.4,45.1,35.3,32.3,31.9,27.1,29.5,41.1,27.7,53.3,55.9,49.1,47.2,38.0,41.7,36.4,37.3,39.8,33.2,6.36,3,0,0,DevOps,Full Stack,Software Engineer
4670,55.3,46.9,58.4,57.9,47.9,44.4,46.8,42.3,38.0,52.3,52.3,58.9,32.4,33.3,37.0,48.2,46.5,50.7,49.7,62.5,64.3,64.5,48.8,54.4,55.6,49.2,55.9,6.36,8,2,1,Business Analytics,Data & Analytics,Software Engineer
4671,57.7,38.2,43.2,50.2,54.8,51.7,51.5,50.7,47.5,69.5,50.3,47.2,40.3,37.9,37.2,31.0,44.4,29.1,36.4,32.4,37.5,24.9,56.8,32.9,50.8,53.5,37.3,6.36,5,2,7,Data Science,Machine Learning,Software Engineer
4672,52.8,56.3,40.9,58.9,58.2,53.3,47.5,57.8,60.0,52.4,67.6,48.9,53.3,50.9,36.9,41.8,29.2,49.1,55.7,55.3,59.3,41.4,48.7,46.6,51.1,38.6,61.5,6.4,1,2,2,Data Science,QA & Testing,Software Engineer
4673,54.1,38.4,47.1,49.5,55.9,48.0,53.2,45.0,60.9,64.6,44.6,43.2,38.3,34.8,50.2,48.5,46.9,49.6,43.8,39.0,42.3,38.0,43.3,33.9,41.7,33.4,40.2,6.45,6,0,1,Mobile Development,Cloud & DevOps,Software Engineer
4674,31.6,33.6,40.1,43.4,22.4,20.8,25.5,26.1,15.9,21.6,29.5,29.4,32.6,47.3,31.7,23.1,39.4,41.6,36.5,28.8,50.0,37.8,51.0,37.0,53.2,42.7,26.8,6.46,0,3,3,Mobile Development,Security,Software Engineer
4675,42.7,56.2,63.5,44.6,30.3,26.3,38.1,40.6,35.8,48.0,36.9,50.7,42.1,53.8,56.8,30.9,49.1,41.1,38.6,16.9,29.4,30.6,48.7,47.0,34.5,48.3,37.5,6.46,3,1,4,Web Development,Security,Software Engineer
4676,50.4,60.4,54.3,71.9,44.0,36.2,57.6,57.4,46.9,78.2,66.3,48.9,37.7,66.7,55.8,52.1,42.7,36.8,43.2,51.3,29.5,60.5,37.4,65.3,45.6,47.8,43.9,6.47,6,0,6,Data Science,Security,Software Engineer
4677,64.1,57.7,50.3,61.3,43.1,36.7,46.4,44.3,52.1,65.3,71.3,35.6,40.8,26.2,41.1,40.8,45.2,66.5,57.7,61.0,65.1,59.0,35.9,68.5,50.8,59.9,48.9,6.48,7,2,2,DevOps,Data & Analytics,Software Engineer
4678,15.2,29.3,46.3,19.5,42.0,59.2,40.5,65.9,42.3,28.9,25.8,26.6,30.6,14.6,27.9,31.2,33.5,23.9,19.8,22.7,27.2,27.3,20.4,35.2,47.5,26.9,38.0,6.5,5,1,2,Web Development,Data & Analytics,Software Engineer
4679,49.9,51.8,40.8,54.7,31.4,27.9,40.2,23.6,40.1,61.1,47.1,64.1,64.7,57.2,77.1,69.1,55.3,31.9,57.2,40.3,42.5,44.8,34.1,40.4,48.8,43.1,41.0,6.5,4,3,4,Mobile Development,QA & Testing,Software Engineer
4680,37.9,40.8,40.4,34.6,30.7,37.9,38.1,34.0,30.3,20.2,29.2,32.2,39.1,33.8,30.0,31.7,19.0,31.3,30.0,22.3,24.2,27.7,35.9,52.2,28.2,29.9,45.2,6.51,2,0,1,DevOps,QA & Testing,Software Engineer
4681,51.3,43.3,42.4,46.5,36.3,34.5,33.8,30.6,41.1,42.6,46.0,41.3,32.5,37.1,42.9,47.9,16.3,56.1,44.8,29.4,37.0,43.2,38.2,29.8,55.4,44.4,58.3,6.52,5,1,0,Cloud Computing,Business,Software Engineer
4682,43.8,30.8,32.0,37.8,59.1,59.6,46.4,62.7,27.2,41.2,21.9,38.1,44.1,42.5,40.1,41.3,38.8,42.0,54.3,51.0,62.1,41.2,37.4,31.3,58.1,38.9,40.7,6.53,4,1,2,Cloud Computing,Backend,Software Engineer
4683,35.1,37.2,52.1,33.4,38.0,47.7,42.2,46.7,28.7,30.4,33.3,28.1,40.2,42.3,45.1,33.3,32.6,40.9,65.0,29.5,33.7,49.0,36.1,46.7,30.2,50.0,45.7,6.54,3,1,3,Data Science,Cloud & DevOps,Software Engineer
4684,50.1,46.3,56.4,34.9,32.0,20.0,39.5,11.8,51.1,48.9,45.8,52.3,36.9,43.9,39.0,34.6,46.6,51.2,48.9,43.3,35.0,40.8,41.6,50.1,39.4,38.4,41.4,6.54,4,0,1,Mobile Development,Backend,Software Engineer
4685,33.7,30.7,34.2,50.4,29.4,19.2,34.8,18.2,44.2,52.5,33.1,20.2,42.6,21.6,32.5,36.2,35.8,35.8,33.4,57.7,49.8,34.8,46.1,33.1,56.5,41.6,31.6,6.55,4,1,2,DevOps,QA & Testing,Software Engineer
4686,45.7,31.7,49.8,48.7,25.0,16.3,40.4,36.3,36.8,48.5,63.8,32.8,32.7,42.1,52.8,57.5,48.5,44.7,38.4,54.0,45.2,42.6,43.7,40.3,40.9,18.6,28.8,6.55,2,1,0,DevOps,Data & Analytics,Software Engineer
4687,32.2,24.7,33.3,44.5,17.9,42.1,26.2,29.9,45.7,30.7,39.0,35.4,33.9,15.3,25.9,32.0,25.1,39.8,61.0,45.9,31.2,41.0,39.6,33.7,36.2,34.3,34.2,6.59,3,2,0,Mobile Development,Mobile,Software Engineer
4688,38.0,49.2,44.8,34.8,48.2,34.4,28.9,24.3,39.2,33.0,35.5,23.9,18.8,47.2,29.9,34.0,40.9,31.8,30.4,40.7,41.9,27.1,61.4,34.3,61.5,35.8,47.1,6.59,4,0,5,Mobile Development,QA & Testing,Software Engineer
4689,27.7,47.7,30.9,40.9,33.8,30.0,26.8,29.3,21.3,31.2,29.4,33.6,28.2,34.2,30.3,30.7,16.7,28.8,42.0,30.6,39.9,34.6,23.7,34.5,24.8,46.4,33.6,6.61,3,2,1,Mobile Development,Business,Software Engineer
4690,44.0,29.6,44.7,31.1,51.2,76.7,65.4,66.5,48.6,34.0,25.8,46.7,55.0,42.6,44.8,55.8,54.6,48.2,63.6,42.2,53.6,44.6,59.7,35.8,72.7,58.5,32.3,6.63,9,2,2,Mobile Development,Cloud & DevOps,Software Engineer
4691,57.7,73.4,57.4,42.8,58.5,85.3,61.3,64.4,60.6,58.3,65.3,60.2,65.8,60.8,66.2,65.7,64.9,68.0,65.4,44.0,49.2,47.6,71.7,51.1,68.0,71.3,48.9,6.63,6,3,2,DevOps,Mobile,Software Engineer
4692,36.8,12.7,37.8,28.2,29.7,29.5,38.7,31.2,37.4,30.4,34.5,34.4,28.3,43.4,38.1,44.9,29.9,62.0,35.7,40.5,46.2,50.6,47.8,48.3,50.4,37.2,33.0,6.64,0,1,2,Data Science,Full Stack,Software Engineer
4693,41.0,48.3,28.7,55.7,51.3,54.8,51.9,51.3,52.8,66.6,60.8,48.2,48.7,60.4,67.2,38.2,49.3,24.9,17.2,40.2,46.1,30.4,40.3,44.9,32.8,45.7,27.7,6.67,1,2,4,Web Development,Frontend,Software Engineer
4694,49.6,38.3,40.4,33.3,48.7,42.5,51.4,49.6,48.2,39.5,39.1,37.3,37.5,49.1,26.6,59.5,33.6,30.9,29.9,29.2,9.5,42.7,44.8,43.3,70.0,47.3,42.3,6.67,5,1,6,AI/ML,Data & Analytics,Software Engineer
4695,38.9,67.9,63.3,58.8,62.3,68.1,59.8,56.2,65.1,56.7,66.9,56.3,65.2,58.5,50.0,37.6,54.0,34.5,32.1,60.3,64.1,58.8,47.1,58.2,59.7,49.5,41.1,6.68,5,1,7,Mobile Development,Machine Learning,Software Engineer
4696,25.1,18.3,34.7,24.3,19.6,16.9,31.7,30.6,17.1,25.6,35.0,24.1,24.4,30.8,34.0,23.6,28.4,17.4,22.0,21.4,20.5,20.4,28.0,33.4,17.8,33.3,20.6,6.69,6,1,2,AI/ML,QA & Testing,Software Engineer
4697,36.2,28.2,25.9,36.1,47.3,42.7,52.1,53.9,39.9,46.6,40.3,50.7,30.4,30.8,33.8,41.8,44.2,38.5,40.7,41.6,47.8,16.5,33.4,44.4,40.7,40.4,31.3,6.69,1,2,3,Cybersecurity,Security,Software Engineer
4698,51.3,63.6,49.1,42.5,38.3,43.4,44.7,35.8,47.9,51.4,48.2,55.9,55.7,58.7,53.1,48.3,62.5,38.0,33.9,36.3,27.7,31.0,58.7,35.7,62.8,51.4,37.1,6.69,2,1,4,Business Analytics,Frontend,Software Engineer
4699,19.4,8.7,15.6,19.6,40.1,28.9,32.8,30.5,17.0,22.1,11.9,9.8,21.3,25.3,4.6,16.8,21.2,26.1,22.5,20.7,18.4,26.5,28.4,25.1,25.3,25.0,27.4,6.71,3,0,0,AI/ML,QA & Testing,Software Engineer
4700,27.4,39.6,61.4,31.9,23.6,29.9,33.9,31.3,40.1,31.0,28.5,35.7,42.0,46.5,40.2,39.0,38.4,27.1,41.3,28.2,27.0,23.8,34.6,34.0,48.6,39.1,56.7,6.71,0,1,4,Web Development,Backend,Software Engineer
4701,49.1,51.6,44.6,43.6,40.2,29.8,33.7,29.3,56.0,55.7,51.2,37.0,35.2,30.4,36.6,49.4,44.7,39.5,40.9,39.8,53.0,39.1,50.3,37.3,66.3,53.1,33.6,6.71,6,2,3,DevOps,Mobile,Software Engineer
4702,38.7,44.6,47.4,40.6,39.4,36.2,33.1,34.1,43.7,38.3,29.2,50.2,49.2,50.6,48.8,43.9,45.0,32.6,43.0,31.4,60.2,44.1,31.8,53.5,55.4,63.3,38.5,6.72,4,0,1,Cloud Computing,Data & Analytics,Software Engineer
4703,27.4,33.3,49.3,27.8,54.6,65.9,54.2,50.3,36.5,52.3,27.3,39.7,45.7,46.4,51.9,36.3,42.4,35.3,34.4,25.2,19.7,31.3,17.9,50.0,29.2,26.3,29.3,6.74,2,2,2,Cloud Computing,Cloud & DevOps,Software Engineer
4704,42.2,58.8,48.2,33.2,43.2,48.0,62.5,43.5,55.2,50.5,40.9,48.0,44.0,38.8,45.5,47.3,51.7,57.6,42.7,32.0,48.5,43.9,39.9,29.7,61.4,46.9,33.6,6.74,4,1,4,Cloud Computing,Backend,Software Engineer
4705,52.1,58.8,47.8,48.3,37.8,24.8,50.2,48.1,56.2,51.4,64.2,42.5,45.4,62.6,65.5,73.2,63.9,50.4,56.2,24.6,18.7,36.5,55.0,42.1,47.3,43.6,59.1,6.74,7,1,4,Web Development,Backend,Software Engineer
4706,49.5,52.3,41.6,56.4,35.2,23.5,37.3,40.5,43.5,33.0,49.3,37.0,56.8,41.7,48.4,39.3,43.6,44.7,53.8,33.0,27.1,46.3,28.2,31.0,33.6,34.1,36.7,6.75,7,1,0,DevOps,Frontend,Software Engineer
4707,42.4,54.6,45.1,40.2,62.6,63.9,55.2,56.8,68.8,51.6,55.9,47.1,40.4,57.1,49.9,54.2,65.1,38.9,42.5,33.0,50.3,30.7,64.9,59.0,49.6,49.6,42.1,6.77,7,2,4,AI/ML,Cloud & DevOps,Software Engineer
4708,43.7,47.9,39.4,58.8,35.7,31.1,40.7,34.4,46.9,61.2,44.5,47.7,58.2,46.1,51.3,43.7,42.5,40.3,37.6,41.0,34.4,35.7,46.5,48.2,51.0,47.6,31.7,6.77,6,2,0,DevOps,Full Stack,Software Engineer
4709,48.5,19.1,32.8,40.1,16.1,15.6,25.1,32.6,13.0,32.9,34.2,29.3,12.2,24.2,26.8,23.4,18.8,40.9,35.0,30.4,64.1,30.0,34.7,17.7,41.1,24.2,34.0,6.77,7,2,1,AI/ML,Security,Software Engineer
4710,21.5,34.8,17.2,39.7,46.0,31.1,35.2,40.4,26.1,28.6,32.1,17.4,37.7,32.7,34.1,36.0,29.7,18.0,26.5,45.2,32.5,30.9,17.0,43.6,20.9,29.6,34.0,6.78,1,0,1,Web Development,Backend,Software Engineer
4711,46.2,38.3,42.7,33.8,50.8,58.6,45.9,45.3,41.4,21.1,27.7,16.9,35.1,26.7,21.5,37.2,33.1,39.5,48.2,18.9,32.3,38.7,38.6,25.8,44.1,35.9,33.7,6.79,6,1,4,AI/ML,Full Stack,Software Engineer
4712,27.3,24.2,29.2,28.3,27.7,44.2,40.9,39.5,23.2,27.6,26.5,33.7,42.6,34.8,33.5,34.3,37.7,11.1,23.8,23.9,31.8,32.2,36.4,49.5,24.5,33.3,23.4,6.81,7,0,1,Business Analytics,QA & Testing,Software Engineer
4713,44.6,66.0,69.6,50.7,45.6,46.7,48.8,40.8,36.2,51.1,50.0,49.5,45.7,67.4,47.1,60.5,55.0,62.6,55.5,49.1,44.1,43.6,53.6,57.8,51.7,51.3,59.0,6.82,3,0,5,DevOps,Full Stack,Software Engineer
4714,40.7,49.4,53.7,20.8,33.2,24.9,33.7,32.4,39.8,63.3,42.1,49.1,39.2,49.0,38.8,32.2,42.0,47.7,47.5,31.4,23.1,41.3,47.3,55.9,44.8,50.3,30.4,6.83,5,0,3,Mobile Development,QA & Testing,Software Engineer
4715,41.4,40.3,15.4,25.2,7.9,39.4,23.7,20.3,28.1,34.9,20.0,31.2,37.0,32.0,31.8,23.0,36.3,33.2,23.4,35.8,40.2,19.8,34.8,25.3,24.9,17.1,8.5,6.83,1,1,2,Business Analytics,Security,Software Engineer
4716,46.6,47.2,37.8,45.2,56.5,82.3,58.9,68.3,41.7,57.2,38.3,67.2,69.2,46.7,58.1,54.1,49.1,50.8,70.5,44.5,42.6,54.7,47.4,57.1,60.1,66.2,45.4,6.83,1,1,5,Business Analytics,Security,Software Engineer
4717,54.3,65.9,64.0,49.4,62.0,55.2,65.9,62.1,66.1,56.2,40.4,59.4,50.1,47.5,53.5,61.8,54.7,66.8,60.9,46.1,44.6,53.7,58.1,55.4,47.5,52.9,62.2,6.83,5,2,4,Web Development,Frontend,Software Engineer
4718,57.0,63.8,57.6,51.5,53.4,38.0,53.6,44.1,52.4,55.5,57.4,47.1,39.1,50.2,41.6,60.3,48.5,47.6,43.6,46.8,48.2,64.5,58.5,46.9,34.3,45.7,42.7,6.83,4,1,2,Web Development,Full Stack,Software Engineer
4719,55.9,66.5,50.6,48.8,24.8,27.2,33.9,29.3,43.9,39.1,41.6,40.8,36.7,48.3,42.2,36.9,52.6,52.7,62.2,73.7,58.4,66.2,49.1,51.8,59.5,53.7,42.6,6.86,7,1,0,Data Science,Business,Software Engineer
4720,56.6,56.5,32.0,65.5,67.9,67.9,59.1,57.9,71.2,50.0,61.4,63.3,63.4,61.3,63.4,67.1,59.9,52.1,41.1,67.1,64.6,57.4,70.9,54.3,70.6,65.1,60.0,6.87,8,1,4,Cybersecurity,Data & Analytics,Software Engineer
4721,26.2,26.6,41.0,22.1,25.7,14.2,20.8,35.7,34.5,22.0,32.0,28.6,24.9,31.3,23.1,26.8,33.4,19.5,38.6,23.9,21.7,34.8,26.8,30.9,25.5,34.9,35.9,6.88,2,1,4,Data Science,Backend,Software Engineer
4722,30.0,48.2,37.5,40.2,42.2,57.2,34.1,52.2,35.9,25.3,40.4,40.6,36.2,21.0,24.5,32.8,51.0,43.7,40.8,35.1,41.5,52.0,23.8,32.7,35.1,52.4,27.0,6.88,5,0,2,Cloud Computing,Security,Software Engineer
4723,38.9,32.9,44.8,30.1,46.9,56.8,47.8,47.5,24.9,33.1,47.8,39.1,40.5,47.0,48.8,39.6,51.0,42.5,29.4,18.0,31.2,30.0,43.1,35.2,45.3,44.3,29.9,6.89,5,1,3,AI/ML,Mobile,Software Engineer
4724,39.0,26.4,36.4,42.9,18.7,26.8,38.8,29.3,18.6,42.8,40.7,40.7,37.0,25.0,42.4,50.2,38.0,27.5,16.0,55.4,46.9,28.1,22.1,37.0,28.5,21.1,28.9,6.89,3,1,3,DevOps,Security,Software Engineer
4725,38.0,32.8,25.4,34.7,51.2,60.8,32.8,53.7,40.5,31.0,23.5,29.1,31.7,43.7,43.8,30.3,51.8,16.5,13.2,13.4,36.2,20.0,45.3,28.4,58.5,49.3,30.4,6.9,2,1,5,Cybersecurity,Frontend,Software Engineer
4726,57.2,56.7,60.2,39.1,52.4,71.3,71.1,62.2,63.2,39.0,41.1,56.5,43.9,36.9,48.7,45.7,44.5,51.8,50.3,39.8,42.6,49.2,60.6,53.3,75.4,64.0,37.2,6.9,5,1,0,DevOps,Cloud & DevOps,Software Engineer
4727,43.4,33.6,26.7,32.0,26.2,20.7,29.7,17.7,29.4,23.4,44.9,44.3,32.1,25.7,46.8,51.2,31.3,40.1,41.2,39.0,48.2,45.7,21.0,30.4,31.0,23.8,38.0,6.91,1,0,2,Web Development,Full Stack,Software Engineer
4728,55.0,50.0,36.9,61.6,54.2,58.1,51.9,47.5,57.6,56.1,53.2,52.7,60.7,58.8,56.8,60.6,49.4,57.4,66.8,43.7,50.6,41.5,51.9,42.9,39.1,32.1,57.9,6.91,8,3,0,Mobile Development,Machine Learning,Software Engineer
4729,43.1,39.7,51.9,49.0,45.1,32.7,34.7,42.2,40.0,37.6,36.0,39.9,51.2,33.1,48.1,40.4,41.9,49.4,51.8,43.6,44.1,46.1,65.4,43.0,53.9,47.7,40.7,6.92,5,3,2,Web Development,Data & Analytics,Software Engineer
4730,45.4,43.3,47.0,45.3,23.1,19.2,35.4,21.8,53.3,51.0,43.4,58.3,42.6,49.7,54.1,46.3,41.2,49.7,60.3,44.8,48.8,40.2,26.0,34.5,16.9,34.2,53.2,6.93,3,2,0,AI/ML,Cloud & DevOps,Software Engineer
4731,62.9,64.9,66.5,55.3,53.9,54.7,63.9,53.3,74.3,79.7,74.6,63.3,65.7,64.3,58.2,68.1,54.3,50.5,52.1,47.1,45.9,40.5,57.9,61.4,59.1,64.9,58.6,6.94,3,1,4,Business Analytics,QA & Testing,Software Engineer
4732,33.7,39.0,33.2,37.8,19.8,11.6,15.0,26.2,20.7,39.1,29.6,35.7,35.4,41.3,22.9,33.4,35.3,35.8,34.5,45.9,48.3,49.0,37.0,46.9,41.9,27.5,43.2,6.95,0,1,2,Business Analytics,Machine Learning,Software Engineer
4733,41.2,29.1,39.6,30.5,34.5,33.7,40.5,31.2,33.2,33.5,50.4,43.9,33.8,38.2,53.0,57.0,29.7,44.8,34.1,35.7,45.7,40.0,36.0,67.5,56.9,39.3,44.8,6.95,5,3,1,Web Development,Backend,Software Engineer
4734,52.9,65.3,49.2,54.1,74.4,60.1,66.7,59.0,57.2,55.6,52.1,58.4,68.2,48.3,40.7,48.8,56.0,66.9,57.7,43.0,56.1,58.4,46.8,47.4,50.1,43.4,81.0,6.97,9,2,3,Cloud Computing,Security,Software Engineer
4735,60.0,49.0,50.0,48.8,38.9,49.6,40.1,47.0,39.4,35.2,54.3,51.0,67.1,42.1,60.6,45.7,40.7,58.2,57.1,57.0,55.2,63.3,43.1,66.8,39.5,40.9,56.9,6.98,3,1,3,AI/ML,Backend,Software Engineer
4736,38.3,47.2,40.3,76.6,64.1,70.8,73.5,67.9,58.6,58.4,69.4,46.7,54.6,55.9,46.7,61.0,53.3,60.2,78.0,71.7,49.7,65.0,42.6,35.5,40.1,51.3,48.5,6.99,5,1,4,AI/ML,Frontend,Software Engineer
4737,30.1,17.9,26.3,37.0,21.3,9.5,21.7,13.4,11.4,20.4,33.6,17.7,11.9,7.0,5.3,18.2,13.5,33.1,17.6,46.0,25.3,26.9,23.7,25.7,29.9,23.5,37.6,7.0,1,1,0,Mobile Development,Machine Learning,Software Engineer
4738,58.2,39.2,49.0,70.2,61.2,53.9,46.6,57.0,54.6,47.9,53.6,43.9,65.0,55.9,66.3,63.8,63.9,62.1,76.6,61.5,75.9,66.5,56.0,52.6,52.8,56.1,72.7,7.01,7,2,2,Cloud Computing,QA & Testing,Software Engineer
4739,59.9,48.5,51.7,42.5,53.8,55.3,43.3,53.9,53.1,45.0,46.1,40.0,47.7,32.4,41.2,26.9,38.0,64.0,38.9,57.0,58.9,51.0,58.0,52.5,56.9,45.8,45.3,7.02,6,2,4,Cybersecurity,Full Stack,Software Engineer
4740,48.0,44.3,59.2,48.8,70.9,71.7,58.0,57.9,45.5,52.8,60.2,39.0,48.1,41.8,42.2,27.9,53.8,43.8,49.6,46.9,56.3,50.6,51.1,71.4,26.3,47.9,52.7,7.04,7,1,1,Data Science,Business,Software Engineer
4741,47.6,54.1,50.3,66.3,51.5,65.2,53.0,46.4,46.6,46.6,54.2,52.5,39.2,55.8,59.0,37.0,54.2,68.0,46.2,44.8,41.1,61.5,45.6,46.7,52.6,63.6,49.7,7.05,5,2,1,Web Development,Data & Analytics,Software Engineer
4742,40.7,32.1,41.8,18.0,11.4,16.9,18.3,19.8,35.8,27.6,23.2,25.2,41.0,33.3,26.8,11.4,29.2,48.1,48.3,31.1,31.1,41.7,16.1,52.0,32.8,22.5,42.1,7.06,3,0,2,Business Analytics,Business,Software Engineer
4743,41.2,59.8,60.6,42.2,54.5,44.6,60.9,61.0,32.2,53.1,58.2,47.6,51.4,54.6,52.1,51.4,53.5,42.7,31.8,50.5,60.9,37.0,59.2,60.8,76.7,47.5,60.8,7.06,3,2,6,Business Analytics,Full Stack,Software Engineer
4744,67.0,67.6,59.6,54.6,40.6,42.0,59.2,40.1,61.6,54.8,68.3,45.4,51.3,34.4,52.4,39.2,33.2,51.6,61.2,66.4,75.3,63.3,69.2,53.1,67.1,49.9,44.7,7.07,3,2,1,Business Analytics,Business,Software Engineer
4745,48.3,59.4,41.4,41.1,52.6,53.8,59.0,63.3,47.2,54.1,55.4,55.7,40.2,61.5,52.1,60.1,46.4,41.5,34.5,65.5,42.4,35.6,48.9,56.9,35.1,34.5,40.1,7.09,5,1,3,DevOps,Cloud & DevOps,Software Engineer
4746,61.8,64.6,60.6,51.0,41.6,33.3,44.7,30.1,60.9,66.5,55.5,54.0,56.8,60.5,68.5,60.9,76.4,48.8,37.2,42.6,32.9,44.8,37.5,48.1,60.3,42.9,53.2,7.09,9,2,3,Cloud Computing,Backend,Software Engineer
4747,36.3,28.6,31.2,38.3,31.5,39.6,24.1,33.9,39.6,29.8,38.1,26.5,33.1,31.4,26.6,23.8,23.7,27.3,43.1,39.2,26.4,44.9,24.8,30.4,30.8,40.3,51.0,7.1,3,0,0,Data Science,Cloud & DevOps,Software Engineer
4748,33.4,46.8,39.0,58.1,56.9,50.3,51.2,54.5,48.2,51.9,56.4,43.6,38.5,33.1,38.0,38.7,42.4,35.1,31.3,34.0,40.6,38.6,51.1,38.1,48.9,39.2,21.3,7.12,4,0,4,Mobile Development,Mobile,Software Engineer
4749,65.7,56.7,51.1,48.2,34.3,39.3,44.8,40.6,41.1,37.4,27.2,62.6,47.5,44.6,35.9,30.8,49.7,67.9,59.9,50.6,53.2,66.6,27.8,69.8,45.4,29.8,68.8,7.12,5,1,1,Business Analytics,Machine Learning,Software Engineer
4750,38.8,48.9,50.2,55.5,60.2,82.5,52.4,65.4,39.8,48.4,39.5,65.1,47.9,36.4,30.6,23.3,45.5,36.8,48.3,33.8,44.7,47.9,63.1,46.7,52.5,41.5,48.5,7.13,4,2,2,Web Development,QA & Testing,Software Engineer
4751,45.1,32.0,56.3,71.6,76.0,74.8,60.8,65.9,55.5,67.2,66.5,51.8,56.9,60.1,52.0,42.3,49.6,47.6,47.5,72.1,76.0,55.9,57.5,74.4,64.1,67.1,46.0,7.13,4,2,1,Business Analytics,Data & Analytics,Software Engineer
4752,49.8,53.2,78.5,55.4,44.1,47.7,43.8,39.4,71.1,72.9,69.1,69.3,54.7,70.4,47.8,50.3,81.8,62.6,69.0,72.6,63.6,50.8,72.7,70.0,72.4,61.5,63.4,7.13,7,1,4,DevOps,Cloud & DevOps,Software Engineer
4753,58.6,66.6,47.7,52.5,61.8,77.2,43.2,68.1,65.8,50.2,50.0,57.0,60.2,40.0,50.8,36.7,35.1,46.0,46.3,47.5,50.2,43.6,58.2,45.2,59.7,57.3,49.5,7.13,5,0,2,Web Development,Machine Learning,Software Engineer
4754,46.7,41.7,45.9,65.0,30.4,36.3,38.6,36.9,50.0,49.0,60.9,45.8,47.7,31.6,43.7,33.9,34.9,44.1,51.1,46.8,57.5,47.7,41.1,31.2,42.9,52.0,59.8,7.14,4,2,1,Mobile Development,Backend,Software Engineer
4755,38.8,43.7,49.5,46.6,36.6,46.6,38.2,26.6,34.6,51.4,33.6,20.3,43.3,37.1,37.7,42.0,32.2,25.2,27.2,51.6,56.0,38.7,31.4,33.0,34.8,41.4,30.3,7.16,4,2,1,Web Development,Full Stack,Software Engineer
4756,37.9,51.9,45.9,37.4,25.2,14.5,31.6,31.9,48.4,48.9,48.1,34.7,40.2,50.8,26.0,46.3,39.2,43.2,35.1,59.7,55.8,33.7,53.1,47.3,50.9,28.5,36.7,7.18,4,1,3,Web Development,Full Stack,Software Engineer
4757,50.2,49.2,55.4,29.6,41.4,49.8,35.1,55.6,49.1,45.9,53.5,47.1,62.7,47.4,47.8,52.8,70.7,41.1,46.2,24.4,31.5,55.5,37.3,49.2,40.5,40.7,38.1,7.18,5,2,1,Mobile Development,Mobile,Software Engineer
4758,57.7,57.9,58.7,75.8,89.8,81.4,76.1,74.9,65.9,66.1,67.8,68.5,58.9,68.3,63.3,45.5,62.0,52.9,61.3,65.8,81.4,71.7,56.6,57.5,46.2,59.1,58.1,7.18,6,2,2,Data Science,Frontend,Software Engineer
4759,46.1,55.5,49.1,56.5,59.5,53.0,62.7,55.4,60.5,58.5,69.8,54.5,54.2,46.3,58.3,45.3,49.4,46.5,28.5,56.0,60.8,51.3,55.2,56.9,43.7,52.9,53.8,7.19,3,1,4,Mobile Development,QA & Testing,Software Engineer
4760,27.2,28.0,2.4,36.2,18.3,14.0,16.9,17.1,24.0,34.9,41.7,29.8,40.3,37.4,25.3,34.3,46.6,26.4,28.7,26.4,20.0,23.4,15.0,26.3,15.2,7.8,11.1,7.21,4,1,1,DevOps,Backend,Software Engineer
4761,48.0,38.1,58.2,30.6,48.8,47.4,45.5,50.6,40.7,37.8,35.7,47.2,33.9,22.7,42.2,33.2,36.4,50.7,45.6,38.6,41.8,31.6,65.3,46.1,55.6,67.1,57.8,7.21,2,2,3,Cybersecurity,Security,Software Engineer
4762,38.3,35.7,30.8,58.4,49.1,53.8,42.6,50.7,50.0,31.9,64.1,35.6,36.4,41.8,55.5,29.5,40.7,31.6,33.6,47.2,52.0,29.2,46.4,25.9,45.5,48.3,52.6,7.22,6,1,0,DevOps,Full Stack,Software Engineer
4763,60.4,57.2,37.9,62.4,39.6,58.5,47.9,44.8,58.1,59.8,66.5,59.3,45.2,61.4,60.7,57.7,47.8,70.1,46.8,66.9,63.7,60.8,58.6,64.1,50.5,59.9,41.6,7.22,7,1,3,Mobile Development,Backend,Software Engineer
4764,34.4,35.1,46.3,22.8,34.1,28.7,18.8,16.8,10.3,18.2,25.1,35.2,33.2,27.7,25.7,16.2,28.7,28.4,57.1,40.3,37.8,51.9,40.0,41.6,16.6,31.2,40.9,7.23,5,1,4,Cybersecurity,Machine Learning,Software Engineer
4765,41.0,44.3,48.3,59.9,62.2,74.5,57.2,60.2,44.7,57.3,55.6,38.2,44.3,47.1,32.6,38.8,49.1,48.8,53.8,62.9,67.3,43.0,53.6,54.6,65.7,42.8,52.3,7.23,7,0,5,AI/ML,Frontend,Software Engineer
4766,56.2,49.6,40.2,39.5,38.5,34.3,36.3,34.4,39.1,42.5,50.9,56.4,36.4,41.8,43.1,65.5,39.3,26.6,41.2,43.1,40.8,42.4,45.8,35.8,32.2,37.1,42.8,7.24,2,1,7,Mobile Development,Security,Software Engineer
4767,62.1,41.1,42.9,49.4,63.3,74.9,55.5,62.8,61.9,49.0,51.7,65.9,61.4,59.7,43.7,40.8,45.3,57.1,79.1,57.0,51.1,55.5,46.9,43.4,41.1,55.0,64.3,7.24,4,2,1,AI/ML,Backend,Software Engineer
4768,72.4,61.7,74.3,68.2,48.9,40.0,44.2,32.1,65.5,79.3,73.9,73.7,65.9,73.7,88.4,83.0,76.5,68.8,72.7,74.1,60.9,66.3,61.0,60.6,45.9,62.7,59.4,7.24,2,2,3,Business Analytics,Mobile,Software Engineer
4769,53.2,54.4,49.6,73.8,72.4,59.6,56.0,44.5,53.3,66.5,75.7,48.4,53.2,51.8,50.8,55.2,30.5,63.8,56.9,68.3,77.8,66.3,67.9,39.0,79.4,67.8,40.5,7.25,10,2,0,Cybersecurity,Machine Learning,Software Engineer
4770,54.0,49.0,52.3,62.0,42.1,48.2,66.3,30.0,55.5,48.1,70.3,49.8,36.7,53.0,48.3,38.2,43.0,44.6,50.2,53.8,49.4,68.3,36.3,60.0,21.0,41.4,49.7,7.25,5,1,1,Cloud Computing,Machine Learning,Software Engineer
4771,62.1,40.3,55.2,53.5,58.4,46.5,43.1,37.9,61.1,61.6,64.8,53.4,51.8,61.2,61.5,44.2,51.1,60.6,65.1,51.2,35.4,62.3,29.7,51.8,20.3,31.5,53.6,7.25,5,3,3,Mobile Development,Full Stack,Software Engineer
4772,48.2,55.8,53.9,47.0,66.5,66.5,71.8,71.2,77.4,59.0,57.9,49.2,63.2,55.6,59.4,47.7,62.1,50.2,46.6,52.0,64.9,65.3,45.2,64.8,29.0,61.8,42.8,7.26,8,2,3,Cloud Computing,Business,Software Engineer
4773,24.7,11.6,12.7,21.2,42.1,28.9,26.9,22.4,18.1,15.0,18.7,24.0,19.5,18.1,16.6,23.5,21.3,23.8,4.2,28.5,33.4,18.9,28.8,7.1,27.4,8.4,11.5,7.27,1,1,2,Web Development,Security,Software Engineer
4774,32.2,42.0,49.6,49.5,40.5,35.2,29.6,40.7,40.7,32.4,38.0,38.8,28.2,31.8,16.3,36.5,31.7,38.5,37.4,49.8,63.3,49.8,57.6,47.7,79.5,60.6,37.1,7.27,7,2,0,AI/ML,Backend,Software Engineer
4775,42.5,55.6,52.3,55.4,34.9,25.6,59.0,39.6,65.5,54.1,53.1,55.2,53.7,50.5,62.2,63.1,61.9,42.6,43.3,37.9,40.2,50.0,51.3,56.2,38.9,46.4,59.7,7.27,5,2,8,Data Science,Frontend,Software Engineer
4776,45.5,37.0,45.9,31.2,29.4,29.7,31.7,35.9,32.5,47.3,34.4,31.3,38.4,36.5,43.6,36.6,48.9,27.0,29.8,25.3,3.9,23.6,25.0,39.9,39.7,24.8,36.7,7.27,7,1,5,DevOps,Security,Software Engineer
4777,33.9,38.1,39.3,28.1,43.0,45.2,33.4,40.3,45.6,22.2,47.8,32.6,43.1,42.4,37.8,40.3,33.1,28.9,28.7,33.3,23.4,17.8,38.5,47.2,69.5,49.5,37.9,7.28,2,1,0,Business Analytics,Full Stack,Software Engineer
4778,33.3,41.6,61.4,48.4,63.6,42.4,56.0,56.8,43.3,40.2,63.0,38.8,52.2,36.5,48.9,40.4,53.3,46.7,49.5,54.8,47.8,39.1,19.6,44.9,31.7,49.2,55.9,7.29,6,2,0,AI/ML,Business,Software Engineer
4779,37.1,34.4,34.6,40.4,44.8,50.7,47.9,38.4,37.0,44.0,52.6,40.8,46.7,40.2,40.9,43.0,31.4,31.9,47.1,41.9,32.1,35.4,38.1,33.6,55.8,40.0,36.2,7.29,2,1,2,DevOps,Full Stack,Software Engineer
4780,39.7,41.0,32.3,44.9,40.8,78.6,48.7,60.6,23.3,42.1,43.9,38.2,47.6,38.3,37.1,38.0,34.5,37.3,49.7,60.5,65.8,57.4,83.0,42.0,44.8,52.1,55.2,7.29,9,2,1,Web Development,Full Stack,Software Engineer
4781,45.8,60.4,53.2,41.1,71.3,65.4,61.7,66.8,62.7,51.7,52.8,50.0,52.8,55.2,48.5,59.3,57.9,36.0,23.6,32.8,28.5,44.2,50.1,65.3,39.9,50.8,40.2,7.29,8,1,5,Cybersecurity,Backend,Software Engineer
4782,42.6,72.5,52.5,52.1,31.7,37.0,42.5,33.2,53.0,49.5,46.4,48.7,59.7,56.5,65.9,56.1,41.9,33.8,22.6,47.4,32.3,38.1,43.4,42.7,57.4,48.3,47.0,7.3,5,2,3,Cloud Computing,Machine Learning,Software Engineer
4783,55.8,44.0,47.4,71.5,36.9,49.2,35.4,45.5,45.1,48.7,49.3,36.5,42.6,54.5,53.4,51.3,43.7,51.7,40.2,50.7,47.8,45.0,15.4,34.4,33.3,42.4,29.7,7.3,6,2,2,Data Science,Full Stack,Software Engineer
4784,43.8,49.3,42.7,43.1,48.3,57.2,66.3,46.7,47.3,38.3,33.0,47.0,39.9,38.1,36.9,46.9,41.9,46.5,27.4,42.6,38.8,38.5,48.0,58.2,31.7,42.8,53.1,7.31,2,3,2,Web Development,Frontend,Software Engineer
4785,20.8,36.6,39.3,25.0,12.7,7.1,8.5,21.1,13.8,25.1,32.5,27.4,22.4,33.8,28.5,35.0,29.6,26.1,24.7,17.3,30.5,28.3,34.4,33.9,34.2,26.5,36.3,7.32,3,1,1,DevOps,Full Stack,Software Engineer
4786,33.8,54.8,55.1,18.8,35.1,45.1,35.1,29.3,41.5,31.8,23.6,31.1,32.4,19.0,16.9,30.0,22.6,23.7,43.1,29.2,22.4,43.8,25.9,44.8,24.3,29.3,41.8,7.32,5,1,1,Web Development,Backend,Software Engineer
4787,40.9,53.8,42.3,46.5,68.2,72.3,66.5,77.8,68.4,61.4,43.1,52.9,54.3,50.8,52.1,49.7,50.0,67.5,65.6,57.8,56.7,67.1,68.5,61.2,68.9,68.1,54.2,7.32,5,1,5,Business Analytics,Full Stack,Software Engineer
4788,28.4,31.7,39.1,21.2,22.0,22.9,29.5,24.8,27.8,37.7,30.2,36.1,28.9,27.4,40.1,28.4,33.1,28.8,20.4,20.5,15.6,24.0,11.0,29.8,13.6,14.1,32.3,7.33,3,1,1,DevOps,Data & Analytics,Software Engineer
4789,40.9,38.6,48.5,49.2,45.4,46.1,41.0,53.3,27.1,46.4,36.6,43.9,39.8,62.3,60.6,55.2,49.1,51.1,49.3,50.0,60.1,35.1,49.2,34.7,64.7,43.0,44.7,7.33,8,1,0,AI/ML,Mobile,Software Engineer
4790,57.3,64.1,46.1,42.8,51.1,37.6,43.8,30.5,57.9,49.9,47.1,40.9,46.9,48.0,50.8,57.1,47.7,62.1,77.7,57.8,38.0,74.1,27.8,45.8,20.3,44.5,64.7,7.33,3,1,4,AI/ML,Data & Analytics,Software Engineer
4791,59.3,56.0,38.3,45.0,34.6,19.2,50.6,30.9,49.6,59.0,57.3,37.3,38.1,44.5,47.6,46.8,62.9,54.7,43.7,57.6,51.0,40.9,67.6,34.5,56.2,53.6,40.5,7.33,5,2,3,Cloud Computing,Full Stack,Software Engineer
4792,59.4,56.8,36.2,58.9,60.4,64.0,55.3,66.1,54.1,56.2,67.9,47.9,53.0,36.7,51.8,43.9,44.3,58.4,42.5,59.5,60.4,58.2,54.9,63.4,54.4,58.0,56.0,7.33,5,2,2,Cybersecurity,Full Stack,Software Engineer
4793,63.3,81.0,76.3,71.1,86.1,84.9,74.2,83.0,74.1,79.7,81.9,67.9,70.6,64.5,69.6,56.6,81.4,64.8,59.2,64.4,60.0,67.8,52.1,75.9,48.9,46.1,60.2,7.33,5,1,4,AI/ML,Cloud & DevOps,Software Engineer
4794,46.0,42.6,40.6,58.8,54.0,53.9,34.9,39.0,44.2,51.4,56.7,53.9,46.2,35.9,33.1,44.7,40.4,36.2,36.7,65.8,64.4,56.6,56.3,45.6,71.5,51.0,27.6,7.34,3,1,4,Cloud Computing,Cloud & DevOps,Software Engineer
4795,32.1,42.3,40.6,26.1,46.9,57.8,46.6,46.0,36.4,36.9,27.9,28.9,41.9,36.2,17.4,44.1,59.1,27.9,37.4,24.5,42.6,32.4,46.2,33.1,52.0,62.2,52.6,7.35,3,2,1,AI/ML,Full Stack,Software Engineer
4796,49.7,42.9,39.4,50.8,45.6,49.7,47.7,52.7,47.8,47.0,40.9,58.7,49.7,56.6,43.7,52.9,55.8,38.7,33.5,34.1,44.9,45.5,46.3,35.4,46.5,59.4,53.1,7.35,9,0,4,Mobile Development,Mobile,Software Engineer
4797,56.1,58.4,47.1,56.9,39.1,28.6,40.7,37.9,57.2,66.3,55.0,36.2,43.3,32.0,31.8,38.1,30.8,54.2,35.5,61.8,43.3,43.0,33.8,42.5,13.0,16.5,54.3,7.35,1,0,0,Data Science,Data & Analytics,Software Engineer
4798,40.7,43.4,28.9,30.5,34.8,27.7,22.6,31.9,46.6,29.9,31.0,33.9,32.3,48.7,53.5,42.8,37.0,38.3,49.0,56.1,63.8,30.6,61.7,45.4,60.7,60.3,34.3,7.37,3,1,1,Business Analytics,Mobile,Software Engineer
4799,45.4,30.0,63.0,44.5,40.3,46.9,39.4,48.5,46.2,60.2,48.2,37.1,56.1,45.5,37.0,32.2,50.6,56.1,52.0,36.1,42.9,47.4,28.8,37.3,39.9,39.9,49.3,7.37,7,1,1,AI/ML,Full Stack,Software Engineer
4800,68.7,52.4,61.9,48.5,56.0,54.5,60.6,64.1,58.0,62.6,54.7,62.3,61.1,76.6,54.6,74.1,69.9,52.2,53.5,56.2,61.5,38.2,58.1,59.4,64.9,61.9,40.3,7.38,7,2,3,DevOps,Cloud & DevOps,Software Engineer
4801,35.6,8.6,25.2,44.3,54.0,62.9,40.0,69.3,47.0,31.8,21.7,30.0,47.1,32.4,49.9,32.9,22.1,34.9,31.2,45.0,44.9,17.7,46.0,19.9,29.2,31.8,35.4,7.39,5,1,2,Cloud Computing,Machine Learning,Software Engineer
4802,24.4,40.2,18.6,37.1,41.7,43.8,42.2,46.2,49.9,48.1,41.8,43.3,32.2,57.7,38.6,67.1,31.6,22.1,27.7,19.8,18.7,17.8,25.1,28.4,18.0,30.6,28.7,7.4,3,1,0,Cloud Computing,Full Stack,Software Engineer
4803,50.3,60.3,41.4,51.0,51.8,52.1,63.8,57.5,61.3,56.2,46.8,56.0,57.5,59.1,52.8,48.5,51.9,53.8,52.3,35.6,41.4,29.8,49.2,47.2,38.1,54.7,39.7,7.4,5,0,1,AI/ML,QA & Testing,Software Engineer
4804,52.2,44.0,58.4,45.1,59.6,60.3,50.9,41.2,47.7,34.0,29.5,58.8,49.8,55.4,46.5,42.0,57.9,52.8,56.2,56.2,40.7,52.2,37.5,64.8,36.1,29.8,29.8,7.4,3,1,3,Web Development,QA & Testing,Software Engineer
4805,52.9,45.7,45.2,51.3,22.3,32.6,31.6,43.2,49.5,48.4,55.3,40.4,53.7,52.9,43.0,33.8,50.4,35.8,43.5,66.2,58.5,59.9,56.0,39.7,63.3,55.2,41.6,7.4,3,0,2,Cloud Computing,Business,Software Engineer
4806,53.1,52.2,46.1,46.4,56.2,53.2,55.7,31.9,65.4,56.2,47.8,49.6,44.6,50.8,54.2,39.2,42.1,43.8,57.1,34.2,25.1,62.0,37.9,45.1,49.2,54.3,48.3,7.4,7,2,4,Cloud Computing,Business,Software Engineer
4807,50.3,47.5,47.3,49.3,62.2,55.0,52.4,51.1,51.6,48.9,59.8,54.7,51.7,50.0,41.6,55.6,39.9,50.2,69.8,51.4,34.0,47.5,67.4,50.3,55.9,60.8,38.9,7.41,9,2,4,Mobile Development,Business,Software Engineer
4808,27.0,42.2,27.5,37.0,54.6,50.5,59.6,53.8,28.7,20.6,34.2,43.1,33.4,37.4,39.5,35.5,29.4,32.4,38.4,43.0,36.1,46.7,27.7,31.2,47.0,26.5,37.6,7.43,3,0,2,AI/ML,Backend,Software Engineer
4809,44.2,42.0,54.7,47.0,41.7,42.3,45.1,35.0,43.6,43.7,37.4,37.5,47.5,42.2,46.0,39.1,30.9,37.2,61.0,34.4,41.6,47.6,40.5,55.9,36.0,34.0,63.7,7.43,2,1,3,Web Development,Frontend,Software Engineer
4810,45.3,47.6,25.3,29.0,48.7,64.4,50.9,55.5,34.7,36.9,38.8,32.6,34.7,30.4,34.3,39.1,21.7,44.0,28.5,53.7,44.2,32.3,47.2,45.6,48.2,40.4,41.8,7.43,2,1,3,Business Analytics,Backend,Software Engineer
4811,36.1,42.7,43.6,38.3,43.0,33.1,44.5,29.3,57.5,66.1,57.8,23.4,47.7,47.1,39.8,52.9,52.5,29.3,24.3,32.3,32.6,20.1,31.3,28.0,34.0,37.7,27.6,7.44,3,1,2,AI/ML,Backend,Software Engineer
4812,37.1,62.6,52.5,44.6,40.2,42.0,45.9,26.0,48.7,54.7,48.3,48.6,49.0,48.2,63.9,55.6,53.1,39.1,44.4,46.9,43.1,47.8,45.9,44.9,33.3,48.8,41.5,7.44,4,2,4,Mobile Development,Security,Software Engineer
4813,44.8,46.8,41.6,23.1,61.3,58.2,65.1,42.9,49.9,35.3,29.6,55.5,47.8,67.1,57.9,50.9,51.9,44.0,59.8,30.0,26.7,36.0,25.6,47.8,40.8,35.2,50.4,7.44,7,1,2,AI/ML,Full Stack,Software Engineer
4814,47.8,52.8,49.8,55.0,55.5,47.7,50.3,53.1,46.7,50.7,57.0,41.5,56.2,49.2,44.9,50.2,35.2,51.8,33.8,54.5,45.7,41.3,56.9,49.8,33.2,46.1,38.6,7.44,7,2,5,Web Development,Machine Learning,Software Engineer
4815,45.5,29.8,32.6,40.3,36.1,22.8,23.9,10.7,36.2,53.6,57.0,32.6,36.3,41.9,48.7,52.6,50.6,33.5,41.4,41.0,42.6,37.2,34.7,42.1,13.1,30.5,42.5,7.45,3,2,4,Business Analytics,Backend,Software Engineer
4816,35.3,32.1,44.8,21.0,43.3,35.6,49.7,36.0,41.3,30.1,27.5,44.6,44.8,56.2,55.0,41.7,41.9,39.7,53.4,23.2,27.0,28.1,45.8,38.6,44.1,41.6,28.8,7.46,4,1,1,AI/ML,QA & Testing,Software Engineer
4817,41.3,63.8,51.4,37.4,63.3,74.0,64.9,66.0,66.1,62.9,39.2,62.6,64.2,67.9,57.0,71.4,61.7,27.5,42.1,40.6,50.0,49.1,58.5,63.5,68.7,61.5,66.9,7.46,0,2,4,Mobile Development,Cloud & DevOps,Software Engineer
4818,46.0,34.4,44.2,61.0,47.7,31.5,40.2,55.6,52.2,64.7,51.3,56.9,48.2,46.3,52.7,61.1,54.0,37.7,42.2,62.0,53.8,37.0,55.8,44.1,51.2,48.8,44.0,7.47,6,3,0,Business Analytics,Full Stack,Software Engineer
4819,62.4,62.4,74.7,52.5,41.8,42.6,42.2,32.1,53.7,60.9,61.9,71.4,59.3,68.6,64.1,71.1,65.3,57.8,63.0,52.6,45.1,68.1,71.2,63.9,73.4,50.2,69.6,7.48,7,2,5,DevOps,Cloud & DevOps,Software Engineer
4820,64.1,51.5,69.7,62.2,60.7,43.2,44.5,52.5,62.6,43.0,43.3,55.8,69.6,65.8,62.3,60.7,66.7,65.1,62.5,57.2,64.3,70.5,74.1,85.0,69.0,47.8,78.5,7.48,4,1,3,DevOps,Cloud & DevOps,Software Engineer
4821,57.0,74.4,72.3,55.6,59.4,47.2,62.5,41.3,58.8,62.2,69.9,60.1,69.6,64.5,52.1,79.3,59.6,59.7,43.7,63.6,68.5,43.0,76.3,59.6,58.3,55.9,60.1,7.49,7,0,5,AI/ML,Backend,Software Engineer
4822,59.2,45.4,62.1,51.0,56.9,52.7,45.2,48.3,50.6,47.0,39.0,49.0,56.9,48.4,55.9,46.1,44.4,70.7,51.8,52.5,51.1,57.1,33.5,45.7,33.1,49.6,57.7,7.49,4,2,2,AI/ML,Mobile,Software Engineer
4823,37.7,46.5,37.8,49.9,32.2,41.3,43.7,19.3,45.7,44.8,60.4,40.9,55.3,41.4,33.3,49.2,56.3,32.4,38.1,42.6,37.1,41.2,38.3,40.2,26.8,31.5,37.5,7.5,3,0,2,DevOps,Full Stack,Software Engineer
4824,62.1,55.3,49.3,54.1,60.9,57.4,53.5,63.4,59.1,62.5,55.1,52.8,58.0,53.6,51.2,45.0,49.7,49.8,59.6,45.2,53.9,39.1,87.1,59.7,61.7,59.5,44.6,7.5,4,2,1,Cloud Computing,Backend,Software Engineer
4825,29.3,46.2,41.1,46.2,46.7,44.7,47.7,46.0,41.5,51.1,38.5,39.6,34.8,49.6,42.8,55.4,57.6,20.5,27.2,29.5,32.7,31.2,51.0,51.4,42.5,40.0,43.3,7.51,4,3,7,Cybersecurity,Machine Learning,Software Engineer
4826,64.5,51.3,61.1,61.4,49.7,41.0,36.2,30.8,44.5,53.4,62.6,60.4,48.1,52.0,40.6,52.2,59.1,69.6,72.8,62.5,64.8,63.0,54.5,78.5,55.7,53.7,60.4,7.51,7,1,5,AI/ML,Machine Learning,Software Engineer
4827,43.2,37.2,49.6,29.6,28.0,37.8,51.0,43.2,44.7,47.7,41.0,41.2,30.9,25.3,26.1,23.9,30.7,30.8,23.9,37.6,39.6,26.8,34.9,38.3,32.8,25.9,49.4,7.53,5,0,4,Cybersecurity,Backend,Software Engineer
4828,49.8,47.0,48.2,36.5,57.9,53.5,44.9,67.5,42.9,54.5,36.3,50.0,45.5,49.4,37.2,54.0,53.3,41.5,53.2,31.9,37.8,40.9,56.6,35.4,46.3,67.1,49.4,7.53,8,0,2,Cybersecurity,Security,Software Engineer
4829,57.8,56.2,60.7,44.6,51.4,42.8,52.6,39.8,54.6,55.5,47.6,45.7,44.7,42.7,51.6,47.7,45.7,42.7,54.6,24.6,43.6,44.9,36.7,52.0,30.5,51.6,63.3,7.53,7,0,6,DevOps,QA & Testing,Software Engineer
4830,60.9,65.1,73.7,57.3,41.6,35.6,56.0,36.4,49.6,52.7,57.3,59.4,58.9,65.0,73.8,59.4,58.0,50.2,63.5,43.1,39.7,53.0,36.9,51.0,50.2,31.1,49.5,7.53,6,1,0,Web Development,Full Stack,Software Engineer
4831,41.2,49.9,38.2,37.5,44.7,51.9,49.9,49.6,35.2,40.0,46.0,63.0,60.4,54.6,31.6,40.2,53.2,46.8,56.7,52.8,51.9,70.6,59.7,64.9,67.1,59.2,55.6,7.54,5,3,4,Business Analytics,Machine Learning,Software Engineer
4832,43.0,45.0,43.5,60.0,57.8,56.1,70.9,53.7,53.7,66.3,57.2,65.0,54.2,51.2,45.1,50.0,47.7,44.6,33.4,48.8,42.4,45.5,49.0,57.4,52.9,61.6,55.7,7.54,5,2,3,Cloud Computing,Security,Software Engineer
4833,46.2,56.0,64.6,81.9,57.2,45.4,55.2,60.4,48.9,53.7,77.5,60.9,63.5,39.7,46.5,32.8,48.2,57.3,63.2,69.6,72.1,69.7,39.9,68.3,30.0,43.8,49.0,7.54,4,0,2,AI/ML,Mobile,Software Engineer
4834,53.0,36.3,37.5,49.7,45.0,54.7,47.6,50.2,47.0,59.8,50.5,40.9,41.6,46.1,47.2,33.2,44.3,53.7,47.4,58.7,66.3,47.6,47.3,58.9,51.6,43.1,43.8,7.54,2,2,3,Cybersecurity,Backend,Software Engineer
4835,31.7,28.6,27.5,42.7,37.5,50.6,36.4,14.7,44.9,41.2,44.1,34.7,51.7,40.2,33.0,22.5,36.6,29.4,36.2,35.7,22.5,33.7,24.7,36.8,39.4,33.6,38.3,7.55,6,2,2,DevOps,Mobile,Software Engineer
4836,48.0,52.3,46.1,41.7,55.1,57.4,63.6,51.9,61.7,57.0,49.5,56.4,50.2,79.9,68.6,73.4,63.5,63.5,65.6,38.6,44.1,58.2,43.7,65.2,38.9,58.4,59.0,7.55,1,0,2,Cloud Computing,Machine Learning,Software Engineer
4837,79.4,75.1,82.1,84.6,52.8,40.0,43.0,37.4,69.8,81.5,74.3,57.5,69.1,63.6,62.1,65.2,73.3,76.4,59.0,68.5,68.5,75.9,77.9,79.2,76.9,61.3,80.5,7.55,7,3,4,Web Development,Security,Software Engineer
4838,50.5,58.2,64.9,60.6,49.5,40.1,50.6,50.4,60.9,60.8,64.1,71.4,63.8,61.0,61.7,64.6,76.6,53.0,40.6,56.5,31.5,46.4,50.7,44.3,53.1,55.1,47.0,7.56,6,3,2,Cybersecurity,Business,Software Engineer
4839,37.5,35.1,23.7,51.1,35.7,34.8,32.8,31.7,35.2,39.7,61.4,34.2,32.9,36.2,49.2,43.0,29.7,41.3,33.3,52.2,61.4,45.0,34.9,24.8,41.1,39.8,22.1,7.57,3,1,3,Web Development,Data & Analytics,Software Engineer
4840,61.8,80.4,78.5,49.1,65.7,91.8,57.2,63.9,69.3,71.6,67.3,55.5,68.2,71.8,67.2,70.0,72.1,55.9,45.3,53.5,52.0,43.5,35.6,51.3,35.4,67.3,72.2,7.57,9,1,5,DevOps,Backend,Software Engineer
4841,65.5,56.2,41.2,57.6,51.2,49.5,54.5,65.2,55.4,58.8,52.5,53.0,48.1,36.1,41.9,44.8,53.4,64.0,64.1,72.1,60.4,60.8,51.7,71.2,60.5,54.8,52.9,7.57,10,1,3,AI/ML,Backend,Software Engineer
4842,54.0,59.5,53.2,54.2,38.0,53.0,48.6,31.4,44.4,47.6,53.8,67.0,47.8,61.4,39.9,64.3,44.6,55.0,60.8,62.4,49.9,74.4,38.9,70.4,29.7,67.0,60.4,7.58,4,1,3,Cloud Computing,Data & Analytics,Software Engineer
4843,37.9,52.8,51.5,46.7,38.9,59.9,58.6,30.5,56.3,54.0,50.1,39.4,52.4,56.3,58.5,72.8,68.0,59.6,45.8,51.4,52.6,56.8,32.9,37.1,44.1,41.8,36.9,7.6,5,1,1,AI/ML,Mobile,Software Engineer
4844,48.8,40.3,35.5,43.4,45.3,55.2,50.1,59.5,34.5,52.3,40.9,46.9,61.4,72.2,64.5,59.2,64.3,44.6,44.5,76.6,78.9,63.7,74.2,42.2,67.2,70.9,46.8,7.6,4,2,3,Business Analytics,Frontend,Software Engineer
4845,40.4,30.4,55.3,37.5,47.8,38.7,52.1,41.8,32.5,26.5,35.1,32.7,32.0,29.1,33.2,27.0,46.1,28.6,28.5,24.7,49.5,32.9,43.7,29.1,61.6,49.4,44.1,7.61,1,1,3,AI/ML,Business,Software Engineer
4846,42.1,46.5,32.2,47.9,51.6,48.1,39.7,50.3,49.2,53.5,45.8,41.2,36.0,49.7,40.6,38.0,41.3,42.6,30.9,53.9,49.4,47.1,54.3,45.9,26.7,34.8,47.0,7.61,6,0,2,Data Science,Full Stack,Software Engineer
4847,48.5,37.1,53.8,47.9,53.9,43.2,60.9,55.3,41.2,42.2,52.7,37.0,36.0,27.4,34.6,29.4,39.1,48.0,38.8,55.6,53.8,46.5,54.3,54.2,51.5,28.9,46.7,7.61,4,2,4,Cloud Computing,Machine Learning,Software Engineer
4848,50.8,48.8,56.7,44.1,62.7,70.1,64.6,72.3,58.0,51.8,49.1,53.7,53.9,41.5,65.7,34.7,52.6,51.5,62.5,47.0,60.6,54.6,65.1,56.0,42.5,67.7,53.9,7.61,11,3,2,Cybersecurity,Frontend,Software Engineer
4849,57.2,53.0,47.6,51.0,60.0,57.5,47.2,45.4,34.3,53.1,56.4,41.0,47.8,44.8,41.4,51.8,45.4,46.4,61.2,59.1,43.8,56.4,43.4,58.9,26.3,39.8,50.1,7.61,7,1,4,Web Development,Machine Learning,Software Engineer
4850,54.2,33.2,50.1,41.5,43.3,58.3,37.7,40.7,39.0,34.7,45.1,31.3,42.7,46.1,48.2,31.9,26.7,56.6,52.3,54.9,54.0,70.0,50.0,38.8,36.6,26.1,46.3,7.62,5,2,1,DevOps,Data & Analytics,Software Engineer
4851,61.4,72.9,61.1,79.5,83.1,90.9,83.3,83.2,63.9,84.9,83.9,63.0,67.3,46.4,56.1,58.3,49.8,52.5,48.5,99.2,90.0,60.2,69.8,53.6,76.8,78.4,64.8,7.62,6,3,1,Mobile Development,Business,Software Engineer
4852,35.9,30.1,46.8,31.4,55.0,60.0,50.2,57.2,40.4,34.1,35.8,53.5,47.4,30.1,35.4,34.4,49.5,60.5,72.5,36.4,21.1,63.3,38.7,51.6,55.7,30.5,51.4,7.63,4,1,4,Data Science,Frontend,Software Engineer
4853,42.4,35.8,21.5,28.1,30.8,24.4,20.7,31.0,35.6,44.0,42.9,37.3,47.4,47.8,39.0,45.3,57.1,42.5,54.0,35.5,41.0,40.9,55.1,40.1,55.3,60.5,22.6,7.63,8,1,3,Cloud Computing,Mobile,Software Engineer
4854,55.1,43.2,38.6,54.9,47.6,63.9,53.7,45.0,60.0,65.7,69.8,40.1,48.3,40.1,36.9,51.9,34.2,27.2,25.7,60.4,67.7,38.9,56.1,32.4,56.5,82.6,40.5,7.63,6,2,3,AI/ML,Business,Software Engineer
4855,57.1,33.9,44.5,53.9,19.7,36.3,28.6,37.6,38.2,51.5,49.3,46.0,39.3,50.6,61.2,45.6,48.5,56.2,69.3,59.2,80.2,67.6,70.2,39.6,59.1,51.0,53.7,7.64,4,3,3,Cybersecurity,Cloud & DevOps,Software Engineer
4856,64.7,58.8,70.2,64.7,53.4,60.3,62.8,51.3,67.7,71.2,73.2,68.9,63.4,43.2,37.9,50.8,46.9,57.8,71.3,74.4,63.3,55.7,70.2,50.7,54.2,42.2,70.4,7.64,6,1,7,AI/ML,Full Stack,Software Engineer
4857,34.5,26.4,41.3,45.8,61.9,55.0,49.8,44.0,27.9,37.3,47.4,38.6,45.9,41.9,36.9,33.5,47.9,40.5,36.3,52.9,40.8,47.7,57.2,50.0,46.7,46.2,29.8,7.65,2,2,2,Data Science,Full Stack,Software Engineer
4858,39.7,40.4,24.0,38.0,31.6,15.1,31.8,22.6,39.5,43.1,34.9,23.6,31.9,44.5,12.2,30.8,22.9,27.3,29.8,28.0,37.0,26.6,23.4,38.8,54.5,35.1,27.2,7.66,4,2,2,AI/ML,QA & Testing,Software Engineer
4859,49.2,62.8,54.7,56.5,64.2,67.7,56.7,57.9,46.5,39.0,55.2,55.8,45.8,46.6,54.2,43.5,43.1,46.3,49.7,51.3,50.4,31.6,44.0,58.2,54.7,53.3,41.6,7.66,5,2,4,Business Analytics,Full Stack,Software Engineer
4860,69.4,63.3,54.8,60.5,58.4,49.4,56.1,46.6,39.1,55.1,54.0,55.7,51.6,34.4,49.3,45.6,49.6,49.2,51.9,55.4,56.8,73.7,32.0,54.1,32.5,37.0,51.4,7.66,3,3,0,Data Science,QA & Testing,Software Engineer
4861,38.9,58.1,43.8,34.2,49.5,51.5,47.5,47.2,38.3,29.5,43.3,30.7,41.9,28.6,28.7,36.7,31.1,33.5,41.7,24.9,10.8,31.1,29.5,49.4,13.2,38.3,40.9,7.67,8,0,1,Web Development,Mobile,Software Engineer
4862,40.0,51.5,34.2,49.6,28.0,36.7,24.1,25.2,37.5,31.5,42.0,44.6,42.4,40.6,56.0,41.3,48.8,63.6,53.6,53.9,47.5,62.5,18.5,36.9,31.0,21.1,30.6,7.67,5,2,6,Business Analytics,Security,Software Engineer
4863,62.8,33.6,54.0,44.7,47.8,46.6,59.8,65.0,44.6,42.9,33.4,41.3,52.2,56.1,43.1,56.7,49.9,48.6,53.7,39.1,48.9,52.0,64.8,40.9,58.9,61.2,34.9,7.67,7,3,1,Mobile Development,Cloud & DevOps,Software Engineer
4864,48.9,35.1,56.1,42.4,30.9,32.2,36.2,27.7,43.4,38.4,37.9,50.3,49.7,30.3,42.5,32.2,41.4,53.3,48.4,37.1,31.1,61.5,34.4,55.6,42.6,43.4,37.4,7.68,5,1,0,Mobile Development,Mobile,Software Engineer
4865,53.1,57.1,67.4,53.8,53.0,45.0,45.8,41.4,56.3,58.5,68.8,55.3,51.3,28.2,39.2,61.3,61.5,49.8,54.6,48.4,49.8,50.4,48.1,59.9,57.1,42.2,72.5,7.68,3,2,4,Data Science,Cloud & DevOps,Software Engineer
4866,70.7,40.8,58.9,71.3,66.5,54.6,54.7,62.2,65.9,78.8,53.1,53.0,49.4,51.4,52.2,45.9,56.3,62.9,49.8,62.1,57.2,54.2,34.7,69.7,43.6,46.8,49.2,7.68,4,1,3,Mobile Development,Data & Analytics,Software Engineer
4867,41.2,29.6,30.7,32.1,38.5,25.5,29.8,20.3,42.2,38.5,53.9,18.4,29.9,44.7,54.4,33.3,28.9,36.6,31.0,42.3,51.9,34.6,31.7,35.8,36.4,34.0,31.5,7.69,8,1,1,Cybersecurity,Full Stack,Software Engineer
4868,46.8,48.2,51.0,70.9,39.2,27.3,49.3,50.9,32.9,46.5,44.4,45.4,44.0,50.5,43.1,37.8,48.9,67.8,63.1,70.9,44.3,52.0,83.0,37.0,66.3,56.7,45.2,7.69,5,0,2,Mobile Development,Data & Analytics,Software Engineer
4869,77.9,76.3,64.3,78.3,88.4,83.4,76.4,74.4,71.6,71.4,71.0,84.8,76.8,63.4,61.3,71.0,63.5,80.1,86.8,75.6,87.4,77.5,71.0,64.1,74.2,85.9,53.4,7.69,7,3,6,Data Science,QA & Testing,Software Engineer
4870,37.6,41.8,47.8,49.8,42.4,61.6,56.1,49.6,55.3,49.1,53.4,55.7,51.8,56.9,54.7,46.9,45.8,45.8,40.0,64.6,56.3,60.5,47.4,60.2,22.3,26.7,56.1,7.7,5,2,1,Cybersecurity,Frontend,Software Engineer
4871,46.4,52.0,54.6,41.2,31.3,28.0,28.9,27.4,43.2,50.8,53.9,42.1,44.6,43.9,34.4,44.0,45.2,36.9,30.7,32.9,32.4,42.1,19.1,43.3,39.5,46.0,37.7,7.71,9,1,0,Web Development,Security,Software Engineer
4872,48.1,43.7,51.6,29.6,40.4,22.4,50.3,39.5,53.4,33.7,43.0,62.1,46.8,71.5,48.2,49.7,52.5,39.7,47.0,35.2,23.6,39.1,59.0,45.3,33.5,31.2,39.9,7.71,0,0,3,Business Analytics,Security,Software Engineer
4873,48.5,34.1,35.2,46.6,59.0,53.4,56.0,50.7,54.1,57.4,46.8,55.7,50.0,49.1,61.6,59.2,56.3,63.8,57.3,51.9,49.5,57.5,47.8,50.1,42.4,40.7,41.9,7.71,1,2,3,Web Development,Backend,Software Engineer
4874,53.6,47.1,48.9,63.5,65.9,49.7,61.7,40.5,51.6,48.2,62.5,52.1,50.5,29.9,42.3,38.1,46.5,30.3,31.3,70.5,64.4,44.0,42.0,43.9,38.6,59.9,55.2,7.71,6,1,0,Cybersecurity,Data & Analytics,Software Engineer
4875,57.4,53.1,52.9,53.6,71.3,69.3,55.4,74.5,63.6,54.4,63.3,55.1,58.1,31.7,41.4,51.9,52.5,64.5,48.8,56.2,49.5,69.1,58.3,62.0,65.9,68.2,58.6,7.71,10,1,1,Cybersecurity,Machine Learning,Software Engineer
4876,42.8,54.6,46.8,61.6,44.6,30.9,35.8,45.3,58.0,63.2,68.8,52.1,47.0,53.9,45.2,54.5,55.7,37.9,42.7,48.6,65.4,41.3,39.6,42.9,28.5,47.5,54.4,7.72,5,1,7,DevOps,Security,Software Engineer
4877,42.7,46.1,44.8,47.6,64.6,49.6,50.0,66.3,56.9,56.2,42.1,64.5,51.8,59.6,60.4,43.8,41.4,39.8,46.7,30.3,34.7,33.6,28.3,38.4,46.6,47.7,33.2,7.73,3,1,2,Cybersecurity,QA & Testing,Software Engineer
4878,57.5,54.2,51.3,48.9,45.0,41.1,58.9,52.1,50.5,52.7,46.5,40.5,50.4,43.0,39.3,38.3,37.2,49.9,56.2,29.7,37.0,48.9,39.4,44.6,26.3,39.9,34.1,7.73,6,2,3,Mobile Development,QA & Testing,Software Engineer
4879,48.3,57.6,49.3,44.6,51.3,55.8,63.1,68.0,64.7,54.9,49.2,66.6,51.7,47.9,69.5,57.1,46.2,48.6,51.1,34.7,46.8,55.1,53.8,47.3,39.0,45.0,51.1,7.74,5,1,0,AI/ML,Frontend,Software Engineer
4880,40.8,51.5,42.9,44.9,26.9,34.1,36.3,32.7,30.6,39.7,52.9,40.8,48.6,43.0,46.2,34.4,43.0,43.4,47.6,58.0,53.5,54.1,38.8,50.3,50.2,48.5,46.3,7.75,1,2,5,Business Analytics,Cloud & DevOps,Software Engineer
4881,44.7,49.2,37.2,38.2,63.3,74.5,51.6,68.2,55.3,40.3,62.0,62.9,55.1,38.0,42.1,41.2,49.6,49.2,56.3,50.6,43.5,36.8,70.0,44.7,59.8,60.4,46.3,7.75,2,1,4,Mobile Development,Machine Learning,Software Engineer
4882,58.2,22.9,41.6,48.6,20.1,48.7,40.4,39.5,38.0,40.2,44.1,28.7,23.4,51.2,47.6,42.5,56.0,47.2,59.9,52.3,46.5,59.3,20.8,39.8,53.6,36.6,30.3,7.75,4,3,2,Cloud Computing,Mobile,Software Engineer
4883,69.7,57.6,62.5,80.4,60.7,61.0,56.3,75.2,66.8,80.4,84.1,53.8,53.3,44.6,58.9,55.0,63.8,57.7,44.0,58.6,70.1,71.1,41.0,40.3,52.6,43.7,57.4,7.75,6,3,6,Business Analytics,Machine Learning,Software Engineer
4884,43.9,45.1,41.8,51.2,36.3,40.3,41.7,28.6,27.4,53.3,45.8,28.1,36.6,51.5,44.2,43.2,61.3,34.9,36.6,47.7,49.6,45.9,53.1,39.9,48.7,42.7,40.6,7.76,5,2,2,Cybersecurity,QA & Testing,Software Engineer
4885,54.6,23.6,36.2,49.2,44.6,38.6,53.2,38.6,50.8,45.1,54.8,52.1,39.3,43.7,47.1,44.3,25.4,49.9,55.6,55.3,40.1,45.1,33.4,34.4,19.9,30.9,38.3,7.76,8,0,1,Data Science,Full Stack,Software Engineer
4886,49.3,44.6,46.5,68.7,52.0,63.0,44.2,47.3,46.7,47.4,58.6,37.3,43.6,44.1,44.1,44.6,45.9,46.7,39.8,60.8,71.2,50.7,53.5,46.2,53.0,54.4,58.0,7.77,6,3,5,Cybersecurity,Cloud & DevOps,Software Engineer
4887,64.0,66.0,86.9,73.9,65.1,54.4,60.0,52.8,69.7,62.9,82.2,62.3,69.2,77.7,79.2,71.2,85.0,74.2,71.0,56.7,61.0,71.6,57.6,77.0,56.7,66.4,84.2,7.77,6,2,5,Business Analytics,Cloud & DevOps,Software Engineer
4888,35.9,51.1,51.9,39.1,38.1,33.9,26.3,35.3,34.1,42.2,36.2,51.6,49.3,58.5,70.4,53.9,48.6,39.6,53.6,47.7,51.1,46.5,42.7,49.8,50.6,43.0,66.7,7.78,10,2,2,Cybersecurity,Machine Learning,Software Engineer
4889,36.3,55.6,53.1,49.5,46.1,32.2,49.4,19.7,49.9,45.4,44.6,34.1,33.6,35.1,34.0,39.8,22.5,29.3,31.4,42.6,37.7,40.0,12.6,40.8,23.4,31.1,41.0,7.78,3,1,3,Mobile Development,Full Stack,Software Engineer
4890,52.9,36.8,66.7,52.2,27.6,28.4,34.2,39.2,44.6,41.0,55.8,29.4,42.6,42.8,52.5,34.9,45.5,62.8,48.1,48.1,47.2,51.0,37.6,51.6,39.8,41.5,58.5,7.78,2,0,2,AI/ML,QA & Testing,Software Engineer
4891,58.3,46.8,49.4,48.2,53.3,66.9,45.6,56.8,43.3,38.8,46.4,52.2,47.3,48.2,49.3,33.5,47.3,33.5,36.1,34.5,38.6,47.5,46.7,39.1,32.6,56.4,50.2,7.78,8,3,5,Web Development,Backend,Software Engineer
4892,53.3,80.4,62.9,78.9,43.2,59.6,57.6,59.0,69.7,77.4,75.7,72.2,69.8,55.0,73.8,56.3,60.3,63.6,51.5,77.4,70.1,63.0,39.6,55.6,54.3,56.4,73.2,7.79,6,1,3,Business Analytics,Backend,Software Engineer
4893,56.7,51.3,41.4,47.5,29.9,21.7,54.5,25.1,58.2,43.3,64.2,51.1,62.2,50.8,73.2,50.7,56.0,36.0,53.5,34.4,32.8,45.6,38.7,43.4,45.7,43.4,35.0,7.8,6,0,1,Cloud Computing,Cloud & DevOps,Software Engineer
4894,47.3,42.7,34.9,47.7,21.1,20.7,28.0,35.2,24.7,42.8,20.7,52.1,49.0,41.1,50.4,53.2,38.8,19.4,41.3,40.8,37.0,40.7,38.7,41.3,29.6,20.0,37.4,7.81,2,1,5,Cloud Computing,Cloud & DevOps,Software Engineer
4895,40.5,46.0,55.5,38.0,24.7,20.5,42.2,39.9,45.8,37.0,41.2,36.4,33.1,45.6,43.2,52.4,50.3,26.0,48.7,26.5,24.9,37.6,26.7,37.3,30.7,24.9,37.1,7.82,4,0,1,DevOps,Cloud & DevOps,Software Engineer
4896,47.6,46.0,60.1,52.0,62.0,65.7,57.6,59.0,56.4,49.3,44.1,49.5,50.0,37.2,52.5,49.3,58.1,39.7,32.8,51.1,37.5,39.0,45.5,69.4,28.3,48.2,48.2,7.82,6,0,1,Mobile Development,QA & Testing,Software Engineer
4897,51.3,42.1,50.5,41.6,32.7,28.7,41.8,33.9,42.8,48.5,39.0,49.3,34.1,48.2,42.1,36.4,67.8,38.4,44.3,26.3,13.1,48.3,19.5,58.5,39.4,19.2,37.8,7.82,8,1,2,AI/ML,QA & Testing,Software Engineer
4898,52.9,49.7,46.7,44.3,50.7,50.1,44.1,50.8,52.1,45.3,36.9,54.7,55.3,58.4,48.1,62.0,48.6,44.8,54.7,23.5,48.7,45.7,43.2,48.9,42.2,54.9,45.0,7.82,5,1,3,Cybersecurity,Mobile,Software Engineer
4899,66.9,82.5,75.6,62.5,81.1,96.9,85.5,82.2,68.9,68.1,57.9,70.1,68.3,46.9,57.3,60.2,62.6,73.6,72.6,51.2,76.1,73.4,60.4,79.4,53.7,50.7,87.6,7.82,8,3,3,Mobile Development,Full Stack,Software Engineer
4900,52.4,55.7,59.2,59.0,62.5,63.9,70.8,44.7,52.9,61.4,52.4,54.4,68.9,72.7,60.3,58.0,64.2,49.1,57.9,51.3,56.4,52.8,63.9,59.3,58.8,59.7,69.1,7.83,6,1,2,Cloud Computing,Machine Learning,Software Engineer
4901,38.4,56.6,56.3,44.8,33.4,23.7,35.4,30.7,44.5,44.7,50.9,34.1,45.7,64.3,53.7,54.0,51.1,45.4,37.9,37.1,43.1,34.5,41.3,27.8,51.8,53.4,49.0,7.84,8,2,2,AI/ML,Data & Analytics,Software Engineer
4902,41.7,43.3,34.8,56.0,52.0,30.0,36.0,43.1,49.4,45.1,48.0,41.7,41.5,54.2,62.5,50.8,40.2,24.6,25.9,45.8,48.3,28.6,26.8,23.0,29.6,43.2,50.6,7.84,3,1,6,Cloud Computing,Backend,Software Engineer
4903,58.6,72.5,83.1,62.2,69.4,58.7,77.9,73.8,74.6,62.5,60.9,78.8,74.9,72.6,45.8,67.3,66.5,73.2,66.2,47.9,61.1,66.4,53.5,58.7,64.9,60.0,67.8,7.84,10,2,6,Mobile Development,Security,Software Engineer
4904,41.7,68.3,48.7,51.7,55.9,67.7,56.7,66.3,50.4,47.2,49.4,53.1,55.5,42.3,40.9,38.6,44.1,32.7,33.3,48.0,51.2,45.1,55.9,54.9,36.6,33.7,58.4,7.85,7,0,3,Cybersecurity,Full Stack,Software Engineer
4905,49.9,32.5,51.6,51.1,63.7,47.3,63.6,48.1,56.4,59.2,45.8,62.3,54.2,54.3,66.0,60.0,40.0,51.3,53.8,46.7,51.6,57.1,23.8,48.0,42.2,53.4,38.5,7.85,9,1,3,Cloud Computing,Machine Learning,Software Engineer
4906,28.1,29.1,43.8,28.6,35.5,59.9,49.7,38.5,28.3,41.4,29.1,40.2,22.1,14.6,23.0,20.8,40.4,28.9,34.4,33.8,46.9,36.7,31.5,28.7,28.6,23.4,34.5,7.86,3,2,0,Data Science,Frontend,Software Engineer
4907,57.7,52.2,42.7,56.7,42.9,57.2,41.2,56.2,43.1,52.4,45.1,50.3,57.7,61.8,65.6,55.2,58.9,67.4,67.5,55.8,44.7,52.5,38.4,41.2,34.1,41.3,48.2,7.86,5,1,4,Cybersecurity,Frontend,Software Engineer
4908,46.8,55.2,58.4,42.6,38.0,32.3,45.8,32.6,38.4,50.4,49.3,41.8,52.0,35.8,49.1,54.1,54.2,39.8,46.7,46.5,35.6,42.0,56.9,55.9,63.2,48.0,59.5,7.88,6,1,2,AI/ML,QA & Testing,Software Engineer
4909,48.1,47.6,37.1,52.3,78.5,91.4,62.6,74.9,48.6,67.2,51.9,53.5,58.0,62.1,56.2,69.1,54.6,47.7,34.5,46.5,47.7,46.9,45.5,36.8,43.4,37.8,39.9,7.88,9,2,3,Web Development,Cloud & DevOps,Software Engineer
4910,47.2,47.4,36.5,64.0,80.1,74.9,70.2,62.7,55.2,67.2,56.4,55.5,62.9,46.8,65.2,48.4,46.5,43.6,60.5,71.6,66.6,49.0,68.8,50.0,63.7,56.2,51.9,7.89,4,2,5,Web Development,Backend,Software Engineer
4911,60.9,77.7,73.5,53.4,63.2,59.4,78.1,82.4,64.6,60.7,52.8,59.7,70.9,63.4,60.3,82.5,55.3,48.8,36.7,38.5,39.1,50.5,47.5,58.0,46.9,45.2,64.1,7.89,3,3,7,DevOps,Data & Analytics,Software Engineer
4912,45.7,39.2,51.8,68.1,65.4,54.3,51.7,51.4,52.5,60.6,57.7,46.9,50.1,46.2,38.9,41.2,47.7,40.8,24.0,58.4,66.0,45.6,64.0,48.6,67.2,44.1,39.8,7.9,10,2,3,Web Development,Frontend,Software Engineer
4913,34.8,44.8,52.5,34.5,70.4,63.3,54.0,56.0,54.0,44.4,61.5,56.2,45.4,47.0,56.9,51.0,50.1,34.7,34.3,53.7,59.6,40.7,45.0,58.1,57.0,44.7,45.0,7.92,3,3,4,Web Development,Backend,Software Engineer
4914,52.9,62.3,55.2,59.3,55.0,55.3,68.1,63.2,50.7,51.1,65.1,69.2,41.7,73.7,57.6,71.0,74.0,51.7,48.3,52.5,59.4,54.7,62.6,62.8,44.7,37.1,50.4,7.92,4,3,6,DevOps,Security,Software Engineer
4915,61.6,66.0,58.8,51.0,30.1,29.2,53.2,36.7,52.7,47.6,52.6,41.2,57.5,40.0,59.8,51.6,61.1,48.0,51.3,27.1,49.7,35.6,53.1,66.9,63.4,41.9,59.5,7.94,4,1,4,DevOps,Machine Learning,Software Engineer
4916,62.1,55.6,46.6,70.5,70.3,89.4,64.9,71.4,52.6,67.6,49.5,63.3,58.0,74.1,72.1,56.2,46.8,62.9,62.3,85.3,88.5,80.3,63.7,54.8,73.0,73.4,54.4,7.94,7,3,1,Mobile Development,Machine Learning,Software Engineer
4917,55.3,45.7,49.1,53.2,38.5,25.9,53.3,39.0,63.8,58.0,61.6,41.8,52.9,41.5,32.6,38.8,49.3,40.5,43.0,48.0,58.2,42.7,60.4,52.2,47.8,43.2,44.2,7.95,8,2,2,AI/ML,Full Stack,Software Engineer
4918,48.6,44.6,34.3,56.4,65.9,65.2,57.9,57.0,53.5,44.6,50.1,49.5,50.4,37.4,37.0,36.7,42.1,28.3,35.4,76.6,69.1,51.7,45.3,32.9,56.4,54.5,49.2,7.99,5,1,0,Business Analytics,Full Stack,Software Engineer
4919,52.1,62.7,53.2,69.5,56.1,53.4,61.5,56.2,47.4,53.6,70.9,58.9,45.6,57.5,51.1,48.4,45.4,63.5,39.7,59.7,69.0,69.1,71.3,54.0,81.1,52.5,63.0,7.99,9,2,1,Cybersecurity,Mobile,Software Engineer
4920,45.4,62.8,56.4,37.3,53.1,49.3,50.3,47.6,54.0,37.4,42.3,54.1,59.3,60.2,56.6,63.6,57.0,49.2,56.1,35.1,37.4,41.5,46.5,45.7,38.8,45.0,56.1,8.0,10,2,0,AI/ML,Security,Software Engineer
4921,52.0,39.9,39.3,69.7,58.5,74.8,49.0,65.6,43.0,55.6,58.5,46.1,55.4,44.3,55.3,51.3,47.6,66.0,49.0,72.8,71.7,62.2,62.3,39.1,60.8,65.3,53.9,8.0,8,2,3,Data Science,QA & Testing,Software Engineer
4922,53.3,58.6,73.1,63.4,74.9,77.5,76.9,74.6,72.1,73.8,46.1,76.1,59.6,77.0,65.8,67.4,56.1,70.1,71.5,48.3,42.5,67.8,67.2,58.5,81.6,75.9,81.6,8.0,10,1,1,DevOps,Business,Software Engineer
4923,62.3,45.3,54.0,40.8,54.5,56.2,52.0,65.8,32.5,47.9,54.3,58.7,45.7,60.0,54.2,52.5,57.5,66.6,70.7,63.3,58.2,69.3,56.0,51.2,62.9,45.4,65.5,8.0,6,2,3,Web Development,QA & Testing,Software Engineer
4924,64.0,72.3,52.0,77.6,68.0,79.6,67.5,61.9,74.5,72.0,61.4,61.9,42.0,55.1,62.1,48.7,65.2,50.8,48.8,61.9,74.5,51.8,80.2,71.4,67.0,63.1,61.6,8.0,5,1,0,Cybersecurity,Data & Analytics,Software Engineer
4925,45.5,39.5,48.5,55.6,72.1,65.9,50.2,53.1,44.5,43.8,35.6,50.6,52.5,67.5,60.8,61.8,50.3,47.9,65.1,26.5,28.1,43.6,35.8,39.4,24.4,37.0,37.6,8.01,5,1,3,Web Development,Full Stack,Software Engineer
4926,67.1,67.7,61.5,78.3,89.0,90.6,83.7,93.3,72.0,82.2,75.3,71.0,72.1,58.3,68.1,65.4,66.1,54.4,49.0,64.7,73.6,60.1,75.7,56.2,70.5,71.3,68.2,8.02,9,3,2,Mobile Development,Cloud & DevOps,Software Engineer
4927,52.0,21.6,37.8,44.8,35.3,34.2,35.9,33.9,28.7,33.1,34.4,36.0,34.4,47.2,51.5,37.7,28.5,51.8,48.7,57.9,44.5,60.8,34.9,37.0,27.9,35.3,50.1,8.03,3,1,3,DevOps,Machine Learning,Software Engineer
4928,29.2,33.9,38.6,37.1,38.3,38.5,36.7,42.9,37.7,27.1,27.6,41.5,32.3,33.7,30.6,42.1,29.2,19.0,30.3,36.1,19.0,32.1,26.7,27.4,30.2,40.6,23.4,8.04,7,2,3,Data Science,Frontend,Software Engineer
4929,48.3,57.5,49.7,54.5,74.9,74.0,67.7,63.5,53.8,58.3,47.4,48.8,50.8,58.1,72.1,68.8,51.2,39.0,41.1,42.4,40.7,56.5,17.8,61.9,41.5,53.6,50.8,8.04,7,2,1,Cloud Computing,Frontend,Software Engineer
4930,50.2,32.8,51.2,49.0,50.6,68.3,50.5,56.8,51.5,41.8,56.8,54.9,36.8,63.2,44.5,53.2,43.1,51.9,53.8,54.7,65.0,55.1,68.4,58.4,49.5,56.9,46.3,8.04,1,1,6,Cloud Computing,Cloud & DevOps,Software Engineer
4931,54.5,59.4,55.2,61.7,44.2,46.0,47.8,46.8,60.1,79.3,73.5,52.2,41.7,35.4,38.8,36.3,50.9,54.2,39.7,66.2,65.7,57.4,43.2,60.4,40.3,39.2,65.5,8.04,6,2,3,Mobile Development,Data & Analytics,Software Engineer
4932,69.0,58.0,76.1,76.1,34.0,35.3,51.0,40.2,69.3,64.9,67.2,58.1,60.6,74.6,61.5,62.9,68.6,45.2,60.6,50.7,37.4,53.0,30.1,64.9,30.8,45.9,67.3,8.04,5,2,2,Mobile Development,Machine Learning,Software Engineer
4933,45.3,34.8,38.6,39.6,56.1,45.0,53.5,62.9,58.8,44.2,48.5,38.7,50.2,49.7,42.9,25.3,34.4,22.5,28.5,47.7,50.3,31.3,36.0,28.7,34.9,33.9,23.1,8.05,7,1,1,AI/ML,Full Stack,Software Engineer
4934,61.7,59.0,58.0,52.9,54.4,50.8,52.0,45.5,57.8,54.8,60.8,47.3,60.4,52.0,56.0,60.4,55.3,41.9,50.1,45.0,54.4,42.5,51.5,50.0,32.4,63.2,32.0,8.08,7,2,2,Data Science,Mobile,Software Engineer
4935,70.5,48.2,64.3,62.8,57.9,58.3,53.6,62.4,44.4,45.5,41.8,69.5,55.8,64.3,53.8,59.8,63.0,65.4,59.0,65.1,56.6,54.1,58.9,65.9,44.8,62.6,51.9,8.09,4,1,7,Cybersecurity,Cloud & DevOps,Software Engineer
4936,44.2,40.7,38.2,35.0,40.1,43.1,44.9,44.8,45.4,50.4,44.2,44.5,38.2,29.7,38.5,52.9,48.9,50.2,36.0,47.8,39.7,48.0,28.9,45.4,34.8,37.8,44.5,8.11,4,2,3,Data Science,Business,Software Engineer
4937,66.5,60.6,64.0,53.8,73.1,76.6,69.4,69.5,60.2,60.0,68.1,59.6,62.6,71.9,57.7,61.4,52.1,77.3,61.9,58.8,65.3,51.0,43.6,55.0,38.7,49.7,71.9,8.11,9,2,3,DevOps,QA & Testing,Software Engineer
4938,50.1,42.9,48.1,44.4,52.8,48.7,56.1,57.4,58.0,52.7,45.5,52.6,61.8,63.4,47.4,47.2,59.6,53.2,67.3,55.3,44.8,57.5,43.7,30.4,52.4,52.0,54.8,8.12,4,2,2,Cybersecurity,Cloud & DevOps,Software Engineer
4939,53.8,21.7,36.4,38.9,43.7,57.4,44.1,60.9,43.3,45.4,27.6,33.3,34.6,46.9,30.8,30.7,33.4,63.6,45.0,48.0,34.0,51.6,21.1,29.3,28.3,39.1,32.6,8.13,6,2,0,Mobile Development,QA & Testing,Software Engineer
4940,70.0,80.2,72.4,65.2,72.3,61.5,70.9,77.7,65.7,61.2,70.1,61.6,53.2,68.5,74.0,74.5,68.0,56.0,68.7,69.6,67.7,69.2,54.4,74.1,60.3,64.4,60.5,8.14,11,1,4,Mobile Development,Full Stack,Software Engineer
4941,63.7,70.7,46.3,48.0,43.1,45.2,65.0,53.8,68.6,65.6,52.6,71.7,64.2,70.0,69.8,63.1,47.0,43.6,41.0,57.7,54.3,57.0,51.4,43.3,49.8,52.0,51.3,8.16,4,3,1,Cybersecurity,Cloud & DevOps,Software Engineer
4942,73.7,64.8,62.4,48.2,57.6,65.1,62.7,56.1,53.6,48.9,50.7,66.8,54.5,68.1,70.6,55.9,56.2,62.0,46.3,57.6,71.9,54.5,84.8,75.5,66.0,48.9,49.9,8.17,7,2,3,DevOps,Frontend,Software Engineer
4943,39.5,43.2,30.0,21.3,56.9,59.3,53.4,56.4,28.0,25.5,38.5,37.3,45.0,35.7,52.0,33.1,41.2,42.0,56.4,49.6,49.1,59.2,76.0,9.9,59.0,52.9,52.4,8.18,4,1,4,Cloud Computing,Full Stack,Software Engineer
4944,47.0,36.3,36.2,59.9,60.9,77.1,52.7,68.5,36.7,44.9,40.2,41.5,47.8,37.9,48.3,43.6,45.8,40.2,51.8,80.9,79.6,65.9,58.1,39.6,60.1,54.4,32.6,8.19,8,1,2,Business Analytics,Security,Software Engineer
4945,77.1,57.8,63.8,41.8,66.8,59.4,58.4,48.2,55.7,54.1,68.7,57.9,65.1,51.3,32.6,47.6,61.8,54.2,72.9,68.7,72.3,61.2,72.3,52.8,68.2,91.7,64.0,8.19,4,3,2,Data Science,Business,Software Engineer
4946,34.6,47.8,49.2,59.5,59.7,73.7,61.9,74.6,52.2,64.9,46.5,58.6,53.4,58.3,54.1,57.3,60.0,50.5,45.3,52.4,59.0,40.2,41.1,56.1,61.1,50.9,47.1,8.22,9,3,4,Mobile Development,Full Stack,Software Engineer
4947,58.0,63.2,69.5,48.1,51.3,43.8,48.6,50.2,68.9,73.5,47.8,68.2,55.6,64.2,53.6,67.1,60.8,59.2,57.4,34.6,30.7,69.7,31.5,69.4,34.8,37.3,61.7,8.22,6,1,7,Web Development,Mobile,Software Engineer
4948,58.1,47.1,65.8,52.4,80.3,79.6,73.0,80.3,58.9,60.4,64.2,55.8,56.7,61.0,54.4,49.6,65.7,69.3,63.6,66.9,70.6,69.9,67.9,63.8,56.7,49.6,62.5,8.27,6,2,3,Data Science,Frontend,Software Engineer
4949,45.6,55.4,41.0,48.8,62.1,62.7,70.3,63.1,59.7,61.0,46.1,54.8,56.5,45.4,58.1,56.0,50.4,58.3,63.5,57.1,35.0,51.2,45.0,49.3,41.5,66.7,50.5,8.29,3,2,4,Data Science,Full Stack,Software Engineer
4950,62.9,53.8,57.1,64.3,70.8,58.4,60.5,57.8,57.2,63.0,75.2,61.2,53.9,46.9,51.9,46.2,61.8,71.2,53.7,57.9,60.0,71.6,23.8,58.3,22.8,54.7,61.7,8.29,8,1,2,AI/ML,Backend,Software Engineer
4951,72.8,55.6,59.5,74.4,53.4,53.1,57.1,62.7,62.7,62.1,76.8,57.1,58.8,63.0,64.6,43.7,56.3,65.6,69.2,56.3,79.1,73.3,74.3,60.8,59.4,47.1,66.3,8.31,2,0,2,Data Science,Backend,Software Engineer
4952,57.4,58.0,64.7,77.1,72.7,73.7,65.5,69.3,68.0,71.3,70.3,67.1,61.9,69.5,57.0,57.1,61.6,61.8,52.1,71.9,59.6,41.6,80.8,57.7,77.5,81.4,64.4,8.32,6,1,4,Cybersecurity,Mobile,Software Engineer
4953,47.1,54.6,49.9,48.5,46.0,49.3,48.1,50.9,44.8,37.4,61.4,42.6,58.1,58.3,31.9,53.4,41.8,53.6,63.9,39.0,42.3,61.7,46.1,58.6,58.4,54.2,56.1,8.33,4,2,4,DevOps,Security,Software Engineer
4954,65.2,59.9,71.6,61.6,51.1,62.7,49.9,65.9,66.1,47.5,66.4,64.3,47.6,48.1,47.2,38.1,54.3,68.4,83.6,75.8,65.0,76.0,82.3,60.6,58.2,79.7,62.3,8.34,7,3,2,DevOps,Full Stack,Software Engineer
4955,30.4,38.4,39.8,52.2,41.8,33.2,38.8,46.5,38.8,29.5,46.2,42.1,36.3,51.5,55.7,53.3,46.6,28.4,31.2,37.6,42.9,32.8,55.9,47.1,52.5,49.3,19.9,8.38,5,0,6,AI/ML,QA & Testing,Software Engineer
4956,39.6,46.8,54.3,46.2,47.8,32.0,20.5,34.9,44.5,45.6,49.3,40.8,38.5,44.0,35.9,33.1,69.2,32.7,36.2,28.5,41.5,31.9,39.0,56.4,48.5,45.8,29.9,8.4,4,0,3,Mobile Development,Backend,Software Engineer
4957,66.5,78.8,84.3,78.7,88.3,91.3,79.9,82.0,85.2,69.1,78.3,66.8,78.4,58.6,70.3,50.6,75.2,66.9,86.1,83.2,75.6,65.3,68.6,82.8,59.2,80.8,66.1,8.42,12,3,3,Data Science,Security,Software Engineer
4958,38.8,25.9,30.3,37.0,52.6,56.8,45.5,61.3,35.5,35.7,46.6,37.8,49.5,38.1,31.9,16.9,20.8,46.6,53.8,58.4,49.7,46.3,36.0,35.4,20.6,38.4,17.8,8.44,2,1,1,AI/ML,Mobile,Software Engineer
4959,49.9,58.2,58.6,43.8,58.0,78.0,69.5,65.7,56.6,58.3,59.0,69.5,70.1,50.5,66.2,67.2,60.3,53.8,58.8,53.2,36.1,41.5,56.8,63.8,52.2,57.9,53.6,8.45,7,2,1,AI/ML,Frontend,Software Engineer
4960,47.1,44.5,46.8,59.0,79.7,74.1,67.9,87.4,54.8,74.6,73.3,60.3,53.4,59.5,47.2,45.5,41.7,45.7,40.5,68.0,55.1,47.9,48.2,47.8,52.1,51.0,46.6,8.46,5,3,3,Cloud Computing,Cloud & DevOps,Software Engineer
4961,43.4,58.1,44.7,57.1,52.0,47.3,55.6,50.6,58.6,60.1,64.6,55.9,68.4,65.7,53.8,48.1,58.9,62.1,44.8,62.8,69.8,42.3,54.9,43.9,57.6,54.4,59.2,8.47,10,2,2,Mobile Development,Business,Software Engineer
4962,51.8,67.5,65.0,64.6,61.9,70.8,67.9,75.3,63.0,75.8,76.6,72.1,79.3,80.0,83.1,79.2,78.1,58.5,68.3,69.7,58.0,60.8,30.8,62.9,46.1,55.9,59.0,8.47,5,1,5,DevOps,Security,Software Engineer
4963,58.9,57.1,48.1,54.7,62.1,62.2,55.1,71.5,49.1,47.4,62.2,52.5,53.0,51.1,35.5,38.3,44.3,69.6,58.6,73.3,81.2,61.5,63.0,62.3,82.2,54.8,69.3,8.47,12,2,1,Data Science,Frontend,Software Engineer
4964,43.8,31.5,28.0,58.1,46.3,67.7,54.3,36.8,50.8,29.7,46.8,34.7,39.6,53.4,47.0,53.0,44.6,56.0,54.2,48.4,45.4,48.3,37.2,28.9,53.2,53.2,41.2,8.49,6,2,3,Business Analytics,Backend,Software Engineer
4965,59.1,61.9,48.3,52.7,80.1,71.3,88.5,64.9,61.7,67.7,65.3,64.8,52.5,51.3,55.0,70.8,53.5,47.1,50.9,51.8,50.4,41.4,71.9,43.0,68.7,65.4,40.2,8.49,7,1,2,Cloud Computing,Frontend,Software Engineer
4966,48.8,53.8,54.9,44.1,45.4,57.6,53.3,48.4,41.1,47.6,48.6,45.7,52.4,55.1,54.1,58.4,61.2,53.8,42.7,51.7,48.2,53.6,43.6,54.3,31.6,48.7,61.3,8.5,7,2,3,Cloud Computing,Full Stack,Software Engineer
4967,65.5,46.0,69.7,57.0,68.8,66.3,76.7,63.4,65.7,51.7,61.2,59.4,63.0,34.2,46.9,46.4,46.5,62.0,53.6,39.6,53.2,54.1,40.9,70.0,50.6,53.8,45.6,8.5,6,3,4,Cloud Computing,Frontend,Software Engineer
4968,66.2,58.0,57.0,71.3,55.7,40.6,46.9,52.9,61.9,67.5,73.0,53.6,48.5,54.1,40.5,65.5,48.9,66.4,66.3,61.3,56.2,59.1,36.3,50.2,29.0,44.1,48.4,8.5,3,3,4,AI/ML,QA & Testing,Software Engineer
4969,52.3,73.8,81.0,65.3,73.1,70.1,73.4,69.2,78.9,68.1,67.2,73.9,74.9,76.8,71.0,64.6,77.0,63.5,39.8,55.4,70.5,54.1,65.6,69.1,70.3,70.8,64.8,8.51,8,2,5,AI/ML,Mobile,Software Engineer
4970,48.1,50.0,54.1,42.8,41.6,50.7,49.0,48.2,42.2,43.7,36.9,40.2,52.0,46.5,40.4,39.1,57.4,63.2,60.1,41.4,46.6,40.9,42.1,54.9,71.6,59.8,54.7,8.52,1,1,1,Cybersecurity,Mobile,Software Engineer
4971,61.6,46.4,64.2,65.1,32.9,41.1,17.4,17.5,51.7,49.8,48.0,51.3,45.2,43.2,51.1,63.6,48.8,46.7,72.2,57.5,53.9,62.2,38.5,54.6,44.3,53.2,64.1,8.52,6,1,1,Cloud Computing,QA & Testing,Software Engineer
4972,55.5,65.1,61.5,53.0,77.7,78.1,68.3,76.1,58.4,46.8,72.6,66.8,60.6,45.9,53.2,52.3,61.9,46.7,49.7,68.5,54.6,51.3,42.0,51.4,34.4,54.2,50.5,8.53,5,2,3,DevOps,Security,Software Engineer
4973,63.8,53.5,56.9,53.8,29.5,16.6,38.2,26.8,50.6,67.3,66.2,46.3,39.7,43.9,30.5,28.9,38.5,63.0,69.4,72.4,59.6,73.1,41.0,54.5,35.6,46.4,67.2,8.53,4,2,2,DevOps,Mobile,Software Engineer
4974,52.6,60.2,61.4,43.9,82.4,69.8,73.0,78.0,61.7,63.0,69.7,64.1,69.2,68.1,68.1,65.1,51.9,61.2,78.7,67.6,54.4,74.4,42.8,60.6,40.9,73.5,53.2,8.54,6,3,3,Cloud Computing,Machine Learning,Software Engineer
4975,75.0,58.9,39.0,73.9,71.1,68.7,74.3,70.9,77.9,73.2,71.9,63.0,70.7,56.6,60.5,55.4,59.7,71.0,52.0,54.9,68.2,60.5,70.1,47.2,82.2,73.6,73.0,8.54,7,3,3,Cloud Computing,Data & Analytics,Software Engineer
4976,36.0,26.7,36.1,33.8,35.9,8.4,23.9,23.7,34.7,14.6,3.2,36.9,36.8,21.0,32.6,43.6,31.1,37.7,44.9,15.9,24.3,23.9,43.5,27.8,50.9,46.6,45.1,8.55,2,1,2,AI/ML,Backend,Software Engineer
4977,39.3,34.9,30.5,38.5,24.6,24.0,24.2,23.7,30.9,27.8,33.2,27.5,40.2,36.3,48.3,52.1,39.4,61.8,60.1,50.2,47.2,56.6,52.9,42.9,62.2,52.5,44.1,8.56,8,2,1,Web Development,Full Stack,Software Engineer
4978,57.1,56.2,79.6,48.5,40.2,32.5,45.4,29.2,59.0,47.7,56.7,53.8,57.0,46.8,51.5,41.1,49.6,49.1,32.8,38.5,44.0,49.8,74.4,45.1,68.6,77.2,56.8,8.59,4,0,1,AI/ML,QA & Testing,Software Engineer
4979,47.6,31.8,25.4,41.9,57.0,67.3,57.7,52.8,54.7,63.5,32.4,28.8,32.5,32.8,47.1,38.0,33.3,29.2,54.5,53.0,54.7,48.3,42.0,40.5,72.5,65.4,32.0,8.64,8,2,1,Mobile Development,QA & Testing,Software Engineer
4980,60.4,52.7,68.4,50.0,52.5,48.8,50.1,41.9,35.7,45.5,48.2,52.6,39.8,40.7,53.4,44.3,50.8,57.0,57.8,44.5,61.0,71.5,38.7,52.1,49.3,43.3,64.6,8.64,4,1,3,Business Analytics,Business,Software Engineer
4981,64.4,55.6,53.0,49.0,43.2,49.6,51.7,59.2,56.3,50.8,41.8,44.4,45.8,64.3,62.5,48.6,51.4,60.9,44.4,44.0,53.3,61.5,62.8,54.7,55.7,56.4,50.0,8.66,6,1,2,Cloud Computing,Machine Learning,Software Engineer
4982,38.9,61.9,62.8,58.5,41.6,39.7,38.5,46.8,62.9,49.8,60.6,49.3,47.4,50.2,62.8,48.2,57.2,46.5,43.9,50.7,45.8,45.3,51.0,41.8,60.5,61.5,65.4,8.73,5,1,6,Cloud Computing,Security,Software Engineer
4983,59.7,52.8,67.1,50.6,74.2,62.1,56.6,61.5,55.5,62.8,50.3,48.2,48.8,44.6,46.4,36.4,53.9,44.6,36.8,44.8,49.6,44.6,43.8,46.7,40.9,60.0,42.0,8.76,4,2,3,AI/ML,Full Stack,Software Engineer
4984,55.3,42.3,47.9,61.7,34.1,31.8,44.0,32.6,64.6,58.4,54.7,44.3,55.3,60.1,55.4,55.3,55.0,61.9,54.0,62.3,69.0,53.8,52.2,38.4,64.5,58.7,57.0,8.77,9,1,3,Cybersecurity,Backend,Software Engineer
4985,48.9,54.2,63.2,33.2,61.2,61.6,58.1,56.7,56.3,40.9,52.2,51.3,61.9,57.3,55.4,61.3,53.1,35.0,35.2,56.4,57.9,67.9,66.3,46.2,65.1,64.7,49.2,8.8,3,1,4,Data Science,Data & Analytics,Software Engineer
4986,83.0,90.2,82.0,82.2,61.8,74.1,84.0,77.1,75.2,79.6,72.0,88.5,81.2,80.8,88.2,91.3,68.5,95.8,89.2,74.9,70.3,100.0,87.9,86.0,79.6,75.5,84.0,8.8,12,3,7,Cloud Computing,Frontend,Software Engineer
4987,32.7,45.2,47.5,29.0,35.7,40.1,41.3,30.7,41.7,24.3,40.4,47.3,59.5,57.8,51.0,48.3,53.6,40.9,53.0,30.7,54.8,49.4,61.8,53.3,59.6,63.1,29.5,8.89,5,2,3,Cybersecurity,Machine Learning,Software Engineer
4988,61.0,47.0,58.6,46.5,78.7,83.6,49.2,71.3,57.6,42.9,53.2,52.6,61.5,55.2,44.8,63.1,68.0,61.1,68.5,40.5,45.3,75.2,82.9,56.4,73.0,79.2,74.6,8.9,12,3,1,Web Development,Cloud & DevOps,Software Engineer
4989,55.0,48.3,54.8,53.9,52.8,70.5,64.7,66.4,53.6,49.1,43.9,54.4,42.5,66.9,59.2,60.2,56.6,51.4,43.9,66.3,52.5,54.2,30.7,30.0,29.8,62.4,53.4,8.92,5,3,4,Cloud Computing,Frontend,Software Engineer
4990,66.0,80.9,70.1,69.7,45.3,55.1,63.2,47.7,55.3,54.3,41.9,68.8,68.5,73.0,71.6,84.2,77.3,55.2,63.4,58.0,49.5,54.4,64.1,68.0,62.0,61.2,62.6,8.93,3,3,2,DevOps,Machine Learning,Software Engineer
4991,38.3,48.6,42.4,44.0,67.2,50.2,45.3,56.4,51.3,45.6,43.4,51.1,35.9,40.8,28.0,42.7,42.5,43.4,26.1,50.3,40.0,43.1,40.0,49.4,33.2,30.9,58.7,8.95,6,2,6,Business Analytics,Frontend,Software Engineer
4992,66.5,48.9,38.4,62.5,70.2,85.2,60.3,58.0,53.7,74.7,73.0,52.0,63.7,71.0,73.5,81.7,67.3,58.9,48.7,61.5,47.3,55.3,56.7,40.8,42.7,53.9,64.8,9.03,3,2,8,DevOps,Security,Software Engineer
4993,49.2,56.4,40.8,37.8,30.6,36.3,35.1,32.6,40.5,51.4,43.4,56.2,36.5,46.7,42.7,43.5,28.3,35.9,40.7,44.4,54.0,43.4,42.5,29.2,59.6,54.5,38.4,9.07,7,2,2,Cloud Computing,Backend,Software Engineer
4994,44.4,70.2,62.7,70.0,37.7,39.7,39.0,42.2,51.0,57.9,60.3,42.8,51.6,48.1,51.5,56.5,57.1,42.0,34.1,56.2,60.8,50.0,43.2,53.4,32.9,36.0,55.2,9.08,4,1,4,DevOps,Frontend,Software Engineer
4995,54.4,69.1,37.4,62.2,68.0,68.9,65.0,54.2,69.3,67.4,74.6,48.1,47.9,31.1,40.8,43.2,45.4,60.6,36.0,49.4,57.3,52.5,55.1,64.3,42.6,43.3,52.7,9.14,10,1,3,Cloud Computing,Full Stack,Software Engineer
4996,62.1,67.2,65.4,70.2,76.1,59.5,57.9,57.2,48.7,63.8,72.7,56.0,51.5,35.8,47.9,48.8,69.8,59.4,67.4,75.0,88.4,63.7,60.8,57.6,64.3,64.8,44.2,9.31,7,3,3,Business Analytics,Mobile,Software Engineer
4997,63.2,56.8,59.5,56.1,57.4,63.1,68.6,58.6,41.1,49.1,57.2,68.8,70.6,64.9,52.3,55.4,63.4,47.3,60.1,70.1,60.2,64.2,53.8,79.3,52.4,62.0,72.0,9.44,0,2,1,Web Development,Mobile,Software Engineer
4998,66.1,70.4,59.8,57.5,73.1,78.7,65.5,81.2,55.6,43.6,53.8,62.0,75.8,63.0,68.5,69.9,70.5,78.6,80.1,66.3,66.5,94.9,49.5,73.3,48.6,54.5,76.2,9.5,5,2,2,AI/ML,Machine Learning,Software Engineer
4999,62.8,60.7,60.9,59.1,58.9,44.0,59.9,48.3,63.3,60.2,75.1,63.0,61.7,62.8,63.2,70.3,62.8,50.0,49.2,72.6,63.9,63.6,82.2,58.8,68.6,61.5,54.9,9.79,3,2,5,Business Analytics,Security,Software Engineer
